# Blender 5.1.1
# www.blender.org
mtllib crate.mtl
o Sci_Fi_Crate_LP2_map1_0
v 140.000000 0.000002 16.000004
v 140.000000 0.000002 32.000008
v 140.000000 -10.529774 32.000008
v 140.000000 -9.190023 19.427299
v 145.000000 -38.401264 46.800426
v 145.000000 -34.201691 51.000011
v 137.500000 -38.701691 55.500011
v 137.500000 -42.901272 51.300438
v 120.968323 -55.800430 47.401264
v 120.968323 -60.000015 43.201694
v 125.484161 -60.000015 43.201694
v 125.484161 -55.800423 47.401268
v 105.299347 -64.335968 53.007866
v 105.299347 -70.000015 47.343826
v 108.617996 -70.000015 47.343826
v 108.617996 -64.335976 53.007874
v 145.000000 46.800430 38.401268
v 145.000000 51.000011 34.201691
v 137.500000 55.500011 38.701691
v 137.500000 51.300438 42.901268
v 120.968338 47.401276 55.800438
v 120.968323 43.201694 60.000015
v 125.484161 43.201694 60.000015
v 125.484161 47.401276 55.800438
v 105.299347 53.007874 64.335968
v 105.299347 47.343838 70.000015
v 108.617996 47.343830 70.000015
v 108.618011 53.007885 64.335976
v 145.000000 38.401268 -46.800430
v 145.000000 34.201691 -51.000011
v 137.500000 38.701691 -55.500011
v 137.500000 42.901276 -51.300430
v 120.968338 55.800438 -47.401272
v 120.968323 60.000015 -43.201694
v 125.484161 60.000015 -43.201694
v 125.484161 55.800430 -47.401272
v 105.299347 64.335968 -53.007866
v 105.299347 70.000015 -47.343826
v 108.617996 70.000015 -47.343826
v 108.617996 64.335976 -53.007874
v 145.000000 -46.800426 -38.401264
v 145.000000 -51.000011 -34.201691
v 137.500000 -55.500011 -38.701691
v 137.500000 -51.300438 -42.901272
v 120.968323 -47.401264 -55.800430
v 120.968323 -43.201694 -60.000015
v 125.484161 -43.201694 -60.000015
v 125.484161 -47.401268 -55.800423
v 105.299347 -53.007866 -64.335968
v 105.299347 -47.343826 -70.000015
v 108.617996 -47.343826 -70.000015
v 108.617996 -53.007874 -64.335976
v 49.331017 -55.800438 47.401272
v 49.331017 -60.000015 43.201694
v 73.996521 -60.000015 43.201694
v 73.996513 -55.800430 47.401272
v 49.331017 47.401276 55.800438
v 49.331017 43.201694 60.000015
v 73.996521 43.201694 60.000015
v 73.996521 47.401272 55.800430
v 49.331017 55.800438 -47.401272
v 49.331017 60.000015 -43.201694
v 73.996521 60.000015 -43.201694
v 73.996513 55.800438 -47.401272
v 49.331017 -47.401272 -55.800438
v 49.331017 -43.201694 -60.000015
v 73.996521 -43.201694 -60.000015
v 73.996513 -47.401272 -55.800430
v 105.299347 23.671919 70.000015
v 105.299347 47.343838 70.000015
v 101.980690 47.343838 70.000015
v 101.980690 23.671921 70.000023
v 105.299347 70.000015 -23.671913
v 101.980690 70.000015 -47.343826
v 101.980690 70.000023 -23.671911
v 105.299347 -23.671911 -70.000015
v 105.299347 -47.343826 -70.000015
v 101.980690 -47.343826 -70.000015
v 101.980690 -23.671911 -70.000023
v 105.299347 -70.000015 23.671913
v 101.980690 -70.000015 47.343826
v 101.980690 -70.000023 23.671911
v 120.968323 21.600849 60.000015
v 120.968323 43.201694 60.000015
v 116.452499 43.201694 60.000015
v 116.452499 21.600847 60.000015
v 120.968323 60.000015 -21.600847
v 116.452499 60.000015 -43.201694
v 116.452499 60.000015 -21.600847
v 120.968323 -21.600843 -60.000015
v 120.968323 -43.201694 -60.000015
v 116.452499 -43.201694 -60.000015
v 116.452499 -21.600847 -60.000015
v 120.968323 -60.000015 21.600847
v 116.452499 -60.000015 43.201694
v 116.452499 -60.000015 21.600847
v 143.747086 -51.751766 17.100845
v 145.000000 -51.000011 34.201691
v 137.500000 -55.500011 38.701691
v 136.356339 -56.186222 20.412775
v 143.747070 -17.100845 -51.751766
v 145.000000 -34.201691 -51.000011
v 137.500000 -38.701691 -55.500011
v 136.356323 -20.412775 -56.186222
v 143.747086 51.751766 -17.100845
v 145.000000 51.000011 -34.201691
v 137.500000 55.500011 -38.701691
v 136.356339 56.186222 -20.412775
v 143.747070 17.100845 51.751766
v 145.000000 34.201691 51.000011
v 137.500000 38.701691 55.500011
v 136.356323 20.412777 56.186214
v 111.936676 -60.257301 50.393669
v 111.936661 -65.000015 45.272758
v 111.936661 -62.500015 44.237225
v 111.936676 -58.140015 48.997696
v 98.662041 -50.393669 60.257301
v 98.662033 -45.272758 65.000015
v 98.662033 -44.237225 62.500015
v 98.662041 -48.997696 58.140015
v 111.936661 50.393669 60.257301
v 111.936661 45.272766 65.000015
v 111.936661 44.237228 62.500015
v 111.936676 48.997704 58.140015
v 98.662033 60.257301 50.393669
v 98.662033 65.000015 45.272758
v 98.662033 62.500015 44.237225
v 98.662033 58.140022 48.997700
v 111.936661 60.257301 -50.393669
v 111.936661 65.000015 -45.272758
v 111.936661 62.500015 -44.237225
v 111.936676 58.140022 -48.997700
v 98.662033 50.393669 -60.257301
v 98.662033 45.272766 -65.000015
v 98.662033 44.237228 -62.500015
v 98.662033 48.997704 -58.140015
v 111.936676 -50.393669 -60.257301
v 111.936661 -45.272758 -65.000015
v 111.936661 -44.237225 -62.500015
v 111.936676 -48.997696 -58.140015
v 98.662041 -60.257301 -50.393669
v 98.662033 -65.000015 -45.272758
v 98.662033 -62.500015 -44.237225
v 98.662041 -58.140015 -48.997696
v 98.662033 22.636385 65.102180
v 98.662033 45.272766 65.000015
v 98.662033 44.237228 62.500015
v 98.662033 22.175793 62.604321
v 111.936661 -22.636379 65.102180
v 111.936661 -45.272758 65.000015
v 111.936661 -44.237225 62.500015
v 111.936661 -22.175791 62.604309
v 98.662033 65.102180 -22.636379
v 98.662033 65.000015 -45.272758
v 98.662033 62.500015 -44.237225
v 98.662033 62.604309 -22.175791
v 111.936661 65.102180 22.636379
v 111.936661 65.000015 45.272758
v 111.936661 62.500015 44.237225
v 111.936661 62.604309 22.175791
v 98.662033 -22.636379 -65.102180
v 98.662033 -45.272758 -65.000015
v 98.662033 -44.237225 -62.500015
v 98.662033 -22.175791 -62.604309
v 111.936661 22.636385 -65.102180
v 111.936661 45.272766 -65.000015
v 111.936661 44.237228 -62.500015
v 111.936661 22.175793 -62.604321
v 98.662033 -65.102180 22.636379
v 98.662033 -65.000015 45.272758
v 98.662033 -62.500015 44.237225
v 98.662033 -62.604309 22.175791
v 111.936661 -65.102180 -22.636379
v 111.936661 -65.000015 -45.272758
v 111.936661 -62.500015 -44.237225
v 111.936661 -62.604309 -22.175791
v 160.000000 -26.838524 33.773224
v 160.000000 -23.130619 37.000008
v 160.000000 -24.166149 39.500008
v 159.999985 -28.065973 36.046970
v 160.000000 -37.181412 11.565310
v 160.000000 -37.000008 23.130619
v 160.000000 -39.500008 24.166149
v 160.000000 -39.674854 12.261763
v 160.000000 -33.773224 -26.838524
v 160.000000 -37.000008 -23.130619
v 160.000000 -39.500008 -24.166149
v 159.999985 -36.046970 -28.065973
v 160.000000 -11.565308 -37.181412
v 160.000000 -23.130619 -37.000008
v 160.000000 -24.166149 -39.500008
v 160.000000 -12.261760 -39.674850
v 160.000000 26.838531 -33.773224
v 160.000000 23.130621 -37.000008
v 160.000000 24.166155 -39.500008
v 160.000000 28.065977 -36.046967
v 160.000000 37.181412 -11.565310
v 160.000000 37.000008 -23.130619
v 160.000000 39.500008 -24.166149
v 160.000000 39.674854 -12.261763
v 160.000000 33.773224 26.838524
v 160.000000 37.000008 23.130619
v 160.000000 39.500008 24.166149
v 159.999985 36.046967 28.065969
v 160.000000 11.565312 37.181412
v 160.000000 23.130621 37.000008
v 160.000000 24.166155 39.500008
v 160.000000 12.261765 39.674850
v 150.000000 -23.794664 29.264894
v 150.000000 -21.059549 32.000008
v 155.000000 -21.059549 32.000008
v 155.000015 -23.794664 29.264894
v 150.000000 -32.000008 10.529775
v 150.000000 -32.000008 21.059549
v 155.000000 -32.000008 21.059549
v 155.000015 -32.000008 10.529775
v 150.000000 -29.264893 -23.794664
v 150.000000 -32.000008 -21.059549
v 155.000000 -32.000008 -21.059549
v 154.999985 -29.264893 -23.794664
v 150.000000 -10.529774 -32.000008
v 150.000000 -21.059549 -32.000008
v 155.000000 -21.059549 -32.000008
v 154.999985 -10.529770 -32.000008
v 150.000000 23.794668 -29.264893
v 150.000000 21.059555 -32.000008
v 155.000000 21.059555 -32.000008
v 155.000000 23.794664 -29.264894
v 150.000000 32.000008 -10.529775
v 150.000000 32.000008 -21.059549
v 155.000000 32.000008 -21.059549
v 155.000015 32.000008 -10.529775
v 150.000000 29.264894 23.794664
v 150.000000 32.000008 21.059549
v 155.000000 32.000008 21.059549
v 155.000000 29.264894 23.794662
v 150.000000 10.529778 32.000008
v 150.000000 21.059555 32.000008
v 155.000000 21.059555 32.000008
v 154.999985 10.529775 32.000008
v 49.331017 -60.000023 21.600847
v 24.665508 -60.000015 43.201694
v 24.665508 -60.000015 21.600847
v 49.331017 -21.600847 -60.000023
v 49.331017 -43.201694 -60.000015
v 24.665508 -43.201694 -60.000015
v 24.665508 -21.600847 -60.000015
v 49.331017 60.000023 -21.600847
v 24.665508 60.000015 -43.201694
v 24.665508 60.000015 -21.600847
v 49.331017 21.600847 60.000015
v 49.331017 43.201694 60.000015
v 24.665508 43.201694 60.000015
v 24.665508 21.600847 60.000015
v -140.000000 -13.264887 13.264889
v -140.000000 -26.529774 26.529778
v -140.000000 -23.794662 29.264893
v -139.999985 -9.190023 19.427301
v -137.500000 -47.100853 47.100853
v -130.000000 -51.600853 51.600853
v -130.000000 -47.401272 55.800430
v -137.499985 -42.901268 51.300426
v -125.484161 -51.600853 51.600853
v -130.000000 -55.800430 47.401272
v -125.484161 -55.800423 47.401268
v -108.618011 -58.671921 58.671921
v -111.936661 -58.671921 58.671921
v -111.936661 -64.335968 53.007866
v -108.618011 -64.335976 53.007874
v -137.500000 47.100853 47.100853
v -130.000000 51.600853 51.600853
v -130.000000 55.800438 47.401272
v -137.500000 51.300438 42.901268
v -125.484177 51.600857 51.600853
v -130.000000 47.401272 55.800430
v -125.484161 47.401272 55.800430
v -108.617996 58.671921 58.671921
v -111.936661 58.671921 58.671921
v -111.936661 53.007874 64.335968
v -108.618011 53.007885 64.335976
v -137.500000 47.100853 -47.100853
v -130.000000 51.600853 -51.600853
v -130.000000 47.401272 -55.800430
v -137.500015 42.901276 -51.300430
v -125.484177 51.600857 -51.600853
v -130.000000 55.800438 -47.401272
v -125.484161 55.800438 -47.401268
v -108.617996 58.671928 -58.671921
v -111.936661 58.671928 -58.671921
v -111.936661 64.335968 -53.007866
v -108.617996 64.335976 -53.007874
v -137.500000 -47.100853 -47.100853
v -130.000000 -51.600853 -51.600853
v -130.000000 -55.800430 -47.401272
v -137.499985 -51.300426 -42.901268
v -125.484161 -51.600853 -51.600853
v -130.000000 -47.401272 -55.800430
v -125.484161 -47.401268 -55.800423
v -108.618011 -58.671921 -58.671921
v -111.936661 -58.671921 -58.671921
v -111.936661 -53.007866 -64.335968
v -108.618011 -53.007874 -64.335976
v -73.996521 -51.600853 51.600853
v -98.662033 -51.600853 51.600853
v -98.662033 -55.800430 47.401272
v -73.996513 -55.800430 47.401272
v -73.996521 51.600853 51.600853
v -98.662033 51.600853 51.600853
v -98.662033 47.401272 55.800430
v -73.996513 47.401272 55.800430
v -73.996521 51.600853 -51.600853
v -98.662033 51.600853 -51.600853
v -98.662033 55.800438 -47.401272
v -73.996521 55.800430 -47.401272
v -73.996521 -51.600853 -51.600853
v -98.662033 -51.600853 -51.600853
v -98.662033 -47.401272 -55.800430
v -73.996513 -47.401272 -55.800430
v -101.980690 0.000005 70.000015
v -98.662033 0.000006 70.000015
v -98.662033 23.671921 70.000015
v -101.980690 23.671921 70.000023
v -101.980690 70.000015 0.000000
v -98.662033 70.000015 0.000000
v -98.662033 70.000015 -23.671913
v -101.980690 70.000015 -23.671911
v -101.980690 0.000003 -70.000015
v -98.662033 0.000002 -70.000015
v -98.662033 -23.671911 -70.000015
v -101.980690 -23.671911 -70.000023
v -101.980690 -70.000015 0.000000
v -98.662033 -70.000015 0.000000
v -98.662033 -70.000015 23.671913
v -101.980690 -70.000015 23.671911
v -116.452499 0.000002 60.000015
v -111.936661 0.000002 60.000015
v -111.936661 21.600847 60.000015
v -116.452499 21.600847 60.000008
v -116.452499 60.000015 0.000000
v -111.936661 60.000015 0.000000
v -111.936661 60.000015 -21.600847
v -116.452499 60.000023 -21.600847
v -116.452499 0.000002 -60.000015
v -111.936661 0.000002 -60.000015
v -111.936661 -21.600843 -60.000015
v -116.452499 -21.600843 -60.000015
v -116.452499 -60.000015 0.000000
v -111.936661 -60.000015 0.000000
v -111.936661 -60.000015 21.600847
v -116.452499 -60.000023 21.600847
v -136.247086 -56.251770 0.000000
v -130.000000 -60.000015 0.000000
v -130.000000 -60.000015 21.600847
v -136.356339 -56.186222 20.412775
v -136.247070 0.000002 -56.251770
v -130.000000 0.000002 -60.000015
v -130.000000 -21.600843 -60.000015
v -136.356339 -20.412775 -56.186222
v -136.247086 56.251770 0.000000
v -130.000000 60.000015 0.000000
v -130.000000 60.000015 -21.600847
v -136.356339 56.186222 -20.412775
v -136.247070 0.000002 56.251770
v -130.000000 0.000002 60.000015
v -130.000000 21.600847 60.000015
v -136.356323 20.412775 56.186214
v -111.936661 -53.557713 53.557713
v -111.936661 -51.600853 51.600853
v -111.936661 -55.800430 47.401272
v -111.936676 -58.140015 48.997696
v -98.662033 -53.557713 53.557713
v -98.662033 -51.600853 51.600853
v -98.662033 -47.401272 55.800430
v -98.662033 -48.997696 58.140015
v -111.936661 53.557716 53.557713
v -111.936661 51.600853 51.600853
v -111.936661 47.401272 55.800430
v -111.936653 48.997696 58.140022
v -98.662033 53.557716 53.557713
v -98.662033 51.600853 51.600853
v -98.662033 55.800438 47.401272
v -98.662033 58.140022 48.997696
v -111.936661 53.557716 -53.557713
v -111.936661 51.600853 -51.600853
v -111.936661 55.800438 -47.401272
v -111.936653 58.140022 -48.997696
v -98.662033 53.557716 -53.557713
v -98.662033 51.600853 -51.600853
v -98.662033 47.401272 -55.800430
v -98.662033 48.997696 -58.140022
v -111.936661 -53.557713 -53.557713
v -111.936661 -51.600853 -51.600853
v -111.936661 -47.401272 -55.800430
v -111.936676 -48.997696 -58.140015
v -98.662033 -53.557713 -53.557713
v -98.662033 -51.600853 -51.600853
v -98.662033 -55.800430 -47.401272
v -98.662033 -58.140015 -48.997696
v -98.662033 0.000003 62.602165
v -98.662033 0.000002 60.000015
v -98.662033 21.600847 60.000015
v -98.662033 22.175793 62.604321
v -111.936661 0.000002 62.602165
v -111.936661 0.000002 60.000015
v -111.936661 -21.600843 60.000015
v -111.936676 -22.175791 62.604321
v -98.662033 62.602165 0.000000
v -98.662033 60.000015 0.000000
v -98.662033 60.000015 -21.600847
v -98.662041 62.604321 -22.175791
v -111.936653 62.602165 0.000000
v -111.936661 60.000015 0.000000
v -111.936661 60.000015 21.600847
v -111.936661 62.604321 22.175791
v -98.662033 0.000002 -62.602165
v -98.662033 0.000002 -60.000015
v -98.662033 -21.600843 -60.000015
v -98.662041 -22.175791 -62.604321
v -111.936661 0.000003 -62.602165
v -111.936661 0.000002 -60.000015
v -111.936661 21.600847 -60.000015
v -111.936661 22.175793 -62.604321
v -98.662033 -62.602165 0.000000
v -98.662033 -60.000015 0.000000
v -98.662033 -60.000015 21.600847
v -98.662041 -62.604321 22.175791
v -111.936653 -62.602165 0.000000
v -111.936661 -60.000015 0.000000
v -111.936661 -60.000015 -21.600847
v -111.936661 -62.604321 -22.175791
v -160.000000 -32.073647 32.073647
v -160.000000 -33.600849 33.600849
v -160.000000 -29.401266 37.800426
v -159.999985 -28.065973 36.046967
v -160.000000 -39.681412 0.000000
v -160.000000 -42.000011 0.000000
v -160.000000 -42.000011 12.600842
v -160.000000 -39.674854 12.261763
v -160.000000 -32.073647 -32.073647
v -160.000000 -33.600849 -33.600849
v -160.000000 -37.800426 -29.401266
v -159.999985 -36.046967 -28.065973
v -160.000000 0.000002 -39.681412
v -160.000000 0.000002 -42.000011
v -160.000000 -12.600842 -42.000011
v -159.999985 -12.261760 -39.674850
v -160.000000 32.073647 -32.073639
v -160.000000 33.600849 -33.600849
v -160.000000 29.401270 -37.800426
v -160.000000 28.065977 -36.046967
v -160.000000 39.681412 0.000000
v -160.000000 42.000011 0.000000
v -160.000000 42.000011 -12.600842
v -160.000000 39.674854 -12.261763
v -160.000000 32.073647 32.073639
v -160.000000 33.600849 33.600849
v -160.000000 37.800434 29.401266
v -159.999985 36.046967 28.065969
v -160.000000 0.000002 39.681412
v -160.000000 0.000002 42.000011
v -160.000000 12.600845 42.000011
v -159.999985 12.261765 39.674850
v -155.000000 -26.529774 26.529778
v -160.000000 -26.529778 26.529778
v -160.000000 -23.794664 29.264893
v -155.000000 -23.794662 29.264894
v -155.000000 -32.000008 0.000000
v -160.000000 -32.000008 0.000000
v -160.000000 -32.000008 10.529775
v -155.000015 -32.000008 10.529775
v -155.000000 -26.529778 -26.529781
v -160.000000 -26.529778 -26.529778
v -160.000000 -29.264893 -23.794664
v -155.000000 -29.264893 -23.794662
v -155.000000 0.000002 -32.000008
v -160.000000 0.000002 -32.000008
v -160.000000 -10.529774 -32.000008
v -154.999985 -10.529771 -32.000008
v -155.000000 26.529781 -26.529778
v -160.000000 26.529781 -26.529778
v -160.000000 23.794664 -29.264893
v -155.000000 23.794664 -29.264894
v -155.000000 32.000008 0.000000
v -160.000000 32.000008 0.000000
v -160.000000 32.000008 -10.529775
v -155.000015 32.000008 -10.529775
v -155.000000 26.529781 26.529778
v -160.000000 26.529781 26.529778
v -160.000000 29.264894 23.794664
v -155.000000 29.264894 23.794662
v -155.000000 0.000002 32.000008
v -160.000000 0.000002 32.000008
v -160.000000 10.529778 32.000008
v -154.999985 10.529775 32.000008
v -24.665508 -60.000015 0.000000
v 0.000000 -60.000015 0.000000
v 0.000000 -60.000015 21.600847
v -24.665510 -60.000023 21.600849
v -24.665508 -0.000001 -60.000015
v 0.000000 -0.000002 -60.000015
v 0.000000 -21.600847 -60.000015
v -24.665510 -21.600849 -60.000023
v -24.665508 60.000015 0.000000
v 0.000000 60.000015 0.000000
v 0.000000 60.000015 -21.600847
v -24.665510 60.000023 -21.600849
v -24.665508 0.000001 60.000015
v 0.000000 0.000002 60.000015
v 0.000000 21.600847 60.000015
v -24.665508 21.600847 60.000015
v 140.000000 -13.264887 13.264889
v 140.000000 -26.529774 26.529778
v 140.000000 -29.264893 23.794664
v 140.000000 -19.427301 9.190026
v 140.000000 -16.000002 0.000000
v 140.000000 -32.000004 0.000000
v 140.000000 -32.000004 -10.529775
v 140.000000 -19.427301 -9.190026
v 140.000000 -13.264887 -13.264889
v 140.000000 -26.529774 -26.529778
v 140.000000 -23.794662 -29.264893
v 139.999985 -9.190023 -19.427301
v 140.000000 0.000002 -16.000004
v 140.000000 0.000002 -32.000008
v 140.000000 10.529778 -32.000008
v 140.000000 9.190027 -19.427299
v 140.000000 13.264891 -13.264889
v 140.000000 26.529781 -26.529778
v 140.000000 29.264894 -23.794664
v 140.000000 19.427301 -9.190026
v 140.000000 16.000004 0.000000
v 140.000000 32.000008 0.000000
v 140.000000 32.000008 10.529775
v 140.000000 19.427303 9.190026
v 140.000000 13.264891 13.264889
v 140.000000 26.529781 26.529778
v 140.000000 23.794664 29.264893
v 139.999985 9.190027 19.427301
v 137.500000 -47.100853 47.100853
v 130.000000 -51.600853 51.600853
v 130.000000 -55.800430 47.401272
v 137.500000 -51.300438 42.901272
v 145.000000 -46.800426 38.401264
v 152.500000 -46.500011 29.701689
v 152.500000 -42.300430 33.901264
v 152.500000 -38.100849 38.100849
v 160.000000 -33.600849 33.600849
v 160.000000 -29.401266 37.800426
v 152.499985 -33.901264 42.300430
v 125.484161 -51.600842 51.600842
v 130.000000 -47.401272 55.800430
v 125.484161 -47.401268 55.800423
v 120.968323 -47.401264 55.800430
v 120.968323 -43.201694 60.000015
v 116.452499 -43.201694 60.000015
v 116.452499 -47.401268 55.800430
v 116.452499 -51.600842 51.600842
v 111.936661 -51.600853 51.600853
v 111.936661 -55.800430 47.401272
v 116.452499 -55.800430 47.401268
v 108.618011 -58.671921 58.671921
v 111.936661 -58.671921 58.671921
v 111.936661 -53.007866 64.335968
v 108.618011 -53.007866 64.335976
v 105.299347 -53.007866 64.335968
v 105.299347 -47.343826 70.000015
v 101.980690 -47.343826 70.000015
v 101.980690 -53.007874 64.335976
v 101.980690 -58.671921 58.671921
v 98.662033 -58.671921 58.671921
v 98.662033 -64.335968 53.007866
v 101.980690 -64.335976 53.007874
v 137.500000 47.100853 47.100853
v 130.000000 51.600853 51.600853
v 130.000000 47.401272 55.800430
v 137.499985 42.901272 51.300426
v 145.000000 38.401268 46.800430
v 145.000000 34.201691 51.000011
v 152.500000 29.701693 46.500011
v 152.499985 33.901268 42.300430
v 152.500000 38.100849 38.100849
v 160.000000 33.600849 33.600849
v 160.000000 37.800434 29.401266
v 152.500000 42.300438 33.901264
v 125.484161 51.600857 51.600853
v 130.000000 55.800438 47.401272
v 125.484161 55.800430 47.401272
v 120.968338 55.800438 47.401272
v 120.968323 60.000015 43.201694
v 116.452499 60.000015 43.201694
v 116.452477 55.800438 47.401268
v 116.452499 51.600857 51.600853
v 111.936661 51.600853 51.600853
v 111.936661 47.401272 55.800430
v 116.452499 47.401276 55.800423
v 108.617996 58.671921 58.671921
v 111.936661 58.671921 58.671921
v 111.936661 64.335968 53.007866
v 108.618011 64.335968 53.007874
v 105.299347 64.335968 53.007866
v 105.299347 70.000015 47.343826
v 101.980690 70.000015 47.343826
v 101.980690 64.335976 53.007874
v 101.980682 58.671928 58.671921
v 98.662033 58.671928 58.671921
v 98.662033 53.007885 64.335968
v 101.980690 53.007885 64.335968
v 137.500000 47.100853 -47.100853
v 130.000000 51.600853 -51.600853
v 130.000000 55.800438 -47.401272
v 137.500000 51.300438 -42.901268
v 145.000000 46.800430 -38.401268
v 152.500000 46.500011 -29.701689
v 152.500000 42.300438 -33.901264
v 152.500000 38.100849 -38.100849
v 160.000000 33.600849 -33.600849
v 160.000000 29.401270 -37.800426
v 152.499985 33.901268 -42.300430
v 125.484161 51.600857 -51.600853
v 130.000000 47.401272 -55.800430
v 125.484161 47.401276 -55.800438
v 120.968338 47.401276 -55.800438
v 120.968323 43.201694 -60.000015
v 116.452499 43.201694 -60.000015
v 116.452499 47.401276 -55.800423
v 116.452499 51.600857 -51.600853
v 111.936661 51.600853 -51.600853
v 111.936661 55.800438 -47.401272
v 116.452477 55.800438 -47.401268
v 108.617996 58.671928 -58.671921
v 111.936661 58.671928 -58.671921
v 111.936661 53.007885 -64.335968
v 108.618011 53.007885 -64.335968
v 105.299347 53.007874 -64.335968
v 105.299347 47.343838 -70.000015
v 101.980690 47.343830 -70.000015
v 101.980690 53.007885 -64.335976
v 101.980682 58.671921 -58.671921
v 98.662033 58.671921 -58.671921
v 98.662033 64.335968 -53.007866
v 101.980690 64.335976 -53.007866
v 137.500000 -47.100853 -47.100853
v 130.000000 -51.600853 -51.600853
v 130.000000 -47.401272 -55.800430
v 137.500000 -42.901272 -51.300438
v 145.000000 -38.401264 -46.800426
v 145.000000 -34.201691 -51.000011
v 152.500000 -29.701689 -46.500011
v 152.500000 -33.901264 -42.300430
v 152.500000 -38.100849 -38.100849
v 160.000000 -33.600849 -33.600849
v 160.000000 -37.800426 -29.401266
v 152.499985 -42.300430 -33.901264
v 125.484161 -51.600842 -51.600842
v 130.000000 -55.800430 -47.401272
v 125.484161 -55.800423 -47.401268
v 120.968323 -55.800430 -47.401264
v 120.968323 -60.000015 -43.201694
v 116.452499 -60.000015 -43.201694
v 116.452499 -55.800430 -47.401268
v 116.452499 -51.600842 -51.600842
v 111.936661 -51.600853 -51.600853
v 111.936661 -47.401272 -55.800430
v 116.452499 -47.401268 -55.800430
v 108.618011 -58.671921 -58.671921
v 111.936661 -58.671921 -58.671921
v 111.936661 -64.335968 -53.007866
v 108.618011 -64.335976 -53.007866
v 105.299347 -64.335968 -53.007866
v 105.299347 -70.000015 -47.343826
v 101.980690 -70.000015 -47.343826
v 101.980690 -64.335976 -53.007874
v 101.980690 -58.671921 -58.671921
v 98.662033 -58.671921 -58.671921
v 98.662033 -53.007866 -64.335968
v 101.980690 -53.007874 -64.335976
v 73.996521 -51.600853 51.600853
v 98.662033 -51.600853 51.600853
v 98.662033 -47.401272 55.800430
v 73.996521 -47.401276 55.800438
v 49.331017 -47.401272 55.800438
v 49.331017 -43.201694 60.000015
v 24.665508 -43.201694 60.000015
v 24.665506 -47.401272 55.800430
v 24.665508 -51.600853 51.600853
v 0.000000 -51.600853 51.600853
v 0.000000 -55.800430 47.401272
v 24.665508 -55.800438 47.401276
v 73.996521 51.600857 51.600853
v 98.662033 51.600853 51.600853
v 98.662033 55.800438 47.401272
v 73.996521 55.800438 47.401276
v 49.331017 55.800438 47.401272
v 49.331017 60.000015 43.201694
v 24.665508 60.000015 43.201694
v 24.665508 55.800442 47.401276
v 24.665506 51.600857 51.600853
v 0.000000 51.600853 51.600853
v 0.000000 47.401272 55.800430
v 24.665508 47.401276 55.800430
v 73.996521 51.600857 -51.600853
v 98.662033 51.600853 -51.600853
v 98.662033 47.401272 -55.800430
v 73.996513 47.401272 -55.800438
v 49.331017 47.401272 -55.800438
v 49.331017 43.201694 -60.000015
v 24.665508 43.201687 -60.000015
v 24.665506 47.401264 -55.800430
v 24.665506 51.600853 -51.600853
v 0.000000 51.600853 -51.600853
v 0.000000 55.800430 -47.401272
v 24.665508 55.800430 -47.401272
v 73.996521 -51.600853 -51.600853
v 98.662033 -51.600853 -51.600853
v 98.662033 -55.800430 -47.401272
v 73.996521 -55.800438 -47.401276
v 49.331017 -55.800438 -47.401272
v 49.331017 -60.000015 -43.201694
v 24.665508 -60.000015 -43.201694
v 24.665506 -55.800430 -47.401272
v 24.665508 -51.600853 -51.600853
v 0.000000 -51.600853 -51.600853
v 0.000000 -47.401272 -55.800430
v 24.665508 -47.401276 -55.800438
v 101.980690 0.000005 70.000015
v 98.662033 0.000006 70.000015
v 98.662033 -23.671911 70.000015
v 101.980690 -23.671911 70.000023
v 105.299347 -23.671911 70.000015
v 105.299347 -47.343826 70.000015
v 108.617996 -47.343826 70.000015
v 108.617996 -23.671911 70.000023
v 108.617996 0.000003 70.000015
v 111.936661 0.000002 70.000015
v 111.936661 23.671913 70.000015
v 108.617996 23.671919 70.000023
v 101.980690 70.000015 0.000000
v 98.662033 70.000015 0.000000
v 98.662033 70.000015 23.671913
v 101.980690 70.000015 23.671911
v 105.299347 70.000015 23.671913
v 108.617996 70.000015 47.343826
v 108.617996 70.000015 23.671913
v 108.618011 70.000015 0.000000
v 111.936661 70.000015 0.000000
v 111.936661 70.000015 -23.671913
v 108.617996 70.000015 -23.671913
v 101.980690 0.000003 -70.000015
v 98.662033 0.000002 -70.000015
v 98.662033 23.671913 -70.000015
v 101.980690 23.671919 -70.000023
v 105.299347 23.671919 -70.000015
v 105.299347 47.343838 -70.000015
v 108.617996 47.343838 -70.000015
v 108.617996 23.671921 -70.000023
v 108.617996 0.000005 -70.000015
v 111.936661 0.000006 -70.000015
v 111.936661 -23.671911 -70.000015
v 108.617996 -23.671911 -70.000023
v 101.980690 -70.000015 0.000000
v 98.662033 -70.000015 0.000000
v 98.662033 -70.000015 -23.671913
v 101.980690 -70.000015 -23.671911
v 105.299347 -70.000015 -23.671913
v 108.617996 -70.000015 -47.343826
v 108.617996 -70.000015 -23.671913
v 108.618011 -70.000015 0.000000
v 111.936661 -70.000015 0.000000
v 111.936661 -70.000015 23.671913
v 108.617996 -70.000015 23.671913
v 116.452499 0.000002 60.000015
v 111.936661 0.000002 60.000015
v 111.936661 -21.600843 60.000015
v 116.452499 -21.600847 60.000015
v 120.968323 -21.600843 60.000015
v 120.968323 -43.201694 60.000015
v 125.484161 -43.201694 60.000015
v 125.484154 -21.600842 60.000015
v 125.484161 0.000002 60.000015
v 130.000000 0.000002 60.000015
v 130.000000 21.600847 60.000015
v 125.484161 21.600847 60.000023
v 116.452499 60.000015 0.000000
v 111.936661 60.000015 0.000000
v 111.936661 60.000015 21.600847
v 116.452499 60.000015 21.600847
v 120.968323 60.000015 21.600847
v 125.484161 60.000015 43.201694
v 125.484161 60.000015 21.600847
v 125.484161 60.000015 0.000000
v 130.000000 60.000015 0.000000
v 130.000000 60.000015 -21.600847
v 125.484161 60.000015 -21.600847
v 116.452499 0.000002 -60.000015
v 111.936661 0.000002 -60.000015
v 111.936661 21.600847 -60.000015
v 116.452499 21.600849 -60.000023
v 120.968323 21.600849 -60.000015
v 120.968323 43.201694 -60.000015
v 125.484161 43.201694 -60.000015
v 125.484154 21.600843 -60.000015
v 125.484161 0.000002 -60.000015
v 130.000000 0.000002 -60.000015
v 130.000000 -21.600843 -60.000015
v 125.484154 -21.600842 -60.000015
v 116.452499 -60.000015 0.000000
v 111.936661 -60.000015 0.000000
v 111.936661 -60.000015 -21.600847
v 116.452499 -60.000015 -21.600847
v 120.968323 -60.000015 -21.600847
v 125.484161 -60.000015 -43.201694
v 125.484161 -60.000015 -21.600847
v 125.484161 -60.000015 0.000000
v 130.000000 -60.000015 0.000000
v 130.000000 -60.000015 21.600847
v 125.484161 -60.000015 21.600847
v 136.247086 -56.251770 0.000000
v 130.000000 -60.000015 -21.600847
v 136.356339 -56.186222 -20.412775
v 143.747086 -51.751766 -17.100845
v 152.500000 -46.500011 -29.701689
v 151.124496 -47.325314 -14.946198
v 151.247086 -47.251766 0.000000
v 160.000000 -42.000011 0.000000
v 160.000000 -42.000011 12.600842
v 151.124496 -47.325314 14.946198
v 136.247070 0.000002 -56.251770
v 130.000000 21.600847 -60.000015
v 136.356323 20.412775 -56.186214
v 143.747070 17.100845 -51.751766
v 145.000000 34.201691 -51.000011
v 152.500000 29.701693 -46.500011
v 151.124512 14.946202 -47.325314
v 151.247070 0.000002 -47.251766
v 160.000000 0.000002 -42.000011
v 160.000000 -12.600842 -42.000011
v 151.124496 -14.946196 -47.325314
v 136.247086 56.251770 0.000000
v 130.000000 60.000015 21.600847
v 136.356339 56.186222 20.412775
v 143.747086 51.751766 17.100845
v 152.500000 46.500011 29.701689
v 151.124496 47.325314 14.946198
v 151.247086 47.251766 0.000000
v 160.000000 42.000011 0.000000
v 160.000000 42.000011 -12.600842
v 151.124496 47.325314 -14.946198
v 136.247070 0.000002 56.251770
v 130.000000 -21.600843 60.000015
v 136.356323 -20.412775 56.186222
v 143.747070 -17.100845 51.751766
v 145.000000 -34.201691 51.000011
v 152.500000 -29.701689 46.500011
v 151.124481 -14.946196 47.325314
v 151.247070 0.000002 47.251766
v 160.000000 0.000002 42.000011
v 160.000000 12.600845 42.000011
v 151.124496 14.946199 47.325314
v 111.936676 -53.557713 53.557713
v 111.936661 -51.600853 51.600853
v 111.936661 -47.401272 55.800430
v 111.936676 -48.997696 58.140015
v 111.936676 -50.393669 60.257301
v 111.936661 -46.308292 67.500015
v 111.936676 -51.640255 62.525692
v 111.936676 -57.093254 57.093254
v 111.936661 -58.671921 58.671921
v 111.936661 -64.335968 53.007866
v 111.936676 -62.525677 51.640255
v 98.662041 -53.557713 53.557713
v 98.662033 -51.600853 51.600853
v 98.662033 -55.800430 47.401272
v 98.662048 -58.140015 48.997696
v 98.662041 -60.257301 50.393669
v 98.662033 -65.000015 45.272758
v 98.662033 -67.500015 46.308292
v 98.662041 -62.525692 51.640255
v 98.662041 -57.093254 57.093254
v 98.662033 -58.671921 58.671921
v 98.662033 -53.007866 64.335968
v 98.662041 -51.640255 62.525677
v 111.936661 53.557716 53.557713
v 111.936661 51.600853 51.600853
v 111.936661 55.800438 47.401272
v 111.936653 58.140022 48.997696
v 111.936661 60.257301 50.393669
v 111.936661 65.000015 45.272758
v 111.936661 67.500015 46.308292
v 111.936661 62.525692 51.640251
v 111.936661 57.093254 57.093254
v 111.936661 58.671921 58.671921
v 111.936661 53.007874 64.335968
v 111.936676 51.640259 62.525677
v 98.662033 53.557716 53.557716
v 98.662033 51.600853 51.600853
v 98.662033 47.401272 55.800430
v 98.662033 48.997700 58.140015
v 98.662033 50.393669 60.257301
v 98.662033 46.308300 67.500015
v 98.662025 51.640259 62.525677
v 98.662033 57.093258 57.093254
v 98.662033 58.671928 58.671921
v 98.662033 64.335968 53.007866
v 98.662025 62.525692 51.640251
v 111.936661 53.557716 -53.557716
v 111.936661 51.600853 -51.600853
v 111.936661 47.401272 -55.800430
v 111.936676 48.997700 -58.140015
v 111.936661 50.393669 -60.257301
v 111.936661 45.272766 -65.000015
v 111.936661 46.308300 -67.500015
v 111.936653 51.640259 -62.525677
v 111.936661 57.093258 -57.093254
v 111.936661 58.671928 -58.671921
v 111.936661 64.335968 -53.007866
v 111.936653 62.525692 -51.640251
v 98.662033 53.557716 -53.557713
v 98.662033 51.600853 -51.600853
v 98.662033 55.800438 -47.401272
v 98.662033 58.140022 -48.997696
v 98.662033 60.257301 -50.393669
v 98.662033 67.500015 -46.308292
v 98.662041 62.525692 -51.640251
v 98.662033 57.093254 -57.093254
v 98.662033 58.671921 -58.671921
v 98.662033 53.007874 -64.335968
v 98.662033 51.640259 -62.525677
v 111.936676 -53.557713 -53.557713
v 111.936661 -51.600853 -51.600853
v 111.936661 -55.800430 -47.401272
v 111.936676 -58.140015 -48.997696
v 111.936676 -60.257301 -50.393669
v 111.936661 -65.000015 -45.272758
v 111.936661 -67.500015 -46.308292
v 111.936676 -62.525692 -51.640255
v 111.936676 -57.093254 -57.093254
v 111.936661 -58.671921 -58.671921
v 111.936661 -53.007866 -64.335968
v 111.936676 -51.640255 -62.525677
v 98.662041 -53.557713 -53.557713
v 98.662033 -51.600853 -51.600853
v 98.662033 -47.401272 -55.800430
v 98.662048 -48.997696 -58.140015
v 98.662041 -50.393669 -60.257301
v 98.662033 -46.308292 -67.500015
v 98.662041 -51.640255 -62.525692
v 98.662041 -57.093254 -57.093254
v 98.662033 -58.671921 -58.671921
v 98.662033 -64.335968 -53.007866
v 98.662041 -62.525677 -51.640255
v 98.662033 0.000003 62.602165
v 98.662033 0.000002 60.000015
v 98.662033 -21.600843 60.000015
v 98.662033 -22.175785 62.604321
v 98.662033 -22.636377 65.102180
v 98.662033 -46.308292 67.500015
v 98.662033 -23.303341 67.600105
v 98.662033 0.000005 67.602180
v 98.662033 0.000006 70.000015
v 98.662033 23.671921 70.000015
v 98.662033 23.303354 67.600105
v 111.936661 0.000002 62.602165
v 111.936661 0.000002 60.000015
v 111.936661 21.600847 60.000015
v 111.936661 22.175791 62.604321
v 111.936661 22.636383 65.102180
v 111.936661 46.308296 67.500015
v 111.936661 23.303347 67.600105
v 111.936661 0.000002 67.602180
v 111.936661 0.000002 70.000015
v 111.936661 -23.671911 70.000015
v 111.936676 -23.303347 67.600105
v 98.662033 62.602165 0.000000
v 98.662033 60.000015 0.000000
v 98.662033 60.000015 21.600847
v 98.662041 62.604321 22.175791
v 98.662033 65.102180 22.636379
v 98.662033 65.000015 45.272758
v 98.662033 67.500015 46.308292
v 98.662025 67.600098 23.303341
v 98.662033 67.602180 0.000000
v 98.662033 70.000015 0.000000
v 98.662033 70.000015 -23.671913
v 98.662033 67.600105 -23.303347
v 111.936661 62.602165 0.000000
v 111.936661 60.000015 0.000000
v 111.936661 60.000015 -21.600847
v 111.936676 62.604321 -22.175791
v 111.936661 65.102180 -22.636379
v 111.936661 67.500015 -46.308292
v 111.936661 67.600098 -23.303341
v 111.936661 67.602180 0.000000
v 111.936661 70.000015 0.000000
v 111.936661 70.000015 23.671913
v 111.936676 67.600105 23.303347
v 98.662033 0.000002 -62.602165
v 98.662033 0.000002 -60.000015
v 98.662033 21.600847 -60.000015
v 98.662033 22.175791 -62.604321
v 98.662033 22.636383 -65.102180
v 98.662033 45.272766 -65.000015
v 98.662033 46.308296 -67.500015
v 98.662033 23.303347 -67.600105
v 98.662033 0.000002 -67.602180
v 98.662033 0.000002 -70.000015
v 98.662033 -23.671911 -70.000015
v 98.662048 -23.303347 -67.600105
v 111.936661 0.000003 -62.602165
v 111.936661 0.000002 -60.000015
v 111.936661 -21.600843 -60.000015
v 111.936661 -22.175785 -62.604321
v 111.936661 -22.636377 -65.102180
v 111.936661 -46.308292 -67.500015
v 111.936661 -23.303341 -67.600105
v 111.936661 0.000005 -67.602180
v 111.936661 0.000006 -70.000015
v 111.936661 23.671921 -70.000015
v 111.936661 23.303354 -67.600105
v 98.662033 -62.602165 0.000000
v 98.662033 -60.000015 0.000000
v 98.662033 -60.000015 -21.600847
v 98.662041 -62.604321 -22.175791
v 98.662033 -65.102180 -22.636379
v 98.662033 -65.000015 -45.272758
v 98.662033 -67.500015 -46.308292
v 98.662025 -67.600098 -23.303341
v 98.662033 -67.602180 0.000000
v 98.662033 -70.000015 0.000000
v 98.662033 -70.000015 23.671913
v 98.662033 -67.600105 23.303347
v 111.936661 -62.602165 0.000000
v 111.936661 -60.000015 0.000000
v 111.936661 -60.000015 21.600847
v 111.936676 -62.604321 22.175791
v 111.936661 -65.102180 22.636379
v 111.936661 -65.000015 45.272758
v 111.936661 -67.500015 46.308292
v 111.936661 -67.600098 23.303341
v 111.936661 -67.602180 0.000000
v 111.936661 -70.000015 0.000000
v 111.936661 -70.000015 -23.671913
v 111.936676 -67.600105 -23.303347
v 160.000000 -32.073647 32.073647
v 160.000000 -33.600849 33.600849
v 160.000000 -37.800426 29.401266
v 160.000000 -36.046970 28.065973
v 160.000000 -33.773224 26.838524
v 160.000000 -37.000008 23.130619
v 160.000000 -34.500008 22.095083
v 160.000000 -31.655890 25.458008
v 160.000000 -28.538107 28.538107
v 160.000000 -26.529778 26.529778
v 160.000000 -23.794664 29.264893
v 160.000000 -25.458006 31.655891
v 160.000000 -39.681412 0.000000
v 160.000000 -42.000011 0.000000
v 160.000000 -42.000011 -12.600842
v 160.000000 -39.674854 -12.261763
v 160.000000 -37.181412 -11.565310
v 160.000000 -37.000008 -23.130619
v 160.000000 -34.500008 -22.095083
v 160.000000 -34.688377 -11.076956
v 160.000000 -34.681412 0.000000
v 160.000000 -32.000008 0.000000
v 160.000000 -32.000008 10.529775
v 160.000000 -34.688377 11.076956
v 160.000000 -32.073647 -32.073647
v 160.000000 -33.600849 -33.600849
v 160.000000 -29.401266 -37.800426
v 160.000000 -28.065973 -36.046970
v 160.000000 -26.838524 -33.773224
v 160.000000 -22.095083 -34.500008
v 160.000000 -25.458008 -31.655890
v 160.000000 -28.538107 -28.538107
v 160.000000 -26.529778 -26.529778
v 160.000000 -29.264893 -23.794664
v 160.000000 -31.655891 -25.458006
v 160.000000 0.000002 -39.681412
v 160.000000 0.000002 -42.000011
v 160.000000 12.600845 -42.000011
v 159.999985 12.261765 -39.674850
v 160.000000 11.565312 -37.181412
v 160.000000 23.130621 -37.000008
v 160.000000 22.095085 -34.500008
v 160.000000 11.076958 -34.688377
v 160.000000 0.000002 -34.681412
v 160.000000 0.000002 -32.000008
v 160.000000 -10.529774 -32.000008
v 160.000000 -11.076954 -34.688377
v 160.000000 32.073647 -32.073639
v 160.000000 33.600849 -33.600849
v 160.000000 37.800434 -29.401266
v 159.999985 36.046967 -28.065969
v 160.000000 33.773224 -26.838524
v 160.000000 34.500008 -22.095083
v 160.000000 31.655891 -25.458008
v 160.000000 28.538111 -28.538107
v 160.000000 26.529781 -26.529778
v 160.000000 23.794664 -29.264893
v 160.000000 25.458008 -31.655890
v 160.000000 39.681412 0.000000
v 160.000000 42.000011 0.000000
v 160.000000 42.000011 12.600842
v 160.000000 39.674854 12.261763
v 160.000000 37.181412 11.565310
v 160.000000 37.000008 23.130619
v 160.000000 34.500008 22.095083
v 160.000000 34.688377 11.076956
v 160.000000 34.681412 0.000000
v 160.000000 32.000008 0.000000
v 160.000000 32.000008 -10.529775
v 160.000000 34.688377 -11.076956
v 160.000000 32.073647 32.073639
v 160.000000 33.600849 33.600849
v 160.000000 29.401270 37.800426
v 160.000000 28.065977 36.046967
v 160.000000 26.838531 33.773224
v 160.000000 22.095085 34.500008
v 159.999985 25.458008 31.655886
v 160.000000 28.538111 28.538107
v 160.000000 26.529781 26.529778
v 160.000000 29.264894 23.794664
v 160.000015 31.655891 25.458008
v 160.000000 0.000002 39.681412
v 160.000000 0.000002 42.000011
v 160.000000 -12.600842 42.000011
v 159.999985 -12.261760 39.674850
v 160.000000 -11.565308 37.181412
v 160.000000 -22.095083 34.500008
v 160.000000 -11.076954 34.688377
v 160.000000 0.000002 34.681412
v 160.000000 0.000002 32.000008
v 160.000000 10.529778 32.000008
v 160.000000 11.076959 34.688377
v 155.000000 -26.529778 26.529781
v 160.000000 -26.529778 26.529778
v 160.000000 -29.264893 23.794664
v 155.000000 -29.264893 23.794662
v 150.000000 -29.264893 23.794664
v 145.000000 -32.000008 21.059549
v 145.000000 -29.264893 23.794664
v 145.000000 -26.529774 26.529781
v 140.000000 -26.529774 26.529778
v 140.000000 -23.794662 29.264893
v 145.000000 -23.794662 29.264894
v 155.000000 -32.000008 0.000000
v 160.000000 -32.000008 0.000000
v 160.000000 -32.000008 -10.529775
v 155.000015 -32.000008 -10.529775
v 150.000000 -32.000008 -10.529775
v 145.000000 -32.000008 -21.059549
v 145.000000 -32.000008 -10.529775
v 145.000000 -32.000004 0.000000
v 140.000000 -32.000004 0.000000
v 140.000000 -32.000004 10.529775
v 145.000000 -32.000008 10.529775
v 155.000000 -26.529774 -26.529778
v 160.000000 -26.529778 -26.529778
v 160.000000 -23.794664 -29.264893
v 155.000000 -23.794662 -29.264894
v 150.000000 -23.794662 -29.264893
v 150.000000 -21.059549 -32.000008
v 145.000000 -21.059549 -32.000008
v 145.000000 -23.794662 -29.264894
v 145.000000 -26.529774 -26.529778
v 140.000000 -26.529774 -26.529778
v 140.000000 -29.264893 -23.794664
v 145.000000 -29.264893 -23.794662
v 155.000000 0.000002 -32.000008
v 160.000000 0.000002 -32.000008
v 160.000000 10.529778 -32.000008
v 154.999985 10.529775 -32.000008
v 150.000000 10.529778 -32.000008
v 150.000000 21.059555 -32.000008
v 145.000000 21.059555 -32.000008
v 144.999985 10.529780 -32.000004
v 145.000000 0.000002 -32.000008
v 140.000000 0.000002 -32.000008
v 140.000000 -10.529774 -32.000008
v 144.999985 -10.529776 -32.000008
v 155.000000 26.529781 -26.529778
v 160.000000 26.529781 -26.529778
v 160.000000 29.264894 -23.794664
v 155.000000 29.264894 -23.794662
v 150.000000 29.264894 -23.794664
v 145.000000 32.000008 -21.059549
v 145.000000 29.264894 -23.794662
v 145.000000 26.529781 -26.529778
v 140.000000 26.529781 -26.529778
v 140.000000 23.794664 -29.264893
v 145.000000 23.794664 -29.264894
v 155.000000 32.000008 0.000000
v 160.000000 32.000008 0.000000
v 160.000000 32.000008 10.529775
v 155.000015 32.000008 10.529775
v 150.000000 32.000008 10.529775
v 145.000000 32.000008 21.059549
v 145.000000 32.000008 10.529775
v 145.000000 32.000008 0.000000
v 140.000000 32.000008 0.000000
v 140.000000 32.000008 -10.529775
v 145.000000 32.000008 -10.529775
v 155.000000 26.529781 26.529778
v 160.000000 26.529781 26.529778
v 160.000000 23.794664 29.264893
v 155.000000 23.794664 29.264894
v 150.000000 23.794668 29.264893
v 150.000000 21.059555 32.000008
v 145.000000 21.059555 32.000008
v 145.000000 23.794664 29.264894
v 145.000000 26.529781 26.529778
v 140.000000 26.529781 26.529778
v 140.000000 29.264894 23.794664
v 145.000000 29.264894 23.794662
v 155.000000 0.000002 32.000008
v 160.000000 0.000002 32.000008
v 160.000000 -10.529774 32.000008
v 154.999985 -10.529771 32.000008
v 150.000000 -10.529774 32.000008
v 150.000000 -21.059549 32.000008
v 145.000000 -21.059549 32.000008
v 144.999985 -10.529775 32.000004
v 145.000000 0.000002 32.000008
v 140.000000 0.000002 32.000008
v 140.000000 10.529778 32.000008
v 144.999985 10.529780 32.000008
v 24.665510 -60.000023 0.000000
v 0.000000 -60.000015 -21.600847
v 24.665510 -60.000023 -21.600849
v 49.331017 -60.000023 -21.600847
v 73.996521 -60.000015 -43.201694
v 73.996529 -60.000015 -21.600847
v 73.996529 -60.000023 0.000000
v 98.662033 -60.000015 0.000000
v 98.662033 -60.000015 21.600847
v 73.996529 -60.000023 21.600849
v 24.665510 -0.000001 -60.000023
v 0.000000 21.600843 -60.000015
v 24.665510 21.600847 -60.000023
v 49.331017 21.600847 -60.000023
v 49.331017 43.201694 -60.000015
v 73.996521 43.201694 -60.000015
v 73.996529 21.600847 -60.000015
v 73.996529 0.000001 -60.000023
v 98.662033 0.000002 -60.000015
v 98.662033 -21.600843 -60.000015
v 73.996521 -21.600847 -60.000015
v 24.665510 60.000023 0.000000
v 0.000000 60.000015 21.600847
v 24.665510 60.000023 21.600849
v 49.331017 60.000023 21.600847
v 73.996521 60.000015 43.201694
v 73.996529 60.000015 21.600847
v 73.996529 60.000023 0.000000
v 98.662033 60.000015 0.000000
v 98.662033 60.000015 -21.600847
v 73.996529 60.000023 -21.600849
v 24.665508 0.000001 60.000015
v 0.000000 -21.600843 60.000015
v 24.665508 -21.600847 60.000015
v 49.331017 -21.600847 60.000015
v 49.331017 -43.201694 60.000015
v 73.996521 -43.201694 60.000015
v 73.996521 -21.600847 60.000015
v 73.996521 0.000001 60.000015
v 98.662033 0.000002 60.000015
v 98.662033 21.600847 60.000015
v 73.996521 21.600847 60.000015
v -140.000000 0.000002 16.000004
v -140.000000 0.000002 32.000008
v -140.000000 10.529778 32.000008
v -140.000000 9.190027 19.427299
v -140.000000 13.264891 13.264889
v -140.000000 26.529781 26.529778
v -140.000000 29.264894 23.794664
v -140.000000 19.427301 9.190026
v -140.000000 16.000004 0.000000
v -140.000000 32.000008 0.000000
v -140.000000 32.000008 -10.529775
v -140.000000 19.427303 -9.190026
v -140.000000 13.264891 -13.264889
v -140.000000 26.529781 -26.529778
v -140.000000 23.794664 -29.264893
v -139.999985 9.190027 -19.427301
v -140.000000 0.000002 -16.000004
v -140.000000 0.000002 -32.000008
v -140.000000 -10.529774 -32.000008
v -140.000000 -9.190023 -19.427299
v -140.000000 -13.264887 -13.264889
v -140.000000 -26.529774 -26.529778
v -140.000000 -29.264893 -23.794664
v -140.000000 -19.427301 -9.190026
v -140.000000 -16.000002 0.000000
v -140.000000 -32.000004 0.000000
v -140.000000 -32.000004 10.529775
v -140.000000 -19.427301 9.190026
v -145.000000 -38.401268 46.800438
v -145.000000 -34.201691 51.000011
v -152.500000 -29.701689 46.500011
v -152.500015 -33.901268 42.300438
v -152.500000 -38.100849 38.100849
v -160.000000 -33.600849 33.600849
v -160.000000 -37.800426 29.401266
v -152.499985 -42.300430 33.901264
v -145.000000 -46.800438 38.401268
v -145.000000 -51.000011 34.201691
v -137.500000 -55.500011 38.701691
v -137.500000 -51.300438 42.901272
v -120.968323 -55.800430 47.401268
v -120.968323 -60.000015 43.201694
v -116.452499 -60.000015 43.201694
v -116.452499 -55.800430 47.401268
v -116.452499 -51.600853 51.600853
v -111.936661 -51.600853 51.600853
v -111.936661 -47.401272 55.800430
v -116.452499 -47.401268 55.800430
v -120.968323 -47.401268 55.800430
v -120.968323 -43.201694 60.000015
v -125.484161 -43.201694 60.000015
v -125.484161 -47.401268 55.800423
v -105.299347 -64.335968 53.007874
v -105.299347 -70.000015 47.343826
v -101.980690 -70.000015 47.343826
v -101.980690 -64.335976 53.007885
v -101.980690 -58.671921 58.671921
v -98.662033 -58.671921 58.671921
v -98.662033 -53.007866 64.335968
v -101.980690 -53.007874 64.335968
v -105.299347 -53.007866 64.335968
v -105.299347 -47.343826 70.000015
v -108.617996 -47.343826 70.000015
v -108.617996 -53.007874 64.335976
v -145.000000 46.800438 38.401268
v -145.000000 51.000011 34.201691
v -152.500000 46.500011 29.701689
v -152.500000 42.300438 33.901268
v -152.500000 38.100849 38.100849
v -160.000000 33.600849 33.600849
v -160.000000 29.401270 37.800426
v -152.500015 33.901272 42.300430
v -145.000000 38.401268 46.800430
v -145.000000 34.201691 51.000011
v -137.500000 38.701691 55.500011
v -137.500015 42.901276 51.300430
v -120.968338 47.401276 55.800438
v -120.968323 43.201694 60.000015
v -116.452499 43.201694 60.000015
v -116.452499 47.401276 55.800430
v -116.452499 51.600857 51.600853
v -111.936661 51.600853 51.600853
v -111.936661 55.800438 47.401272
v -116.452499 55.800430 47.401268
v -120.968338 55.800438 47.401272
v -120.968323 60.000015 43.201694
v -125.484161 60.000015 43.201694
v -125.484161 55.800438 47.401268
v -105.299347 53.007874 64.335968
v -105.299347 47.343838 70.000015
v -101.980690 47.343838 70.000015
v -101.980690 53.007885 64.335976
v -101.980682 58.671928 58.671921
v -98.662033 58.671928 58.671921
v -98.662033 64.335968 53.007866
v -101.980690 64.335976 53.007874
v -105.299347 64.335968 53.007866
v -105.299347 70.000015 47.343826
v -108.617996 70.000015 47.343826
v -108.618011 64.335976 53.007874
v -145.000000 38.401268 -46.800430
v -145.000000 34.201691 -51.000011
v -152.500000 29.701693 -46.500011
v -152.500000 33.901272 -42.300430
v -152.500000 38.100849 -38.100849
v -160.000000 33.600849 -33.600849
v -160.000000 37.800434 -29.401266
v -152.500000 42.300438 -33.901268
v -145.000000 46.800438 -38.401268
v -145.000000 51.000011 -34.201691
v -137.500000 55.500011 -38.701691
v -137.500000 51.300438 -42.901268
v -120.968338 55.800438 -47.401272
v -120.968323 60.000015 -43.201694
v -116.452499 60.000015 -43.201694
v -116.452499 55.800430 -47.401276
v -116.452499 51.600857 -51.600853
v -111.936661 51.600853 -51.600853
v -111.936661 47.401272 -55.800430
v -116.452499 47.401276 -55.800430
v -120.968338 47.401276 -55.800438
v -120.968323 43.201694 -60.000015
v -125.484161 43.201694 -60.000015
v -125.484161 47.401272 -55.800430
v -105.299347 64.335968 -53.007866
v -105.299347 70.000015 -47.343826
v -101.980690 70.000015 -47.343826
v -101.980690 64.335976 -53.007874
v -101.980682 58.671921 -58.671921
v -98.662033 58.671921 -58.671921
v -98.662033 53.007874 -64.335968
v -101.980690 53.007885 -64.335976
v -105.299347 53.007874 -64.335968
v -105.299347 47.343838 -70.000015
v -108.617996 47.343838 -70.000015
v -108.618011 53.007885 -64.335976
v -145.000000 -46.800438 -38.401268
v -145.000000 -51.000011 -34.201691
v -152.500000 -46.500011 -29.701689
v -152.500015 -42.300438 -33.901268
v -152.500000 -38.100849 -38.100849
v -160.000000 -33.600849 -33.600849
v -160.000000 -29.401266 -37.800426
v -152.499985 -33.901264 -42.300430
v -145.000000 -38.401268 -46.800438
v -145.000000 -34.201691 -51.000011
v -137.500000 -38.701691 -55.500011
v -137.500000 -42.901272 -51.300438
v -120.968323 -47.401268 -55.800430
v -120.968323 -43.201694 -60.000015
v -116.452499 -43.201694 -60.000015
v -116.452499 -47.401268 -55.800430
v -116.452499 -51.600853 -51.600853
v -111.936661 -51.600853 -51.600853
v -111.936661 -55.800430 -47.401272
v -116.452499 -55.800430 -47.401268
v -120.968323 -55.800430 -47.401268
v -120.968323 -60.000015 -43.201694
v -125.484161 -60.000015 -43.201694
v -125.484161 -55.800423 -47.401268
v -105.299347 -53.007874 -64.335968
v -105.299347 -47.343826 -70.000015
v -101.980690 -47.343826 -70.000015
v -101.980690 -53.007885 -64.335976
v -101.980690 -58.671921 -58.671921
v -98.662033 -58.671921 -58.671921
v -98.662033 -64.335968 -53.007866
v -101.980690 -64.335968 -53.007874
v -105.299347 -64.335968 -53.007866
v -105.299347 -70.000015 -47.343826
v -108.617996 -70.000015 -47.343826
v -108.617996 -64.335976 -53.007874
v -49.331017 -55.800430 47.401268
v -49.331017 -60.000015 43.201694
v -24.665508 -60.000015 43.201694
v -24.665508 -55.800430 47.401268
v -24.665506 -51.600853 51.600853
v 0.000000 -47.401272 55.800430
v -24.665508 -47.401268 55.800430
v -49.331017 -47.401268 55.800430
v -49.331017 -43.201694 60.000015
v -73.996521 -43.201694 60.000015
v -73.996521 -47.401272 55.800430
v -49.331017 47.401272 55.800438
v -49.331017 43.201694 60.000015
v -24.665508 43.201694 60.000015
v -24.665506 47.401272 55.800438
v -24.665508 51.600853 51.600853
v 0.000000 55.800438 47.401272
v -24.665508 55.800438 47.401272
v -49.331017 55.800438 47.401272
v -49.331017 60.000015 43.201694
v -73.996521 60.000015 43.201694
v -73.996521 55.800438 47.401268
v -49.331017 55.800430 -47.401268
v -49.331017 60.000015 -43.201694
v -24.665508 60.000015 -43.201694
v -24.665504 55.800430 -47.401268
v -24.665506 51.600853 -51.600853
v 0.000000 47.401268 -55.800430
v -24.665506 47.401264 -55.800430
v -49.331017 47.401272 -55.800430
v -49.331017 43.201694 -60.000015
v -73.996521 43.201694 -60.000015
v -73.996521 47.401272 -55.800430
v -49.331017 -47.401268 -55.800430
v -49.331017 -43.201694 -60.000015
v -24.665508 -43.201694 -60.000015
v -24.665508 -47.401268 -55.800430
v -24.665506 -51.600853 -51.600853
v 0.000000 -55.800430 -47.401272
v -24.665508 -55.800430 -47.401268
v -49.331017 -55.800430 -47.401268
v -49.331017 -60.000015 -43.201694
v -73.996521 -60.000015 -43.201694
v -73.996521 -55.800430 -47.401272
v -105.299347 23.671919 70.000015
v -105.299347 47.343838 70.000015
v -108.617996 47.343830 70.000015
v -108.617996 23.671919 70.000023
v -108.617996 0.000003 70.000015
v -111.936661 0.000002 70.000015
v -111.936661 -23.671911 70.000015
v -108.617996 -23.671911 70.000023
v -105.299347 -23.671911 70.000015
v -105.299347 -47.343826 70.000015
v -101.980690 -47.343826 70.000015
v -101.980690 -23.671911 70.000023
v -105.299347 70.000015 -23.671913
v -108.617996 70.000015 -47.343826
v -108.617996 70.000015 -23.671913
v -108.618011 70.000015 0.000000
v -111.936661 70.000015 0.000000
v -111.936661 70.000015 23.671913
v -108.617996 70.000015 23.671913
v -105.299347 70.000015 23.671913
v -101.980690 70.000015 47.343826
v -101.980690 70.000023 23.671911
v -105.299347 -23.671911 -70.000015
v -105.299347 -47.343826 -70.000015
v -108.617996 -47.343826 -70.000015
v -108.617996 -23.671911 -70.000023
v -108.617996 0.000005 -70.000015
v -111.936661 0.000006 -70.000015
v -111.936661 23.671921 -70.000015
v -108.617996 23.671921 -70.000023
v -105.299347 23.671919 -70.000015
v -105.299347 47.343838 -70.000015
v -101.980690 47.343830 -70.000015
v -101.980690 23.671919 -70.000023
v -105.299347 -70.000015 23.671913
v -108.617996 -70.000015 47.343826
v -108.617996 -70.000015 23.671913
v -108.618011 -70.000015 0.000000
v -111.936661 -70.000015 0.000000
v -111.936661 -70.000015 -23.671913
v -108.617996 -70.000015 -23.671913
v -105.299347 -70.000015 -23.671913
v -101.980690 -70.000015 -47.343826
v -101.980690 -70.000023 -23.671911
v -120.968323 21.600849 60.000015
v -120.968323 43.201694 60.000015
v -125.484161 43.201694 60.000015
v -125.484184 21.600847 60.000015
v -125.484161 0.000002 60.000015
v -130.000000 -21.600843 60.000015
v -125.484161 -21.600843 60.000015
v -120.968323 -21.600843 60.000015
v -120.968323 -43.201694 60.000015
v -116.452499 -43.201694 60.000015
v -116.452499 -21.600843 60.000023
v -120.968323 60.000015 -21.600847
v -125.484161 60.000015 -43.201694
v -125.484161 60.000023 -21.600843
v -125.484161 60.000015 0.000000
v -130.000000 60.000015 21.600847
v -125.484161 60.000015 21.600843
v -120.968323 60.000015 21.600847
v -116.452499 60.000015 43.201694
v -116.452499 60.000023 21.600847
v -120.968323 -21.600843 -60.000015
v -120.968323 -43.201694 -60.000015
v -125.484161 -43.201694 -60.000015
v -125.484161 -21.600843 -60.000023
v -125.484161 0.000002 -60.000015
v -130.000000 21.600847 -60.000015
v -125.484161 21.600847 -60.000008
v -120.968323 21.600849 -60.000015
v -120.968323 43.201694 -60.000015
v -116.452499 43.201694 -60.000015
v -116.452515 21.600847 -60.000015
v -120.968323 -60.000015 21.600847
v -125.484161 -60.000015 43.201694
v -125.484161 -60.000023 21.600843
v -125.484161 -60.000015 0.000000
v -130.000000 -60.000015 -21.600847
v -125.484161 -60.000015 -21.600843
v -120.968323 -60.000015 -21.600847
v -116.452499 -60.000015 -43.201694
v -116.452499 -60.000023 -21.600847
v -143.747086 -51.751766 17.100845
v -152.500000 -46.500011 29.701689
v -151.124496 -47.325314 14.946198
v -151.247086 -47.251766 0.000000
v -160.000000 -42.000011 0.000000
v -160.000000 -42.000011 -12.600842
v -151.124496 -47.325314 -14.946198
v -143.747086 -51.751766 -17.100845
v -137.500000 -55.500011 -38.701691
v -136.356339 -56.186222 -20.412775
v -143.747070 -17.100845 -51.751766
v -145.000000 -34.201691 -51.000011
v -152.500000 -29.701689 -46.500011
v -151.124481 -14.946196 -47.325314
v -151.247070 0.000002 -47.251766
v -160.000000 0.000002 -42.000011
v -160.000000 12.600845 -42.000011
v -151.124496 14.946199 -47.325314
v -143.747070 17.100845 -51.751766
v -145.000000 34.201691 -51.000011
v -137.500000 38.701691 -55.500011
v -136.356323 20.412777 -56.186214
v -143.747086 51.751766 -17.100845
v -152.500000 46.500011 -29.701689
v -151.124496 47.325314 -14.946198
v -151.247086 47.251766 0.000000
v -160.000000 42.000011 0.000000
v -160.000000 42.000011 12.600842
v -151.124496 47.325314 14.946198
v -143.747086 51.751766 17.100845
v -137.500000 55.500011 38.701691
v -136.356339 56.186222 20.412775
v -143.747070 17.100845 51.751766
v -145.000000 34.201691 51.000011
v -152.500000 29.701693 46.500011
v -151.124481 14.946202 47.325314
v -151.247070 0.000002 47.251766
v -160.000000 0.000002 42.000011
v -160.000000 -12.600842 42.000011
v -151.124496 -14.946196 47.325314
v -143.747070 -17.100845 51.751766
v -145.000000 -34.201691 51.000011
v -137.500000 -38.701691 55.500011
v -136.356339 -20.412775 56.186222
v -111.936661 -60.257301 50.393669
v -111.936661 -65.000015 45.272758
v -111.936661 -67.500015 46.308292
v -111.936676 -62.525692 51.640255
v -111.936661 -57.093254 57.093254
v -111.936661 -58.671921 58.671921
v -111.936661 -53.007866 64.335968
v -111.936676 -51.640255 62.525677
v -111.936661 -50.393669 60.257301
v -111.936661 -45.272758 65.000015
v -111.936661 -44.237225 62.500015
v -111.936676 -48.997696 58.140015
v -98.662033 -50.393669 60.257301
v -98.662033 -45.272758 65.000015
v -98.662033 -46.308292 67.500015
v -98.662033 -51.640255 62.525692
v -98.662033 -57.093254 57.093254
v -98.662033 -58.671921 58.671921
v -98.662033 -64.335968 53.007866
v -98.662033 -62.525677 51.640255
v -98.662033 -60.257301 50.393669
v -98.662033 -65.000015 45.272758
v -98.662033 -62.500015 44.237225
v -98.662033 -58.140015 48.997696
v -111.936661 50.393669 60.257301
v -111.936661 45.272766 65.000015
v -111.936661 46.308296 67.500015
v -111.936653 51.640259 62.525692
v -111.936661 57.093254 57.093254
v -111.936661 58.671921 58.671921
v -111.936661 64.335968 53.007866
v -111.936676 62.525692 51.640259
v -111.936661 60.257301 50.393669
v -111.936661 65.000015 45.272758
v -111.936661 62.500015 44.237225
v -111.936653 58.140022 48.997692
v -98.662033 60.257301 50.393669
v -98.662033 65.000015 45.272758
v -98.662033 67.500015 46.308292
v -98.662033 62.525692 51.640255
v -98.662033 57.093254 57.093254
v -98.662033 58.671928 58.671921
v -98.662033 53.007885 64.335968
v -98.662033 51.640259 62.525677
v -98.662033 50.393669 60.257301
v -98.662033 45.272766 65.000015
v -98.662033 44.237228 62.500015
v -98.662018 48.997696 58.140022
v -111.936661 60.257301 -50.393669
v -111.936661 65.000015 -45.272758
v -111.936661 67.500015 -46.308292
v -111.936676 62.525692 -51.640255
v -111.936661 57.093254 -57.093254
v -111.936661 58.671928 -58.671921
v -111.936661 53.007885 -64.335968
v -111.936653 51.640259 -62.525677
v -111.936661 50.393669 -60.257301
v -111.936661 45.272766 -65.000015
v -111.936661 44.237228 -62.500015
v -111.936653 48.997696 -58.140022
v -98.662033 50.393669 -60.257301
v -98.662033 45.272766 -65.000015
v -98.662033 46.308296 -67.500015
v -98.662033 51.640259 -62.525692
v -98.662033 57.093254 -57.093254
v -98.662033 58.671921 -58.671921
v -98.662033 64.335968 -53.007866
v -98.662033 62.525692 -51.640259
v -98.662033 60.257301 -50.393669
v -98.662033 65.000015 -45.272758
v -98.662033 62.500015 -44.237225
v -98.662033 58.140022 -48.997692
v -111.936661 -50.393669 -60.257301
v -111.936661 -45.272758 -65.000015
v -111.936661 -46.308292 -67.500015
v -111.936676 -51.640255 -62.525692
v -111.936661 -57.093254 -57.093254
v -111.936661 -58.671921 -58.671921
v -111.936661 -64.335968 -53.007866
v -111.936676 -62.525677 -51.640255
v -111.936661 -60.257301 -50.393669
v -111.936661 -65.000015 -45.272758
v -111.936661 -62.500015 -44.237225
v -111.936676 -58.140015 -48.997696
v -98.662033 -60.257301 -50.393669
v -98.662033 -65.000015 -45.272758
v -98.662033 -67.500015 -46.308292
v -98.662033 -62.525692 -51.640255
v -98.662033 -57.093254 -57.093254
v -98.662033 -58.671921 -58.671921
v -98.662033 -53.007866 -64.335968
v -98.662033 -51.640255 -62.525677
v -98.662033 -50.393669 -60.257301
v -98.662033 -45.272758 -65.000015
v -98.662033 -44.237225 -62.500015
v -98.662033 -48.997696 -58.140015
v -98.662033 22.636385 65.102180
v -98.662033 46.308300 67.500015
v -98.662033 23.303354 67.600105
v -98.662033 0.000005 67.602180
v -98.662033 0.000006 70.000015
v -98.662033 -23.671911 70.000015
v -98.662033 -23.303341 67.600105
v -98.662033 -22.636377 65.102180
v -98.662033 -44.237225 62.500015
v -98.662033 -22.175791 62.604321
v -111.936661 -22.636379 65.102180
v -111.936661 -46.308292 67.500015
v -111.936661 -23.303341 67.600105
v -111.936661 0.000002 67.602180
v -111.936661 0.000002 70.000015
v -111.936661 23.671913 70.000015
v -111.936661 23.303347 67.600105
v -111.936661 22.636383 65.102180
v -111.936661 44.237228 62.500015
v -111.936661 22.175791 62.604321
v -98.662033 65.102180 -22.636379
v -98.662033 65.000015 -45.272758
v -98.662033 67.500015 -46.308292
v -98.662025 67.600098 -23.303341
v -98.662033 67.602180 0.000000
v -98.662033 70.000015 0.000000
v -98.662033 70.000015 23.671913
v -98.662033 67.600105 23.303347
v -98.662033 65.102180 22.636379
v -98.662033 65.000015 45.272758
v -98.662033 62.500015 44.237225
v -98.662033 62.604309 22.175791
v -111.936653 65.102180 22.636379
v -111.936661 65.000015 45.272758
v -111.936661 67.500015 46.308292
v -111.936653 67.600098 23.303341
v -111.936653 67.602180 0.000000
v -111.936661 70.000015 0.000000
v -111.936661 70.000015 -23.671913
v -111.936661 67.600105 -23.303347
v -111.936653 65.102180 -22.636379
v -111.936661 65.000015 -45.272758
v -111.936661 62.500015 -44.237225
v -111.936653 62.604309 -22.175791
v -98.662033 -22.636379 -65.102180
v -98.662033 -46.308292 -67.500015
v -98.662033 -23.303341 -67.600105
v -98.662033 0.000002 -67.602180
v -98.662033 0.000002 -70.000015
v -98.662033 23.671913 -70.000015
v -98.662033 23.303347 -67.600105
v -98.662033 22.636383 -65.102180
v -98.662033 44.237228 -62.500015
v -98.662033 22.175791 -62.604321
v -111.936661 22.636385 -65.102180
v -111.936661 46.308300 -67.500015
v -111.936661 23.303354 -67.600105
v -111.936661 0.000005 -67.602180
v -111.936661 0.000006 -70.000015
v -111.936661 -23.671911 -70.000015
v -111.936661 -23.303341 -67.600105
v -111.936661 -22.636377 -65.102180
v -111.936661 -44.237225 -62.500015
v -111.936661 -22.175791 -62.604321
v -98.662033 -65.102180 22.636379
v -98.662033 -65.000015 45.272758
v -98.662033 -67.500015 46.308292
v -98.662025 -67.600098 23.303341
v -98.662033 -67.602180 0.000000
v -98.662033 -70.000015 0.000000
v -98.662033 -70.000015 -23.671913
v -98.662033 -67.600105 -23.303347
v -98.662033 -65.102180 -22.636379
v -98.662033 -65.000015 -45.272758
v -98.662033 -62.500015 -44.237225
v -98.662033 -62.604309 -22.175791
v -111.936653 -65.102180 -22.636379
v -111.936661 -65.000015 -45.272758
v -111.936661 -67.500015 -46.308292
v -111.936653 -67.600098 -23.303341
v -111.936653 -67.602180 0.000000
v -111.936661 -70.000015 0.000000
v -111.936661 -70.000015 23.671913
v -111.936661 -67.600105 23.303347
v -111.936653 -65.102180 22.636379
v -111.936661 -62.500015 44.237225
v -111.936653 -62.604309 22.175791
v -160.000000 -26.838528 33.773224
v -160.000000 -23.130619 37.000008
v -160.000000 -22.095083 34.500008
v -160.000000 -25.458010 31.655890
v -160.000000 -28.538107 28.538111
v -160.000000 -26.529778 26.529778
v -160.000000 -29.264893 23.794664
v -160.000000 -31.655890 25.458010
v -160.000000 -33.773224 26.838531
v -160.000000 -37.000008 23.130619
v -160.000000 -39.500008 24.166149
v -159.999985 -36.046970 28.065973
v -160.000000 -37.181412 11.565310
v -160.000000 -34.500008 22.095083
v -160.000000 -34.688377 11.076956
v -160.000000 -34.681412 0.000000
v -160.000000 -32.000008 0.000000
v -160.000000 -32.000008 -10.529775
v -160.000000 -34.688377 -11.076956
v -160.000000 -37.181412 -11.565310
v -160.000000 -37.000008 -23.130619
v -160.000000 -39.500008 -24.166149
v -160.000000 -39.674854 -12.261763
v -160.000000 -33.773224 -26.838528
v -160.000000 -37.000008 -23.130619
v -160.000000 -34.500008 -22.095083
v -160.000000 -31.655890 -25.458010
v -160.000000 -28.538111 -28.538107
v -160.000000 -26.529778 -26.529778
v -160.000000 -23.794664 -29.264893
v -160.000000 -25.458010 -31.655890
v -160.000000 -26.838531 -33.773224
v -160.000000 -23.130619 -37.000008
v -160.000000 -24.166149 -39.500008
v -159.999985 -28.065973 -36.046970
v -160.000000 -11.565308 -37.181412
v -160.000000 -22.095083 -34.500008
v -160.000000 -11.076954 -34.688377
v -160.000000 0.000002 -34.681412
v -160.000000 0.000002 -32.000008
v -160.000000 10.529778 -32.000008
v -160.000000 11.076959 -34.688377
v -160.000000 11.565312 -37.181412
v -160.000000 23.130621 -37.000008
v -160.000000 24.166155 -39.500008
v -160.000000 12.261765 -39.674850
v -160.000000 26.838531 -33.773224
v -160.000000 22.095085 -34.500008
v -159.999985 25.458008 -31.655886
v -160.000000 28.538111 -28.538107
v -160.000000 26.529781 -26.529778
v -160.000000 29.264894 -23.794664
v -160.000015 31.655891 -25.458008
v -160.000000 33.773224 -26.838524
v -160.000000 37.000008 -23.130619
v -160.000000 39.500008 -24.166149
v -159.999985 36.046967 -28.065969
v -160.000000 37.181412 -11.565310
v -160.000000 37.000008 -23.130619
v -160.000000 34.500008 -22.095083
v -160.000000 34.688377 -11.076956
v -160.000000 34.681412 0.000000
v -160.000000 32.000008 0.000000
v -160.000000 32.000008 10.529775
v -160.000000 34.688377 11.076956
v -160.000000 37.181412 11.565310
v -160.000000 37.000008 23.130619
v -160.000000 39.500008 24.166149
v -160.000000 39.674854 12.261763
v -160.000000 33.773224 26.838524
v -160.000000 37.000008 23.130619
v -160.000000 34.500008 22.095083
v -160.000000 31.655891 25.458008
v -160.000000 28.538111 28.538107
v -160.000000 26.529781 26.529778
v -160.000000 23.794664 29.264893
v -160.000000 25.458008 31.655890
v -160.000000 26.838531 33.773224
v -160.000000 23.130621 37.000008
v -160.000000 24.166155 39.500008
v -160.000000 28.065977 36.046967
v -160.000000 11.565312 37.181412
v -160.000000 22.095085 34.500008
v -160.000000 11.076958 34.688377
v -160.000000 0.000002 34.681412
v -160.000000 0.000002 32.000008
v -160.000000 -10.529774 32.000008
v -160.000000 -11.076954 34.688377
v -160.000000 -11.565308 37.181412
v -160.000000 -24.166149 39.500008
v -160.000000 -12.261760 39.674850
v -150.000000 -23.794662 29.264893
v -150.000000 -21.059549 32.000008
v -145.000000 -21.059549 32.000008
v -145.000000 -23.794662 29.264894
v -145.000000 -26.529774 26.529778
v -140.000000 -26.529774 26.529778
v -140.000000 -29.264893 23.794664
v -145.000000 -29.264893 23.794662
v -150.000000 -29.264893 23.794664
v -150.000000 -32.000008 21.059549
v -155.000000 -32.000008 21.059549
v -154.999985 -29.264893 23.794664
v -150.000000 -32.000008 10.529775
v -145.000000 -32.000008 21.059549
v -145.000000 -32.000008 10.529775
v -145.000000 -32.000008 0.000000
v -140.000000 -32.000004 0.000000
v -140.000000 -32.000004 -10.529775
v -145.000000 -32.000008 -10.529775
v -150.000000 -32.000008 -10.529775
v -150.000000 -32.000008 -21.059549
v -155.000000 -32.000008 -21.059549
v -155.000015 -32.000008 -10.529775
v -150.000000 -29.264893 -23.794664
v -145.000000 -32.000008 -21.059549
v -145.000000 -29.264893 -23.794664
v -145.000000 -26.529774 -26.529781
v -140.000000 -26.529774 -26.529778
v -140.000000 -23.794662 -29.264893
v -145.000000 -23.794662 -29.264894
v -150.000000 -23.794664 -29.264894
v -150.000000 -21.059549 -32.000008
v -155.000000 -21.059549 -32.000008
v -155.000015 -23.794664 -29.264894
v -150.000000 -10.529774 -32.000008
v -150.000000 -21.059549 -32.000008
v -145.000000 -21.059549 -32.000008
v -144.999985 -10.529775 -32.000004
v -145.000000 0.000002 -32.000008
v -140.000000 0.000002 -32.000008
v -140.000000 10.529778 -32.000008
v -144.999985 10.529780 -32.000008
v -150.000000 10.529778 -32.000008
v -150.000000 21.059555 -32.000008
v -155.000000 21.059555 -32.000008
v -154.999985 10.529775 -32.000008
v -150.000000 23.794668 -29.264893
v -150.000000 21.059555 -32.000008
v -145.000000 21.059555 -32.000008
v -145.000000 23.794664 -29.264894
v -145.000000 26.529781 -26.529778
v -140.000000 26.529781 -26.529778
v -140.000000 29.264894 -23.794664
v -145.000000 29.264894 -23.794662
v -150.000000 29.264894 -23.794664
v -150.000000 32.000008 -21.059549
v -155.000000 32.000008 -21.059549
v -155.000000 29.264894 -23.794662
v -150.000000 32.000008 -10.529775
v -145.000000 32.000008 -21.059549
v -145.000000 32.000008 -10.529775
v -145.000000 32.000008 0.000000
v -140.000000 32.000008 0.000000
v -140.000000 32.000008 10.529775
v -145.000000 32.000008 10.529775
v -150.000000 32.000008 10.529775
v -150.000000 32.000008 21.059549
v -155.000000 32.000008 21.059549
v -155.000015 32.000008 10.529775
v -150.000000 29.264894 23.794664
v -145.000000 32.000008 21.059549
v -145.000000 29.264894 23.794662
v -145.000000 26.529781 26.529778
v -140.000000 26.529781 26.529778
v -140.000000 23.794664 29.264893
v -145.000000 23.794664 29.264894
v -150.000000 23.794668 29.264893
v -150.000000 21.059555 32.000008
v -155.000000 21.059555 32.000008
v -155.000000 23.794664 29.264894
v -150.000000 10.529778 32.000008
v -150.000000 21.059555 32.000008
v -145.000000 21.059555 32.000008
v -144.999985 10.529780 32.000004
v -145.000000 0.000002 32.000008
v -140.000000 0.000002 32.000008
v -140.000000 -10.529774 32.000008
v -144.999985 -10.529776 32.000008
v -150.000000 -10.529774 32.000008
v -150.000000 -21.059549 32.000008
v -155.000000 -21.059549 32.000008
v -154.999985 -10.529770 32.000008
v -49.331017 -60.000015 21.600847
v -73.996521 -60.000015 43.201694
v -73.996521 -60.000015 21.600847
v -73.996521 -60.000015 0.000000
v -98.662033 -60.000015 0.000000
v -98.662033 -60.000015 -21.600847
v -73.996529 -60.000023 -21.600849
v -49.331017 -60.000015 -21.600847
v -24.665508 -60.000015 -43.201694
v -24.665508 -60.000015 -21.600847
v -49.331017 -21.600847 -60.000015
v -49.331017 -43.201694 -60.000015
v -73.996521 -43.201694 -60.000015
v -73.996521 -21.600847 -60.000015
v -73.996521 0.000001 -60.000015
v -98.662033 0.000002 -60.000015
v -98.662033 21.600847 -60.000015
v -73.996521 21.600847 -60.000015
v -49.331017 21.600847 -60.000015
v -49.331017 43.201694 -60.000015
v -24.665508 43.201687 -60.000015
v -24.665508 21.600843 -60.000015
v -49.331017 60.000015 -21.600847
v -73.996521 60.000015 -43.201694
v -73.996521 60.000015 -21.600847
v -73.996521 60.000015 0.000000
v -98.662033 60.000015 0.000000
v -98.662033 60.000015 21.600847
v -73.996529 60.000023 21.600849
v -49.331017 60.000015 21.600847
v -24.665508 60.000015 43.201694
v -24.665508 60.000015 21.600847
v -49.331017 21.600847 60.000015
v -49.331017 43.201694 60.000015
v -73.996521 43.201694 60.000015
v -73.996521 21.600847 60.000015
v -73.996521 0.000001 60.000015
v -98.662033 0.000002 60.000015
v -98.662033 -21.600843 60.000015
v -73.996521 -21.600847 60.000015
v -49.331017 -21.600847 60.000015
v -49.331017 -43.201694 60.000015
v -24.665508 -43.201694 60.000015
v -24.665508 -21.600847 60.000015
v 140.000000 -21.059549 32.000008
v 140.000000 -23.794662 29.264893
v 140.000015 0.000001 0.000000
v 130.000000 -43.201694 60.000015
v 145.000000 -42.600842 42.600842
v 130.000000 -60.000015 43.201694
v 120.968323 -51.600842 51.600842
v 111.936661 -70.000015 47.343826
v 111.936661 -64.335968 53.007866
v 105.299347 -58.671921 58.671921
v 130.000000 60.000015 43.201694
v 145.000000 42.600853 42.600853
v 130.000000 43.201694 60.000015
v 120.968338 51.600857 51.600853
v 111.936661 47.343830 70.000015
v 111.936661 53.007874 64.335968
v 105.299339 58.671921 58.671921
v 130.000000 43.201694 -60.000015
v 145.000000 42.600853 -42.600853
v 130.000000 60.000015 -43.201694
v 120.968338 51.600857 -51.600853
v 111.936661 70.000015 -47.343826
v 111.936661 64.335968 -53.007866
v 105.299339 58.671921 -58.671921
v 130.000000 -60.000015 -43.201694
v 145.000000 -42.600842 -42.600842
v 130.000000 -43.201694 -60.000015
v 120.968323 -51.600842 -51.600842
v 111.936661 -47.343826 -70.000015
v 111.936661 -53.007866 -64.335968
v 105.299347 -58.671921 -58.671921
v 98.662033 -60.000015 43.201694
v 98.662033 -55.800430 47.401272
v 49.331017 -51.600857 51.600857
v 98.662033 43.201694 60.000015
v 98.662033 47.401272 55.800430
v 49.331013 51.600857 51.600853
v 98.662033 60.000015 -43.201694
v 98.662033 55.800438 -47.401272
v 49.331013 51.600857 -51.600857
v 98.662033 -43.201694 -60.000015
v 98.662033 -47.401272 -55.800430
v 49.331017 -51.600857 -51.600857
v 98.662033 47.343838 70.000015
v 98.662033 23.671921 70.000015
v 105.299347 0.000004 70.000023
v 98.662033 70.000015 -47.343826
v 98.662033 70.000015 -23.671913
v 105.299347 70.000023 0.000000
v 98.662033 -47.343826 -70.000015
v 98.662033 -23.671911 -70.000015
v 105.299347 0.000004 -70.000023
v 98.662033 -70.000015 47.343826
v 98.662033 -70.000015 23.671913
v 105.299347 -70.000023 0.000000
v 111.936661 43.201694 60.000015
v 111.936661 21.600847 60.000015
v 120.968323 0.000002 60.000015
v 111.936661 60.000015 -43.201694
v 111.936661 60.000015 -21.600847
v 120.968323 60.000015 0.000000
v 111.936661 -43.201694 -60.000015
v 111.936661 -21.600843 -60.000015
v 120.968323 0.000002 -60.000015
v 111.936661 -60.000015 43.201694
v 111.936661 -60.000015 21.600847
v 120.968323 -60.000015 0.000000
v 142.494171 -52.503525 0.000000
v 130.000000 -43.201694 -60.000015
v 142.494156 0.000002 -52.503525
v 142.494171 52.503525 0.000000
v 130.000000 43.201694 60.000015
v 142.494156 0.000002 52.503525
v 111.936661 -60.000015 43.201694
v 111.936661 -55.800430 47.401272
v 111.936676 -55.514580 55.514580
v 98.662033 -43.201694 60.000015
v 98.662033 -47.401272 55.800430
v 98.662048 -55.514580 55.514580
v 111.936661 43.201694 60.000015
v 111.936661 47.401272 55.800430
v 111.936676 55.514587 55.514580
v 98.662033 60.000015 43.201694
v 98.662033 55.800438 47.401272
v 98.662033 55.514587 55.514587
v 111.936661 60.000015 -43.201694
v 111.936661 55.800438 -47.401272
v 111.936676 55.514587 -55.514587
v 98.662033 43.201694 -60.000015
v 98.662033 47.401272 -55.800430
v 98.662041 55.514587 -55.514580
v 111.936661 -43.201694 -60.000015
v 111.936661 -47.401272 -55.800430
v 111.936676 -55.514580 -55.514580
v 98.662033 -60.000015 -43.201694
v 98.662033 -55.800430 -47.401272
v 98.662048 -55.514580 -55.514580
v 98.662033 43.201694 60.000015
v 98.662033 21.600847 60.000015
v 98.662025 0.000005 65.204323
v 111.936661 -43.201694 60.000015
v 111.936661 -21.600843 60.000015
v 111.936676 0.000002 65.204323
v 98.662033 60.000015 -43.201694
v 98.662033 60.000015 -21.600847
v 98.662033 65.204323 0.000000
v 111.936661 60.000015 43.201694
v 111.936661 60.000015 21.600847
v 111.936653 65.204323 0.000000
v 98.662033 -43.201694 -60.000015
v 98.662033 -21.600843 -60.000015
v 98.662033 0.000002 -65.204323
v 111.936661 43.201694 -60.000015
v 111.936661 21.600847 -60.000015
v 111.936653 0.000005 -65.204323
v 98.662033 -60.000015 43.201694
v 98.662033 -60.000015 21.600847
v 98.662033 -65.204323 0.000000
v 111.936661 -60.000015 -43.201694
v 111.936661 -60.000015 -21.600847
v 111.936653 -65.204323 0.000000
v 160.000000 -25.201685 42.000011
v 160.000000 -29.401266 37.800426
v 160.000000 -30.546438 30.546438
v 160.000000 -42.000011 25.201685
v 160.000000 -42.000011 12.600842
v 160.000000 -37.362816 0.000000
v 160.000000 -42.000011 -25.201685
v 160.000000 -37.800426 -29.401266
v 160.000000 -30.546438 -30.546438
v 160.000000 -25.201685 -42.000011
v 160.000000 -12.600842 -42.000011
v 159.999985 0.000002 -37.362816
v 160.000000 25.201691 -42.000011
v 160.000000 29.401270 -37.800426
v 159.999985 30.546442 -30.546436
v 160.000000 42.000011 -25.201685
v 160.000000 42.000011 -12.600842
v 160.000000 37.362816 0.000000
v 160.000000 42.000011 25.201685
v 160.000000 37.800434 29.401266
v 159.999985 30.546442 30.546436
v 160.000000 25.201691 42.000011
v 160.000000 12.600845 42.000011
v 159.999985 0.000002 37.362816
v 160.000000 -21.059549 32.000008
v 160.000000 -23.794664 29.264893
v 150.000000 -26.529778 26.529781
v 160.000000 -32.000008 21.059549
v 160.000000 -32.000008 10.529775
v 150.000000 -32.000004 0.000000
v 160.000000 -32.000008 -21.059549
v 160.000000 -29.264893 -23.794664
v 150.000000 -26.529774 -26.529778
v 160.000000 -21.059549 -32.000008
v 160.000000 -10.529774 -32.000008
v 149.999985 0.000002 -32.000008
v 160.000000 21.059555 -32.000008
v 160.000000 23.794664 -29.264893
v 150.000000 26.529781 -26.529778
v 160.000000 32.000008 -21.059549
v 160.000000 32.000008 -10.529775
v 150.000000 32.000008 0.000000
v 160.000000 32.000008 21.059549
v 160.000000 29.264894 23.794664
v 150.000000 26.529781 26.529778
v 160.000000 21.059555 32.000008
v 160.000000 10.529778 32.000008
v 149.999985 0.000002 32.000008
v 0.000000 -60.000015 43.201694
v 49.331020 -60.000023 0.000000
v 0.000000 -43.201694 -60.000015
v 49.331020 0.000000 -60.000023
v 0.000000 60.000015 -43.201694
v 49.331020 60.000023 0.000000
v 0.000000 43.201694 60.000015
v 49.331017 0.000000 60.000015
v -140.000000 -21.059549 32.000008
v -140.000000 -10.529774 32.000008
v -140.000000 0.000001 0.000000
v -130.000000 -43.201694 60.000015
v -137.500000 -38.701691 55.500011
v -145.000015 -42.600853 42.600853
v -130.000000 -60.000015 43.201694
v -120.968323 -51.600842 51.600842
v -111.936661 -70.000015 47.343826
v -105.299347 -58.671921 58.671928
v -130.000000 60.000015 43.201694
v -144.999985 42.600853 42.600853
v -130.000000 43.201694 60.000015
v -125.484161 43.201694 60.000015
v -120.968353 51.600857 51.600853
v -111.936661 47.343830 70.000015
v -108.617996 47.343830 70.000015
v -105.299339 58.671921 58.671921
v -130.000000 43.201694 -60.000015
v -137.500000 38.701691 -55.500011
v -144.999985 42.600853 -42.600853
v -130.000000 60.000015 -43.201694
v -120.968353 51.600857 -51.600853
v -111.936661 70.000015 -47.343826
v -105.299339 58.671921 -58.671921
v -130.000000 -60.000015 -43.201694
v -145.000015 -42.600853 -42.600853
v -130.000000 -43.201694 -60.000015
v -125.484161 -43.201694 -60.000015
v -120.968323 -51.600842 -51.600842
v -111.936661 -47.343826 -70.000015
v -108.617996 -47.343826 -70.000015
v -105.299347 -58.671928 -58.671921
v -98.662033 -60.000015 43.201694
v -49.331013 -51.600842 51.600842
v -98.662033 43.201694 60.000015
v -73.996521 43.201694 60.000015
v -49.331017 51.600853 51.600853
v -98.662033 60.000015 -43.201694
v -49.331013 51.600853 -51.600842
v -98.662033 -43.201694 -60.000015
v -73.996521 -43.201694 -60.000015
v -49.331013 -51.600842 -51.600842
v -98.662033 47.343838 70.000015
v -101.980690 47.343838 70.000015
v -105.299347 0.000004 70.000023
v -98.662033 70.000015 -47.343826
v -105.299347 70.000015 0.000000
v -98.662033 -47.343826 -70.000015
v -101.980690 -47.343826 -70.000015
v -105.299347 0.000004 -70.000023
v -98.662033 -70.000015 47.343826
v -105.299347 -70.000015 0.000000
v -111.936661 43.201694 60.000015
v -116.452499 43.201694 60.000015
v -120.968323 0.000002 60.000023
v -111.936661 60.000015 -43.201694
v -120.968323 60.000015 0.000000
v -111.936661 -43.201694 -60.000015
v -116.452499 -43.201694 -60.000015
v -120.968323 0.000002 -60.000023
v -111.936661 -60.000015 43.201694
v -120.968323 -60.000015 0.000000
v -142.494171 -52.503525 0.000000
v -130.000000 -43.201694 -60.000015
v -137.500000 -38.701691 -55.500011
v -142.494156 0.000002 -52.503517
v -142.494171 52.503525 0.000000
v -130.000000 43.201694 60.000015
v -137.500000 38.701691 55.500011
v -142.494156 0.000002 52.503517
v -111.936661 -60.000015 43.201694
v -111.936661 -55.514580 55.514580
v -98.662033 -43.201694 60.000015
v -98.662041 -55.514580 55.514580
v -111.936661 43.201694 60.000015
v -111.936661 55.514580 55.514580
v -98.662033 60.000015 43.201694
v -98.662033 62.500015 44.237225
v -98.662025 55.514580 55.514580
v -111.936661 60.000015 -43.201694
v -111.936661 62.500015 -44.237225
v -111.936661 55.514580 -55.514580
v -98.662033 43.201694 -60.000015
v -98.662033 55.514580 -55.514580
v -111.936661 -43.201694 -60.000015
v -111.936661 -55.514580 -55.514580
v -98.662033 -60.000015 -43.201694
v -98.662033 -62.500015 -44.237225
v -98.662041 -55.514580 -55.514580
v -98.662033 43.201694 60.000015
v -98.662033 0.000005 65.204323
v -111.936661 -43.201694 60.000015
v -111.936676 0.000002 65.204323
v -98.662033 60.000015 -43.201694
v -98.662033 62.500015 -44.237225
v -98.662025 65.204323 0.000000
v -111.936661 60.000015 43.201694
v -111.936661 62.500015 44.237225
v -111.936653 65.204323 0.000000
v -98.662033 -43.201694 -60.000015
v -98.662033 0.000002 -65.204323
v -111.936661 43.201694 -60.000015
v -111.936676 0.000005 -65.204323
v -98.662033 -60.000015 43.201694
v -98.662033 -62.500015 44.237225
v -98.662025 -65.204323 0.000000
v -111.936661 -60.000015 -43.201694
v -111.936661 -62.500015 -44.237225
v -111.936653 -65.204323 0.000000
v -160.000000 -25.201685 42.000011
v -160.000000 -30.546438 30.546442
v -160.000000 -42.000011 25.201685
v -160.000000 -37.362816 0.000000
v -160.000000 -42.000011 -25.201685
v -160.000000 -39.500008 -24.166149
v -160.000000 -30.546442 -30.546438
v -160.000000 -25.201685 -42.000011
v -160.000015 0.000002 -37.362816
v -160.000000 25.201691 -42.000011
v -159.999985 30.546442 -30.546436
v -160.000000 42.000011 -25.201685
v -160.000000 39.500008 -24.166149
v -160.000000 37.362816 0.000000
v -160.000000 42.000011 25.201685
v -160.000000 39.500008 24.166149
v -159.999985 30.546442 30.546436
v -160.000000 25.201691 42.000011
v -160.000015 0.000002 37.362816
v -160.000000 -21.059549 32.000008
v -155.000000 -21.059549 32.000008
v -150.000000 -26.529774 26.529778
v -160.000000 -32.000008 21.059549
v -150.000000 -32.000008 0.000000
v -160.000000 -32.000008 -21.059549
v -150.000000 -26.529778 -26.529781
v -160.000000 -21.059549 -32.000008
v -155.000000 -21.059549 -32.000008
v -149.999985 0.000002 -32.000004
v -160.000000 21.059555 -32.000008
v -155.000000 21.059555 -32.000008
v -150.000000 26.529781 -26.529778
v -160.000000 32.000008 -21.059549
v -150.000000 32.000008 0.000000
v -160.000000 32.000008 21.059549
v -150.000000 26.529781 26.529778
v -160.000000 21.059555 32.000008
v -155.000000 21.059555 32.000008
v -149.999985 0.000002 32.000004
v -49.331017 -60.000015 0.000000
v -24.665508 -43.201694 -60.000015
v -49.331017 0.000000 -60.000015
v -49.331017 60.000015 0.000000
v -24.665508 43.201694 60.000015
v -49.331017 0.000000 60.000015
v 140.000000 -32.000004 21.059549
v 140.000000 -32.000004 10.529775
v 140.000000 -32.000004 -21.059549
v 140.000000 -29.264893 -23.794664
v 140.000000 -21.059549 -32.000008
v 140.000000 -10.529774 -32.000008
v 140.000000 21.059555 -32.000008
v 140.000000 23.794664 -29.264893
v 140.000000 32.000008 -21.059549
v 140.000000 32.000008 -10.529775
v 140.000000 32.000008 21.059549
v 140.000000 29.264894 23.794664
v 140.000000 21.059555 32.000008
v 140.000000 10.529778 32.000008
v 160.000000 -42.000011 25.201685
v 160.000000 -37.800426 29.401266
v 160.000000 -25.201685 42.000011
v 152.500000 -29.701689 46.500011
v 125.484161 -43.201694 60.000015
v 111.936661 -43.201694 60.000015
v 111.936661 -47.401272 55.800430
v 111.936661 -47.343826 70.000015
v 108.617996 -47.343826 70.000015
v 98.662033 -47.343826 70.000015
v 98.662033 -53.007866 64.335968
v 137.500000 38.701691 55.500011
v 160.000000 25.201691 42.000011
v 160.000000 29.401270 37.800426
v 160.000000 42.000011 25.201685
v 111.936661 60.000015 43.201694
v 111.936661 55.800438 47.401272
v 111.936661 43.201694 60.000015
v 116.452499 43.201694 60.000015
v 111.936661 70.000015 47.343826
v 98.662033 70.000015 47.343826
v 98.662033 64.335968 53.007866
v 98.662033 47.343838 70.000015
v 101.980690 47.343838 70.000015
v 160.000000 42.000011 -25.201685
v 160.000000 37.800434 -29.401266
v 160.000000 25.201691 -42.000011
v 152.500000 29.701693 -46.500011
v 125.484161 43.201694 -60.000015
v 111.936661 43.201694 -60.000015
v 111.936661 47.401272 -55.800430
v 111.936661 47.343838 -70.000015
v 108.617996 47.343838 -70.000015
v 98.662033 47.343830 -70.000015
v 98.662033 53.007874 -64.335968
v 137.500000 -38.701691 -55.500011
v 160.000000 -25.201685 -42.000011
v 160.000000 -29.401266 -37.800426
v 160.000000 -42.000011 -25.201685
v 111.936661 -60.000015 -43.201694
v 111.936661 -55.800430 -47.401272
v 111.936661 -43.201694 -60.000015
v 116.452499 -43.201694 -60.000015
v 111.936661 -70.000015 -47.343826
v 98.662033 -70.000015 -47.343826
v 98.662033 -64.335968 -53.007866
v 98.662033 -47.343826 -70.000015
v 101.980690 -47.343826 -70.000015
v 98.662033 -43.201694 60.000015
v 73.996521 -43.201694 60.000015
v 0.000000 -43.201694 60.000015
v 98.662033 60.000015 43.201694
v 0.000000 60.000015 43.201694
v 0.000000 43.201694 60.000015
v 24.665508 43.201694 60.000015
v 98.662033 43.201694 -60.000015
v 73.996521 43.201694 -60.000015
v 0.000000 43.201687 -60.000015
v 98.662033 -60.000015 -43.201694
v 0.000000 -60.000015 -43.201694
v 0.000000 -43.201694 -60.000015
v 24.665508 -43.201694 -60.000015
v 98.662033 -47.343826 70.000015
v 101.980690 -47.343826 70.000015
v 111.936661 -47.343826 70.000015
v 111.936661 -23.671911 70.000015
v 111.936661 47.343830 70.000015
v 108.617996 47.343830 70.000015
v 111.936661 70.000015 23.671913
v 98.662033 47.343830 -70.000015
v 101.980690 47.343830 -70.000015
v 111.936661 47.343838 -70.000015
v 111.936661 23.671921 -70.000015
v 111.936661 -47.343826 -70.000015
v 108.617996 -47.343826 -70.000015
v 111.936661 -70.000015 -23.671913
v 111.936661 -43.201694 60.000015
v 116.452499 -43.201694 60.000015
v 130.000000 -43.201694 60.000015
v 125.484161 43.201694 60.000015
v 111.936661 43.201694 -60.000015
v 116.452499 43.201694 -60.000015
v 130.000000 43.201694 -60.000015
v 125.484161 -43.201694 -60.000015
v 160.000000 -42.000011 -12.600842
v 137.500000 38.701691 -55.500011
v 160.000000 25.201691 -42.000011
v 160.000000 12.600845 -42.000011
v 160.000000 -25.201685 -42.000011
v 152.500000 -29.701689 -46.500011
v 160.000000 42.000011 12.600842
v 137.500000 -38.701691 55.500011
v 160.000000 -25.201685 42.000011
v 160.000000 -12.600842 42.000011
v 160.000000 25.201691 42.000011
v 152.500000 29.701693 46.500011
v 111.936661 -47.343826 70.000015
v 111.936661 -53.007866 64.335968
v 111.936661 -70.000015 47.343826
v 111.936661 -67.500015 46.308292
v 98.662033 -60.000015 43.201694
v 98.662033 -62.500015 44.237225
v 98.662033 -70.000015 47.343826
v 98.662033 -64.335968 53.007866
v 98.662033 -47.343826 70.000015
v 111.936661 60.000015 43.201694
v 111.936661 62.500015 44.237225
v 111.936661 70.000015 47.343826
v 111.936661 64.335968 53.007866
v 111.936661 47.343830 70.000015
v 98.662033 47.343838 70.000015
v 98.662033 53.007885 64.335968
v 98.662033 70.000015 47.343826
v 98.662033 67.500015 46.308292
v 111.936661 43.201694 -60.000015
v 111.936661 44.237228 -62.500015
v 111.936661 47.343838 -70.000015
v 111.936661 53.007885 -64.335968
v 111.936661 70.000015 -47.343826
v 98.662033 70.000015 -47.343826
v 98.662033 64.335968 -53.007866
v 98.662033 47.343830 -70.000015
v 98.662033 46.308296 -67.500015
v 111.936661 -60.000015 -43.201694
v 111.936661 -62.500015 -44.237225
v 111.936661 -70.000015 -47.343826
v 111.936661 -64.335968 -53.007866
v 111.936661 -47.343826 -70.000015
v 98.662033 -47.343826 -70.000015
v 98.662033 -53.007866 -64.335968
v 98.662033 -70.000015 -47.343826
v 98.662033 -67.500015 -46.308292
v 98.662033 -23.671911 70.000015
v 111.936661 23.671913 70.000015
v 98.662033 60.000015 43.201694
v 98.662033 62.500015 44.237225
v 98.662033 70.000015 47.343826
v 98.662033 70.000015 23.671913
v 111.936661 70.000015 -23.671913
v 111.936661 70.000015 47.343826
v 111.936661 67.500015 46.308292
v 98.662033 43.201694 -60.000015
v 98.662033 44.237228 -62.500015
v 98.662033 47.343830 -70.000015
v 98.662033 23.671913 -70.000015
v 111.936661 -23.671911 -70.000015
v 111.936661 47.343838 -70.000015
v 111.936661 46.308300 -67.500015
v 98.662033 -60.000015 -43.201694
v 98.662033 -62.500015 -44.237225
v 98.662033 -70.000015 -47.343826
v 98.662033 -70.000015 -23.671913
v 98.662033 -70.000015 47.343826
v 98.662033 -67.500015 46.308292
v 111.936661 -60.000015 43.201694
v 111.936661 -62.500015 44.237225
v 111.936661 -70.000015 47.343826
v 111.936661 -70.000015 23.671913
v 111.936661 -70.000015 -47.343826
v 111.936661 -67.500015 -46.308292
v 160.000000 -42.000011 25.201685
v 160.000000 -39.500008 24.166149
v 160.000000 -32.000008 21.059549
v 160.000000 -29.264893 23.794664
v 160.000000 -21.059549 32.000008
v 160.000000 -42.000011 -25.201685
v 160.000000 -39.500008 -24.166149
v 160.000000 -32.000008 -21.059549
v 160.000000 -32.000008 -10.529775
v 160.000000 -32.000008 21.059549
v 160.000000 -34.500008 22.095083
v 160.000000 -21.059549 -32.000008
v 160.000000 -23.794664 -29.264893
v 160.000000 -32.000008 -21.059549
v 160.000000 -34.500008 -22.095083
v 160.000000 25.201691 -42.000011
v 160.000000 24.166155 -39.500008
v 160.000000 21.059555 -32.000008
v 160.000000 10.529778 -32.000008
v 160.000000 32.000008 -21.059549
v 160.000000 29.264894 -23.794664
v 160.000000 21.059555 -32.000008
v 160.000000 22.095085 -34.500008
v 160.000000 42.000011 25.201685
v 160.000000 39.500008 24.166149
v 160.000000 32.000008 21.059549
v 160.000000 32.000008 10.529775
v 160.000000 21.059555 32.000008
v 160.000000 23.794664 29.264893
v 160.000000 32.000008 21.059549
v 160.000000 34.500008 22.095083
v 160.000000 -10.529774 32.000008
v 140.000000 -32.000004 21.059549
v 140.000000 -29.264893 23.794664
v 140.000000 -21.059549 32.000008
v 145.000000 -21.059549 32.000008
v 140.000000 -32.000004 -21.059549
v 140.000000 -32.000004 -10.529775
v 160.000000 -21.059549 -32.000008
v 155.000000 -21.059549 -32.000008
v 140.000000 -21.059549 -32.000008
v 140.000000 -23.794662 -29.264893
v 160.000000 21.059555 -32.000008
v 155.000000 21.059555 -32.000008
v 140.000000 21.059555 -32.000008
v 140.000000 10.529778 -32.000008
v 140.000000 -21.059549 -32.000008
v 145.000000 -21.059549 -32.000008
v 140.000000 32.000008 -21.059549
v 140.000000 29.264894 -23.794664
v 140.000000 21.059555 -32.000008
v 145.000000 21.059555 -32.000008
v 140.000000 32.000008 21.059549
v 140.000000 32.000008 10.529775
v 160.000000 21.059555 32.000008
v 155.000000 21.059555 32.000008
v 140.000000 21.059555 32.000008
v 140.000000 23.794664 29.264893
v 160.000000 -21.059549 32.000008
v 155.000000 -21.059549 32.000008
v 140.000000 -21.059549 32.000008
v 140.000000 -10.529774 32.000008
v 140.000000 21.059555 32.000008
v 145.000000 21.059555 32.000008
v 98.662033 -60.000015 -21.600847
v 0.000000 43.201687 -60.000015
v 24.665508 43.201687 -60.000015
v 98.662033 43.201694 -60.000015
v 98.662033 21.600847 -60.000015
v 98.662033 -43.201694 -60.000015
v 73.996521 -43.201694 -60.000015
v 98.662033 60.000015 21.600847
v 0.000000 -43.201694 60.000015
v 24.665508 -43.201694 60.000015
v 98.662033 -43.201694 60.000015
v 98.662033 -21.600843 60.000015
v 98.662033 43.201694 60.000015
v 73.996521 43.201694 60.000015
v -140.000000 21.059555 32.000008
v -140.000000 23.794664 29.264893
v -140.000000 32.000008 21.059549
v -140.000000 32.000008 10.529775
v -140.000000 32.000008 -21.059549
v -140.000000 29.264894 -23.794664
v -140.000000 21.059555 -32.000008
v -140.000000 10.529778 -32.000008
v -140.000000 -21.059549 -32.000008
v -140.000000 -23.794662 -29.264893
v -140.000000 -32.000004 -21.059549
v -140.000000 -32.000004 -10.529775
v -140.000000 -32.000004 21.059549
v -140.000000 -29.264893 23.794664
v -160.000000 -25.201685 42.000011
v -160.000000 -29.401266 37.800426
v -160.000000 -42.000011 25.201685
v -111.936661 -55.800430 47.401272
v -111.936661 -43.201694 60.000015
v -116.452499 -43.201694 60.000015
v -98.662033 -64.335968 53.007866
v -98.662033 -47.343826 70.000015
v -101.980690 -47.343826 70.000015
v -111.936661 -47.343826 70.000015
v -111.936661 -53.007866 64.335968
v -160.000000 42.000011 25.201685
v -160.000000 37.800434 29.401266
v -160.000000 25.201691 42.000011
v -152.500000 29.701693 46.500011
v -111.936661 43.201694 60.000015
v -111.936661 47.401272 55.800430
v -111.936661 60.000015 43.201694
v -98.662033 47.343838 70.000015
v -98.662033 53.007885 64.335968
v -98.662033 70.000015 47.343826
v -111.936661 70.000015 47.343826
v -111.936661 64.335968 53.007866
v -160.000000 25.201691 -42.000011
v -160.000000 29.401270 -37.800426
v -160.000000 42.000011 -25.201685
v -111.936661 55.800438 -47.401272
v -111.936661 43.201694 -60.000015
v -116.452499 43.201694 -60.000015
v -98.662033 64.335968 -53.007866
v -98.662033 47.343830 -70.000015
v -101.980690 47.343830 -70.000015
v -111.936661 47.343838 -70.000015
v -111.936661 53.007885 -64.335968
v -160.000000 -42.000011 -25.201685
v -160.000000 -37.800426 -29.401266
v -160.000000 -25.201685 -42.000011
v -152.500000 -29.701689 -46.500011
v -111.936661 -43.201694 -60.000015
v -111.936661 -47.401272 -55.800430
v -111.936661 -60.000015 -43.201694
v -98.662033 -47.343826 -70.000015
v -98.662033 -53.007866 -64.335968
v -98.662033 -70.000015 -47.343826
v -111.936661 -70.000015 -47.343826
v -111.936661 -64.335968 -53.007866
v -24.665508 -43.201694 60.000015
v -98.662033 -43.201694 60.000015
v -98.662033 -47.401272 55.800430
v -98.662033 60.000015 43.201694
v -98.662033 55.800438 47.401272
v -24.665508 43.201687 -60.000015
v -98.662033 43.201694 -60.000015
v -98.662033 47.401272 -55.800430
v -98.662033 -60.000015 -43.201694
v -98.662033 -55.800430 -47.401272
v -111.936661 47.343830 70.000015
v -111.936661 23.671913 70.000015
v -111.936661 -47.343826 70.000015
v -108.617996 -47.343826 70.000015
v -98.662033 -47.343826 70.000015
v -98.662033 -23.671911 70.000015
v -111.936661 70.000015 -23.671913
v -98.662033 70.000015 23.671913
v -111.936661 -47.343826 -70.000015
v -111.936661 -23.671911 -70.000015
v -111.936661 47.343838 -70.000015
v -108.617996 47.343838 -70.000015
v -98.662033 47.343830 -70.000015
v -98.662033 23.671913 -70.000015
v -111.936661 -70.000015 23.671913
v -98.662033 -70.000015 -23.671913
v -130.000000 -43.201694 60.000015
v -125.484161 -43.201694 60.000015
v -111.936661 -43.201694 60.000015
v -111.936661 -21.600843 60.000015
v -111.936661 60.000015 21.600847
v -130.000000 43.201694 -60.000015
v -125.484161 43.201694 -60.000015
v -111.936661 43.201694 -60.000015
v -111.936661 21.600847 -60.000015
v -111.936661 -60.000015 -21.600847
v -160.000000 -42.000011 12.600842
v -160.000000 -25.201685 -42.000011
v -160.000000 -12.600842 -42.000011
v -160.000000 25.201691 -42.000011
v -152.500000 29.701693 -46.500011
v -160.000000 42.000011 -12.600842
v -160.000000 25.201691 42.000011
v -160.000000 12.600845 42.000011
v -160.000000 -25.201685 42.000011
v -152.500000 -29.701689 46.500011
v -111.936661 -70.000015 47.343826
v -111.936661 -64.335968 53.007866
v -111.936661 -47.343826 70.000015
v -111.936661 -47.401272 55.800430
v -98.662033 -47.343826 70.000015
v -98.662033 -53.007866 64.335968
v -98.662033 -70.000015 47.343826
v -98.662033 -67.500015 46.308292
v -98.662033 -60.000015 43.201694
v -98.662033 -55.800430 47.401272
v -111.936661 47.343830 70.000015
v -111.936661 53.007874 64.335968
v -111.936661 70.000015 47.343826
v -111.936661 67.500015 46.308292
v -111.936661 60.000015 43.201694
v -111.936661 55.800438 47.401272
v -98.662033 70.000015 47.343826
v -98.662033 64.335968 53.007866
v -98.662033 47.343838 70.000015
v -98.662033 47.401272 55.800430
v -111.936661 70.000015 -47.343826
v -111.936661 64.335968 -53.007866
v -111.936661 47.343838 -70.000015
v -111.936661 47.401272 -55.800430
v -98.662033 47.343830 -70.000015
v -98.662033 53.007874 -64.335968
v -98.662033 70.000015 -47.343826
v -98.662033 67.500015 -46.308292
v -98.662033 60.000015 -43.201694
v -98.662033 55.800438 -47.401272
v -111.936661 -47.343826 -70.000015
v -111.936661 -53.007866 -64.335968
v -111.936661 -70.000015 -47.343826
v -111.936661 -67.500015 -46.308292
v -111.936661 -60.000015 -43.201694
v -111.936661 -55.800430 -47.401272
v -98.662033 -70.000015 -47.343826
v -98.662033 -64.335968 -53.007866
v -98.662033 -47.343826 -70.000015
v -98.662033 -47.401272 -55.800430
v -98.662033 23.671921 70.000015
v -98.662033 -21.600843 60.000015
v -111.936661 -23.671911 70.000015
v -111.936661 21.600847 60.000015
v -98.662033 70.000015 -47.343826
v -98.662033 70.000015 -23.671913
v -98.662033 70.000015 47.343826
v -98.662033 67.500015 46.308292
v -98.662033 60.000015 43.201694
v -98.662033 60.000015 21.600847
v -111.936661 70.000015 47.343826
v -111.936661 70.000015 23.671913
v -111.936661 70.000015 -47.343826
v -111.936661 67.500015 -46.308292
v -111.936661 60.000015 -43.201694
v -111.936661 60.000015 -21.600847
v -98.662033 -23.671911 -70.000015
v -98.662033 21.600847 -60.000015
v -111.936661 23.671921 -70.000015
v -111.936661 -21.600843 -60.000015
v -98.662033 -70.000015 47.343826
v -98.662033 -70.000015 23.671913
v -98.662033 -70.000015 -47.343826
v -98.662033 -67.500015 -46.308292
v -98.662033 -60.000015 -43.201694
v -98.662033 -60.000015 -21.600847
v -111.936661 -70.000015 -47.343826
v -111.936661 -70.000015 -23.671913
v -111.936661 -60.000015 21.600847
v -160.000000 -21.059549 32.000008
v -160.000000 -23.794664 29.264893
v -160.000000 -32.000008 21.059549
v -160.000000 -37.800426 29.401266
v -160.000000 -32.000008 10.529775
v -160.000000 -32.000008 -21.059549
v -160.000000 -34.500008 -22.095083
v -160.000000 -42.000011 -25.201685
v -160.000000 -42.000011 -12.600842
v -160.000000 -32.000008 -21.059549
v -160.000000 -29.264893 -23.794664
v -160.000000 -21.059549 -32.000008
v -160.000000 -29.401266 -37.800426
v -160.000000 -10.529774 -32.000008
v -160.000000 21.059555 -32.000008
v -160.000000 12.600845 -42.000011
v -160.000000 23.794664 -29.264893
v -160.000000 32.000008 -21.059549
v -160.000000 34.500008 -22.095083
v -160.000000 42.000011 -25.201685
v -160.000000 37.800434 -29.401266
v -160.000000 32.000008 -21.059549
v -160.000000 32.000008 -10.529775
v -160.000000 32.000008 21.059549
v -160.000000 34.500008 22.095083
v -160.000000 42.000011 25.201685
v -160.000000 42.000011 12.600842
v -160.000000 32.000008 21.059549
v -160.000000 29.264894 23.794664
v -160.000000 21.059555 32.000008
v -160.000000 29.401270 37.800426
v -160.000000 10.529778 32.000008
v -160.000000 -12.600842 42.000011
v -140.000000 -21.059549 32.000008
v -140.000000 -23.794662 29.264893
v -140.000000 -32.000004 21.059549
v -160.000000 -29.264893 23.794664
v -140.000000 -32.000004 10.529775
v -140.000000 -32.000004 -21.059549
v -160.000000 -32.000008 -10.529775
v -140.000000 -29.264893 -23.794664
v -140.000000 -21.059549 -32.000008
v -145.000000 -21.059549 -32.000008
v -160.000000 -21.059549 -32.000008
v -160.000000 -23.794664 -29.264893
v -140.000000 -21.059549 -32.000008
v -140.000000 -10.529774 -32.000008
v -140.000000 21.059555 -32.000008
v -145.000000 21.059555 -32.000008
v -160.000000 21.059555 -32.000008
v -160.000000 10.529778 -32.000008
v -140.000000 21.059555 -32.000008
v -140.000000 23.794664 -29.264893
v -140.000000 32.000008 -21.059549
v -160.000000 29.264894 -23.794664
v -140.000000 32.000008 -10.529775
v -140.000000 32.000008 21.059549
v -160.000000 32.000008 10.529775
v -140.000000 29.264894 23.794664
v -140.000000 21.059555 32.000008
v -145.000000 21.059555 32.000008
v -160.000000 21.059555 32.000008
v -160.000000 23.794664 29.264893
v -140.000000 21.059555 32.000008
v -140.000000 10.529778 32.000008
v -140.000000 -21.059549 32.000008
v -145.000000 -21.059549 32.000008
v -160.000000 -21.059549 32.000008
v -160.000000 -10.529774 32.000008
v -98.662033 -60.000015 21.600847
v -98.662033 -43.201694 -60.000015
v -98.662033 -21.600843 -60.000015
v -98.662033 43.201694 -60.000015
v -73.996521 43.201694 -60.000015
v -98.662033 60.000015 -21.600847
v -98.662033 43.201694 60.000015
v -98.662033 21.600847 60.000015
v -98.662033 -43.201694 60.000015
v -73.996521 -43.201694 60.000015
vn 1.0000 -0.0000 -0.0000
vn 0.7071 -0.0000 -0.7071
vn 0.6470 -0.5392 0.5392
vn 0.6130 -0.2846 0.7371
vn -0.0000 -0.7071 0.7071
vn -0.0000 -0.9239 0.3827
vn 0.6470 0.5392 0.5392
vn 0.6130 0.7371 0.2845
vn -0.0000 0.7071 0.7071
vn -0.0000 0.3827 0.9239
vn 0.6470 0.5392 -0.5392
vn 0.6130 0.2846 -0.7371
vn -0.0000 0.7071 -0.7071
vn -0.0000 0.9239 -0.3827
vn 0.6470 -0.5392 -0.5392
vn 0.6130 -0.7371 -0.2845
vn -0.0000 -0.7071 -0.7071
vn -0.0000 -0.3827 -0.9239
vn -0.0000 -0.0000 1.0000
vn -0.0000 1.0000 -0.0000
vn -0.0000 -0.0000 -1.0000
vn -0.0000 -1.0000 -0.0000
vn 0.5145 -0.8575 -0.0000
vn 0.6130 -0.7371 0.2845
vn 0.5145 -0.0000 -0.8575
vn 0.6130 -0.2845 -0.7371
vn 0.5145 0.8575 -0.0000
vn 0.6130 0.7371 -0.2845
vn 0.5145 -0.0000 0.8575
vn 0.6130 0.2845 0.7371
vn -1.0000 -0.0000 -0.0000
vn -0.0000 0.3827 -0.9239
vn -0.0000 0.9239 0.3827
vn -0.0000 -0.3827 0.9239
vn -0.0000 -0.9239 -0.3827
vn -0.7071 0.5000 -0.5000
vn -0.6470 -0.5392 0.5392
vn -0.3446 -0.6638 0.6638
vn -0.7071 -0.5000 0.5000
vn -0.6470 0.5392 0.5392
vn -0.3446 0.6638 0.6638
vn -0.7071 0.5000 0.5000
vn -0.6470 0.5392 -0.5392
vn -0.3446 0.6638 -0.6638
vn -0.6470 -0.5392 -0.5392
vn -0.3446 -0.6638 -0.6638
vn -0.7071 -0.5000 -0.5000
vn 0.7071 -0.5000 0.5000
vn 0.7071 0.5000 0.5000
vn 0.7071 0.5000 -0.5000
vn 0.7071 -0.5000 -0.5000
vn 0.7071 -0.0000 0.7071
vn 0.7071 0.7071 -0.0000
vn 0.7071 -0.7071 -0.0000
vn -0.7071 -0.0000 0.7071
vn -0.7071 0.7071 -0.0000
vn -0.7071 -0.0000 -0.7071
vn -0.7071 -0.7071 -0.0000
vn -0.5145 -0.8575 -0.0000
vn -0.2669 -0.9637 -0.0000
vn -0.5145 -0.0000 -0.8575
vn -0.2669 -0.0000 -0.9637
vn -0.5145 0.8575 -0.0000
vn -0.2669 0.9637 -0.0000
vn -0.5145 -0.0000 0.8575
vn -0.2669 -0.0000 0.9637
vn 0.7071 -0.0000 0.7072
vn -0.9075 -0.2971 0.2970
vn -0.8702 -0.4927 -0.0000
vn -0.9075 -0.2970 -0.2971
vn -0.9075 -0.2971 -0.2970
vn -0.8702 -0.0000 -0.4927
vn -0.9075 0.2971 -0.2970
vn -0.9075 0.2970 -0.2971
vn -0.8702 0.4927 -0.0000
vn -0.9075 0.2971 0.2970
vn -0.8702 -0.0000 0.4927
vn 0.3446 -0.6638 0.6638
vn 0.9075 -0.2971 0.2971
vn 0.3446 0.6638 0.6638
vn 0.6130 0.2846 0.7371
vn 0.9075 0.2971 0.2971
vn 0.3446 0.6638 -0.6638
vn 0.9075 0.2971 -0.2971
vn 0.3446 -0.6638 -0.6638
vn 0.6130 -0.2846 -0.7371
vn 0.9075 -0.2971 -0.2971
vn 0.2669 -0.0000 0.9637
vn 0.2669 0.9637 -0.0000
vn 0.2669 -0.0000 -0.9637
vn 0.2669 -0.9637 -0.0000
vn 0.8702 -0.4927 -0.0000
vn 0.6130 0.2845 -0.7371
vn 0.8702 -0.0000 -0.4927
vn 0.8702 0.4927 -0.0000
vn 0.6130 -0.2845 0.7371
vn 0.8702 -0.0000 0.4927
vn 0.7071 0.7072 -0.0000
vn 0.7071 -0.7072 -0.0000
vn 0.9075 -0.2970 0.2971
vn 0.9075 -0.2971 0.2970
vn 0.9075 -0.2971 -0.2970
vn 0.9075 -0.2970 -0.2971
vn 0.9075 0.2971 -0.2970
vn 0.9075 0.2971 0.2970
vn 0.9075 0.2970 0.2971
vn -0.6130 -0.2846 0.7371
vn -0.9075 -0.2971 0.2971
vn -0.6130 -0.7371 0.2845
vn -0.6130 0.7371 0.2845
vn -0.9075 0.2971 0.2971
vn -0.6130 0.2846 0.7371
vn -0.6130 0.2846 -0.7371
vn -0.9075 0.2971 -0.2971
vn -0.6130 0.7371 -0.2845
vn -0.6130 -0.7371 -0.2845
vn -0.9075 -0.2971 -0.2971
vn -0.6130 -0.2846 -0.7371
vn -0.6130 -0.2845 -0.7371
vn -0.6130 0.2845 -0.7371
vn -0.6130 0.2845 0.7371
vn -0.6130 -0.2845 0.7371
vn 0.4760 0.3365 -0.8125
vn 0.3280 -0.3520 0.8766
vn 0.3280 -0.8766 0.3520
vn 0.7346 -0.6269 0.2597
vn 0.3280 0.8766 0.3520
vn 0.3280 0.3520 0.8766
vn 0.7345 0.2596 0.6270
vn 0.3280 0.3520 -0.8766
vn 0.3280 0.8766 -0.3520
vn 0.7346 0.6269 -0.2597
vn 0.3280 -0.8766 -0.3520
vn 0.3280 -0.3520 -0.8766
vn 0.7345 -0.2596 -0.6270
vn -0.7346 -0.6269 0.2597
vn -0.7345 0.2597 0.6269
vn -0.7346 0.6269 -0.2597
vn -0.7345 -0.2597 -0.6269
vn -0.7345 0.2598 0.6269
vn -0.7346 0.6269 -0.2596
vn -0.7345 -0.2598 -0.6269
vn -0.7346 -0.6269 0.2596
vn 0.7345 0.2597 0.6269
vn 0.7346 0.6269 -0.2596
vn 0.7345 -0.2597 -0.6269
vn 0.3281 -0.3520 -0.8766
vn 0.3281 0.3520 0.8766
vn 0.7345 -0.6270 0.2597
vn -0.7345 -0.2597 0.6270
vn 0.7345 0.2597 0.6270
vn -0.7345 0.6270 0.2597
vn 0.7345 0.6270 -0.2596
vn -0.7345 0.2597 -0.6270
vn 0.7345 -0.2597 -0.6270
vn -0.7345 -0.6270 -0.2597
vn -0.7345 0.2598 0.6270
vn 0.7345 -0.2597 0.6269
vn -0.7345 0.6270 -0.2598
vn 0.7345 0.6270 0.2597
vn -0.7345 -0.2598 -0.6270
vn -0.7071 -0.0000 -0.7072
vn 0.7345 0.2597 -0.6269
vn 0.7071 -0.0000 -0.7072
vn -0.7345 -0.6270 0.2597
vn 0.7345 -0.6269 -0.2597
vn 0.9038 -0.1541 0.3992
vn 0.9038 -0.3992 0.1541
vn 0.9038 -0.3993 -0.1541
vn 0.9038 -0.1541 -0.3992
vn 0.9038 0.1541 -0.3993
vn 0.9038 0.3992 -0.1541
vn 0.9038 0.3993 0.1541
vn 0.9038 0.1541 0.3992
vn 0.7345 0.2597 -0.6270
vn 0.7345 0.6269 -0.2596
vn 0.7345 0.6269 0.2596
vn 0.7345 -0.2597 0.6270
vn 0.7345 -0.6269 0.2597
vn -0.4760 0.3366 -0.8125
vn -0.3280 -0.3520 0.8766
vn -0.3280 -0.8766 0.3520
vn -0.3280 0.8766 0.3520
vn -0.3280 0.3520 0.8766
vn -0.3280 0.3520 -0.8766
vn -0.3280 0.8766 -0.3520
vn -0.3280 -0.8766 -0.3520
vn -0.3280 -0.3520 -0.8766
vn 0.7346 -0.6269 0.2596
vn -0.3281 -0.3520 -0.8766
vn -0.3281 0.3520 0.8766
vn -0.7345 -0.6270 0.2598
vn 0.7345 -0.2598 0.6270
vn -0.7345 0.6270 -0.2597
vn 0.7345 0.2598 -0.6270
vn 0.7345 -0.6270 -0.2597
vn -0.7345 -0.2596 0.6270
vn 0.7345 0.6270 -0.2597
vn -0.9038 -0.1541 0.3992
vn -0.9038 -0.3992 0.1541
vn -0.9038 -0.3992 -0.1541
vn -0.9038 -0.1541 -0.3992
vn -0.9038 0.1541 -0.3992
vn -0.9038 0.3992 -0.1541
vn -0.9038 0.3992 0.1541
vn -0.9038 0.1541 0.3992
vn -0.7345 0.2597 -0.6269
vn -0.7345 0.6269 -0.2596
vn -0.7345 0.6269 0.2596
vn -0.7345 0.2596 0.6269
vn -0.7345 -0.2597 0.6269
vn -0.7345 -0.6269 0.2597
vn -0.7345 -0.6269 -0.2597
vn -0.7345 -0.2596 -0.6269
vn 0.4760 0.8125 -0.3366
vn 0.4760 0.8125 0.3365
vn 0.4760 0.3366 0.8125
vn 0.4760 -0.3365 0.8125
vn 0.4760 -0.8125 0.3366
vn 0.4760 -0.8125 -0.3365
vn 0.4760 -0.3366 -0.8125
vn 0.9038 -0.3993 0.1542
vn 0.9038 -0.1541 0.3993
vn 0.9038 0.1541 0.3993
vn 0.7346 0.6269 0.2597
vn -0.7346 0.6269 0.2596
vn 0.9038 0.3993 -0.1542
vn -0.7345 0.2596 -0.6270
vn 0.9038 -0.1541 -0.3993
vn 0.9038 -0.3993 -0.1542
vn 0.7346 -0.6269 -0.2596
vn 0.7346 -0.6269 -0.2597
vn -0.7346 -0.6269 -0.2596
vn 0.7345 -0.2598 0.6269
vn 0.7345 0.2598 -0.6269
vn 0.3281 -0.3520 0.8766
vn 0.3281 0.3520 -0.8766
vn 0.9038 0.1541 -0.3992
vn 0.9038 -0.1542 -0.3992
vn 0.9038 0.1542 0.3992
vn 0.7345 -0.2596 0.6270
vn -0.7345 0.2597 0.6270
vn 0.7345 0.6269 -0.2597
vn -0.7345 0.6270 -0.2596
vn -0.7345 -0.2596 -0.6270
vn 0.9038 -0.3992 -0.1541
vn 0.7345 0.6270 0.2598
vn 0.9038 0.3992 0.1541
vn 0.7345 -0.6270 -0.2598
vn 0.4760 0.8125 0.3366
vn 0.4760 0.3365 0.8125
vn 0.7345 -0.2596 0.6269
vn 0.4760 -0.3366 0.8125
vn 0.4760 -0.8125 0.3365
vn 0.4760 -0.3365 -0.8125
vn 0.7345 0.2596 -0.6269
vn 0.4760 0.3366 -0.8125
vn -0.4760 -0.3365 -0.8125
vn -0.4760 -0.8125 -0.3366
vn -0.4760 -0.8125 0.3365
vn -0.4760 -0.3366 0.8125
vn -0.4760 0.3365 0.8125
vn -0.4760 0.8125 0.3366
vn -0.4760 0.8125 -0.3365
vn -0.9038 -0.1541 0.3993
vn -0.9038 -0.3993 0.1542
vn -0.9038 0.3993 0.1542
vn -0.9038 0.1541 0.3993
vn -0.7346 0.6269 0.2597
vn 0.7346 0.6269 0.2596
vn -0.9038 0.1541 -0.3993
vn -0.9038 0.3993 -0.1541
vn -0.9038 -0.3993 -0.1542
vn -0.9038 -0.1541 -0.3993
vn -0.7346 -0.6269 -0.2597
vn -0.3281 -0.3520 0.8766
vn -0.3281 0.3520 -0.8766
vn -0.9038 0.1542 -0.3992
vn -0.9038 -0.1542 0.3992
vn -0.7345 0.2596 0.6270
vn 0.7345 0.2598 0.6270
vn -0.7345 -0.2597 -0.6270
vn -0.4760 0.3365 -0.8125
vn -0.4760 0.8125 -0.3366
vn -0.4760 0.3366 0.8125
vn -0.4760 -0.3365 0.8125
vn -0.4760 -0.8125 -0.3365
vn -0.4760 -0.3366 -0.8125
vt 0.340627 0.191847
vt 0.310825 0.191847
vt 0.310825 0.213321
vt 0.334243 0.210589
vt 0.475799 0.343590
vt 0.484643 0.343590
vt 0.494118 0.326298
vt 0.485275 0.326298
vt 0.477065 0.288182
vt 0.468221 0.288182
vt 0.468221 0.298594
vt 0.477065 0.298594
vt 0.986835 0.732852
vt 0.986835 0.745153
vt 0.993417 0.745153
vt 0.993417 0.732852
vt 0.780563 0.527336
vt 0.780563 0.537018
vt 0.796355 0.526643
vt 0.796355 0.516961
vt 0.831167 0.487220
vt 0.831167 0.477538
vt 0.821657 0.477538
vt 0.821657 0.487220
vt 0.745803 0.117232
vt 0.757037 0.117232
vt 0.757037 0.110024
vt 0.745803 0.110024
vt 0.780563 0.723777
vt 0.780563 0.733460
vt 0.796355 0.743835
vt 0.796355 0.734152
vt 0.831167 0.725163
vt 0.831167 0.715480
vt 0.821657 0.715480
vt 0.821657 0.725163
vt 0.513049 0.117232
vt 0.524284 0.117232
vt 0.524284 0.110024
vt 0.513049 0.110024
vt 0.296388 0.343590
vt 0.305231 0.343590
vt 0.295756 0.326298
vt 0.286912 0.326298
vt 0.259750 0.288182
vt 0.250907 0.288182
vt 0.250907 0.298594
vt 0.259750 0.298594
vt 0.986835 0.987699
vt 0.986835 1.000000
vt 0.993417 1.000000
vt 0.993417 0.987699
vt 0.470431 0.681164
vt 0.478694 0.681164
vt 0.478694 0.628025
vt 0.470431 0.628025
vt 0.227852 0.431604
vt 0.236115 0.431604
vt 0.236115 0.378464
vt 0.227852 0.378464
vt 0.024790 0.431604
vt 0.033053 0.431604
vt 0.033053 0.378464
vt 0.024790 0.378464
vt 0.673493 0.681164
vt 0.681756 0.681164
vt 0.681756 0.628025
vt 0.673493 0.628025
vt 0.585404 0.079030
vt 0.629495 0.079030
vt 0.629495 0.072262
vt 0.585404 0.072262
vt 0.571238 0.117232
vt 0.524284 0.124439
vt 0.571238 0.124439
vt 0.776393 0.064282
vt 0.820484 0.064282
vt 0.820484 0.057513
vt 0.776393 0.057514
vt 0.986835 0.796564
vt 0.980252 0.745153
vt 0.980252 0.796564
vt 0.534392 0.239919
vt 0.534392 0.193834
vt 0.525593 0.193834
vt 0.525593 0.239919
vt 0.831167 0.665677
vt 0.840676 0.715480
vt 0.840676 0.665677
vt 0.072049 0.927780
vt 0.029959 0.927780
vt 0.029959 0.937415
vt 0.072049 0.937415
vt 0.422736 0.288182
vt 0.468221 0.277770
vt 0.422736 0.277770
vt 0.413260 0.340701
vt 0.449270 0.343590
vt 0.458746 0.326298
vt 0.420234 0.323661
vt 0.080817 0.879182
vt 0.047496 0.876509
vt 0.038727 0.892510
vt 0.074364 0.894950
vt 0.783201 0.655302
vt 0.780563 0.694730
vt 0.796355 0.705105
vt 0.798764 0.662938
vt 0.578777 0.249520
vt 0.581218 0.213036
vt 0.566604 0.203435
vt 0.564376 0.242454
vt 0.894097 0.485437
vt 0.903635 0.495110
vt 0.905564 0.490011
vt 0.896697 0.481119
vt 0.883215 0.754471
vt 0.874381 0.764914
vt 0.879037 0.767026
vt 0.887158 0.757318
vt 0.875725 0.259777
vt 0.866891 0.270221
vt 0.871548 0.272333
vt 0.879669 0.262624
vt 0.901587 0.980131
vt 0.911125 0.989803
vt 0.913053 0.984705
vt 0.904187 0.975813
vt 0.429206 0.106184
vt 0.419668 0.096512
vt 0.417740 0.101610
vt 0.426606 0.110502
vt 0.923402 0.550428
vt 0.913864 0.540755
vt 0.911935 0.545854
vt 0.920802 0.554746
vt 0.878592 0.161769
vt 0.869054 0.152097
vt 0.867126 0.157195
vt 0.875992 0.166087
vt 0.923402 0.780559
vt 0.913864 0.770887
vt 0.911935 0.775986
vt 0.920802 0.784877
vt 0.874191 0.903407
vt 0.874381 0.949572
vt 0.879037 0.947460
vt 0.878843 0.902468
vt 0.866701 0.408714
vt 0.866891 0.454878
vt 0.871548 0.452766
vt 0.871353 0.407774
vt 0.950798 0.627151
vt 0.950608 0.580987
vt 0.945951 0.583099
vt 0.946146 0.628091
vt 0.293182 0.096303
vt 0.251020 0.096512
vt 0.252949 0.101610
vt 0.294040 0.101397
vt 0.950798 0.857283
vt 0.950608 0.811119
vt 0.945951 0.813231
vt 0.946146 0.858222
vt 0.742568 0.151888
vt 0.700406 0.152097
vt 0.702335 0.157195
vt 0.743426 0.156982
vt 0.497342 0.014610
vt 0.539504 0.014401
vt 0.537576 0.009303
vt 0.496484 0.009516
vt 0.416763 0.044838
vt 0.374601 0.045046
vt 0.376530 0.050145
vt 0.417621 0.049932
vt 0.717298 0.263082
vt 0.724204 0.256502
vt 0.722276 0.251403
vt 0.715012 0.258445
vt 0.919657 0.930568
vt 0.919320 0.954154
vt 0.923976 0.956266
vt 0.924302 0.931988
vt 0.893308 0.604181
vt 0.900214 0.597600
vt 0.898285 0.592502
vt 0.891021 0.599544
vt 0.874043 0.649471
vt 0.874381 0.625885
vt 0.869725 0.623773
vt 0.869399 0.648051
vt 0.815914 0.983222
vt 0.809007 0.989803
vt 0.810936 0.994902
vt 0.818200 0.987859
vt 0.835178 0.937932
vt 0.834840 0.961518
vt 0.839497 0.963630
vt 0.839822 0.939352
vt 0.830193 0.277225
vt 0.836203 0.284787
vt 0.840859 0.282675
vt 0.834428 0.274722
vt 0.788828 0.256132
vt 0.810370 0.256502
vt 0.812299 0.251403
vt 0.790126 0.251047
vt 0.121924 0.126660
vt 0.127367 0.126660
vt 0.127367 0.115765
vt 0.121924 0.115765
vt 0.084639 0.126660
vt 0.105594 0.126660
vt 0.105594 0.115765
vt 0.084639 0.115765
vt 0.016330 0.126660
vt 0.021773 0.126660
vt 0.021773 0.115765
vt 0.016330 0.115765
vt 0.182841 0.295169
vt 0.163228 0.295169
vt 0.163228 0.305366
vt 0.182841 0.305366
vt 0.121924 0.180491
vt 0.127367 0.180491
vt 0.127367 0.169596
vt 0.121924 0.169596
vt 0.084639 0.180491
vt 0.105594 0.180491
vt 0.105594 0.169596
vt 0.084639 0.169596
vt 0.016330 0.180491
vt 0.021773 0.180491
vt 0.021773 0.169596
vt 0.016330 0.169596
vt 0.220241 0.895813
vt 0.220241 0.874339
vt 0.210928 0.874339
vt 0.210928 0.895813
vt 0.521196 0.681164
vt 0.478694 0.734303
vt 0.521196 0.734303
vt 0.313610 0.698185
vt 0.273376 0.698185
vt 0.273376 0.748487
vt 0.313610 0.748487
vt 0.075555 0.431604
vt 0.033053 0.484743
vt 0.075555 0.484743
vt 0.526557 0.432477
vt 0.526557 0.388425
vt 0.480615 0.388425
vt 0.480615 0.432477
vt 0.264064 0.164795
vt 0.288771 0.137743
vt 0.283677 0.132165
vt 0.256474 0.152227
vt 0.686715 0.534894
vt 0.670922 0.545269
vt 0.670922 0.554952
vt 0.686715 0.544577
vt 0.661412 0.545269
vt 0.670922 0.535587
vt 0.661412 0.535587
vt 0.993417 0.661095
vt 1.000000 0.661095
vt 1.000000 0.648794
vt 0.993418 0.648794
vt 0.750378 0.753068
vt 0.734585 0.742692
vt 0.734585 0.752375
vt 0.750378 0.762750
vt 0.725076 0.742692
vt 0.734585 0.733010
vt 0.725076 0.733010
vt 0.980252 0.346793
vt 0.973670 0.346793
vt 0.973670 0.359094
vt 0.980252 0.359094
vt 0.750378 0.970260
vt 0.734585 0.980635
vt 0.734585 0.990317
vt 0.750378 0.979942
vt 0.725076 0.980635
vt 0.734585 0.970952
vt 0.725076 0.970952
vt 0.980252 0.091946
vt 0.973670 0.091946
vt 0.973670 0.104247
vt 0.980252 0.104247
vt 0.686715 0.317702
vt 0.670922 0.307327
vt 0.670922 0.317009
vt 0.686715 0.327385
vt 0.661412 0.307327
vt 0.670922 0.297644
vt 0.661412 0.297644
vt 0.993417 0.406248
vt 1.000000 0.406248
vt 1.000000 0.393947
vt 0.993418 0.393947
vt 0.462168 0.946861
vt 0.462168 1.000000
vt 0.470431 1.000000
vt 0.470431 0.946861
vt 0.219588 0.697300
vt 0.219588 0.750440
vt 0.227852 0.750440
vt 0.227852 0.697300
vt 0.016526 0.697300
vt 0.016526 0.750440
vt 0.024790 0.750440
vt 0.024790 0.697300
vt 0.665230 0.946861
vt 0.665230 1.000000
vt 0.673493 1.000000
vt 0.673493 0.946861
vt 0.267936 0.069296
vt 0.267936 0.076064
vt 0.312027 0.076064
vt 0.312027 0.069296
vt 0.993417 0.219369
vt 1.000000 0.219369
vt 1.000000 0.167958
vt 0.993417 0.167958
vt 0.148487 0.105729
vt 0.142306 0.105729
vt 0.142306 0.154005
vt 0.148487 0.154005
vt 0.980252 0.533672
vt 0.973670 0.533672
vt 0.973670 0.585082
vt 0.980252 0.585082
vt 0.084179 0.222167
vt 0.084179 0.212532
vt 0.042090 0.212532
vt 0.042090 0.222167
vt 0.706057 0.861664
vt 0.696548 0.861664
vt 0.696548 0.911467
vt 0.706057 0.911467
vt 0.757776 0.383674
vt 0.748977 0.383674
vt 0.748977 0.429758
vt 0.757776 0.429758
vt 0.642394 0.426298
vt 0.632885 0.426298
vt 0.632885 0.476101
vt 0.642394 0.476101
vt 0.684076 0.426298
vt 0.670922 0.426298
vt 0.670922 0.476101
vt 0.684306 0.473362
vt 0.796346 0.383674
vt 0.784173 0.383674
vt 0.784173 0.429758
vt 0.796559 0.427224
vt 0.747739 0.861664
vt 0.734585 0.861664
vt 0.734585 0.911467
vt 0.747969 0.908727
vt 0.084179 0.264398
vt 0.084179 0.251070
vt 0.042090 0.251070
vt 0.044404 0.264631
vt 0.230137 0.794223
vt 0.226492 0.798213
vt 0.234314 0.806778
vt 0.238672 0.803522
vt 0.818084 0.193661
vt 0.814439 0.189670
vt 0.806617 0.198234
vt 0.809590 0.203006
vt 0.030625 0.794223
vt 0.034270 0.798213
vt 0.042092 0.789649
vt 0.039119 0.784878
vt 0.618572 0.193661
vt 0.622217 0.189670
vt 0.614395 0.181105
vt 0.610037 0.184361
vt 0.940632 0.255268
vt 0.944277 0.259259
vt 0.952099 0.250694
vt 0.949125 0.245923
vt 0.472521 0.175430
vt 0.476166 0.179421
vt 0.483988 0.170856
vt 0.481015 0.166085
vt 0.940632 0.473718
vt 0.944277 0.469727
vt 0.936455 0.461162
vt 0.932097 0.464418
vt 0.672033 0.175430
vt 0.668388 0.179421
vt 0.676210 0.187985
vt 0.680568 0.184729
vt 0.718328 0.212106
vt 0.718328 0.206799
vt 0.678094 0.206799
vt 0.677023 0.212110
vt 0.130381 0.775777
vt 0.130381 0.781084
vt 0.170614 0.781084
vt 0.171685 0.775773
vt 0.942510 0.119453
vt 0.947357 0.119453
vt 0.947357 0.075400
vt 0.942506 0.074228
vt 0.267936 0.023654
vt 0.267936 0.018347
vt 0.227703 0.018347
vt 0.226632 0.023658
vt 0.572277 0.156985
vt 0.572277 0.162291
vt 0.612510 0.162291
vt 0.613581 0.156980
vt 0.923786 0.364493
vt 0.928632 0.364493
vt 0.928632 0.320440
vt 0.923782 0.319268
vt 0.649914 0.025407
vt 0.649914 0.020101
vt 0.609681 0.020101
vt 0.608610 0.025412
vt 0.246983 0.903448
vt 0.242136 0.903448
vt 0.242136 0.947500
vt 0.246987 0.948673
vt 0.018489 0.979756
vt 0.015644 0.982871
vt 0.023466 0.991435
vt 0.025953 0.987859
vt 0.004319 0.914346
vt 0.000000 0.914346
vt 0.000000 0.940044
vt 0.004331 0.939352
vt 0.052193 0.811800
vt 0.049348 0.808685
vt 0.041526 0.817250
vt 0.044792 0.819973
vt 0.111933 0.796285
vt 0.111933 0.791556
vt 0.088462 0.791556
vt 0.089094 0.796298
vt 0.171673 0.811800
vt 0.174517 0.808685
vt 0.166695 0.800121
vt 0.164208 0.803697
vt 0.700867 0.661687
vt 0.696548 0.661687
vt 0.696548 0.687385
vt 0.700879 0.686693
vt 0.137968 0.979756
vt 0.140813 0.982871
vt 0.148635 0.974306
vt 0.145369 0.971583
vt 0.078229 0.995271
vt 0.078229 1.000000
vt 0.101699 1.000000
vt 0.101067 0.995258
vt 0.887926 0.120754
vt 0.887926 0.131649
vt 0.893370 0.131649
vt 0.893369 0.120754
vt 0.835129 0.120754
vt 0.835129 0.131649
vt 0.856085 0.131649
vt 0.856085 0.120754
vt 0.782332 0.120754
vt 0.782332 0.131649
vt 0.787775 0.131649
vt 0.787775 0.120754
vt 0.840578 0.809759
vt 0.849891 0.809759
vt 0.849891 0.788284
vt 0.840578 0.788284
vt 0.116480 0.083724
vt 0.116480 0.094619
vt 0.121924 0.094619
vt 0.121924 0.083724
vt 0.063683 0.083724
vt 0.063683 0.094619
vt 0.084639 0.094619
vt 0.084639 0.083724
vt 0.010886 0.083724
vt 0.010886 0.094619
vt 0.016330 0.094619
vt 0.016330 0.083724
vt 0.039225 0.030591
vt 0.039225 0.040788
vt 0.058838 0.040788
vt 0.058838 0.030591
vt 0.563699 0.840582
vt 0.563699 0.787443
vt 0.521196 0.787443
vt 0.521196 0.840582
vt 0.353843 0.849092
vt 0.353843 0.798790
vt 0.313610 0.798790
vt 0.313610 0.849092
vt 0.118057 0.591022
vt 0.118057 0.537882
vt 0.075555 0.537882
vt 0.075555 0.591022
vt 0.388732 0.476530
vt 0.434674 0.476530
vt 0.434674 0.432477
vt 0.388732 0.432477
vt 0.345721 0.218899
vt 0.321014 0.245952
vt 0.326108 0.251530
vt 0.353311 0.231467
vt 0.370428 0.224477
vt 0.370428 0.257108
vt 0.390041 0.257108
vt 0.387545 0.231467
vt 0.395135 0.218899
vt 0.419842 0.245952
vt 0.424936 0.240374
vt 0.406613 0.210589
vt 0.400229 0.191847
vt 0.430031 0.191847
vt 0.430031 0.170373
vt 0.406613 0.173105
vt 0.395135 0.164795
vt 0.419842 0.137743
vt 0.414748 0.132165
vt 0.387545 0.152227
vt 0.370428 0.159217
vt 0.370428 0.126587
vt 0.350815 0.126587
vt 0.353311 0.152227
vt 0.345721 0.164795
vt 0.321014 0.137743
vt 0.315920 0.143321
vt 0.334243 0.173105
vt 0.476432 0.326298
vt 0.485908 0.309005
vt 0.477065 0.309005
vt 0.467589 0.326298
vt 0.458113 0.343590
vt 0.439794 0.360882
vt 0.448637 0.360882
vt 0.457481 0.360882
vt 0.448005 0.378174
vt 0.456848 0.378174
vt 0.466324 0.360882
vt 0.485908 0.298594
vt 0.494751 0.309005
vt 0.494751 0.298594
vt 0.494751 0.288182
vt 0.503594 0.288182
vt 0.503594 0.277770
vt 0.494751 0.277770
vt 0.485908 0.277770
vt 0.485908 0.267358
vt 0.477065 0.267358
vt 0.477065 0.277770
vt 0.993417 0.720551
vt 1.000000 0.720551
vt 1.000000 0.708249
vt 0.993417 0.708249
vt 0.986835 0.708249
vt 0.986835 0.695948
vt 0.980252 0.695948
vt 0.980252 0.708249
vt 0.980252 0.720551
vt 0.973670 0.720551
vt 0.973670 0.732852
vt 0.980252 0.732852
vt 0.796355 0.507278
vt 0.812148 0.496903
vt 0.812148 0.487220
vt 0.796355 0.497595
vt 0.780563 0.507971
vt 0.780563 0.498288
vt 0.764770 0.508663
vt 0.764770 0.518346
vt 0.764770 0.528028
vt 0.748977 0.538404
vt 0.748977 0.548086
vt 0.764770 0.537711
vt 0.821657 0.496903
vt 0.812148 0.506585
vt 0.821657 0.506585
vt 0.831167 0.506585
vt 0.831167 0.516268
vt 0.840676 0.516268
vt 0.840676 0.506585
vt 0.840676 0.496903
vt 0.850185 0.496903
vt 0.850185 0.487220
vt 0.840676 0.487220
vt 0.734568 0.110024
vt 0.734568 0.102817
vt 0.723333 0.102817
vt 0.723333 0.110024
vt 0.723333 0.117232
vt 0.712098 0.117232
vt 0.712098 0.124439
vt 0.723333 0.124439
vt 0.734568 0.124439
vt 0.734568 0.131647
vt 0.745803 0.131647
vt 0.745803 0.124439
vt 0.796355 0.724470
vt 0.812148 0.734845
vt 0.812148 0.725163
vt 0.796355 0.714787
vt 0.780563 0.704412
vt 0.764770 0.684354
vt 0.764770 0.694037
vt 0.764770 0.703719
vt 0.748977 0.693344
vt 0.748977 0.703027
vt 0.764770 0.713402
vt 0.821657 0.734845
vt 0.812148 0.744528
vt 0.821657 0.744528
vt 0.831167 0.744528
vt 0.831167 0.754210
vt 0.840676 0.754210
vt 0.840676 0.744528
vt 0.840676 0.734845
vt 0.850185 0.734845
vt 0.850185 0.725163
vt 0.840676 0.725163
vt 0.501814 0.110024
vt 0.501814 0.102817
vt 0.490580 0.102817
vt 0.490580 0.110024
vt 0.490580 0.117232
vt 0.479345 0.117232
vt 0.479345 0.124439
vt 0.490580 0.124439
vt 0.501814 0.124439
vt 0.501814 0.131647
vt 0.513049 0.131647
vt 0.513049 0.124439
vt 0.278069 0.326298
vt 0.268594 0.309005
vt 0.259750 0.309005
vt 0.269226 0.326298
vt 0.278702 0.343590
vt 0.269859 0.343590
vt 0.279334 0.360882
vt 0.288178 0.360882
vt 0.297021 0.360882
vt 0.306497 0.378174
vt 0.315340 0.378174
vt 0.305864 0.360882
vt 0.268593 0.298594
vt 0.277437 0.309005
vt 0.277437 0.298594
vt 0.277437 0.288182
vt 0.286280 0.288182
vt 0.286280 0.277770
vt 0.277437 0.277770
vt 0.268593 0.277770
vt 0.268594 0.267358
vt 0.259750 0.267358
vt 0.259750 0.277770
vt 0.993417 0.975398
vt 1.000000 0.975398
vt 1.000000 0.963096
vt 0.993417 0.963096
vt 0.986835 0.963096
vt 0.986835 0.950795
vt 0.980252 0.950795
vt 0.980252 0.963096
vt 0.980252 0.975398
vt 0.973670 0.975398
vt 0.973670 0.987699
vt 0.980252 0.987699
vt 0.462168 0.628025
vt 0.462168 0.574885
vt 0.453904 0.574885
vt 0.453904 0.628025
vt 0.453904 0.681164
vt 0.445641 0.681164
vt 0.445641 0.734303
vt 0.453904 0.734303
vt 0.462168 0.734303
vt 0.462168 0.787443
vt 0.470431 0.787443
vt 0.470431 0.734303
vt 0.219588 0.378464
vt 0.219588 0.325325
vt 0.211325 0.325325
vt 0.211325 0.378464
vt 0.211325 0.431604
vt 0.203062 0.431604
vt 0.203062 0.484743
vt 0.211325 0.484743
vt 0.219588 0.484743
vt 0.219588 0.537882
vt 0.227852 0.537882
vt 0.227852 0.484743
vt 0.016526 0.378464
vt 0.016526 0.325325
vt 0.008263 0.325325
vt 0.008263 0.378464
vt 0.008263 0.431604
vt 0.000000 0.431604
vt 0.000000 0.484743
vt 0.008263 0.484743
vt 0.016526 0.484743
vt 0.016526 0.537882
vt 0.024790 0.537882
vt 0.024790 0.484743
vt 0.665230 0.628025
vt 0.665230 0.574885
vt 0.656966 0.574885
vt 0.656966 0.628025
vt 0.656966 0.681164
vt 0.648703 0.681164
vt 0.648703 0.734303
vt 0.656967 0.734303
vt 0.665230 0.734303
vt 0.665230 0.787443
vt 0.673493 0.787443
vt 0.673493 0.734303
vt 0.541313 0.072262
vt 0.541313 0.065494
vt 0.497222 0.065494
vt 0.497222 0.072262
vt 0.497222 0.079030
vt 0.453131 0.079030
vt 0.453131 0.085798
vt 0.497222 0.085798
vt 0.541313 0.085798
vt 0.541313 0.092566
vt 0.585404 0.092566
vt 0.585404 0.085798
vt 0.618191 0.124439
vt 0.618191 0.131647
vt 0.665145 0.131647
vt 0.665145 0.124439
vt 0.665145 0.117232
vt 0.712098 0.110024
vt 0.665145 0.110024
vt 0.618191 0.110024
vt 0.618191 0.102817
vt 0.571238 0.102817
vt 0.571238 0.110024
vt 0.732302 0.057514
vt 0.732302 0.050745
vt 0.688211 0.050745
vt 0.688211 0.057514
vt 0.688211 0.064282
vt 0.644120 0.064282
vt 0.644120 0.071050
vt 0.688211 0.071050
vt 0.732302 0.071050
vt 0.732302 0.077818
vt 0.776393 0.077818
vt 0.776393 0.071050
vt 0.980252 0.847974
vt 0.973670 0.847974
vt 0.973670 0.899385
vt 0.980252 0.899385
vt 0.986835 0.899385
vt 0.993417 0.950795
vt 0.993417 0.899385
vt 0.993417 0.847974
vt 1.000000 0.847974
vt 1.000000 0.796564
vt 0.993417 0.796564
vt 0.525593 0.286004
vt 0.516794 0.286004
vt 0.516794 0.332089
vt 0.525593 0.332089
vt 0.534392 0.332089
vt 0.534392 0.378174
vt 0.543191 0.378174
vt 0.543191 0.332089
vt 0.543191 0.286004
vt 0.551991 0.286004
vt 0.551991 0.239919
vt 0.543191 0.239919
vt 0.840676 0.615874
vt 0.850185 0.615874
vt 0.850185 0.566071
vt 0.840676 0.566071
vt 0.831167 0.566071
vt 0.821657 0.516268
vt 0.821657 0.566071
vt 0.821657 0.615874
vt 0.812148 0.615874
vt 0.812148 0.665677
vt 0.821657 0.665677
vt 0.114138 0.937415
vt 0.114138 0.947049
vt 0.156228 0.947049
vt 0.156228 0.937415
vt 0.156228 0.927780
vt 0.198317 0.927780
vt 0.198317 0.918146
vt 0.156228 0.918146
vt 0.114138 0.918146
vt 0.114138 0.908512
vt 0.072049 0.908512
vt 0.072049 0.918146
vt 0.377251 0.277770
vt 0.377251 0.267358
vt 0.331765 0.267358
vt 0.331765 0.277770
vt 0.331765 0.288182
vt 0.286280 0.298594
vt 0.331765 0.298594
vt 0.377251 0.298594
vt 0.377251 0.309005
vt 0.422736 0.309005
vt 0.422736 0.298594
vt 0.377251 0.323409
vt 0.331765 0.309005
vt 0.334267 0.323661
vt 0.341241 0.340701
vt 0.314707 0.360882
vt 0.345778 0.357710
vt 0.377251 0.357993
vt 0.377251 0.378174
vt 0.403785 0.378174
vt 0.408723 0.357710
vt 0.114138 0.895184
vt 0.156228 0.908512
vt 0.153913 0.894950
vt 0.147459 0.879182
vt 0.180781 0.876509
vt 0.172012 0.860508
vt 0.143261 0.863443
vt 0.114138 0.863181
vt 0.114138 0.844507
vt 0.089585 0.844507
vt 0.085015 0.863443
vt 0.798994 0.615874
vt 0.812148 0.566071
vt 0.798764 0.568810
vt 0.783201 0.576446
vt 0.764770 0.547394
vt 0.767666 0.581414
vt 0.767408 0.615874
vt 0.748977 0.615874
vt 0.748977 0.644927
vt 0.767666 0.650334
vt 0.564163 0.286004
vt 0.551991 0.332089
vt 0.564376 0.329554
vt 0.578777 0.322488
vt 0.581218 0.358972
vt 0.595832 0.349372
vt 0.593152 0.317891
vt 0.593391 0.286004
vt 0.610446 0.286004
vt 0.610446 0.259120
vt 0.593152 0.254117
vt 0.888203 0.471774
vt 0.891848 0.467784
vt 0.884026 0.459219
vt 0.879669 0.462475
vt 0.875725 0.465322
vt 0.862235 0.456990
vt 0.871500 0.467864
vt 0.881618 0.478985
vt 0.878678 0.482204
vt 0.889228 0.493755
vt 0.891775 0.490064
vt 0.895693 0.748018
vt 0.899338 0.752009
vt 0.907160 0.743444
vt 0.904187 0.738673
vt 0.901587 0.734355
vt 0.911125 0.724683
vt 0.909196 0.719584
vt 0.899265 0.729729
vt 0.889108 0.740808
vt 0.886168 0.737588
vt 0.875618 0.749139
vt 0.878990 0.751928
vt 0.888203 0.253324
vt 0.891848 0.257315
vt 0.899670 0.248751
vt 0.896697 0.243979
vt 0.894097 0.239661
vt 0.903635 0.229989
vt 0.901706 0.224891
vt 0.891775 0.235035
vt 0.881618 0.246114
vt 0.878678 0.242895
vt 0.868128 0.254446
vt 0.871500 0.257235
vt 0.895693 0.966468
vt 0.899338 0.962477
vt 0.891516 0.953912
vt 0.887158 0.957168
vt 0.883215 0.960015
vt 0.869725 0.951683
vt 0.878990 0.962557
vt 0.889108 0.973678
vt 0.886168 0.976898
vt 0.896717 0.988449
vt 0.899265 0.984757
vt 0.435100 0.119847
vt 0.431455 0.123838
vt 0.439277 0.132402
vt 0.443635 0.129146
vt 0.447578 0.126300
vt 0.456412 0.136743
vt 0.461068 0.134631
vt 0.451803 0.123757
vt 0.441685 0.112636
vt 0.444625 0.109417
vt 0.434076 0.097866
vt 0.431528 0.101558
vt 0.929296 0.564091
vt 0.925651 0.568082
vt 0.933473 0.576646
vt 0.937831 0.573390
vt 0.941774 0.570543
vt 0.955264 0.578875
vt 0.945999 0.568001
vt 0.935881 0.556880
vt 0.938821 0.553661
vt 0.928271 0.542110
vt 0.925724 0.545802
vt 0.884486 0.175432
vt 0.880841 0.179423
vt 0.888663 0.187987
vt 0.893021 0.184731
vt 0.896964 0.181884
vt 0.905798 0.192328
vt 0.910455 0.190216
vt 0.901189 0.179342
vt 0.891071 0.168221
vt 0.894011 0.165002
vt 0.883462 0.153451
vt 0.880914 0.157143
vt 0.929296 0.794222
vt 0.925651 0.798213
vt 0.933473 0.806778
vt 0.937831 0.803522
vt 0.941774 0.800675
vt 0.955264 0.809007
vt 0.945999 0.798133
vt 0.935881 0.787012
vt 0.938821 0.783793
vt 0.928271 0.772241
vt 0.925724 0.775933
vt 0.878847 0.857243
vt 0.883694 0.857243
vt 0.883694 0.813190
vt 0.878843 0.812018
vt 0.874191 0.811079
vt 0.869725 0.762802
vt 0.869538 0.809718
vt 0.869534 0.857243
vt 0.865068 0.857243
vt 0.865068 0.905519
vt 0.869538 0.904767
vt 0.871357 0.362549
vt 0.876204 0.362549
vt 0.876204 0.318497
vt 0.871353 0.317324
vt 0.866701 0.316385
vt 0.862235 0.268109
vt 0.862048 0.315025
vt 0.862044 0.362549
vt 0.857578 0.362549
vt 0.857578 0.410826
vt 0.862048 0.410074
vt 0.946142 0.673316
vt 0.941295 0.673316
vt 0.941295 0.717368
vt 0.946146 0.718541
vt 0.950798 0.719480
vt 0.950608 0.765644
vt 0.955264 0.767756
vt 0.955451 0.720840
vt 0.955455 0.673316
vt 0.959921 0.673316
vt 0.959921 0.625039
vt 0.955451 0.625791
vt 0.335344 0.101402
vt 0.335344 0.106709
vt 0.375577 0.106709
vt 0.376648 0.101397
vt 0.377506 0.096303
vt 0.421597 0.091413
vt 0.378748 0.091209
vt 0.335344 0.091205
vt 0.335344 0.086315
vt 0.291253 0.086315
vt 0.291940 0.091209
vt 0.946142 0.903447
vt 0.941295 0.903447
vt 0.941295 0.947500
vt 0.946146 0.948673
vt 0.950798 0.949612
vt 0.950608 0.995776
vt 0.955264 0.997888
vt 0.955451 0.950972
vt 0.955455 0.903448
vt 0.959921 0.903448
vt 0.959921 0.855171
vt 0.955451 0.855923
vt 0.784730 0.156987
vt 0.784730 0.162293
vt 0.824963 0.162293
vt 0.826034 0.156982
vt 0.826892 0.151888
vt 0.870983 0.146998
vt 0.828135 0.146794
vt 0.784730 0.146790
vt 0.784730 0.141900
vt 0.740639 0.141900
vt 0.741326 0.146794
vt 0.455180 0.009511
vt 0.455180 0.004204
vt 0.414947 0.004204
vt 0.413876 0.009516
vt 0.413018 0.014610
vt 0.370856 0.014401
vt 0.368927 0.019500
vt 0.411776 0.019704
vt 0.455180 0.019708
vt 0.455180 0.024598
vt 0.499271 0.024598
vt 0.498585 0.019704
vt 0.458925 0.049936
vt 0.458925 0.055243
vt 0.499159 0.055243
vt 0.500229 0.049932
vt 0.501087 0.044838
vt 0.543249 0.045046
vt 0.545178 0.039948
vt 0.502330 0.039744
vt 0.458925 0.039739
vt 0.458925 0.034849
vt 0.414834 0.034849
vt 0.415521 0.039743
vt 0.707547 0.266548
vt 0.704703 0.263434
vt 0.696881 0.271998
vt 0.700147 0.274722
vt 0.704382 0.277225
vt 0.698371 0.284787
vt 0.703028 0.286899
vt 0.708325 0.280040
vt 0.714132 0.273759
vt 0.717873 0.277854
vt 0.722968 0.272276
vt 0.719869 0.267400
vt 0.924314 0.906982
vt 0.928632 0.906982
vt 0.928632 0.881284
vt 0.924302 0.881975
vt 0.919657 0.883396
vt 0.919320 0.859809
vt 0.914663 0.861921
vt 0.915014 0.884392
vt 0.915001 0.906982
vt 0.910007 0.906982
vt 0.910007 0.928456
vt 0.915014 0.929572
vt 0.883557 0.607647
vt 0.880712 0.604532
vt 0.872890 0.613097
vt 0.876156 0.615820
vt 0.880391 0.618323
vt 0.879037 0.627997
vt 0.884335 0.621139
vt 0.890142 0.614857
vt 0.893883 0.618953
vt 0.898977 0.613375
vt 0.895879 0.608499
vt 0.869387 0.673057
vt 0.865068 0.673057
vt 0.865068 0.698755
vt 0.869399 0.698064
vt 0.874043 0.696643
vt 0.874381 0.720230
vt 0.879037 0.718118
vt 0.878687 0.695647
vt 0.878700 0.673057
vt 0.883694 0.673057
vt 0.883694 0.651583
vt 0.878687 0.650467
vt 0.825665 0.979756
vt 0.828509 0.982871
vt 0.836331 0.974306
vt 0.833065 0.971583
vt 0.828830 0.969080
vt 0.830184 0.959406
vt 0.824887 0.966264
vt 0.819079 0.972546
vt 0.815339 0.968450
vt 0.810244 0.974028
vt 0.813342 0.978904
vt 0.839835 0.914346
vt 0.844153 0.914346
vt 0.844153 0.888648
vt 0.839822 0.889339
vt 0.835178 0.890760
vt 0.834840 0.867173
vt 0.830184 0.869285
vt 0.830535 0.891756
vt 0.830522 0.914346
vt 0.825527 0.914346
vt 0.825527 0.935820
vt 0.830535 0.936936
vt 0.827027 0.266548
vt 0.829872 0.263434
vt 0.822049 0.254869
vt 0.819562 0.258445
vt 0.817276 0.263082
vt 0.808441 0.261600
vt 0.814705 0.267400
vt 0.820442 0.273759
vt 0.816701 0.277854
vt 0.821795 0.283432
vt 0.826249 0.280040
vt 0.767287 0.251033
vt 0.767287 0.246305
vt 0.743817 0.246305
vt 0.744449 0.251047
vt 0.745746 0.256132
vt 0.726133 0.261600
vt 0.746655 0.261216
vt 0.767287 0.261230
vt 0.767287 0.266698
vt 0.786900 0.266698
vt 0.787919 0.261216
vt 0.116480 0.115765
vt 0.116480 0.104870
vt 0.111037 0.104870
vt 0.111037 0.115765
vt 0.111037 0.126660
vt 0.105594 0.137555
vt 0.111037 0.137555
vt 0.116480 0.137555
vt 0.116480 0.148450
vt 0.121924 0.148450
vt 0.121924 0.137555
vt 0.063683 0.115765
vt 0.063683 0.104870
vt 0.042728 0.104870
vt 0.042728 0.115765
vt 0.042728 0.126660
vt 0.021773 0.137555
vt 0.042728 0.137555
vt 0.063683 0.137555
vt 0.063683 0.148450
vt 0.084639 0.148450
vt 0.084639 0.137555
vt 0.010886 0.115765
vt 0.010886 0.104870
vt 0.005443 0.104870
vt 0.005443 0.115765
vt 0.005443 0.126660
vt 0.000000 0.126660
vt 0.000000 0.137555
vt 0.005443 0.137555
vt 0.010886 0.137555
vt 0.010886 0.148450
vt 0.016330 0.148450
vt 0.016330 0.137555
vt 0.202453 0.305366
vt 0.202453 0.315563
vt 0.222066 0.315563
vt 0.222066 0.305366
vt 0.222066 0.295169
vt 0.241679 0.295169
vt 0.241679 0.284972
vt 0.222066 0.284972
vt 0.202453 0.284972
vt 0.202453 0.274775
vt 0.182841 0.274775
vt 0.182841 0.284972
vt 0.116480 0.169596
vt 0.116480 0.158701
vt 0.111037 0.158701
vt 0.111037 0.169596
vt 0.111037 0.180491
vt 0.105594 0.191386
vt 0.111037 0.191386
vt 0.116480 0.191386
vt 0.116480 0.202281
vt 0.121924 0.202281
vt 0.121924 0.191386
vt 0.063683 0.169596
vt 0.063683 0.158701
vt 0.042728 0.158701
vt 0.042728 0.169596
vt 0.042728 0.180491
vt 0.021773 0.191386
vt 0.042728 0.191386
vt 0.063683 0.191386
vt 0.063683 0.202281
vt 0.084639 0.202281
vt 0.084639 0.191386
vt 0.010886 0.169596
vt 0.010886 0.158701
vt 0.005443 0.158701
vt 0.005443 0.169596
vt 0.005443 0.180491
vt 0.000000 0.180491
vt 0.000000 0.191386
vt 0.005443 0.191386
vt 0.010886 0.191386
vt 0.010886 0.202281
vt 0.016330 0.202281
vt 0.016330 0.191386
vt 0.210928 0.917287
vt 0.201615 0.917287
vt 0.201615 0.938762
vt 0.210928 0.938762
vt 0.220241 0.938762
vt 0.220241 0.960236
vt 0.229554 0.960236
vt 0.229554 0.938762
vt 0.229554 0.917287
vt 0.238867 0.917287
vt 0.238867 0.895813
vt 0.229554 0.895813
vt 0.563699 0.734303
vt 0.606201 0.787443
vt 0.606201 0.734303
vt 0.606201 0.681164
vt 0.648703 0.628025
vt 0.606201 0.628025
vt 0.563699 0.628025
vt 0.563699 0.574885
vt 0.521196 0.574885
vt 0.521196 0.628025
vt 0.353843 0.748487
vt 0.394077 0.798790
vt 0.394077 0.748487
vt 0.394077 0.698185
vt 0.434310 0.698185
vt 0.434310 0.647882
vt 0.394077 0.647882
vt 0.353843 0.647882
vt 0.353843 0.597579
vt 0.313610 0.597579
vt 0.313610 0.647882
vt 0.118057 0.484743
vt 0.160560 0.537882
vt 0.160560 0.484743
vt 0.160560 0.431604
vt 0.203062 0.378464
vt 0.160560 0.378464
vt 0.118057 0.378464
vt 0.118057 0.325325
vt 0.075555 0.325325
vt 0.075555 0.378464
vt 0.480615 0.476530
vt 0.434674 0.520582
vt 0.480615 0.520582
vt 0.526557 0.520582
vt 0.526557 0.564635
vt 0.572498 0.564635
vt 0.572498 0.520582
vt 0.572498 0.476530
vt 0.618440 0.476530
vt 0.618440 0.432477
vt 0.572498 0.432477
vt 0.239357 0.159217
vt 0.239357 0.126587
vt 0.219745 0.126587
vt 0.222240 0.152227
vt 0.214650 0.164795
vt 0.189943 0.137743
vt 0.184849 0.143321
vt 0.203172 0.173105
vt 0.209556 0.191847
vt 0.179754 0.191847
vt 0.179754 0.213321
vt 0.203172 0.210589
vt 0.214650 0.218899
vt 0.189943 0.245952
vt 0.195038 0.251530
vt 0.222240 0.231467
vt 0.239357 0.224477
vt 0.239357 0.257108
vt 0.258970 0.257108
vt 0.256474 0.231467
vt 0.264064 0.218899
vt 0.288771 0.245952
vt 0.293865 0.240374
vt 0.275542 0.210589
vt 0.269159 0.191847
vt 0.298960 0.191847
vt 0.298960 0.170373
vt 0.275542 0.173105
vt 0.702507 0.534202
vt 0.702507 0.543884
vt 0.718300 0.533509
vt 0.718300 0.523826
vt 0.718300 0.514144
vt 0.734093 0.503768
vt 0.734093 0.494086
vt 0.718300 0.504461
vt 0.702507 0.514836
vt 0.702507 0.505154
vt 0.686715 0.515529
vt 0.686715 0.525212
vt 0.651903 0.535587
vt 0.651903 0.525904
vt 0.642394 0.525904
vt 0.642394 0.535587
vt 0.642394 0.545269
vt 0.632885 0.545269
vt 0.632885 0.554952
vt 0.642394 0.554952
vt 0.651903 0.554952
vt 0.651903 0.564635
vt 0.661413 0.564635
vt 0.661412 0.554952
vt 0.986835 0.648794
vt 0.986835 0.636493
vt 0.980252 0.636493
vt 0.980252 0.648794
vt 0.980252 0.661095
vt 0.973670 0.661095
vt 0.973670 0.673396
vt 0.980252 0.673396
vt 0.986835 0.673396
vt 0.986835 0.685697
vt 0.993417 0.685697
vt 0.993417 0.673396
vt 0.766171 0.773125
vt 0.766171 0.782808
vt 0.781964 0.793183
vt 0.781964 0.783501
vt 0.781964 0.773818
vt 0.797756 0.784193
vt 0.797756 0.774511
vt 0.781964 0.764135
vt 0.766171 0.753760
vt 0.766171 0.744078
vt 0.750378 0.733702
vt 0.750378 0.743385
vt 0.715567 0.733010
vt 0.715567 0.723327
vt 0.706057 0.723327
vt 0.706057 0.733010
vt 0.706057 0.742692
vt 0.696548 0.742692
vt 0.696548 0.752375
vt 0.706057 0.752375
vt 0.715567 0.752375
vt 0.715567 0.762057
vt 0.725076 0.762057
vt 0.725076 0.752375
vt 0.986835 0.359094
vt 0.986835 0.371395
vt 0.993417 0.371395
vt 0.993417 0.359094
vt 0.993417 0.346793
vt 1.000000 0.346793
vt 1.000000 0.334491
vt 0.993417 0.334491
vt 0.986835 0.334491
vt 0.986835 0.322190
vt 0.980252 0.322190
vt 0.980252 0.334491
vt 0.766171 0.969567
vt 0.766171 0.979250
vt 0.781964 0.968874
vt 0.781964 0.959192
vt 0.781964 0.949509
vt 0.797756 0.939134
vt 0.797756 0.929451
vt 0.781964 0.939827
vt 0.766171 0.950202
vt 0.766171 0.940519
vt 0.750378 0.950894
vt 0.750378 0.960577
vt 0.715567 0.970952
vt 0.715567 0.961270
vt 0.706057 0.961270
vt 0.706057 0.970952
vt 0.706057 0.980635
vt 0.696548 0.980635
vt 0.696548 0.990317
vt 0.706057 0.990317
vt 0.715567 0.990317
vt 0.715567 1.000000
vt 0.725076 1.000000
vt 0.725076 0.990317
vt 0.986835 0.104247
vt 0.986835 0.116548
vt 0.993417 0.116548
vt 0.993417 0.104247
vt 0.993417 0.091946
vt 1.000000 0.091946
vt 1.000000 0.079644
vt 0.993417 0.079644
vt 0.986835 0.079644
vt 0.986835 0.067343
vt 0.980252 0.067343
vt 0.980252 0.079644
vt 0.702507 0.337760
vt 0.702507 0.347442
vt 0.718300 0.357818
vt 0.718300 0.348135
vt 0.718300 0.338452
vt 0.734093 0.348828
vt 0.734093 0.339145
vt 0.718300 0.328770
vt 0.702507 0.318395
vt 0.702507 0.308712
vt 0.686715 0.298337
vt 0.686715 0.308019
vt 0.651903 0.297644
vt 0.651903 0.287962
vt 0.642394 0.287962
vt 0.642394 0.297644
vt 0.642394 0.307327
vt 0.632885 0.307327
vt 0.632885 0.317009
vt 0.642394 0.317009
vt 0.651903 0.317009
vt 0.651903 0.326692
vt 0.661413 0.326692
vt 0.661412 0.317009
vt 0.986835 0.393947
vt 0.986835 0.381646
vt 0.980252 0.381646
vt 0.980252 0.393947
vt 0.980252 0.406248
vt 0.973670 0.406248
vt 0.973670 0.418549
vt 0.980252 0.418549
vt 0.986835 0.418549
vt 0.986835 0.430850
vt 0.993417 0.430850
vt 0.993417 0.418549
vt 0.470431 0.893721
vt 0.478694 0.893721
vt 0.478694 0.840582
vt 0.470431 0.840582
vt 0.462168 0.840582
vt 0.453904 0.787443
vt 0.453904 0.840582
vt 0.453904 0.893721
vt 0.445641 0.893721
vt 0.445641 0.946861
vt 0.453904 0.946861
vt 0.227852 0.644161
vt 0.236115 0.644161
vt 0.236115 0.591022
vt 0.227852 0.591022
vt 0.219588 0.591022
vt 0.211325 0.537882
vt 0.211325 0.591022
vt 0.211325 0.644161
vt 0.203062 0.644161
vt 0.203062 0.697300
vt 0.211325 0.697300
vt 0.024790 0.644161
vt 0.033053 0.644161
vt 0.033053 0.591022
vt 0.024790 0.591022
vt 0.016526 0.591022
vt 0.008263 0.537882
vt 0.008263 0.591022
vt 0.008263 0.644161
vt 0.000000 0.644161
vt 0.000000 0.697300
vt 0.008263 0.697300
vt 0.673493 0.893721
vt 0.681756 0.893721
vt 0.681756 0.840582
vt 0.673493 0.840582
vt 0.665230 0.840582
vt 0.656966 0.787443
vt 0.656966 0.840582
vt 0.656966 0.893721
vt 0.648703 0.893721
vt 0.648703 0.946861
vt 0.656966 0.946861
vt 0.312027 0.062528
vt 0.356118 0.062528
vt 0.356118 0.055760
vt 0.312027 0.055760
vt 0.267936 0.055760
vt 0.267936 0.048992
vt 0.223845 0.048992
vt 0.223845 0.055760
vt 0.223845 0.062528
vt 0.179754 0.062528
vt 0.179754 0.069296
vt 0.223845 0.069296
vt 0.986835 0.167958
vt 0.980252 0.116548
vt 0.980252 0.167958
vt 0.980252 0.219369
vt 0.973670 0.219369
vt 0.973670 0.270780
vt 0.980252 0.270780
vt 0.986835 0.270780
vt 0.993417 0.322190
vt 0.993417 0.270780
vt 0.154668 0.154005
vt 0.154668 0.202281
vt 0.160849 0.202281
vt 0.160849 0.154005
vt 0.160849 0.105729
vt 0.167031 0.105729
vt 0.167031 0.057452
vt 0.160849 0.057452
vt 0.154668 0.057452
vt 0.154668 0.009176
vt 0.148487 0.009176
vt 0.148487 0.057452
vt 0.986835 0.585082
vt 0.993417 0.636493
vt 0.993417 0.585082
vt 0.993417 0.533672
vt 1.000000 0.533672
vt 1.000000 0.482261
vt 0.993417 0.482261
vt 0.986835 0.482261
vt 0.980252 0.430850
vt 0.980252 0.482261
vt 0.042090 0.231801
vt 0.000000 0.231801
vt 0.000000 0.241435
vt 0.042090 0.241435
vt 0.084179 0.241435
vt 0.126269 0.251070
vt 0.126269 0.241435
vt 0.126269 0.231801
vt 0.168358 0.231801
vt 0.168358 0.222167
vt 0.126269 0.222167
vt 0.715567 0.911467
vt 0.725076 0.961270
vt 0.725076 0.911467
vt 0.725076 0.861664
vt 0.734585 0.811861
vt 0.725076 0.811861
vt 0.715567 0.811861
vt 0.706057 0.762057
vt 0.706057 0.811861
vt 0.766575 0.429758
vt 0.766575 0.475843
vt 0.775374 0.475843
vt 0.775374 0.429758
vt 0.775374 0.383674
vt 0.784173 0.337589
vt 0.775374 0.337589
vt 0.766575 0.337589
vt 0.766575 0.291504
vt 0.757776 0.291504
vt 0.757776 0.337589
vt 0.651903 0.476101
vt 0.661413 0.525904
vt 0.661413 0.476101
vt 0.661413 0.426298
vt 0.670922 0.376495
vt 0.661413 0.376495
vt 0.651903 0.376495
vt 0.642394 0.326692
vt 0.642394 0.376495
vt 0.699869 0.465726
vt 0.718300 0.494779
vt 0.715404 0.460758
vt 0.715662 0.426298
vt 0.734093 0.426298
vt 0.734093 0.397245
vt 0.715404 0.391838
vt 0.699869 0.386870
vt 0.686715 0.337067
vt 0.684306 0.379234
vt 0.810960 0.420158
vt 0.813401 0.456642
vt 0.828015 0.447041
vt 0.825335 0.415561
vt 0.825573 0.383674
vt 0.842629 0.383674
vt 0.842629 0.356790
vt 0.825335 0.351786
vt 0.810960 0.347189
vt 0.813401 0.310705
vt 0.798787 0.301105
vt 0.796559 0.340124
vt 0.763532 0.901091
vt 0.781964 0.930144
vt 0.779067 0.896124
vt 0.779325 0.861664
vt 0.797756 0.861664
vt 0.797756 0.832611
vt 0.779067 0.827204
vt 0.763532 0.822236
vt 0.750378 0.772433
vt 0.747969 0.814600
vt 0.050858 0.280399
vt 0.017537 0.283072
vt 0.026305 0.299073
vt 0.055056 0.296138
vt 0.084179 0.296400
vt 0.084179 0.315074
vt 0.108732 0.315074
vt 0.113302 0.296138
vt 0.117500 0.280399
vt 0.150821 0.283072
vt 0.159590 0.267071
vt 0.123954 0.264631
vt 0.242615 0.800675
vt 0.251449 0.811119
vt 0.256106 0.809007
vt 0.246840 0.798133
vt 0.236722 0.787012
vt 0.239662 0.783793
vt 0.229113 0.772242
vt 0.226565 0.775933
vt 0.224243 0.780560
vt 0.214705 0.770887
vt 0.212777 0.775986
vt 0.221643 0.784878
vt 0.812190 0.207324
vt 0.802652 0.216996
vt 0.804581 0.222094
vt 0.814512 0.211950
vt 0.824669 0.200871
vt 0.827609 0.204090
vt 0.838159 0.192539
vt 0.834787 0.189750
vt 0.830562 0.187208
vt 0.839396 0.176764
vt 0.834740 0.174652
vt 0.826619 0.184361
vt 0.036518 0.780560
vt 0.046057 0.770887
vt 0.044128 0.765789
vt 0.034197 0.775933
vt 0.024040 0.787012
vt 0.021100 0.783793
vt 0.010550 0.795344
vt 0.013922 0.798133
vt 0.018147 0.800675
vt 0.009313 0.811119
vt 0.013969 0.813231
vt 0.022090 0.803522
vt 0.606093 0.187208
vt 0.597260 0.176764
vt 0.592603 0.178876
vt 0.601868 0.189750
vt 0.611987 0.200871
vt 0.609046 0.204090
vt 0.619596 0.215642
vt 0.622143 0.211950
vt 0.624465 0.207324
vt 0.634003 0.216996
vt 0.635932 0.211897
vt 0.627065 0.203006
vt 0.946525 0.241605
vt 0.956063 0.231933
vt 0.954134 0.226834
vt 0.944203 0.236979
vt 0.934047 0.248058
vt 0.931106 0.244838
vt 0.920556 0.256389
vt 0.923928 0.259178
vt 0.928153 0.261721
vt 0.919320 0.272164
vt 0.923976 0.274276
vt 0.932097 0.264568
vt 0.478415 0.161767
vt 0.487953 0.152094
vt 0.486024 0.146996
vt 0.476093 0.157141
vt 0.465936 0.168219
vt 0.462996 0.165000
vt 0.452446 0.176551
vt 0.455818 0.179340
vt 0.460043 0.181883
vt 0.451209 0.192326
vt 0.455866 0.194438
vt 0.463986 0.184729
vt 0.928153 0.467265
vt 0.919320 0.456822
vt 0.914663 0.458933
vt 0.923928 0.469807
vt 0.934047 0.480928
vt 0.931106 0.484148
vt 0.941656 0.495699
vt 0.944203 0.492007
vt 0.946525 0.487381
vt 0.956063 0.497053
vt 0.957992 0.491955
vt 0.949125 0.483063
vt 0.684511 0.181882
vt 0.693345 0.192326
vt 0.698001 0.190214
vt 0.688736 0.179340
vt 0.678618 0.168219
vt 0.681558 0.165000
vt 0.671009 0.153449
vt 0.668461 0.157141
vt 0.666139 0.161767
vt 0.656601 0.152094
vt 0.654673 0.157193
vt 0.663539 0.166085
vt 0.676165 0.217204
vt 0.632074 0.222094
vt 0.674923 0.222299
vt 0.718328 0.222303
vt 0.718328 0.227193
vt 0.762419 0.227193
vt 0.761732 0.222299
vt 0.760490 0.217204
vt 0.800723 0.211897
vt 0.759632 0.212110
vt 0.172543 0.770679
vt 0.216634 0.765789
vt 0.173785 0.765585
vt 0.130381 0.765581
vt 0.130381 0.760690
vt 0.086290 0.760690
vt 0.086977 0.765585
vt 0.088219 0.770679
vt 0.047985 0.775986
vt 0.089077 0.775773
vt 0.937854 0.073289
vt 0.938044 0.027124
vt 0.933388 0.025012
vt 0.933201 0.071929
vt 0.933197 0.119453
vt 0.928731 0.119453
vt 0.928731 0.167729
vt 0.933201 0.166977
vt 0.937854 0.165617
vt 0.938044 0.211782
vt 0.942700 0.209670
vt 0.942506 0.164678
vt 0.225774 0.028752
vt 0.183612 0.028544
vt 0.181683 0.033642
vt 0.224532 0.033846
vt 0.267936 0.033851
vt 0.267936 0.038741
vt 0.312027 0.038741
vt 0.311340 0.033846
vt 0.310098 0.028752
vt 0.352260 0.028544
vt 0.350332 0.023445
vt 0.309240 0.023658
vt 0.614439 0.151886
vt 0.658530 0.146996
vt 0.615681 0.146792
vt 0.572277 0.146788
vt 0.572277 0.141898
vt 0.528186 0.141898
vt 0.528873 0.146792
vt 0.530115 0.151886
vt 0.489882 0.157193
vt 0.530973 0.156980
vt 0.919129 0.318329
vt 0.914663 0.270052
vt 0.914477 0.316968
vt 0.914473 0.364493
vt 0.910007 0.364493
vt 0.910007 0.412769
vt 0.914477 0.412017
vt 0.919129 0.410657
vt 0.923976 0.454710
vt 0.923782 0.409718
vt 0.607752 0.030506
vt 0.565590 0.030298
vt 0.563661 0.035396
vt 0.606510 0.035600
vt 0.649914 0.035604
vt 0.649914 0.040495
vt 0.694005 0.040495
vt 0.693319 0.035600
vt 0.692076 0.030506
vt 0.734239 0.030298
vt 0.732310 0.025199
vt 0.691218 0.025412
vt 0.251639 0.949612
vt 0.251449 0.995776
vt 0.256106 0.997888
vt 0.256292 0.950972
vt 0.256296 0.903448
vt 0.260762 0.903448
vt 0.260762 0.855171
vt 0.256292 0.855923
vt 0.251639 0.857283
vt 0.246793 0.813231
vt 0.246987 0.858223
vt 0.028240 0.983222
vt 0.035146 0.989803
vt 0.037075 0.984705
vt 0.030811 0.978904
vt 0.025074 0.972546
vt 0.028815 0.968450
vt 0.023720 0.962872
vt 0.019267 0.966264
vt 0.015323 0.969080
vt 0.009313 0.961518
vt 0.004656 0.963630
vt 0.011088 0.971583
vt 0.008975 0.937932
vt 0.013969 0.959406
vt 0.013619 0.936936
vt 0.013632 0.914346
vt 0.018626 0.914346
vt 0.018626 0.892871
vt 0.013619 0.891756
vt 0.008975 0.890760
vt 0.009313 0.867173
vt 0.004656 0.865062
vt 0.004331 0.889339
vt 0.049027 0.822476
vt 0.043017 0.830038
vt 0.047673 0.832150
vt 0.052971 0.825292
vt 0.058778 0.819010
vt 0.062519 0.823106
vt 0.067613 0.817528
vt 0.064515 0.812652
vt 0.061944 0.808334
vt 0.068850 0.801753
vt 0.066921 0.796655
vt 0.059657 0.803697
vt 0.090391 0.801383
vt 0.070779 0.806852
vt 0.091301 0.806467
vt 0.111933 0.806482
vt 0.111933 0.811950
vt 0.131545 0.811950
vt 0.132564 0.806467
vt 0.133474 0.801383
vt 0.155015 0.801753
vt 0.156944 0.796655
vt 0.134771 0.796298
vt 0.161922 0.808334
vt 0.153087 0.806852
vt 0.159350 0.812652
vt 0.165087 0.819010
vt 0.161347 0.823106
vt 0.166441 0.828684
vt 0.170894 0.825292
vt 0.174838 0.822476
vt 0.180848 0.830038
vt 0.185505 0.827926
vt 0.179073 0.819973
vt 0.705523 0.685273
vt 0.705861 0.708859
vt 0.710518 0.706747
vt 0.710167 0.684277
vt 0.710180 0.661687
vt 0.715174 0.661687
vt 0.715174 0.640213
vt 0.710167 0.639097
vt 0.705523 0.638101
vt 0.705861 0.614515
vt 0.701205 0.612403
vt 0.700879 0.636680
vt 0.141134 0.969080
vt 0.147144 0.961518
vt 0.142488 0.959406
vt 0.137190 0.966264
vt 0.131383 0.972546
vt 0.127642 0.968450
vt 0.122548 0.974028
vt 0.125646 0.978904
vt 0.128218 0.983222
vt 0.121311 0.989803
vt 0.123240 0.994902
vt 0.130504 0.987859
vt 0.099770 0.990173
vt 0.119382 0.984705
vt 0.098860 0.985089
vt 0.078229 0.985075
vt 0.078229 0.979606
vt 0.058616 0.979606
vt 0.057597 0.985089
vt 0.056687 0.990173
vt 0.033217 0.994902
vt 0.055390 0.995258
vt 0.893370 0.109859
vt 0.898813 0.109859
vt 0.898813 0.098963
vt 0.893370 0.098963
vt 0.887926 0.098963
vt 0.887926 0.088068
vt 0.882483 0.088068
vt 0.882483 0.098964
vt 0.882483 0.109859
vt 0.877040 0.109859
vt 0.877040 0.120754
vt 0.882483 0.120754
vt 0.856085 0.109859
vt 0.877040 0.098963
vt 0.856085 0.098964
vt 0.835129 0.098964
vt 0.835129 0.088068
vt 0.814174 0.088068
vt 0.814174 0.098964
vt 0.814174 0.109859
vt 0.793219 0.109859
vt 0.793219 0.120754
vt 0.814174 0.120754
vt 0.787775 0.109859
vt 0.793219 0.098963
vt 0.787775 0.098964
vt 0.782332 0.098963
vt 0.782332 0.088068
vt 0.776889 0.088068
vt 0.776889 0.098963
vt 0.776889 0.109859
vt 0.771446 0.109859
vt 0.771446 0.120754
vt 0.776889 0.120754
vt 0.831265 0.788284
vt 0.831266 0.766810
vt 0.821953 0.766810
vt 0.821953 0.788284
vt 0.821953 0.809759
vt 0.812640 0.809759
vt 0.812640 0.831233
vt 0.821953 0.831233
vt 0.831265 0.831233
vt 0.831266 0.852707
vt 0.840578 0.852707
vt 0.840578 0.831233
vt 0.121924 0.072829
vt 0.127367 0.072829
vt 0.127367 0.061934
vt 0.121924 0.061934
vt 0.116480 0.061934
vt 0.116480 0.051039
vt 0.111037 0.051039
vt 0.111037 0.061934
vt 0.111037 0.072829
vt 0.105594 0.072829
vt 0.105594 0.083724
vt 0.111037 0.083724
vt 0.084639 0.072829
vt 0.105594 0.061934
vt 0.084639 0.061934
vt 0.063683 0.061934
vt 0.063683 0.051039
vt 0.042728 0.051039
vt 0.042728 0.061934
vt 0.042728 0.072829
vt 0.021773 0.072829
vt 0.021773 0.083724
vt 0.042728 0.083724
vt 0.016330 0.072829
vt 0.021773 0.061934
vt 0.016330 0.061934
vt 0.010886 0.061934
vt 0.010886 0.051039
vt 0.005443 0.051039
vt 0.005443 0.061934
vt 0.005443 0.072829
vt 0.000000 0.072829
vt 0.000000 0.083724
vt 0.005443 0.083724
vt 0.058838 0.020394
vt 0.078450 0.020394
vt 0.078450 0.010197
vt 0.058838 0.010197
vt 0.039225 0.010197
vt 0.039225 0.000000
vt 0.019613 0.000000
vt 0.019613 0.010197
vt 0.019613 0.020394
vt 0.000000 0.020394
vt 0.000000 0.030591
vt 0.019613 0.030591
vt 0.521196 0.893721
vt 0.478694 0.946861
vt 0.521196 0.946861
vt 0.563699 0.946861
vt 0.563699 1.000000
vt 0.606201 1.000000
vt 0.606201 0.946861
vt 0.606201 0.893721
vt 0.648703 0.840582
vt 0.606201 0.840582
vt 0.313610 0.899395
vt 0.273376 0.899395
vt 0.273376 0.949697
vt 0.313610 0.949697
vt 0.353843 0.949697
vt 0.353843 1.000000
vt 0.394077 1.000000
vt 0.394077 0.949697
vt 0.394077 0.899395
vt 0.434310 0.899395
vt 0.434310 0.849092
vt 0.394077 0.849092
vt 0.075555 0.644161
vt 0.033053 0.697300
vt 0.075555 0.697300
vt 0.118057 0.697300
vt 0.118057 0.750440
vt 0.160560 0.750440
vt 0.160560 0.697300
vt 0.160560 0.644161
vt 0.203062 0.591022
vt 0.160560 0.591022
vt 0.342790 0.432477
vt 0.342790 0.388425
vt 0.296849 0.388425
vt 0.296849 0.432477
vt 0.296849 0.476530
vt 0.250907 0.476530
vt 0.250907 0.520582
vt 0.296849 0.520582
vt 0.342790 0.520582
vt 0.342790 0.564635
vt 0.388732 0.564635
vt 0.388732 0.520582
vt 0.310825 0.234796
vt 0.315920 0.240374
vt 0.370428 0.191847
vt 0.503594 0.309005
vt 0.466956 0.343590
vt 0.468221 0.309005
vt 0.485908 0.288182
vt 1.000000 0.745153
vt 1.000000 0.732852
vt 0.986835 0.720551
vt 0.812148 0.516268
vt 0.780563 0.517653
vt 0.812148 0.477538
vt 0.831167 0.496903
vt 0.757037 0.102817
vt 0.745803 0.102817
vt 0.734568 0.117232
vt 0.812148 0.754210
vt 0.780563 0.714095
vt 0.812148 0.715480
vt 0.831167 0.734845
vt 0.524284 0.102817
vt 0.513049 0.102817
vt 0.501814 0.117232
vt 0.286280 0.309005
vt 0.287545 0.343590
vt 0.250907 0.309005
vt 0.268593 0.288182
vt 1.000000 1.000000
vt 1.000000 0.987699
vt 0.986835 0.975398
vt 0.478694 0.574885
vt 0.470431 0.574885
vt 0.462168 0.681164
vt 0.236115 0.325325
vt 0.227852 0.325325
vt 0.219588 0.431604
vt 0.033053 0.325325
vt 0.024790 0.325325
vt 0.016526 0.431604
vt 0.681756 0.574885
vt 0.673493 0.574885
vt 0.665230 0.681164
vt 0.629495 0.065494
vt 0.585404 0.065494
vt 0.541313 0.079030
vt 0.524284 0.131647
vt 0.571238 0.131647
vt 0.618191 0.117232
vt 0.820484 0.050745
vt 0.776393 0.050745
vt 0.732302 0.064282
vt 0.973670 0.745153
vt 0.973670 0.796564
vt 0.986835 0.847974
vt 0.516794 0.193834
vt 0.516794 0.239919
vt 0.534392 0.286004
vt 0.850185 0.715480
vt 0.850185 0.665677
vt 0.831167 0.615874
vt 0.029959 0.947049
vt 0.072049 0.947049
vt 0.114138 0.927780
vt 0.468221 0.267358
vt 0.422736 0.267358
vt 0.377251 0.288182
vt 0.377251 0.337812
vt 0.029959 0.908512
vt 0.114138 0.881856
vt 0.785839 0.615874
vt 0.551991 0.193834
vt 0.576336 0.286004
vt 0.907492 0.484913
vt 0.899670 0.476348
vt 0.884559 0.475765
vt 0.883694 0.769138
vt 0.891516 0.760573
vt 0.892048 0.744027
vt 0.876204 0.274444
vt 0.884026 0.265880
vt 0.884559 0.249334
vt 0.914982 0.979606
vt 0.907160 0.971042
vt 0.892048 0.970459
vt 0.415811 0.106709
vt 0.423633 0.115273
vt 0.438745 0.115856
vt 0.910007 0.550952
vt 0.917829 0.559517
vt 0.932940 0.560100
vt 0.865197 0.162293
vt 0.873019 0.170858
vt 0.888131 0.171441
vt 0.910007 0.781084
vt 0.917829 0.789649
vt 0.932940 0.790232
vt 0.883694 0.945348
vt 0.883694 0.901295
vt 0.874000 0.857243
vt 0.876204 0.450654
vt 0.876204 0.406602
vt 0.866511 0.362549
vt 0.941295 0.585211
vt 0.941295 0.629263
vt 0.950988 0.673316
vt 0.254877 0.106709
vt 0.295111 0.106709
vt 0.335344 0.096095
vt 0.941295 0.815342
vt 0.941295 0.859395
vt 0.950988 0.903448
vt 0.704263 0.162293
vt 0.744497 0.162293
vt 0.784730 0.151680
vt 0.535647 0.004204
vt 0.495414 0.004204
vt 0.455180 0.014818
vt 0.378458 0.055243
vt 0.418692 0.055243
vt 0.458925 0.044629
vt 0.720347 0.246305
vt 0.712525 0.254869
vt 0.710392 0.269663
vt 0.928632 0.958378
vt 0.928632 0.932680
vt 0.919995 0.906982
vt 0.896356 0.587403
vt 0.888534 0.595968
vt 0.886401 0.610761
vt 0.865068 0.621661
vt 0.865068 0.647359
vt 0.873705 0.673057
vt 0.812865 1.000000
vt 0.820687 0.991435
vt 0.822820 0.976642
vt 0.844153 0.965742
vt 0.844153 0.940044
vt 0.835516 0.914346
vt 0.845516 0.280563
vt 0.837694 0.271998
vt 0.824182 0.269663
vt 0.814227 0.246305
vt 0.790757 0.246305
vt 0.767287 0.255762
vt 0.127367 0.104870
vt 0.121924 0.104870
vt 0.116480 0.126660
vt 0.105594 0.104870
vt 0.084639 0.104870
vt 0.063683 0.126660
vt 0.021773 0.104870
vt 0.016330 0.104870
vt 0.010886 0.126660
vt 0.163228 0.315563
vt 0.182841 0.315563
vt 0.202453 0.295169
vt 0.127367 0.158701
vt 0.121924 0.158701
vt 0.116480 0.180491
vt 0.105594 0.158701
vt 0.084639 0.158701
vt 0.063683 0.180491
vt 0.021773 0.158701
vt 0.016330 0.158701
vt 0.010886 0.180491
vt 0.201615 0.874339
vt 0.201615 0.895813
vt 0.220241 0.917287
vt 0.478694 0.787443
vt 0.563699 0.681164
vt 0.273376 0.798790
vt 0.353843 0.698185
vt 0.033053 0.537882
vt 0.118057 0.431604
vt 0.434674 0.388425
vt 0.526557 0.476530
vt 0.278582 0.126587
vt 0.258970 0.126587
vt 0.239357 0.191847
vt 0.670922 0.564635
vt 0.686715 0.554259
vt 0.702508 0.524519
vt 0.670922 0.525904
vt 0.651903 0.545269
vt 1.000000 0.636493
vt 0.986835 0.661095
vt 0.734585 0.762057
vt 0.766171 0.763443
vt 0.734585 0.723327
vt 0.725076 0.723327
vt 0.715567 0.742692
vt 0.973670 0.371395
vt 0.980252 0.371395
vt 0.986835 0.346793
vt 0.734585 1.000000
vt 0.750378 0.989625
vt 0.766171 0.959884
vt 0.734585 0.961270
vt 0.715567 0.980635
vt 0.973670 0.116548
vt 0.986835 0.091946
vt 0.670922 0.326692
vt 0.702508 0.328077
vt 0.670922 0.287962
vt 0.661413 0.287962
vt 0.651903 0.307327
vt 1.000000 0.381646
vt 0.993417 0.381646
vt 0.986835 0.406248
vt 0.478694 1.000000
vt 0.462168 0.893721
vt 0.236115 0.750440
vt 0.236115 0.697300
vt 0.219588 0.644161
vt 0.033053 0.750440
vt 0.016526 0.644161
vt 0.681756 1.000000
vt 0.681756 0.946861
vt 0.665230 0.893721
vt 0.356118 0.076064
vt 0.356118 0.069296
vt 0.267936 0.062528
vt 1.000000 0.116548
vt 0.986835 0.219369
vt 0.142306 0.202281
vt 0.148487 0.202281
vt 0.154668 0.105729
vt 0.973670 0.636493
vt 0.986835 0.533672
vt 0.000000 0.212532
vt 0.000000 0.222167
vt 0.084179 0.231801
vt 0.696548 0.961270
vt 0.715567 0.861664
vt 0.748977 0.475843
vt 0.757776 0.475843
vt 0.766575 0.383674
vt 0.632885 0.525904
vt 0.651903 0.426298
vt 0.697231 0.426298
vt 0.784173 0.475843
vt 0.798787 0.466243
vt 0.808518 0.383674
vt 0.760894 0.861664
vt 0.000000 0.251070
vt 0.008768 0.267071
vt 0.084179 0.277726
vt 0.242136 0.815343
vt 0.233782 0.790232
vt 0.798795 0.206799
vt 0.821729 0.197651
vt 0.049914 0.781084
vt 0.026980 0.790232
vt 0.606573 0.172541
vt 0.601916 0.174652
vt 0.614927 0.197651
vt 0.959921 0.242130
vt 0.957992 0.237031
vt 0.936987 0.251277
vt 0.491810 0.162291
vt 0.468876 0.171439
vt 0.928632 0.452598
vt 0.936987 0.477709
vt 0.684032 0.196550
vt 0.688688 0.194438
vt 0.675678 0.171439
vt 0.637861 0.206799
vt 0.718328 0.217413
vt 0.210848 0.781084
vt 0.130381 0.770471
vt 0.947357 0.031348
vt 0.942700 0.029236
vt 0.937663 0.119453
vt 0.187469 0.018347
vt 0.185541 0.023445
vt 0.267936 0.028960
vt 0.652744 0.162291
vt 0.572277 0.151678
vt 0.928632 0.276388
vt 0.918939 0.364493
vt 0.569448 0.020101
vt 0.567519 0.025199
vt 0.649914 0.030714
vt 0.242136 0.991553
vt 0.246793 0.993664
vt 0.251830 0.903448
vt 0.031288 1.000000
vt 0.021333 0.976642
vt 0.000000 0.965742
vt 0.008637 0.914346
vt 0.033704 0.825815
vt 0.038360 0.827926
vt 0.055037 0.814914
vt 0.064992 0.791556
vt 0.111933 0.801013
vt 0.158873 0.791556
vt 0.168828 0.814914
vt 0.696548 0.713083
vt 0.701205 0.710971
vt 0.705185 0.661687
vt 0.156457 0.965742
vt 0.151801 0.963630
vt 0.135124 0.976642
vt 0.125169 1.000000
vt 0.078229 0.990543
vt 0.898813 0.131649
vt 0.898813 0.120754
vt 0.887926 0.109859
vt 0.877040 0.131649
vt 0.835129 0.109859
vt 0.793219 0.131649
vt 0.782332 0.109859
vt 0.849891 0.766810
vt 0.840578 0.766810
vt 0.831265 0.809759
vt 0.127367 0.094619
vt 0.127367 0.083724
vt 0.116480 0.072829
vt 0.105594 0.094619
vt 0.063683 0.072829
vt 0.021773 0.094619
vt 0.010886 0.072829
vt 0.078450 0.040788
vt 0.078450 0.030591
vt 0.039225 0.020394
vt 0.563699 0.893721
vt 0.273376 0.849092
vt 0.353843 0.899395
vt 0.118057 0.644161
vt 0.388732 0.388425
vt 0.342790 0.476530
vt 0.331203 0.257108
vt 0.350815 0.257108
vt 0.409653 0.257108
vt 0.414748 0.251530
vt 0.430031 0.234796
vt 0.430031 0.213321
vt 0.430031 0.148899
vt 0.424936 0.143321
vt 0.409653 0.126587
vt 0.390041 0.126587
vt 0.331203 0.126587
vt 0.326108 0.132165
vt 0.310825 0.148899
vt 0.310825 0.170373
vt 0.430319 0.378174
vt 0.439162 0.378174
vt 0.465691 0.378174
vt 0.475167 0.360882
vt 0.503594 0.298594
vt 0.503594 0.267358
vt 0.494751 0.267358
vt 1.000000 0.695948
vt 0.993417 0.695948
vt 0.973670 0.695948
vt 0.973670 0.708249
vt 0.796355 0.487913
vt 0.748977 0.519039
vt 0.748977 0.528721
vt 0.748977 0.557769
vt 0.850185 0.516268
vt 0.850185 0.506585
vt 0.850185 0.477538
vt 0.840676 0.477538
vt 0.712098 0.102817
vt 0.712098 0.131647
vt 0.723333 0.131647
vt 0.757037 0.131647
vt 0.757037 0.124439
vt 0.748977 0.673979
vt 0.748977 0.683662
vt 0.748977 0.712709
vt 0.764770 0.723085
vt 0.821657 0.754210
vt 0.850185 0.754210
vt 0.850185 0.744528
vt 0.479345 0.102817
vt 0.479345 0.110024
vt 0.479345 0.131647
vt 0.490580 0.131647
vt 0.260383 0.326298
vt 0.288810 0.378174
vt 0.297653 0.378174
vt 0.324183 0.378174
vt 0.286280 0.267358
vt 0.277437 0.267358
vt 0.250907 0.267358
vt 0.250907 0.277770
vt 1.000000 0.950795
vt 0.973670 0.950795
vt 0.973670 0.963096
vt 0.973670 1.000000
vt 0.980252 1.000000
vt 0.445641 0.574885
vt 0.445641 0.628025
vt 0.445641 0.787443
vt 0.203062 0.325325
vt 0.203062 0.537882
vt 0.236115 0.537882
vt 0.236115 0.484743
vt 0.000000 0.325325
vt 0.000000 0.378464
vt 0.000000 0.537882
vt 0.648703 0.574885
vt 0.648703 0.787443
vt 0.681756 0.787443
vt 0.681756 0.734303
vt 0.453131 0.065494
vt 0.453131 0.072262
vt 0.453131 0.092566
vt 0.497222 0.092566
vt 0.629495 0.092566
vt 0.629495 0.085798
vt 0.665145 0.102817
vt 0.644120 0.050745
vt 0.644120 0.057513
vt 0.644120 0.077818
vt 0.688211 0.077818
vt 0.820484 0.077818
vt 0.820484 0.071050
vt 1.000000 0.899385
vt 0.516794 0.378174
vt 0.525593 0.378174
vt 0.551991 0.378174
vt 0.543191 0.193834
vt 0.198317 0.947049
vt 0.198317 0.937415
vt 0.198317 0.908512
vt 0.029959 0.918146
vt 0.350717 0.378174
vt 0.189549 0.892510
vt 0.163244 0.844507
vt 0.138691 0.844507
vt 0.065032 0.844507
vt 0.056264 0.860508
vt 0.748977 0.586821
vt 0.566604 0.368573
vt 0.610446 0.339771
vt 0.610446 0.312887
vt 0.610446 0.232237
vt 0.595832 0.222636
vt 0.857578 0.459102
vt 0.868128 0.470653
vt 0.899777 0.505307
vt 0.901706 0.500208
vt 0.914982 0.734880
vt 0.913053 0.729781
vt 0.907267 0.714486
vt 0.896717 0.726037
vt 0.865068 0.760691
vt 0.907492 0.240186
vt 0.905564 0.235088
vt 0.899777 0.219792
vt 0.889228 0.231343
vt 0.857578 0.265997
vt 0.865068 0.953795
vt 0.875618 0.965346
vt 0.907267 1.000000
vt 0.909196 0.994902
vt 0.447099 0.140967
vt 0.451756 0.138855
vt 0.465725 0.132519
vt 0.455175 0.120968
vt 0.423526 0.086315
vt 0.959921 0.576763
vt 0.949371 0.565212
vt 0.917722 0.530559
vt 0.915793 0.535657
vt 0.896485 0.196552
vt 0.901142 0.194440
vt 0.915111 0.188104
vt 0.904561 0.176553
vt 0.872912 0.141900
vt 0.959921 0.806895
vt 0.949371 0.795344
vt 0.917722 0.760690
vt 0.915793 0.765789
vt 0.865068 0.808967
vt 0.857578 0.314273
vt 0.941295 0.761421
vt 0.945951 0.763533
vt 0.959921 0.769868
vt 0.959921 0.721592
vt 0.379435 0.086315
vt 0.247162 0.086315
vt 0.249091 0.091413
vt 0.941295 0.991552
vt 0.945951 0.993664
vt 0.959921 1.000000
vt 0.959921 0.951724
vt 0.828821 0.141900
vt 0.696548 0.141900
vt 0.698477 0.146998
vt 0.374714 0.004204
vt 0.372785 0.009303
vt 0.366999 0.024598
vt 0.411089 0.024598
vt 0.543362 0.024598
vt 0.541433 0.019500
vt 0.539392 0.055243
vt 0.541321 0.050145
vt 0.547107 0.034849
vt 0.503016 0.034849
vt 0.370743 0.034849
vt 0.372672 0.039948
vt 0.689059 0.280563
vt 0.693715 0.282675
vt 0.707684 0.289010
vt 0.712779 0.283432
vt 0.728062 0.266698
vt 0.928632 0.855586
vt 0.923976 0.857698
vt 0.910007 0.864033
vt 0.910007 0.885507
vt 0.910007 0.949930
vt 0.914663 0.952042
vt 0.883694 0.630109
vt 0.888788 0.624531
vt 0.904071 0.607797
vt 0.902143 0.602698
vt 0.865068 0.724453
vt 0.869725 0.722341
vt 0.883694 0.716006
vt 0.883694 0.694532
vt 0.825527 0.957294
vt 0.820433 0.962872
vt 0.805150 0.979606
vt 0.807079 0.984705
vt 0.844153 0.862950
vt 0.839497 0.865062
vt 0.825527 0.871397
vt 0.825527 0.892871
vt 0.806512 0.266698
vt 0.811607 0.272276
vt 0.826890 0.289010
vt 0.831546 0.286899
vt 0.747675 0.266698
vt 0.105594 0.148450
vt 0.111037 0.148450
vt 0.127367 0.148450
vt 0.127367 0.137555
vt 0.021773 0.148450
vt 0.042728 0.148450
vt 0.000000 0.104870
vt 0.000000 0.115765
vt 0.000000 0.148450
vt 0.005443 0.148450
vt 0.241679 0.315563
vt 0.241679 0.305366
vt 0.241679 0.274775
vt 0.222066 0.274775
vt 0.163228 0.274775
vt 0.163228 0.284972
vt 0.105594 0.202281
vt 0.111037 0.202281
vt 0.127367 0.202281
vt 0.127367 0.191386
vt 0.021773 0.202281
vt 0.042728 0.202281
vt 0.000000 0.158701
vt 0.000000 0.169596
vt 0.000000 0.202281
vt 0.005443 0.202281
vt 0.201615 0.960236
vt 0.210928 0.960236
vt 0.238867 0.960236
vt 0.238867 0.938762
vt 0.238867 0.874339
vt 0.229554 0.874339
vt 0.606201 0.574885
vt 0.434310 0.798790
vt 0.434310 0.748487
vt 0.434310 0.597579
vt 0.394077 0.597579
vt 0.273377 0.597579
vt 0.273377 0.647882
vt 0.160560 0.325325
vt 0.434674 0.564635
vt 0.480615 0.564635
vt 0.618440 0.564635
vt 0.618440 0.520582
vt 0.618440 0.388425
vt 0.572498 0.388425
vt 0.200132 0.126587
vt 0.195038 0.132165
vt 0.179754 0.148899
vt 0.179754 0.170373
vt 0.179754 0.234796
vt 0.184849 0.240374
vt 0.200132 0.257108
vt 0.219745 0.257108
vt 0.278582 0.257108
vt 0.283677 0.251530
vt 0.298960 0.234796
vt 0.298960 0.213321
vt 0.298960 0.148899
vt 0.293865 0.143321
vt 0.734093 0.523134
vt 0.734093 0.513451
vt 0.734093 0.484403
vt 0.632885 0.535587
vt 0.632885 0.564635
vt 0.642394 0.564635
vt 0.973670 0.648794
vt 0.973670 0.685697
vt 0.980252 0.685697
vt 1.000000 0.685697
vt 1.000000 0.673396
vt 0.797756 0.803558
vt 0.797756 0.793876
vt 0.797756 0.764828
vt 0.781964 0.754453
vt 0.696548 0.723327
vt 0.696548 0.733010
vt 0.696548 0.762057
vt 1.000000 0.371395
vt 1.000000 0.359094
vt 1.000000 0.322190
vt 0.973670 0.322190
vt 0.973670 0.334491
vt 0.797756 0.958499
vt 0.797756 0.948817
vt 0.797756 0.919769
vt 0.696548 0.970952
vt 0.696548 1.000000
vt 0.706057 1.000000
vt 1.000000 0.104247
vt 1.000000 0.067343
vt 0.993417 0.067343
vt 0.973670 0.067343
vt 0.973670 0.079644
vt 0.734093 0.368193
vt 0.734093 0.358510
vt 0.734093 0.329463
vt 0.718300 0.319087
vt 0.632885 0.287962
vt 0.632885 0.297644
vt 0.632885 0.326692
vt 0.973670 0.381646
vt 0.973670 0.393947
vt 0.973670 0.430850
vt 1.000000 0.430850
vt 1.000000 0.418549
vt 0.445641 0.840582
vt 0.445641 1.000000
vt 0.453904 1.000000
vt 0.203062 0.750440
vt 0.211325 0.750440
vt 0.000000 0.591022
vt 0.000000 0.750440
vt 0.008263 0.750440
vt 0.648703 1.000000
vt 0.656966 1.000000
vt 0.356118 0.048992
vt 0.312027 0.048992
vt 0.179754 0.048992
vt 0.179754 0.055760
vt 0.179754 0.076064
vt 0.223845 0.076064
vt 0.973670 0.167958
vt 1.000000 0.270780
vt 0.167031 0.202281
vt 0.167031 0.154005
vt 0.167031 0.009176
vt 0.160849 0.009176
vt 0.142306 0.009176
vt 0.142306 0.057452
vt 1.000000 0.585082
vt 0.973670 0.482261
vt 0.168358 0.251070
vt 0.168358 0.241435
vt 0.168358 0.212532
vt 0.126269 0.212532
vt 0.696548 0.811861
vt 0.784173 0.291504
vt 0.775374 0.291504
vt 0.748977 0.291504
vt 0.748977 0.337589
vt 0.632885 0.376495
vt 0.734093 0.455351
vt 0.842629 0.437441
vt 0.842629 0.410557
vt 0.842629 0.329907
vt 0.828015 0.320306
vt 0.797756 0.890716
vt 0.035073 0.315074
vt 0.059626 0.315074
vt 0.133285 0.315074
vt 0.142053 0.299073
vt 0.260762 0.806895
vt 0.250212 0.795344
vt 0.218563 0.760690
vt 0.218670 0.789649
vt 0.806510 0.227193
vt 0.817060 0.215642
vt 0.848709 0.180988
vt 0.844052 0.178876
vt 0.830083 0.172541
vt 0.822261 0.181105
vt 0.042199 0.760690
vt 0.031649 0.772242
vt 0.000000 0.806895
vt 0.004656 0.809007
vt 0.018626 0.815343
vt 0.026448 0.806778
vt 0.587947 0.180988
vt 0.598496 0.192539
vt 0.630146 0.227193
vt 0.630039 0.198234
vt 0.952206 0.221736
vt 0.941656 0.233287
vt 0.910007 0.267941
vt 0.936455 0.267823
vt 0.484095 0.141898
vt 0.473545 0.153449
vt 0.441896 0.188102
vt 0.446553 0.190214
vt 0.460522 0.196550
vt 0.468344 0.187985
vt 0.910007 0.461045
vt 0.920556 0.472596
vt 0.952206 0.507250
vt 0.954134 0.502152
vt 0.959921 0.486856
vt 0.952099 0.478292
vt 0.702658 0.188102
vt 0.692108 0.176551
vt 0.660459 0.141898
vt 0.660566 0.170856
vt 0.674237 0.227193
vt 0.758561 0.206799
vt 0.174472 0.760690
vt 0.090148 0.781084
vt 0.928731 0.022901
vt 0.928731 0.071177
vt 0.928731 0.216005
vt 0.933388 0.213894
vt 0.947357 0.207558
vt 0.947357 0.163505
vt 0.179754 0.038741
vt 0.223845 0.038741
vt 0.356118 0.038741
vt 0.354189 0.033642
vt 0.348403 0.018347
vt 0.308169 0.018347
vt 0.616368 0.141898
vt 0.532044 0.162291
vt 0.910007 0.316217
vt 0.928632 0.408545
vt 0.561732 0.040495
vt 0.605823 0.040495
vt 0.738096 0.040495
vt 0.736167 0.035396
vt 0.730381 0.020101
vt 0.690148 0.020101
vt 0.260762 1.000000
vt 0.260762 0.951724
vt 0.242136 0.859395
vt 0.039003 0.979606
vt 0.033909 0.974028
vt 0.018626 0.957294
vt 0.007822 0.974306
vt 0.018626 0.935820
vt 0.018626 0.871397
vt 0.013969 0.869285
vt 0.000000 0.862950
vt 0.000000 0.888648
vt 0.052330 0.834262
vt 0.057424 0.828684
vt 0.072707 0.811950
vt 0.057170 0.800121
vt 0.092320 0.811950
vt 0.151158 0.811950
vt 0.135403 0.791556
vt 0.156252 0.817528
vt 0.171535 0.834262
vt 0.176192 0.832150
vt 0.190161 0.825815
vt 0.182339 0.817250
vt 0.715174 0.704635
vt 0.715174 0.683161
vt 0.715174 0.618738
vt 0.710518 0.616627
vt 0.696548 0.610291
vt 0.696548 0.635989
vt 0.137831 0.957294
vt 0.132737 0.962872
vt 0.117454 0.979606
vt 0.132991 0.991435
vt 0.097841 0.979606
vt 0.054758 1.000000
vt 0.898813 0.088068
vt 0.893370 0.088068
vt 0.877040 0.088068
vt 0.882483 0.131649
vt 0.856085 0.088068
vt 0.793219 0.088068
vt 0.814174 0.131649
vt 0.787775 0.088068
vt 0.771446 0.088068
vt 0.771446 0.098963
vt 0.771446 0.131649
vt 0.776889 0.131649
vt 0.812640 0.766810
vt 0.812640 0.788284
vt 0.812640 0.852707
vt 0.821953 0.852707
vt 0.849891 0.852707
vt 0.849891 0.831233
vt 0.127367 0.051039
vt 0.121924 0.051039
vt 0.105594 0.051039
vt 0.111037 0.094619
vt 0.084639 0.051039
vt 0.021773 0.051039
vt 0.042728 0.094619
vt 0.016330 0.051039
vt 0.000000 0.051039
vt 0.000000 0.061934
vt 0.000000 0.094619
vt 0.005443 0.094619
vt 0.078450 0.000000
vt 0.058838 0.000000
vt 0.000000 0.000000
vt 0.000000 0.010197
vt 0.000000 0.040788
vt 0.019613 0.040788
vt 0.521196 1.000000
vt 0.273376 1.000000
vt 0.313610 1.000000
vt 0.434310 1.000000
vt 0.434310 0.949697
vt 0.075555 0.750440
vt 0.250907 0.388425
vt 0.250907 0.432477
vt 0.250907 0.564635
vt 0.296849 0.564635
s 1
usemtl map1
f 1/1/1 2/2/2 3/3/2
f 1/1/1 3/3/2 4/4/1
f 5/5/3 6/6/4 7/7/4
f 5/5/3 7/7/4 8/8/3
f 9/9/5 10/10/6 11/11/6
f 9/9/5 11/11/6 12/12/5
f 13/13/5 14/14/6 15/15/6
f 13/13/5 15/15/6 16/16/5
f 17/17/7 18/18/8 19/19/8
f 17/17/7 19/19/8 20/20/7
f 21/21/9 22/22/10 23/23/10
f 21/21/9 23/23/10 24/24/9
f 25/25/9 26/26/10 27/27/10
f 25/25/9 27/27/10 28/28/9
f 29/29/11 30/30/12 31/31/12
f 29/29/11 31/31/12 32/32/11
f 33/33/13 34/34/14 35/35/14
f 33/33/13 35/35/14 36/36/13
f 37/37/13 38/38/14 39/39/14
f 37/37/13 39/39/14 40/40/13
f 41/41/15 42/42/16 43/43/16
f 41/41/15 43/43/16 44/44/15
f 45/45/17 46/46/18 47/47/18
f 45/45/17 47/47/18 48/48/17
f 49/49/17 50/50/18 51/51/18
f 49/49/17 51/51/18 52/52/17
f 53/53/5 54/54/6 55/55/6
f 53/53/5 55/55/6 56/56/5
f 57/57/9 58/58/10 59/59/10
f 57/57/9 59/59/10 60/60/9
f 61/61/13 62/62/14 63/63/14
f 61/61/13 63/63/14 64/64/13
f 65/65/17 66/66/18 67/67/18
f 65/65/17 67/67/18 68/68/17
f 69/69/19 70/70/10 71/71/10
f 69/69/19 71/71/10 72/72/19
f 73/73/20 38/38/14 74/74/14
f 73/73/20 74/74/14 75/75/20
f 76/76/21 77/77/18 78/78/18
f 76/76/21 78/78/18 79/79/21
f 80/80/22 14/14/6 81/81/6
f 80/80/22 81/81/6 82/82/22
f 83/83/19 84/84/10 85/85/10
f 83/83/19 85/85/10 86/86/19
f 87/87/20 34/34/14 88/88/14
f 87/87/20 88/88/14 89/89/20
f 90/90/21 91/91/18 92/92/18
f 90/90/21 92/92/18 93/93/21
f 94/94/22 10/10/6 95/95/6
f 94/94/22 95/95/6 96/96/22
f 97/97/23 98/98/24 99/99/24
f 97/97/23 99/99/24 100/100/23
f 101/101/25 102/102/26 103/103/26
f 101/101/25 103/103/26 104/104/25
f 105/105/27 106/106/28 107/107/28
f 105/105/27 107/107/28 108/108/27
f 109/109/29 110/110/30 111/111/30
f 109/109/29 111/111/30 112/112/29
s 0
f 113/113/1 114/114/1 115/115/1
f 113/113/1 115/115/1 116/116/1
f 117/117/31 118/118/31 119/119/31
f 117/117/31 119/119/31 120/120/31
f 121/121/1 122/122/1 123/123/1
f 121/121/1 123/123/1 124/124/1
f 125/125/31 126/126/31 127/127/31
f 125/125/31 127/127/31 128/128/31
f 129/129/1 130/130/1 131/131/1
f 129/129/1 131/131/1 132/132/1
f 133/133/31 134/134/31 135/135/31
f 133/133/31 135/135/31 136/136/31
f 137/137/1 138/138/1 139/139/1
f 137/137/1 139/139/1 140/140/1
f 141/141/31 142/142/31 143/143/31
f 141/141/31 143/143/31 144/144/31
f 145/145/31 146/146/31 147/147/31
f 145/145/31 147/147/31 148/148/31
f 149/149/1 150/150/1 151/151/1
f 149/149/1 151/151/1 152/152/1
f 153/153/31 154/154/31 155/155/31
f 153/153/31 155/155/31 156/156/31
f 157/157/1 158/158/1 159/159/1
f 157/157/1 159/159/1 160/160/1
f 161/161/31 162/162/31 163/163/31
f 161/161/31 163/163/31 164/164/31
f 165/165/1 166/166/1 167/167/1
f 165/165/1 167/167/1 168/168/1
f 169/169/31 170/170/31 171/171/31
f 169/169/31 171/171/31 172/172/31
f 173/173/1 174/174/1 175/175/1
f 173/173/1 175/175/1 176/176/1
f 177/177/1 178/178/1 179/179/1
f 177/177/1 179/179/1 180/180/1
f 181/181/1 182/182/1 183/183/1
f 181/181/1 183/183/1 184/184/1
f 185/185/1 186/186/1 187/187/1
f 185/185/1 187/187/1 188/188/1
f 189/189/1 190/190/1 191/191/1
f 189/189/1 191/191/1 192/192/1
f 193/193/1 194/194/1 195/195/1
f 193/193/1 195/195/1 196/196/1
f 197/197/1 198/198/1 199/199/1
f 197/197/1 199/199/1 200/200/1
f 201/201/1 202/202/1 203/203/1
f 201/201/1 203/203/1 204/204/1
f 205/205/1 206/206/1 207/207/1
f 205/205/1 207/207/1 208/208/1
s 1
f 209/209/13 210/210/32 211/211/32
f 209/209/13 211/211/32 212/212/13
f 213/213/20 214/214/14 215/215/14
f 213/213/20 215/215/14 216/216/20
f 217/217/9 218/218/33 219/219/33
f 217/217/9 219/219/33 220/220/9
f 221/221/19 222/222/10 223/223/10
f 221/221/19 223/223/10 224/224/19
f 225/225/5 226/226/34 227/227/34
f 225/225/5 227/227/34 228/228/5
f 229/229/22 230/230/6 231/231/6
f 229/229/22 231/231/6 232/232/22
f 233/233/17 234/234/35 235/235/35
f 233/233/17 235/235/35 236/236/17
f 237/237/21 238/238/18 239/239/18
f 237/237/21 239/239/18 240/240/21
f 241/241/22 54/54/6 242/242/6
f 241/241/22 242/242/6 243/243/22
f 244/244/21 245/245/18 246/246/18
f 244/244/21 246/246/18 247/247/21
f 248/248/20 62/62/14 249/249/14
f 248/248/20 249/249/14 250/250/20
f 251/251/19 252/252/10 253/253/10
f 251/251/19 253/253/10 254/254/19
f 255/255/31 256/256/36 257/257/36
f 255/255/31 257/257/36 258/258/31
f 259/259/37 260/260/38 261/261/38
f 259/259/37 261/261/38 262/262/37
f 263/263/5 260/260/38 264/264/38
f 263/263/5 264/264/38 265/265/5
f 266/266/5 267/267/39 268/268/39
f 266/266/5 268/268/39 269/269/5
f 270/270/40 271/271/41 272/272/41
f 270/270/40 272/272/41 273/273/40
f 274/274/9 271/271/41 275/275/41
f 274/274/9 275/275/41 276/276/9
f 277/277/9 278/278/42 279/279/42
f 277/277/9 279/279/42 280/280/9
f 281/281/43 282/282/44 283/283/44
f 281/281/43 283/283/44 284/284/43
f 285/285/13 282/282/44 286/286/44
f 285/285/13 286/286/44 287/287/13
f 288/288/13 289/289/36 290/290/36
f 288/288/13 290/290/36 291/291/13
f 292/292/45 293/293/46 294/294/46
f 292/292/45 294/294/46 295/295/45
f 296/296/17 293/293/46 297/297/46
f 296/296/17 297/297/46 298/298/17
f 299/299/17 300/300/47 301/301/47
f 299/299/17 301/301/47 302/302/17
f 303/303/5 304/304/48 305/305/48
f 303/303/5 305/305/48 306/306/5
f 307/307/9 308/308/49 309/309/49
f 307/307/9 309/309/49 310/310/9
f 311/311/13 312/312/50 313/313/50
f 311/311/13 313/313/50 314/314/13
f 315/315/17 316/316/51 317/317/51
f 315/315/17 317/317/51 318/318/17
f 319/319/19 320/320/52 321/321/52
f 319/319/19 321/321/52 322/322/19
f 323/323/20 324/324/53 325/325/53
f 323/323/20 325/325/53 326/326/20
f 327/327/21 328/328/2 329/329/2
f 327/327/21 329/329/2 330/330/21
f 331/331/22 332/332/54 333/333/54
f 331/331/22 333/333/54 334/334/22
f 335/335/19 336/336/55 337/337/55
f 335/335/19 337/337/55 338/338/19
f 339/339/20 340/340/56 341/341/56
f 339/339/20 341/341/56 342/342/20
f 343/343/21 344/344/57 345/345/57
f 343/343/21 345/345/57 346/346/21
f 347/347/22 348/348/58 349/349/58
f 347/347/22 349/349/58 350/350/22
f 351/351/59 352/352/60 353/353/60
f 351/351/59 353/353/60 354/354/59
f 355/355/61 356/356/62 357/357/62
f 355/355/61 357/357/62 358/358/61
f 359/359/63 360/360/64 361/361/64
f 359/359/63 361/361/64 362/362/63
f 363/363/65 364/364/66 365/365/66
f 363/363/65 365/365/66 366/366/65
f 367/367/31 368/368/39 369/369/39
f 367/367/31 369/369/39 370/370/31
f 371/371/1 372/372/48 373/373/48
f 371/371/1 373/373/48 374/374/1
f 375/375/31 376/376/42 377/377/42
f 375/375/31 377/377/42 378/378/31
f 379/379/1 380/380/49 381/381/49
f 379/379/1 381/381/49 382/382/1
f 383/383/31 384/384/36 385/385/36
f 383/383/31 385/385/36 386/386/31
f 387/387/1 388/388/50 389/389/50
f 387/387/1 389/389/50 390/390/1
f 391/391/31 392/392/47 393/393/47
f 391/391/31 393/393/47 394/394/31
f 395/395/1 396/396/51 397/397/51
f 395/395/1 397/397/51 398/398/1
f 399/399/1 400/400/67 401/401/52
f 399/399/1 401/401/52 402/402/1
f 403/403/31 404/404/55 405/405/55
f 403/403/31 405/405/55 406/406/31
f 407/407/1 408/408/53 409/409/53
f 407/407/1 409/409/53 410/410/1
f 411/411/31 412/412/56 413/413/56
f 411/411/31 413/413/56 414/414/31
f 415/415/1 416/416/2 417/417/2
f 415/415/1 417/417/2 418/418/1
f 419/419/31 420/420/57 421/421/57
f 419/419/31 421/421/57 422/422/31
f 423/423/1 424/424/54 425/425/54
f 423/423/1 425/425/54 426/426/1
f 427/427/31 428/428/58 429/429/58
f 427/427/31 429/429/58 430/430/31
f 431/431/31 432/432/68 433/433/68
f 431/431/31 433/433/68 434/434/31
f 435/435/31 436/436/69 437/437/69
f 435/435/31 437/437/69 438/438/31
f 439/439/31 440/440/70 441/441/71
f 439/439/31 441/441/71 442/442/31
f 443/443/31 444/444/72 445/445/72
f 443/443/31 445/445/72 446/446/31
f 447/447/31 448/448/73 449/449/74
f 447/447/31 449/449/74 450/450/31
f 451/451/31 452/452/75 453/453/75
f 451/451/31 453/453/75 454/454/31
f 455/455/31 456/456/76 457/457/76
f 455/455/31 457/457/76 458/458/31
f 459/459/31 460/460/77 461/461/77
f 459/459/31 461/461/77 462/462/31
f 463/463/13 464/464/36 465/465/36
f 463/463/13 465/465/36 466/466/13
f 467/467/20 468/468/56 469/469/56
f 467/467/20 469/469/56 470/470/20
f 471/471/9 472/472/42 473/473/42
f 471/471/9 473/473/42 474/474/9
f 475/475/19 476/476/55 477/477/55
f 475/475/19 477/477/55 478/478/19
f 479/479/5 480/480/39 481/481/39
f 479/479/5 481/481/39 482/482/5
f 483/483/22 484/484/58 485/485/58
f 483/483/22 485/485/58 486/486/22
f 487/487/17 488/488/47 489/489/47
f 487/487/17 489/489/47 490/490/17
f 491/491/21 492/492/57 493/493/57
f 491/491/21 493/493/57 494/494/21
s 0
f 495/495/22 496/496/22 497/497/22
f 495/495/22 497/497/22 498/498/22
f 499/499/21 500/500/21 501/501/21
f 499/499/21 501/501/21 502/502/21
f 503/503/20 504/504/20 505/505/20
f 503/503/20 505/505/20 506/506/20
f 507/507/19 508/508/19 509/509/19
f 507/507/19 509/509/19 510/510/19
s 1
f 511/511/1 512/512/50 513/513/50
f 511/511/1 513/513/50 514/514/1
f 515/515/1 516/516/53 517/517/53
f 515/515/1 517/517/53 518/518/1
f 519/519/1 520/520/49 521/521/49
f 519/519/1 521/521/49 522/522/1
f 523/523/1 524/524/52 525/525/52
f 523/523/1 525/525/52 526/526/1
f 527/527/1 528/528/48 529/529/48
f 527/527/1 529/529/48 530/530/1
f 531/531/1 532/532/54 533/533/54
f 531/531/1 533/533/54 534/534/1
f 535/535/1 536/536/51 537/537/51
f 535/535/1 537/537/51 538/538/1
f 539/539/3 540/540/78 541/541/78
f 539/539/3 541/541/78 542/542/3
f 543/543/3 98/98/24 544/544/24
f 543/543/3 544/544/24 545/545/3
f 546/546/3 547/547/79 548/548/79
f 546/546/3 548/548/79 549/549/3
f 550/550/5 540/540/78 551/551/78
f 550/550/5 551/551/78 552/552/5
f 553/553/5 554/554/34 555/555/34
f 553/553/5 555/555/34 556/556/5
f 557/557/5 558/558/48 559/559/48
f 557/557/5 559/559/48 560/560/5
f 561/561/5 562/562/48 563/563/48
f 561/561/5 563/563/48 564/564/5
f 565/565/5 566/566/34 567/567/34
f 565/565/5 567/567/34 568/568/5
f 569/569/5 570/570/39 571/571/39
f 569/569/5 571/571/39 572/572/5
f 573/573/7 574/574/80 575/575/80
f 573/573/7 575/575/80 576/576/7
f 577/577/7 578/578/81 579/579/81
f 577/577/7 579/579/81 580/580/7
f 581/581/7 582/582/82 583/583/82
f 581/581/7 583/583/82 584/584/7
f 585/585/9 574/574/80 586/586/80
f 585/585/9 586/586/80 587/587/9
f 588/588/9 589/589/33 590/590/33
f 588/588/9 590/590/33 591/591/9
f 592/592/9 593/593/49 594/594/49
f 592/592/9 594/594/49 595/595/9
f 596/596/9 597/597/49 598/598/49
f 596/596/9 598/598/49 599/599/9
f 600/600/9 601/601/33 602/602/33
f 600/600/9 602/602/33 603/603/9
f 604/604/9 605/605/42 606/606/42
f 604/604/9 606/606/42 607/607/9
f 608/608/11 609/609/83 610/610/83
f 608/608/11 610/610/83 611/611/11
f 612/612/11 106/106/28 613/613/28
f 612/612/11 613/613/28 614/614/11
f 615/615/11 616/616/84 617/617/84
f 615/615/11 617/617/84 618/618/11
f 619/619/13 609/609/83 620/620/83
f 619/619/13 620/620/83 621/621/13
f 622/622/13 623/623/32 624/624/32
f 622/622/13 624/624/32 625/625/13
f 626/626/13 627/627/50 628/628/50
f 626/626/13 628/628/50 629/629/13
f 630/630/13 631/631/50 632/632/50
f 630/630/13 632/632/50 633/633/13
f 634/634/13 635/635/32 636/636/32
f 634/634/13 636/636/32 637/637/13
f 638/638/13 639/639/36 640/640/36
f 638/638/13 640/640/36 641/641/13
f 642/642/15 643/643/85 644/644/85
f 642/642/15 644/644/85 645/645/15
f 646/646/15 647/647/86 648/648/86
f 646/646/15 648/648/86 649/649/15
f 650/650/15 651/651/87 652/652/87
f 650/650/15 652/652/87 653/653/15
f 654/654/17 643/643/85 655/655/85
f 654/654/17 655/655/85 656/656/17
f 657/657/17 658/658/35 659/659/35
f 657/657/17 659/659/35 660/660/17
f 661/661/17 662/662/51 663/663/51
f 661/661/17 663/663/51 664/664/17
f 665/665/17 666/666/51 667/667/51
f 665/665/17 667/667/51 668/668/17
f 669/669/17 670/670/35 671/671/35
f 669/669/17 671/671/35 672/672/17
f 673/673/17 674/674/47 675/675/47
f 673/673/17 675/675/47 676/676/17
f 677/677/5 678/678/39 679/679/39
f 677/677/5 679/679/39 680/680/5
f 681/681/5 682/682/34 683/683/34
f 681/681/5 683/683/34 684/684/5
f 685/685/5 686/686/5 687/687/5
s 0
f 685/685/5 687/687/5 688/688/5
s 1
f 689/689/9 690/690/42 691/691/42
f 689/689/9 691/691/42 692/692/9
f 693/693/9 694/694/33 695/695/33
f 693/693/9 695/695/33 696/696/9
s 0
f 697/697/9 698/698/9 699/699/9
f 697/697/9 699/699/9 700/700/9
s 1
f 701/701/13 702/702/36 703/703/36
f 701/701/13 703/703/36 704/704/13
f 705/705/13 706/706/32 707/707/32
f 705/705/13 707/707/32 708/708/13
s 0
f 709/709/13 710/710/13 711/711/13
f 709/709/13 711/711/13 712/712/13
s 1
f 713/713/17 714/714/47 715/715/47
f 713/713/17 715/715/47 716/716/17
f 717/717/17 718/718/35 719/719/35
f 717/717/17 719/719/35 720/720/17
s 0
f 721/721/17 722/722/17 723/723/17
f 721/721/17 723/723/17 724/724/17
s 1
f 725/725/19 726/726/55 727/727/55
f 725/725/19 727/727/55 728/728/19
f 729/729/19 730/730/34 731/731/34
f 729/729/19 731/731/34 732/732/19
f 733/733/19 734/734/52 735/735/52
f 733/733/19 735/735/52 736/736/19
f 737/737/20 738/738/56 739/739/56
f 737/737/20 739/739/56 740/740/20
f 741/741/20 601/601/33 742/742/33
f 741/741/20 742/742/33 743/743/20
f 744/744/20 745/745/53 746/746/53
f 744/744/20 746/746/53 747/747/20
f 748/748/21 749/749/57 750/750/57
f 748/748/21 750/750/57 751/751/21
f 752/752/21 753/753/32 754/754/32
f 752/752/21 754/754/32 755/755/21
f 756/756/21 757/757/2 758/758/2
f 756/756/21 758/758/2 759/759/21
f 760/760/22 761/761/58 762/762/58
f 760/760/22 762/762/58 763/763/22
f 764/764/22 670/670/35 765/765/35
f 764/764/22 765/765/35 766/766/22
f 767/767/22 768/768/54 769/769/54
f 767/767/22 769/769/54 770/770/22
f 771/771/19 772/772/52 773/773/52
f 771/771/19 773/773/52 774/774/19
f 775/775/19 776/776/34 777/777/34
f 775/775/19 777/777/34 778/778/19
f 779/779/19 780/780/88 781/781/88
f 779/779/19 781/781/88 782/782/19
f 783/783/20 784/784/53 785/785/53
f 783/783/20 785/785/53 786/786/20
f 787/787/20 589/589/33 788/788/33
f 787/787/20 788/788/33 789/789/20
f 790/790/20 791/791/89 792/792/89
f 790/790/20 792/792/89 793/793/20
f 794/794/21 795/795/2 796/796/2
f 794/794/21 796/796/2 797/797/21
f 798/798/21 799/799/32 800/800/32
f 798/798/21 800/800/32 801/801/21
f 802/802/21 803/803/90 804/804/90
f 802/802/21 804/804/90 805/805/21
f 806/806/22 807/807/54 808/808/54
f 806/806/22 808/808/54 809/809/22
f 810/810/22 658/658/35 811/811/35
f 810/810/22 811/811/35 812/812/22
f 813/813/22 814/814/91 815/815/91
f 813/813/22 815/815/91 816/816/22
f 817/817/23 814/814/91 818/818/91
f 817/817/23 818/818/91 819/819/23
f 820/820/23 42/42/16 821/821/16
f 820/820/23 821/821/16 822/822/23
f 823/823/23 824/824/92 825/825/92
f 823/823/23 825/825/92 826/826/23
f 827/827/25 803/803/90 828/828/90
f 827/827/25 828/828/90 829/829/25
f 830/830/25 831/831/93 832/832/93
f 830/830/25 832/832/93 833/833/25
f 834/834/25 835/835/94 836/836/94
f 834/834/25 836/836/94 837/837/25
f 838/838/27 791/791/89 839/839/89
f 838/838/27 839/839/89 840/840/27
f 841/841/27 18/18/8 842/842/8
f 841/841/27 842/842/8 843/843/27
f 844/844/27 845/845/95 846/846/95
f 844/844/27 846/846/95 847/847/27
f 848/848/29 780/780/88 849/849/88
f 848/848/29 849/849/88 850/850/29
f 851/851/29 852/852/96 853/853/96
f 851/851/29 853/853/96 854/854/29
f 855/855/29 856/856/97 857/857/97
f 855/855/29 857/857/97 858/858/29
f 859/859/1 860/860/48 861/861/48
f 859/859/1 861/861/48 862/862/1
s 0
f 863/863/1 150/150/1 864/864/1
f 863/863/1 864/864/1 865/865/1
s 1
f 866/866/1 867/867/48 868/868/48
f 866/866/1 868/868/48 869/869/1
f 870/870/31 871/871/39 872/872/39
f 870/870/31 872/872/39 873/873/31
s 0
f 874/874/31 875/875/31 876/876/31
f 874/874/31 876/876/31 877/877/31
s 1
f 878/878/31 879/879/39 880/880/39
f 878/878/31 880/880/39 881/881/31
f 882/882/1 883/883/49 884/884/49
f 882/882/1 884/884/49 885/885/1
s 0
f 886/886/1 887/887/1 888/888/1
f 886/886/1 888/888/1 889/889/1
s 1
f 890/890/1 891/891/49 892/892/49
f 890/890/1 892/892/49 893/893/1
f 894/894/31 895/895/42 896/896/42
f 894/894/31 896/896/42 897/897/31
s 0
f 898/898/31 146/146/31 899/899/31
f 898/898/31 899/899/31 900/900/31
s 1
f 901/901/31 902/902/42 903/903/42
f 901/901/31 903/903/42 904/904/31
f 905/905/1 906/906/50 907/907/50
f 905/905/1 907/907/50 908/908/1
s 0
f 909/909/1 910/910/1 911/911/1
f 909/909/1 911/911/1 912/912/1
s 1
f 913/913/1 914/914/50 915/915/50
f 913/913/1 915/915/50 916/916/1
f 917/917/31 918/918/36 919/919/36
f 917/917/31 919/919/36 920/920/31
s 0
f 921/921/31 154/154/31 922/922/31
f 921/921/31 922/922/31 923/923/31
s 1
f 924/924/31 925/925/36 926/926/36
f 924/924/31 926/926/36 927/927/31
f 928/928/1 929/929/51 930/930/51
f 928/928/1 930/930/51 931/931/1
s 0
f 932/932/1 933/933/1 934/934/1
f 932/932/1 934/934/1 935/935/1
s 1
f 936/936/1 937/937/51 938/938/51
f 936/936/1 938/938/51 939/939/1
f 940/940/31 941/941/47 942/942/47
f 940/940/31 942/942/47 943/943/31
s 0
f 944/944/31 162/162/31 945/945/31
f 944/944/31 945/945/31 946/946/31
s 1
f 947/947/31 948/948/47 949/949/47
f 947/947/31 949/949/47 950/950/31
f 951/951/31 952/952/55 953/953/55
f 951/951/31 953/953/55 954/954/31
s 0
f 955/955/31 118/118/31 956/956/31
f 955/955/31 956/956/31 957/957/31
s 1
f 958/958/31 959/959/55 960/960/55
f 958/958/31 960/960/55 961/961/31
f 962/962/1 963/963/52 964/964/52
f 962/962/1 964/964/52 965/965/1
s 0
f 966/966/1 122/122/1 967/967/1
f 966/966/1 967/967/1 968/968/1
s 1
f 969/969/1 970/970/52 971/971/52
f 969/969/1 971/971/52 972/972/1
f 973/973/31 974/974/56 975/975/56
f 973/973/31 975/975/56 976/976/31
s 0
f 977/977/31 978/978/31 979/979/31
f 977/977/31 979/979/31 980/980/31
s 1
f 981/981/31 982/982/56 983/983/56
f 981/981/31 983/983/56 984/984/31
f 985/985/1 986/986/53 987/987/98
f 985/985/1 987/987/98 988/988/1
s 0
f 989/989/1 130/130/1 990/990/1
f 989/989/1 990/990/1 991/991/1
s 1
f 992/992/1 993/993/53 994/994/53
f 992/992/1 994/994/53 995/995/1
f 996/996/31 997/997/57 998/998/57
f 996/996/31 998/998/57 999/999/31
s 0
f 1000/1000/31 1001/1001/31 1002/1002/31
f 1000/1000/31 1002/1002/31 1003/1003/31
s 1
f 1004/1004/31 1005/1005/57 1006/1006/57
f 1004/1004/31 1006/1006/57 1007/1007/31
f 1008/1008/1 1009/1009/2 1010/1010/2
f 1008/1008/1 1010/1010/2 1011/1011/1
s 0
f 1012/1012/1 138/138/1 1013/1013/1
f 1012/1012/1 1013/1013/1 1014/1014/1
s 1
f 1015/1015/1 1016/1016/2 1017/1017/2
f 1015/1015/1 1017/1017/2 1018/1018/1
f 1019/1019/31 1020/1020/58 1021/1021/58
f 1019/1019/31 1021/1021/58 1022/1022/31
s 0
f 1023/1023/31 1024/1024/31 1025/1025/31
f 1023/1023/31 1025/1025/31 1026/1026/31
s 1
f 1027/1027/31 1028/1028/58 1029/1029/58
f 1027/1027/31 1029/1029/58 1030/1030/31
f 1031/1031/1 1032/1032/54 1033/1033/99
f 1031/1031/1 1033/1033/99 1034/1034/1
s 0
f 1035/1035/1 1036/1036/1 1037/1037/1
f 1035/1035/1 1037/1037/1 1038/1038/1
s 1
f 1039/1039/1 1040/1040/54 1041/1041/54
f 1039/1039/1 1041/1041/54 1042/1042/1
f 1043/1043/1 1044/1044/100 1045/1045/101
f 1043/1043/1 1045/1045/101 1046/1046/1
s 0
f 1047/1047/1 1048/1048/1 1049/1049/1
f 1047/1047/1 1049/1049/1 1050/1050/1
s 1
f 1051/1051/1 1052/1052/50 1053/1053/50
f 1051/1051/1 1053/1053/50 1054/1054/1
f 1055/1055/1 1056/1056/92 1057/1057/92
f 1055/1055/1 1057/1057/92 1058/1058/1
s 0
f 1059/1059/1 1060/1060/1 1061/1061/1
f 1059/1059/1 1061/1061/1 1062/1062/1
s 1
f 1063/1063/1 1064/1064/53 1065/1065/53
f 1063/1063/1 1065/1065/53 1066/1066/1
f 1067/1067/1 1068/1068/102 1069/1069/103
f 1067/1067/1 1069/1069/103 1070/1070/1
s 0
f 1071/1071/1 190/190/1 1072/1072/1
f 1071/1071/1 1072/1072/1 1073/1073/1
s 1
f 1074/1074/1 1075/1075/49 1076/1076/49
f 1074/1074/1 1076/1076/49 1077/1077/1
f 1078/1078/1 1079/1079/94 1080/1080/94
f 1078/1078/1 1080/1080/94 1081/1081/1
s 0
f 1082/1082/1 1083/1083/1 1084/1084/1
f 1082/1082/1 1084/1084/1 1085/1085/1
s 1
f 1086/1086/1 1087/1087/52 1088/1088/52
f 1086/1086/1 1088/1088/52 1089/1089/1
f 1090/1090/1 1091/1091/104 1092/1092/104
f 1090/1090/1 1092/1092/104 1093/1093/1
s 0
f 1094/1094/1 198/198/1 1095/1095/1
f 1094/1094/1 1095/1095/1 1096/1096/1
s 1
f 1097/1097/1 1098/1098/48 1099/1099/48
f 1097/1097/1 1099/1099/48 1100/1100/1
f 1101/1101/1 1102/1102/95 1103/1103/95
f 1101/1101/1 1103/1103/95 1104/1104/1
s 0
f 1105/1105/1 1106/1106/1 1107/1107/1
f 1105/1105/1 1107/1107/1 1108/1108/1
s 1
f 1109/1109/1 1110/1110/54 1111/1111/54
f 1109/1109/1 1111/1111/54 1112/1112/1
f 1113/1113/1 1114/1114/105 1115/1115/106
f 1113/1113/1 1115/1115/106 1116/1116/1
s 0
f 1117/1117/1 206/206/1 1118/1118/1
f 1117/1117/1 1118/1118/1 1119/1119/1
s 1
f 1120/1120/1 1121/1121/51 1122/1122/51
f 1120/1120/1 1122/1122/51 1123/1123/1
f 1124/1124/1 1125/1125/97 1126/1126/97
f 1124/1124/1 1126/1126/97 1127/1127/1
s 0
f 1128/1128/1 178/178/1 1129/1129/1
f 1128/1128/1 1129/1129/1 1130/1130/1
s 1
f 1131/1131/1 1132/1132/2 1133/1133/2
f 1131/1131/1 1133/1133/2 1134/1134/1
f 1135/1135/13 1136/1136/50 1137/1137/50
f 1135/1135/13 1137/1137/50 1138/1138/13
f 1139/1139/13 214/214/14 1140/1140/14
f 1139/1139/13 1140/1140/14 1141/1141/13
f 1142/1142/13 1143/1143/50 1144/1144/50
f 1142/1142/13 1144/1144/50 1145/1145/13
f 1146/1146/20 1147/1147/53 1148/1148/53
f 1146/1146/20 1148/1148/53 1149/1149/20
f 1150/1150/20 218/218/33 1151/1151/33
f 1150/1150/20 1151/1151/33 1152/1152/20
f 1153/1153/20 1154/1154/53 1155/1155/53
f 1153/1153/20 1155/1155/53 1156/1156/20
f 1157/1157/9 1158/1158/49 1159/1159/49
f 1157/1157/9 1159/1159/49 1160/1160/9
f 1161/1161/9 1162/1162/10 1163/1163/10
f 1161/1161/9 1163/1163/10 1164/1164/9
f 1165/1165/9 1166/1166/49 1167/1167/49
f 1165/1165/9 1167/1167/49 1168/1168/9
f 1169/1169/19 1170/1170/52 1171/1171/52
f 1169/1169/19 1171/1171/52 1172/1172/19
f 1173/1173/19 1174/1174/34 1175/1175/34
f 1173/1173/19 1175/1175/34 1176/1176/19
f 1177/1177/19 1178/1178/52 1179/1179/52
f 1177/1177/19 1179/1179/52 1180/1180/19
f 1181/1181/5 1182/1182/48 1183/1183/48
f 1181/1181/5 1183/1183/48 1184/1184/5
f 1185/1185/5 230/230/6 1186/1186/6
f 1185/1185/5 1186/1186/6 1187/1187/5
f 1188/1188/5 1189/1189/48 1190/1190/48
f 1188/1188/5 1190/1190/48 1191/1191/5
f 1192/1192/22 1193/1193/54 1194/1194/54
f 1192/1192/22 1194/1194/54 1195/1195/22
f 1196/1196/22 234/234/35 1197/1197/35
f 1196/1196/22 1197/1197/35 1198/1198/22
f 1199/1199/22 1200/1200/54 1201/1201/54
f 1199/1199/22 1201/1201/54 1202/1202/22
f 1203/1203/17 1204/1204/51 1205/1205/51
f 1203/1203/17 1205/1205/51 1206/1206/17
f 1207/1207/17 1208/1208/18 1209/1209/18
f 1207/1207/17 1209/1209/18 1210/1210/17
f 1211/1211/17 1212/1212/51 1213/1213/51
f 1211/1211/17 1213/1213/51 1214/1214/17
f 1215/1215/21 1216/1216/2 1217/1217/2
f 1215/1215/21 1217/1217/2 1218/1218/21
f 1219/1219/21 1220/1220/32 1221/1221/32
f 1219/1219/21 1221/1221/32 1222/1222/21
f 1223/1223/21 1224/1224/2 1225/1225/2
f 1223/1223/21 1225/1225/2 1226/1226/21
s 0
f 1227/1227/22 496/496/22 1228/1228/22
f 1227/1227/22 1228/1228/22 1229/1229/22
s 1
f 1230/1230/22 718/718/35 1231/1231/35
f 1230/1230/22 1231/1231/35 1232/1232/22
f 1233/1233/22 1234/1234/58 1235/1235/58
f 1233/1233/22 1235/1235/58 1236/1236/22
s 0
f 1237/1237/21 500/500/21 1238/1238/21
f 1237/1237/21 1238/1238/21 1239/1239/21
s 1
f 1240/1240/21 1241/1241/32 1242/1242/32
f 1240/1240/21 1242/1242/32 1243/1243/21
f 1244/1244/21 1245/1245/57 1246/1246/57
f 1244/1244/21 1246/1246/57 1247/1247/21
s 0
f 1248/1248/20 504/504/20 1249/1249/20
f 1248/1248/20 1249/1249/20 1250/1250/20
s 1
f 1251/1251/20 694/694/33 1252/1252/33
f 1251/1251/20 1252/1252/33 1253/1253/20
f 1254/1254/20 1255/1255/56 1256/1256/56
f 1254/1254/20 1256/1256/56 1257/1257/20
s 0
f 1258/1258/19 508/508/19 1259/1259/19
f 1258/1258/19 1259/1259/19 1260/1260/19
s 1
f 1261/1261/19 1262/1262/34 1263/1263/34
f 1261/1261/19 1263/1263/34 1264/1264/19
f 1265/1265/19 1266/1266/55 1267/1267/55
f 1265/1265/19 1267/1267/55 1268/1268/19
f 1269/1269/31 1270/1270/57 1271/1271/57
f 1269/1269/31 1271/1271/57 1272/1272/31
f 1273/1273/31 1274/1274/47 1275/1275/47
f 1273/1273/31 1275/1275/47 1276/1276/31
f 1277/1277/31 1278/1278/58 1279/1279/58
f 1277/1277/31 1279/1279/58 1280/1280/31
f 1281/1281/31 1282/1282/39 1283/1283/39
f 1281/1281/31 1283/1283/39 1284/1284/31
f 1285/1285/31 1286/1286/55 1287/1287/55
f 1285/1285/31 1287/1287/55 1288/1288/31
f 1289/1289/31 1290/1290/42 1291/1291/42
f 1289/1289/31 1291/1291/42 1292/1292/31
f 1293/1293/31 1294/1294/56 1295/1295/56
f 1293/1293/31 1295/1295/56 1296/1296/31
f 1297/1297/37 1298/1298/107 1299/1299/107
f 1297/1297/37 1299/1299/107 1300/1300/37
f 1301/1301/37 1302/1302/108 1303/1303/108
f 1301/1301/37 1303/1303/108 1304/1304/37
f 1305/1305/37 1306/1306/109 1307/1307/109
f 1305/1305/37 1307/1307/109 1308/1308/37
f 1309/1309/5 1310/1310/6 1311/1311/6
f 1309/1309/5 1311/1311/6 1312/1312/5
f 1313/1313/5 1314/1314/39 1315/1315/39
f 1313/1313/5 1315/1315/39 1316/1316/5
f 1317/1317/5 1318/1318/34 1319/1319/34
f 1317/1317/5 1319/1319/34 1320/1320/5
f 1321/1321/5 1322/1322/6 1323/1323/6
f 1321/1321/5 1323/1323/6 1324/1324/5
f 1325/1325/5 1326/1326/48 1327/1327/48
f 1325/1325/5 1327/1327/48 1328/1328/5
f 1329/1329/5 1330/1330/34 1331/1331/34
f 1329/1329/5 1331/1331/34 1332/1332/5
f 1333/1333/40 1334/1334/110 1335/1335/110
f 1333/1333/40 1335/1335/110 1336/1336/40
f 1337/1337/40 1338/1338/111 1339/1339/111
f 1337/1337/40 1339/1339/111 1340/1340/40
f 1341/1341/40 1342/1342/112 1343/1343/112
f 1341/1341/40 1343/1343/112 1344/1344/40
f 1345/1345/9 1346/1346/10 1347/1347/10
f 1345/1345/9 1347/1347/10 1348/1348/9
f 1349/1349/9 1350/1350/42 1351/1351/42
f 1349/1349/9 1351/1351/42 1352/1352/9
f 1353/1353/9 1354/1354/33 1355/1355/33
f 1353/1353/9 1355/1355/33 1356/1356/9
f 1357/1357/9 1358/1358/10 1359/1359/10
f 1357/1357/9 1359/1359/10 1360/1360/9
f 1361/1361/9 1362/1362/49 1363/1363/49
f 1361/1361/9 1363/1363/49 1364/1364/9
f 1365/1365/9 1366/1366/33 1367/1367/33
f 1365/1365/9 1367/1367/33 1368/1368/9
f 1369/1369/43 1370/1370/113 1371/1371/113
f 1369/1369/43 1371/1371/113 1372/1372/43
f 1373/1373/43 1374/1374/114 1375/1375/114
f 1373/1373/43 1375/1375/114 1376/1376/43
f 1377/1377/43 1378/1378/115 1379/1379/115
f 1377/1377/43 1379/1379/115 1380/1380/43
f 1381/1381/13 1382/1382/14 1383/1383/14
f 1381/1381/13 1383/1383/14 1384/1384/13
f 1385/1385/13 1386/1386/36 1387/1387/36
f 1385/1385/13 1387/1387/36 1388/1388/13
f 1389/1389/13 1390/1390/32 1391/1391/32
f 1389/1389/13 1391/1391/32 1392/1392/13
f 1393/1393/13 1394/1394/14 1395/1395/14
f 1393/1393/13 1395/1395/14 1396/1396/13
f 1397/1397/13 1398/1398/50 1399/1399/50
f 1397/1397/13 1399/1399/50 1400/1400/13
f 1401/1401/13 1402/1402/32 1403/1403/32
f 1401/1401/13 1403/1403/32 1404/1404/13
f 1405/1405/45 1406/1406/116 1407/1407/116
f 1405/1405/45 1407/1407/116 1408/1408/45
f 1409/1409/45 1410/1410/117 1411/1411/117
f 1409/1409/45 1411/1411/117 1412/1412/45
f 1413/1413/45 1414/1414/118 1415/1415/118
f 1413/1413/45 1415/1415/118 1416/1416/45
f 1417/1417/17 1418/1418/18 1419/1419/18
f 1417/1417/17 1419/1419/18 1420/1420/17
f 1421/1421/17 1422/1422/47 1423/1423/47
f 1421/1421/17 1423/1423/47 1424/1424/17
f 1425/1425/17 1426/1426/35 1427/1427/35
f 1425/1425/17 1427/1427/35 1428/1428/17
f 1429/1429/17 1430/1430/18 1431/1431/18
f 1429/1429/17 1431/1431/18 1432/1432/17
f 1433/1433/17 1434/1434/51 1435/1435/51
f 1433/1433/17 1435/1435/51 1436/1436/17
f 1437/1437/17 1438/1438/35 1439/1439/35
f 1437/1437/17 1439/1439/35 1440/1440/17
f 1441/1441/5 1442/1442/6 1443/1443/6
f 1441/1441/5 1443/1443/6 1444/1444/5
s 0
f 1445/1445/5 686/686/5 1446/1446/5
f 1445/1445/5 1446/1446/5 1447/1447/5
s 1
f 1448/1448/5 1449/1449/34 1450/1450/34
f 1448/1448/5 1450/1450/34 1451/1451/5
f 1452/1452/9 1453/1453/10 1454/1454/10
f 1452/1452/9 1454/1454/10 1455/1455/9
s 0
f 1456/1456/9 698/698/9 1457/1457/9
f 1456/1456/9 1457/1457/9 1458/1458/9
s 1
f 1459/1459/9 1460/1460/33 1461/1461/33
f 1459/1459/9 1461/1461/33 1462/1462/9
f 1463/1463/13 1464/1464/14 1465/1465/14
f 1463/1463/13 1465/1465/14 1466/1466/13
s 0
f 1467/1467/13 710/710/13 1468/1468/13
f 1467/1467/13 1468/1468/13 1469/1469/13
s 1
f 1470/1470/13 1471/1471/32 1472/1472/32
f 1470/1470/13 1472/1472/32 1473/1473/13
f 1474/1474/17 1475/1475/18 1476/1476/18
f 1474/1474/17 1476/1476/18 1477/1477/17
f 1478/1478/17 722/722/17 1479/1479/17
s 0
f 1478/1478/17 1479/1479/17 1480/1480/17
s 1
f 1481/1481/17 1482/1482/35 1483/1483/35
f 1481/1481/17 1483/1483/35 1484/1484/17
f 1485/1485/19 1486/1486/10 1487/1487/10
f 1485/1485/19 1487/1487/10 1488/1488/19
f 1489/1489/19 1490/1490/55 1491/1491/55
f 1489/1489/19 1491/1491/55 1492/1492/19
f 1493/1493/19 1494/1494/34 1495/1495/34
f 1493/1493/19 1495/1495/34 1496/1496/19
f 1497/1497/20 1394/1394/14 1498/1498/14
f 1497/1497/20 1498/1498/14 1499/1499/20
f 1500/1500/20 1501/1501/56 1502/1502/56
f 1500/1500/20 1502/1502/56 1503/1503/20
f 1504/1504/20 1366/1366/33 1505/1505/33
f 1504/1504/20 1505/1505/33 1506/1506/20
f 1507/1507/21 1508/1508/18 1509/1509/18
f 1507/1507/21 1509/1509/18 1510/1510/21
f 1511/1511/21 1512/1512/57 1513/1513/57
f 1511/1511/21 1513/1513/57 1514/1514/21
f 1515/1515/21 1516/1516/32 1517/1517/32
f 1515/1515/21 1517/1517/32 1518/1518/21
f 1519/1519/22 1322/1322/6 1520/1520/6
f 1519/1519/22 1520/1520/6 1521/1521/22
f 1522/1522/22 1523/1523/58 1524/1524/58
f 1522/1522/22 1524/1524/58 1525/1525/22
f 1526/1526/22 1438/1438/35 1527/1527/35
f 1526/1526/22 1527/1527/35 1528/1528/22
f 1529/1529/19 1530/1530/10 1531/1531/10
f 1529/1529/19 1531/1531/10 1532/1532/19
f 1533/1533/19 364/364/66 1534/1534/66
f 1533/1533/19 1534/1534/66 1535/1535/19
f 1536/1536/19 1537/1537/34 1538/1538/34
f 1536/1536/19 1538/1538/34 1539/1539/19
f 1540/1540/20 1382/1382/14 1541/1541/14
f 1540/1540/20 1541/1541/14 1542/1542/20
f 1543/1543/20 360/360/64 1544/1544/64
f 1543/1543/20 1544/1544/64 1545/1545/20
f 1546/1546/20 1354/1354/33 1547/1547/33
f 1546/1546/20 1547/1547/33 1548/1548/20
f 1549/1549/21 1550/1550/18 1551/1551/18
f 1549/1549/21 1551/1551/18 1552/1552/21
f 1553/1553/21 356/356/62 1554/1554/62
f 1553/1553/21 1554/1554/62 1555/1555/21
f 1556/1556/21 1557/1557/32 1558/1558/32
f 1556/1556/21 1558/1558/32 1559/1559/21
f 1560/1560/22 1310/1310/6 1561/1561/6
f 1560/1560/22 1561/1561/6 1562/1562/22
f 1563/1563/22 352/352/60 1564/1564/60
f 1563/1563/22 1564/1564/60 1565/1565/22
f 1566/1566/22 1426/1426/35 1567/1567/35
f 1566/1566/22 1567/1567/35 1568/1568/22
f 1569/1569/59 1306/1306/109 1570/1570/109
f 1569/1569/59 1570/1570/109 1571/1571/59
f 1572/1572/59 1573/1573/69 1574/1574/69
f 1572/1572/59 1574/1574/69 1575/1575/59
f 1576/1576/59 1406/1406/116 1577/1577/116
f 1576/1576/59 1577/1577/116 1578/1578/59
f 1579/1579/61 1580/1580/119 1581/1581/119
f 1579/1579/61 1581/1581/119 1582/1582/61
f 1583/1583/61 1584/1584/72 1585/1585/72
f 1583/1583/61 1585/1585/72 1586/1586/61
f 1587/1587/61 1588/1588/120 1589/1589/120
f 1587/1587/61 1589/1589/120 1590/1590/61
f 1591/1591/63 1378/1378/115 1592/1592/115
f 1591/1591/63 1592/1592/115 1593/1593/63
f 1594/1594/63 1595/1595/75 1596/1596/75
f 1594/1594/63 1596/1596/75 1597/1597/63
f 1598/1598/63 1334/1334/110 1599/1599/110
f 1598/1598/63 1599/1599/110 1600/1600/63
f 1601/1601/65 1602/1602/121 1603/1603/121
f 1601/1601/65 1603/1603/121 1604/1604/65
f 1605/1605/65 1606/1606/77 1607/1607/77
f 1605/1605/65 1607/1607/77 1608/1608/65
f 1609/1609/65 1610/1610/122 1611/1611/122
f 1609/1609/65 1611/1611/122 1612/1612/65
s 0
f 1613/1613/31 1614/1614/31 1615/1615/31
f 1613/1613/31 1615/1615/31 1616/1616/31
s 1
f 1617/1617/31 1618/1618/39 1619/1619/39
f 1617/1617/31 1619/1619/39 1620/1620/31
s 0
f 1621/1621/31 1622/1622/31 1623/1623/31
f 1621/1621/31 1623/1623/31 1624/1624/31
f 1625/1625/1 1626/1626/1 1627/1627/1
f 1625/1625/1 1627/1627/1 1628/1628/1
s 1
f 1629/1629/1 1630/1630/48 1631/1631/48
f 1629/1629/1 1631/1631/48 1632/1632/1
s 0
f 1633/1633/1 1634/1634/1 1635/1635/1
f 1633/1633/1 1635/1635/1 1636/1636/1
f 1637/1637/31 1638/1638/31 1639/1639/31
f 1637/1637/31 1639/1639/31 1640/1640/31
s 1
f 1641/1641/31 1642/1642/42 1643/1643/42
f 1641/1641/31 1643/1643/42 1644/1644/31
s 0
f 1645/1645/31 1646/1646/31 1647/1647/31
f 1645/1645/31 1647/1647/31 1648/1648/31
f 1649/1649/1 1650/1650/1 1651/1651/1
f 1649/1649/1 1651/1651/1 1652/1652/1
s 1
f 1653/1653/1 1654/1654/49 1655/1655/49
f 1653/1653/1 1655/1655/49 1656/1656/1
s 0
f 1657/1657/1 1658/1658/1 1659/1659/1
f 1657/1657/1 1659/1659/1 1660/1660/1
f 1661/1661/31 1662/1662/31 1663/1663/31
f 1661/1661/31 1663/1663/31 1664/1664/31
s 1
f 1665/1665/31 1666/1666/36 1667/1667/36
f 1665/1665/31 1667/1667/36 1668/1668/31
s 0
f 1669/1669/31 1670/1670/31 1671/1671/31
f 1669/1669/31 1671/1671/31 1672/1672/31
f 1673/1673/1 1674/1674/1 1675/1675/1
f 1673/1673/1 1675/1675/1 1676/1676/1
s 1
f 1677/1677/1 1678/1678/50 1679/1679/50
f 1677/1677/1 1679/1679/50 1680/1680/1
s 0
f 1681/1681/1 1682/1682/1 1683/1683/1
f 1681/1681/1 1683/1683/1 1684/1684/1
f 1685/1685/31 1686/1686/31 1687/1687/31
f 1685/1685/31 1687/1687/31 1688/1688/31
s 1
f 1689/1689/31 1690/1690/47 1691/1691/47
f 1689/1689/31 1691/1691/47 1692/1692/31
s 0
f 1693/1693/31 1694/1694/31 1695/1695/31
f 1693/1693/31 1695/1695/31 1696/1696/31
f 1697/1697/1 1698/1698/1 1699/1699/1
f 1697/1697/1 1699/1699/1 1700/1700/1
s 1
f 1701/1701/1 1702/1702/51 1703/1703/51
f 1701/1701/1 1703/1703/51 1704/1704/1
s 0
f 1705/1705/1 1706/1706/1 1707/1707/1
f 1705/1705/1 1707/1707/1 1708/1708/1
f 1709/1709/1 1658/1658/1 1710/1710/1
f 1709/1709/1 1710/1710/1 1711/1711/1
s 1
f 1712/1712/1 1713/1713/52 1714/1714/52
f 1712/1712/1 1714/1714/52 1715/1715/1
s 0
f 1716/1716/1 1626/1626/1 1717/1717/1
f 1716/1716/1 1717/1717/1 1718/1718/1
f 1719/1719/31 1622/1622/31 1720/1720/31
f 1719/1719/31 1720/1720/31 1721/1721/31
s 1
f 1722/1722/31 1723/1723/55 1724/1724/55
f 1722/1722/31 1724/1724/55 1725/1725/31
s 0
f 1726/1726/31 1638/1638/31 1727/1727/31
f 1726/1726/31 1727/1727/31 1728/1728/31
f 1729/1729/1 1730/1730/1 1731/1731/1
f 1729/1729/1 1731/1731/1 1732/1732/1
s 1
f 1733/1733/1 1734/1734/53 1735/1735/53
f 1733/1733/1 1735/1735/53 1736/1736/1
s 0
f 1737/1737/1 1738/1738/1 1739/1739/1
f 1737/1737/1 1739/1739/1 1740/1740/1
f 1741/1741/31 1742/1742/31 1743/1743/31
f 1741/1741/31 1743/1743/31 1744/1744/31
s 1
f 1745/1745/31 1746/1746/56 1747/1747/56
f 1745/1745/31 1747/1747/56 1748/1748/31
s 0
f 1749/1749/31 1750/1750/31 1751/1751/31
f 1749/1749/31 1751/1751/31 1752/1752/31
f 1753/1753/1 1706/1706/1 1754/1754/1
f 1753/1753/1 1754/1754/1 1755/1755/1
s 1
f 1756/1756/1 1757/1757/2 1758/1758/2
f 1756/1756/1 1758/1758/2 1759/1759/1
s 0
f 1760/1760/1 1674/1674/1 1761/1761/1
f 1760/1760/1 1761/1761/1 1762/1762/1
f 1763/1763/31 1670/1670/31 1764/1764/31
f 1763/1763/31 1764/1764/31 1765/1765/31
s 1
f 1766/1766/31 1767/1767/57 1768/1768/57
f 1766/1766/31 1768/1768/57 1769/1769/31
s 0
f 1770/1770/31 1686/1686/31 1771/1771/31
f 1770/1770/31 1771/1771/31 1772/1772/31
f 1773/1773/1 1774/1774/1 1775/1775/1
f 1773/1773/1 1775/1775/1 1776/1776/1
s 1
f 1777/1777/1 1778/1778/54 1779/1779/54
f 1777/1777/1 1779/1779/54 1780/1780/1
s 0
f 1781/1781/1 1782/1782/1 1783/1783/1
f 1781/1781/1 1783/1783/1 1784/1784/1
f 1785/1785/31 1786/1786/31 1787/1787/31
f 1785/1785/31 1787/1787/31 1788/1788/31
s 1
f 1789/1789/31 1790/1790/58 1791/1791/58
f 1789/1789/31 1791/1791/58 1792/1792/31
s 0
f 1793/1793/31 1614/1614/31 1794/1794/31
f 1793/1793/31 1794/1794/31 1795/1795/31
f 1796/1796/31 1797/1797/31 1798/1798/31
f 1796/1796/31 1798/1798/31 1799/1799/31
s 1
f 1800/1800/31 1801/1801/36 1802/1802/36
f 1800/1800/31 1802/1802/36 1803/1803/31
s 0
f 1804/1804/31 1805/1805/31 1806/1806/31
f 1804/1804/31 1806/1806/31 1807/1807/31
f 1808/1808/31 1805/1805/31 1809/1809/31
f 1808/1808/31 1809/1809/31 1810/1810/31
s 1
f 1811/1811/31 1812/1812/56 1813/1813/56
f 1811/1811/31 1813/1813/56 1814/1814/31
s 0
f 1815/1815/31 1816/1816/31 1817/1817/31
f 1815/1815/31 1817/1817/31 1818/1818/31
f 1819/1819/31 1820/1820/31 1821/1821/31
f 1819/1819/31 1821/1821/31 1822/1822/31
s 1
f 1823/1823/31 1824/1824/42 1825/1825/42
f 1823/1823/31 1825/1825/42 1826/1826/31
s 0
f 1827/1827/31 1828/1828/31 1829/1829/31
f 1827/1827/31 1829/1829/31 1830/1830/31
f 1831/1831/31 1828/1828/31 1832/1832/31
f 1831/1831/31 1832/1832/31 1833/1833/31
s 1
f 1834/1834/31 1835/1835/55 1836/1836/55
f 1834/1834/31 1836/1836/55 1837/1837/31
s 0
f 1838/1838/31 1839/1839/31 1840/1840/31
f 1838/1838/31 1840/1840/31 1841/1841/31
f 1842/1842/31 1839/1839/31 1843/1843/31
f 1842/1842/31 1843/1843/31 1844/1844/31
s 1
f 1845/1845/31 1846/1846/39 1847/1847/39
f 1845/1845/31 1847/1847/39 1848/1848/31
s 0
f 1849/1849/31 1850/1850/31 1851/1851/31
f 1849/1849/31 1851/1851/31 1852/1852/31
f 1853/1853/31 1854/1854/31 1855/1855/31
f 1853/1853/31 1855/1855/31 1856/1856/31
s 1
f 1857/1857/31 1858/1858/58 1859/1859/58
f 1857/1857/31 1859/1859/58 1860/1860/31
s 0
f 1861/1861/31 1862/1862/31 1863/1863/31
f 1861/1861/31 1863/1863/31 1864/1864/31
f 1865/1865/31 1866/1866/31 1867/1867/31
f 1865/1865/31 1867/1867/31 1868/1868/31
s 1
f 1869/1869/31 1870/1870/47 1871/1871/47
f 1869/1869/31 1871/1871/47 1872/1872/31
s 0
f 1873/1873/31 1874/1874/31 1875/1875/31
f 1873/1873/31 1875/1875/31 1876/1876/31
f 1877/1877/31 1874/1874/31 1878/1878/31
f 1877/1877/31 1878/1878/31 1879/1879/31
s 1
f 1880/1880/31 1881/1881/57 1882/1882/57
f 1880/1880/31 1882/1882/57 1883/1883/31
s 0
f 1884/1884/31 1797/1797/31 1885/1885/31
f 1884/1884/31 1885/1885/31 1886/1886/31
s 1
f 1887/1887/13 1888/1888/32 1889/1889/32
f 1887/1887/13 1889/1889/32 1890/1890/13
f 1891/1891/13 1892/1892/36 1893/1893/36
f 1891/1891/13 1893/1893/36 1894/1894/13
f 1895/1895/13 1896/1896/14 1897/1897/14
f 1895/1895/13 1897/1897/14 1898/1898/13
f 1899/1899/20 1896/1896/14 1900/1900/14
f 1899/1899/20 1900/1900/14 1901/1901/20
f 1902/1902/20 1903/1903/56 1904/1904/56
f 1902/1902/20 1904/1904/56 1905/1905/20
f 1906/1906/20 1907/1907/33 1908/1908/33
f 1906/1906/20 1908/1908/33 1909/1909/20
f 1910/1910/9 1907/1907/33 1911/1911/33
f 1910/1910/9 1911/1911/33 1912/1912/9
f 1913/1913/9 1914/1914/42 1915/1915/42
f 1913/1913/9 1915/1915/42 1916/1916/9
f 1917/1917/9 1918/1918/10 1919/1919/10
f 1917/1917/9 1919/1919/10 1920/1920/9
f 1921/1921/19 1922/1922/10 1923/1923/10
f 1921/1921/19 1923/1923/10 1924/1924/19
f 1925/1925/19 1926/1926/55 1927/1927/55
f 1925/1925/19 1927/1927/55 1928/1928/19
f 1929/1929/19 1930/1930/34 1931/1931/34
f 1929/1929/19 1931/1931/34 1932/1932/19
f 1933/1933/5 1934/1934/34 1935/1935/34
f 1933/1933/5 1935/1935/34 1936/1936/5
f 1937/1937/5 1938/1938/39 1939/1939/39
f 1937/1937/5 1939/1939/39 1940/1940/5
f 1941/1941/5 1942/1942/6 1943/1943/6
f 1941/1941/5 1943/1943/6 1944/1944/5
f 1945/1945/22 1942/1942/6 1946/1946/6
f 1945/1945/22 1946/1946/6 1947/1947/22
f 1948/1948/22 1949/1949/58 1950/1950/58
f 1948/1948/22 1950/1950/58 1951/1951/22
f 1952/1952/22 1953/1953/35 1954/1954/35
f 1952/1952/22 1954/1954/35 1955/1955/22
f 1956/1956/17 1953/1953/35 1957/1957/35
f 1956/1956/17 1957/1957/35 1958/1958/17
f 1959/1959/17 1960/1960/47 1961/1961/47
f 1959/1959/17 1961/1961/47 1962/1962/17
f 1963/1963/17 1964/1964/18 1965/1965/18
f 1963/1963/17 1965/1965/18 1966/1966/17
f 1967/1967/21 1968/1968/18 1969/1969/18
f 1967/1967/21 1969/1969/18 1970/1970/21
f 1971/1971/21 1972/1972/57 1973/1973/57
f 1971/1971/21 1973/1973/57 1974/1974/21
f 1975/1975/21 1976/1976/32 1977/1977/32
f 1975/1975/21 1977/1977/32 1978/1978/21
f 1979/1979/22 1442/1442/6 1980/1980/6
f 1979/1979/22 1980/1980/6 1981/1981/22
f 1982/1982/22 1983/1983/54 1984/1984/54
f 1982/1982/22 1984/1984/54 1985/1985/22
f 1986/1986/22 1482/1482/35 1987/1987/35
f 1986/1986/22 1987/1987/35 1988/1988/22
f 1989/1989/21 1990/1990/18 1991/1991/18
f 1989/1989/21 1991/1991/18 1992/1992/21
f 1993/1993/21 1994/1994/2 1995/1995/2
f 1993/1993/21 1995/1995/2 1996/1996/21
f 1997/1997/21 1998/1998/32 1999/1999/32
f 1997/1997/21 1999/1999/32 2000/2000/21
f 2001/2001/20 1464/1464/14 2002/2002/14
f 2001/2001/20 2002/2002/14 2003/2003/20
f 2004/2004/20 2005/2005/53 2006/2006/53
f 2004/2004/20 2006/2006/53 2007/2007/20
f 2008/2008/20 1460/1460/33 2009/2009/33
f 2008/2008/20 2009/2009/33 2010/2010/20
f 2011/2011/19 2012/2012/10 2013/2013/10
f 2011/2011/19 2013/2013/10 2014/2014/19
f 2015/2015/19 2016/2016/52 2017/2017/52
f 2015/2015/19 2017/2017/52 2018/2018/19
f 2019/2019/19 2020/2020/34 2021/2021/34
f 2019/2019/19 2021/2021/34 2022/2022/19
f 3/3/2 2023/2023/123 2024/2024/50
f 3/3/2 2024/2024/50 4/4/1
f 2024/2024/50 512/512/50 511/511/1
f 2024/2024/50 511/511/1 4/4/1
s 0
f 511/511/1 2025/2025/1 1/1/1
f 511/511/1 1/1/1 4/4/1
s 1
f 7/7/4 2026/2026/124 551/551/78
f 7/7/4 551/551/78 8/8/3
f 551/551/78 540/540/78 539/539/3
f 551/551/78 539/539/3 8/8/3
s 0
f 539/539/3 2027/2027/3 5/5/3
f 539/539/3 5/5/3 8/8/3
s 1
f 11/11/6 2028/2028/125 541/541/78
f 11/11/6 541/541/78 12/12/5
f 541/541/78 540/540/78 550/550/5
f 541/541/78 550/550/5 12/12/5
s 0
f 550/550/5 2029/2029/5 9/9/5
f 550/550/5 9/9/5 12/12/5
s 1
f 15/15/6 2030/2030/126 2031/2031/48
f 15/15/6 2031/2031/48 16/16/5
f 2031/2031/48 562/562/48 561/561/5
f 2031/2031/48 561/561/5 16/16/5
f 561/561/5 2032/2032/5 13/13/5
s 0
f 561/561/5 13/13/5 16/16/5
s 1
f 19/19/8 2033/2033/127 586/586/80
f 19/19/8 586/586/80 20/20/7
f 586/586/80 574/574/80 573/573/7
f 586/586/80 573/573/7 20/20/7
s 0
f 573/573/7 2034/2034/7 17/17/7
f 573/573/7 17/17/7 20/20/7
s 1
f 23/23/10 2035/2035/128 575/575/80
f 23/23/10 575/575/80 24/24/9
f 575/575/80 574/574/80 585/585/9
f 575/575/80 585/585/9 24/24/9
s 0
f 585/585/9 2036/2036/9 21/21/9
f 585/585/9 21/21/9 24/24/9
s 1
f 27/27/10 2037/2037/129 2038/2038/49
f 27/27/10 2038/2038/49 28/28/9
f 2038/2038/49 597/597/49 596/596/9
f 2038/2038/49 596/596/9 28/28/9
s 0
f 596/596/9 2039/2039/9 25/25/9
f 596/596/9 25/25/9 28/28/9
s 1
f 31/31/12 2040/2040/130 620/620/83
f 31/31/12 620/620/83 32/32/11
f 620/620/83 609/609/83 608/608/11
f 620/620/83 608/608/11 32/32/11
s 0
f 608/608/11 2041/2041/11 29/29/11
f 608/608/11 29/29/11 32/32/11
s 1
f 35/35/14 2042/2042/131 610/610/83
f 35/35/14 610/610/83 36/36/13
f 610/610/83 609/609/83 619/619/13
f 610/610/83 619/619/13 36/36/13
s 0
f 619/619/13 2043/2043/13 33/33/13
f 619/619/13 33/33/13 36/36/13
s 1
f 39/39/14 2044/2044/132 2045/2045/50
f 39/39/14 2045/2045/50 40/40/13
f 2045/2045/50 631/631/50 630/630/13
f 2045/2045/50 630/630/13 40/40/13
s 0
f 630/630/13 2046/2046/13 37/37/13
f 630/630/13 37/37/13 40/40/13
s 1
f 43/43/16 2047/2047/133 655/655/85
f 43/43/16 655/655/85 44/44/15
f 655/655/85 643/643/85 642/642/15
f 655/655/85 642/642/15 44/44/15
s 0
f 642/642/15 2048/2048/15 41/41/15
f 642/642/15 41/41/15 44/44/15
s 1
f 47/47/18 2049/2049/134 644/644/85
f 47/47/18 644/644/85 48/48/17
f 644/644/85 643/643/85 654/654/17
f 644/644/85 654/654/17 48/48/17
s 0
f 654/654/17 2050/2050/17 45/45/17
f 654/654/17 45/45/17 48/48/17
s 1
f 51/51/18 2051/2051/135 2052/2052/51
f 51/51/18 2052/2052/51 52/52/17
f 2052/2052/51 666/666/51 665/665/17
f 2052/2052/51 665/665/17 52/52/17
s 0
f 665/665/17 2053/2053/17 49/49/17
f 665/665/17 49/49/17 52/52/17
s 1
f 55/55/6 2054/2054/136 2055/2055/39
f 55/55/6 2055/2055/39 56/56/5
f 2055/2055/39 678/678/39 677/677/5
f 2055/2055/39 677/677/5 56/56/5
s 0
f 677/677/5 2056/2056/5 53/53/5
f 677/677/5 53/53/5 56/56/5
s 1
f 59/59/10 2057/2057/137 2058/2058/42
f 59/59/10 2058/2058/42 60/60/9
f 2058/2058/42 690/690/42 689/689/9
f 2058/2058/42 689/689/9 60/60/9
s 0
f 689/689/9 2059/2059/9 57/57/9
f 689/689/9 57/57/9 60/60/9
s 1
f 63/63/14 2060/2060/138 2061/2061/36
f 63/63/14 2061/2061/36 64/64/13
f 2061/2061/36 702/702/36 701/701/13
f 2061/2061/36 701/701/13 64/64/13
s 0
f 701/701/13 2062/2062/13 61/61/13
s 1
f 701/701/13 61/61/13 64/64/13
f 67/67/18 2063/2063/139 2064/2064/47
f 67/67/18 2064/2064/47 68/68/17
f 2064/2064/47 714/714/47 713/713/17
f 2064/2064/47 713/713/17 68/68/17
s 0
f 713/713/17 2065/2065/17 65/65/17
f 713/713/17 65/65/17 68/68/17
s 1
f 71/71/10 2066/2066/140 2067/2067/55
f 71/71/10 2067/2067/55 72/72/19
f 2067/2067/55 726/726/55 725/725/19
f 2067/2067/55 725/725/19 72/72/19
s 0
f 725/725/19 2068/2068/19 69/69/19
f 725/725/19 69/69/19 72/72/19
s 1
f 74/74/14 2069/2069/141 2070/2070/56
f 74/74/14 2070/2070/56 75/75/20
f 2070/2070/56 738/738/56 737/737/20
f 2070/2070/56 737/737/20 75/75/20
s 0
f 737/737/20 2071/2071/20 73/73/20
f 737/737/20 73/73/20 75/75/20
s 1
f 78/78/18 2072/2072/142 2073/2073/57
f 78/78/18 2073/2073/57 79/79/21
f 2073/2073/57 749/749/57 748/748/21
f 2073/2073/57 748/748/21 79/79/21
s 0
f 748/748/21 2074/2074/21 76/76/21
f 748/748/21 76/76/21 79/79/21
s 1
f 81/81/6 2075/2075/143 2076/2076/58
f 81/81/6 2076/2076/58 82/82/22
f 2076/2076/58 761/761/58 760/760/22
f 2076/2076/58 760/760/22 82/82/22
s 0
f 760/760/22 2077/2077/22 80/80/22
f 760/760/22 80/80/22 82/82/22
s 1
f 85/85/10 2078/2078/144 2079/2079/52
f 85/85/10 2079/2079/52 86/86/19
f 2079/2079/52 772/772/52 771/771/19
f 2079/2079/52 771/771/19 86/86/19
s 0
f 771/771/19 2080/2080/19 83/83/19
f 771/771/19 83/83/19 86/86/19
s 1
f 88/88/14 2081/2081/145 2082/2082/53
f 88/88/14 2082/2082/53 89/89/20
f 2082/2082/53 784/784/53 783/783/20
f 2082/2082/53 783/783/20 89/89/20
s 0
f 783/783/20 2083/2083/20 87/87/20
f 783/783/20 87/87/20 89/89/20
s 1
f 92/92/18 2084/2084/146 2085/2085/2
f 92/92/18 2085/2085/2 93/93/21
f 2085/2085/2 795/795/2 794/794/21
f 2085/2085/2 794/794/21 93/93/21
s 0
f 794/794/21 2086/2086/21 90/90/21
f 794/794/21 90/90/21 93/93/21
s 1
f 95/95/6 2087/2087/126 2088/2088/54
f 95/95/6 2088/2088/54 96/96/22
f 2088/2088/54 807/807/54 806/806/22
f 2088/2088/54 806/806/22 96/96/22
s 0
f 806/806/22 2089/2089/22 94/94/22
f 806/806/22 94/94/22 96/96/22
s 1
f 99/99/24 2028/2028/125 815/815/91
f 99/99/24 815/815/91 100/100/23
f 815/815/91 814/814/91 817/817/23
f 815/815/91 817/817/23 100/100/23
s 0
f 817/817/23 2090/2090/23 97/97/23
f 817/817/23 97/97/23 100/100/23
s 1
f 103/103/26 2091/2091/147 804/804/90
f 103/103/26 804/804/90 104/104/25
f 804/804/90 803/803/90 827/827/25
f 804/804/90 827/827/25 104/104/25
s 0
f 827/827/25 2092/2092/25 101/101/25
f 827/827/25 101/101/25 104/104/25
s 1
f 107/107/28 2042/2042/131 792/792/89
f 107/107/28 792/792/89 108/108/27
f 792/792/89 791/791/89 838/838/27
f 792/792/89 838/838/27 108/108/27
s 0
f 838/838/27 2093/2093/27 105/105/27
f 838/838/27 105/105/27 108/108/27
s 1
f 111/111/30 2094/2094/148 781/781/88
f 111/111/30 781/781/88 112/112/29
f 781/781/88 780/780/88 848/848/29
f 781/781/88 848/848/29 112/112/29
s 0
f 848/848/29 2095/2095/29 109/109/29
f 848/848/29 109/109/29 112/112/29
s 1
f 115/115/1 2096/2096/149 2097/2097/48
f 115/115/1 2097/2097/48 116/116/1
f 2097/2097/48 860/860/48 859/859/1
f 2097/2097/48 859/859/1 116/116/1
s 0
f 859/859/1 2098/2098/1 113/113/1
f 859/859/1 113/113/1 116/116/1
s 1
f 119/119/31 2099/2099/150 2100/2100/39
f 119/119/31 2100/2100/39 120/120/31
f 2100/2100/39 871/871/39 870/870/31
f 2100/2100/39 870/870/31 120/120/31
s 0
f 870/870/31 2101/2101/31 117/117/31
f 870/870/31 117/117/31 120/120/31
s 1
f 123/123/1 2102/2102/151 2103/2103/49
f 123/123/1 2103/2103/49 124/124/1
f 2103/2103/49 883/883/49 882/882/1
f 2103/2103/49 882/882/1 124/124/1
s 0
f 882/882/1 2104/2104/1 121/121/1
f 882/882/1 121/121/1 124/124/1
s 1
f 127/127/31 2105/2105/152 2106/2106/42
f 127/127/31 2106/2106/42 128/128/31
f 2106/2106/42 895/895/42 894/894/31
f 2106/2106/42 894/894/31 128/128/31
s 0
f 894/894/31 2107/2107/31 125/125/31
f 894/894/31 125/125/31 128/128/31
s 1
f 131/131/1 2108/2108/153 2109/2109/50
f 131/131/1 2109/2109/50 132/132/1
f 2109/2109/50 906/906/50 905/905/1
f 2109/2109/50 905/905/1 132/132/1
s 0
f 905/905/1 2110/2110/1 129/129/1
f 905/905/1 129/129/1 132/132/1
s 1
f 135/135/31 2111/2111/154 2112/2112/36
f 135/135/31 2112/2112/36 136/136/31
f 2112/2112/36 918/918/36 917/917/31
f 2112/2112/36 917/917/31 136/136/31
s 0
f 917/917/31 2113/2113/31 133/133/31
f 917/917/31 133/133/31 136/136/31
s 1
f 139/139/1 2114/2114/155 2115/2115/51
f 139/139/1 2115/2115/51 140/140/1
f 2115/2115/51 929/929/51 928/928/1
f 2115/2115/51 928/928/1 140/140/1
s 0
f 928/928/1 2116/2116/1 137/137/1
f 928/928/1 137/137/1 140/140/1
s 1
f 143/143/31 2117/2117/156 2118/2118/47
f 143/143/31 2118/2118/47 144/144/31
f 2118/2118/47 941/941/47 940/940/31
f 2118/2118/47 940/940/31 144/144/31
s 0
f 940/940/31 2119/2119/31 141/141/31
f 940/940/31 141/141/31 144/144/31
s 1
f 147/147/31 2120/2120/157 2121/2121/55
f 147/147/31 2121/2121/55 148/148/31
f 2121/2121/55 952/952/55 951/951/31
f 2121/2121/55 951/951/31 148/148/31
s 0
f 951/951/31 2122/2122/31 145/145/31
f 951/951/31 145/145/31 148/148/31
s 1
f 151/151/1 2123/2123/158 2124/2124/52
f 151/151/1 2124/2124/52 152/152/1
f 2124/2124/52 963/963/52 962/962/1
f 2124/2124/52 962/962/1 152/152/1
s 0
f 962/962/1 2125/2125/1 149/149/1
f 962/962/1 149/149/1 152/152/1
s 1
f 155/155/31 2126/2126/159 2127/2127/56
f 155/155/31 2127/2127/56 156/156/31
f 2127/2127/56 974/974/56 973/973/31
f 2127/2127/56 973/973/31 156/156/31
s 0
f 973/973/31 2128/2128/31 153/153/31
f 973/973/31 153/153/31 156/156/31
s 1
f 159/159/1 2129/2129/160 2130/2130/53
f 159/159/1 2130/2130/53 160/160/1
f 2130/2130/53 986/986/53 985/985/1
f 2130/2130/53 985/985/1 160/160/1
s 0
f 985/985/1 2131/2131/1 157/157/1
f 985/985/1 157/157/1 160/160/1
s 1
f 163/163/31 2132/2132/161 2133/2133/162
f 163/163/31 2133/2133/162 164/164/31
f 2133/2133/162 997/997/57 996/996/31
f 2133/2133/162 996/996/31 164/164/31
s 0
f 996/996/31 2134/2134/31 161/161/31
f 996/996/31 161/161/31 164/164/31
s 1
f 167/167/1 2135/2135/163 2136/2136/164
f 167/167/1 2136/2136/164 168/168/1
f 2136/2136/164 1009/1009/2 1008/1008/1
f 2136/2136/164 1008/1008/1 168/168/1
s 0
f 1008/1008/1 2137/2137/1 165/165/1
f 1008/1008/1 165/165/1 168/168/1
s 1
f 171/171/31 2138/2138/165 2139/2139/58
f 171/171/31 2139/2139/58 172/172/31
f 2139/2139/58 1020/1020/58 1019/1019/31
f 2139/2139/58 1019/1019/31 172/172/31
s 0
f 1019/1019/31 2140/2140/31 169/169/31
f 1019/1019/31 169/169/31 172/172/31
s 1
f 175/175/1 2141/2141/166 2142/2142/54
f 175/175/1 2142/2142/54 176/176/1
f 2142/2142/54 1032/1032/54 1031/1031/1
f 2142/2142/54 1031/1031/1 176/176/1
s 0
f 1031/1031/1 2143/2143/1 173/173/1
f 1031/1031/1 173/173/1 176/176/1
s 1
f 179/179/1 2144/2144/167 2145/2145/101
f 179/179/1 2145/2145/101 180/180/1
f 2145/2145/101 1044/1044/100 1043/1043/1
f 2145/2145/101 1043/1043/1 180/180/1
s 0
f 1043/1043/1 2146/2146/1 177/177/1
f 1043/1043/1 177/177/1 180/180/1
s 1
f 183/183/1 2147/2147/168 2148/2148/92
f 183/183/1 2148/2148/92 184/184/1
f 2148/2148/92 1056/1056/92 1055/1055/1
f 2148/2148/92 1055/1055/1 184/184/1
s 0
f 1055/1055/1 2149/2149/1 181/181/1
f 1055/1055/1 181/181/1 184/184/1
s 1
f 187/187/1 2150/2150/169 2151/2151/102
f 187/187/1 2151/2151/102 188/188/1
f 2151/2151/102 1068/1068/102 1067/1067/1
f 2151/2151/102 1067/1067/1 188/188/1
s 0
f 1067/1067/1 2152/2152/1 185/185/1
f 1067/1067/1 185/185/1 188/188/1
s 1
f 191/191/1 2153/2153/170 2154/2154/94
f 191/191/1 2154/2154/94 192/192/1
f 2154/2154/94 1079/1079/94 1078/1078/1
f 2154/2154/94 1078/1078/1 192/192/1
s 0
f 1078/1078/1 2155/2155/1 189/189/1
f 1078/1078/1 189/189/1 192/192/1
s 1
f 195/195/1 2156/2156/171 2157/2157/104
f 195/195/1 2157/2157/104 196/196/1
f 2157/2157/104 1091/1091/104 1090/1090/1
f 2157/2157/104 1090/1090/1 196/196/1
s 0
f 1090/1090/1 2158/2158/1 193/193/1
f 1090/1090/1 193/193/1 196/196/1
s 1
f 199/199/1 2159/2159/172 2160/2160/95
f 199/199/1 2160/2160/95 200/200/1
f 2160/2160/95 1102/1102/95 1101/1101/1
f 2160/2160/95 1101/1101/1 200/200/1
s 0
f 1101/1101/1 2161/2161/1 197/197/1
f 1101/1101/1 197/197/1 200/200/1
s 1
f 203/203/1 2162/2162/173 2163/2163/105
f 203/203/1 2163/2163/105 204/204/1
f 2163/2163/105 1114/1114/105 1113/1113/1
f 2163/2163/105 1113/1113/1 204/204/1
s 0
f 1113/1113/1 2164/2164/1 201/201/1
f 1113/1113/1 201/201/1 204/204/1
s 1
f 207/207/1 2165/2165/174 2166/2166/97
f 207/207/1 2166/2166/97 208/208/1
f 2166/2166/97 1125/1125/97 1124/1124/1
f 2166/2166/97 1124/1124/1 208/208/1
s 0
f 1124/1124/1 2167/2167/1 205/205/1
f 1124/1124/1 205/205/1 208/208/1
s 1
f 211/211/32 2168/2168/175 2169/2169/50
f 211/211/32 2169/2169/50 212/212/13
f 2169/2169/50 1136/1136/50 1135/1135/13
f 2169/2169/50 1135/1135/13 212/212/13
s 0
f 1135/1135/13 2170/2170/13 209/209/13
f 1135/1135/13 209/209/13 212/212/13
s 1
f 215/215/14 2171/2171/176 2172/2172/53
f 215/215/14 2172/2172/53 216/216/20
f 2172/2172/53 1147/1147/53 1146/1146/20
f 2172/2172/53 1146/1146/20 216/216/20
s 0
f 1146/1146/20 2173/2173/20 213/213/20
f 1146/1146/20 213/213/20 216/216/20
s 1
f 219/219/33 2174/2174/177 2175/2175/49
f 219/219/33 2175/2175/49 220/220/9
f 2175/2175/49 1158/1158/49 1157/1157/9
f 2175/2175/49 1157/1157/9 220/220/9
s 0
f 1157/1157/9 2176/2176/9 217/217/9
f 1157/1157/9 217/217/9 220/220/9
s 1
f 223/223/10 2177/2177/144 2178/2178/52
f 223/223/10 2178/2178/52 224/224/19
f 2178/2178/52 1170/1170/52 1169/1169/19
f 2178/2178/52 1169/1169/19 224/224/19
s 0
f 1169/1169/19 2179/2179/19 221/221/19
f 1169/1169/19 221/221/19 224/224/19
s 1
f 227/227/34 2180/2180/178 2181/2181/48
f 227/227/34 2181/2181/48 228/228/5
f 2181/2181/48 1182/1182/48 1181/1181/5
f 2181/2181/48 1181/1181/5 228/228/5
s 0
f 1181/1181/5 2182/2182/5 225/225/5
f 1181/1181/5 225/225/5 228/228/5
s 1
f 231/231/6 2183/2183/179 2184/2184/54
f 231/231/6 2184/2184/54 232/232/22
f 2184/2184/54 1193/1193/54 1192/1192/22
f 2184/2184/54 1192/1192/22 232/232/22
s 0
f 1192/1192/22 2185/2185/22 229/229/22
f 1192/1192/22 229/229/22 232/232/22
s 1
f 235/235/35 2186/2186/166 2187/2187/51
f 235/235/35 2187/2187/51 236/236/17
f 2187/2187/51 1204/1204/51 1203/1203/17
f 2187/2187/51 1203/1203/17 236/236/17
s 0
f 1203/1203/17 2188/2188/17 233/233/17
f 1203/1203/17 233/233/17 236/236/17
s 1
f 239/239/18 2189/2189/146 2190/2190/2
f 239/239/18 2190/2190/2 240/240/21
f 2190/2190/2 1216/1216/2 1215/1215/21
f 2190/2190/2 1215/1215/21 240/240/21
s 0
f 1215/1215/21 2191/2191/21 237/237/21
f 1215/1215/21 237/237/21 240/240/21
s 1
f 242/242/6 2192/2192/6 497/497/22
f 242/242/6 497/497/22 243/243/22
s 0
f 497/497/22 496/496/22 1227/1227/22
f 497/497/22 1227/1227/22 243/243/22
f 1227/1227/22 2193/2193/22 241/241/22
f 1227/1227/22 241/241/22 243/243/22
s 1
f 246/246/18 2194/2194/18 501/501/21
f 246/246/18 501/501/21 247/247/21
s 0
f 501/501/21 500/500/21 1237/1237/21
f 501/501/21 1237/1237/21 247/247/21
f 1237/1237/21 2195/2195/21 244/244/21
f 1237/1237/21 244/244/21 247/247/21
s 1
f 249/249/14 2196/2196/14 505/505/20
f 249/249/14 505/505/20 250/250/20
s 0
f 505/505/20 504/504/20 1248/1248/20
f 505/505/20 1248/1248/20 250/250/20
f 1248/1248/20 2197/2197/20 248/248/20
f 1248/1248/20 248/248/20 250/250/20
s 1
f 253/253/10 2198/2198/10 509/509/19
f 253/253/10 509/509/19 254/254/19
s 0
f 509/509/19 508/508/19 1258/1258/19
f 509/509/19 1258/1258/19 254/254/19
f 1258/1258/19 2199/2199/19 251/251/19
f 1258/1258/19 251/251/19 254/254/19
s 1
f 257/257/36 2200/2200/180 2201/2201/57
f 257/257/36 2201/2201/57 258/258/31
f 2201/2201/57 1270/1270/57 1269/1269/31
f 2201/2201/57 1269/1269/31 258/258/31
s 0
f 1269/1269/31 2202/2202/31 255/255/31
f 1269/1269/31 255/255/31 258/258/31
s 1
f 261/261/38 2203/2203/181 2204/2204/107
f 261/261/38 2204/2204/107 262/262/37
f 2204/2204/107 1298/1298/107 1297/1297/37
f 2204/2204/107 1297/1297/37 262/262/37
s 0
f 1297/1297/37 2205/2205/37 259/259/37
f 1297/1297/37 259/259/37 262/262/37
s 1
f 264/264/38 2206/2206/182 1561/1561/6
f 264/264/38 1561/1561/6 265/265/5
f 1561/1561/6 1310/1310/6 1309/1309/5
f 1561/1561/6 1309/1309/5 265/265/5
s 0
f 1309/1309/5 2207/2207/5 263/263/5
f 1309/1309/5 263/263/5 265/265/5
s 1
f 268/268/39 2208/2208/136 1520/1520/6
f 268/268/39 1520/1520/6 269/269/5
f 1520/1520/6 1322/1322/6 1321/1321/5
f 1520/1520/6 1321/1321/5 269/269/5
s 0
f 1321/1321/5 2209/2209/5 266/266/5
f 1321/1321/5 266/266/5 269/269/5
s 1
f 272/272/41 2210/2210/183 1599/1599/110
f 272/272/41 1599/1599/110 273/273/40
f 1599/1599/110 1334/1334/110 1333/1333/40
f 1599/1599/110 1333/1333/40 273/273/40
s 0
f 1333/1333/40 2211/2211/40 270/270/40
f 1333/1333/40 270/270/40 273/273/40
s 1
f 275/275/41 2212/2212/184 2213/2213/10
f 275/275/41 2213/2213/10 276/276/9
f 2213/2213/10 1346/1346/10 1345/1345/9
f 2213/2213/10 1345/1345/9 276/276/9
s 0
f 1345/1345/9 2214/2214/9 274/274/9
f 1345/1345/9 274/274/9 276/276/9
s 1
f 279/279/42 2215/2215/137 2216/2216/10
f 279/279/42 2216/2216/10 280/280/9
f 2216/2216/10 1358/1358/10 1357/1357/9
f 2216/2216/10 1357/1357/9 280/280/9
s 0
f 1357/1357/9 2217/2217/9 277/277/9
f 1357/1357/9 277/277/9 280/280/9
s 1
f 283/283/44 2218/2218/185 2219/2219/113
f 283/283/44 2219/2219/113 284/284/43
f 2219/2219/113 1370/1370/113 1369/1369/43
f 2219/2219/113 1369/1369/43 284/284/43
s 0
f 1369/1369/43 2220/2220/43 281/281/43
f 1369/1369/43 281/281/43 284/284/43
s 1
f 286/286/44 2221/2221/186 1541/1541/14
f 286/286/44 1541/1541/14 287/287/13
f 1541/1541/14 1382/1382/14 1381/1381/13
f 1541/1541/14 1381/1381/13 287/287/13
s 0
f 1381/1381/13 2222/2222/13 285/285/13
f 1381/1381/13 285/285/13 287/287/13
s 1
f 290/290/36 2223/2223/138 1498/1498/14
f 290/290/36 1498/1498/14 291/291/13
f 1498/1498/14 1394/1394/14 1393/1393/13
f 1498/1498/14 1393/1393/13 291/291/13
s 0
f 1393/1393/13 2224/2224/13 288/288/13
f 1393/1393/13 288/288/13 291/291/13
s 1
f 294/294/46 2225/2225/187 1577/1577/116
f 294/294/46 1577/1577/116 295/295/45
f 1577/1577/116 1406/1406/116 1405/1405/45
f 1577/1577/116 1405/1405/45 295/295/45
s 0
f 1405/1405/45 2226/2226/45 292/292/45
f 1405/1405/45 292/292/45 295/295/45
s 1
f 297/297/46 2227/2227/188 2228/2228/18
f 297/297/46 2228/2228/18 298/298/17
f 2228/2228/18 1418/1418/18 1417/1417/17
f 2228/2228/18 1417/1417/17 298/298/17
s 0
f 1417/1417/17 2229/2229/17 296/296/17
s 1
f 1417/1417/17 296/296/17 298/298/17
f 301/301/47 2230/2230/139 2231/2231/18
f 301/301/47 2231/2231/18 302/302/17
f 2231/2231/18 1430/1430/18 1429/1429/17
f 2231/2231/18 1429/1429/17 302/302/17
s 0
f 1429/1429/17 2232/2232/17 299/299/17
f 1429/1429/17 299/299/17 302/302/17
s 1
f 305/305/48 2233/2233/189 1980/1980/6
f 305/305/48 1980/1980/6 306/306/5
f 1980/1980/6 1442/1442/6 1441/1441/5
f 1980/1980/6 1441/1441/5 306/306/5
s 0
f 1441/1441/5 2234/2234/5 303/303/5
f 1441/1441/5 303/303/5 306/306/5
s 1
f 309/309/49 2235/2235/144 2236/2236/10
f 309/309/49 2236/2236/10 310/310/9
f 2236/2236/10 1453/1453/10 1452/1452/9
f 2236/2236/10 1452/1452/9 310/310/9
s 0
f 1452/1452/9 2237/2237/9 307/307/9
f 1452/1452/9 307/307/9 310/310/9
s 1
f 313/313/50 2238/2238/145 2002/2002/14
f 313/313/50 2002/2002/14 314/314/13
f 2002/2002/14 1464/1464/14 1463/1463/13
f 2002/2002/14 1463/1463/13 314/314/13
s 0
f 1463/1463/13 2239/2239/13 311/311/13
s 1
f 1463/1463/13 311/311/13 314/314/13
f 317/317/51 2240/2240/146 2241/2241/18
f 317/317/51 2241/2241/18 318/318/17
f 2241/2241/18 1475/1475/18 1474/1474/17
f 2241/2241/18 1474/1474/17 318/318/17
s 0
f 1474/1474/17 2242/2242/17 315/315/17
f 1474/1474/17 315/315/17 318/318/17
s 1
f 321/321/52 2243/2243/144 2244/2244/10
f 321/321/52 2244/2244/10 322/322/19
f 2244/2244/10 1486/1486/10 1485/1485/19
f 2244/2244/10 1485/1485/19 322/322/19
s 0
f 1485/1485/19 2245/2245/19 319/319/19
f 1485/1485/19 319/319/19 322/322/19
s 1
f 325/325/53 2246/2246/145 1395/1395/14
f 325/325/53 1395/1395/14 326/326/20
f 1395/1395/14 1394/1394/14 1497/1497/20
f 1395/1395/14 1497/1497/20 326/326/20
s 0
f 1497/1497/20 2247/2247/20 323/323/20
f 1497/1497/20 323/323/20 326/326/20
s 1
f 329/329/2 2248/2248/146 2249/2249/18
f 329/329/2 2249/2249/18 330/330/21
f 2249/2249/18 1508/1508/18 1507/1507/21
f 2249/2249/18 1507/1507/21 330/330/21
s 0
f 1507/1507/21 2250/2250/21 327/327/21
f 1507/1507/21 327/327/21 330/330/21
s 1
f 333/333/54 2251/2251/189 1323/1323/6
f 333/333/54 1323/1323/6 334/334/22
f 1323/1323/6 1322/1322/6 1519/1519/22
f 1323/1323/6 1519/1519/22 334/334/22
s 0
f 1519/1519/22 2252/2252/22 331/331/22
f 1519/1519/22 331/331/22 334/334/22
s 1
f 337/337/55 2253/2253/137 2254/2254/10
f 337/337/55 2254/2254/10 338/338/19
f 2254/2254/10 1530/1530/10 1529/1529/19
f 2254/2254/10 1529/1529/19 338/338/19
s 0
f 1529/1529/19 2255/2255/19 335/335/19
f 1529/1529/19 335/335/19 338/338/19
s 1
f 341/341/56 2256/2256/138 1383/1383/14
f 341/341/56 1383/1383/14 342/342/20
f 1383/1383/14 1382/1382/14 1540/1540/20
f 1383/1383/14 1540/1540/20 342/342/20
s 0
f 1540/1540/20 2257/2257/20 339/339/20
f 1540/1540/20 339/339/20 342/342/20
s 1
f 345/345/57 2258/2258/139 2259/2259/18
f 345/345/57 2259/2259/18 346/346/21
f 2259/2259/18 1550/1550/18 1549/1549/21
f 2259/2259/18 1549/1549/21 346/346/21
s 0
f 1549/1549/21 2260/2260/21 343/343/21
f 1549/1549/21 343/343/21 346/346/21
s 1
f 349/349/58 2261/2261/143 1311/1311/6
f 349/349/58 1311/1311/6 350/350/22
f 1311/1311/6 1310/1310/6 1560/1560/22
f 1311/1311/6 1560/1560/22 350/350/22
s 0
f 1560/1560/22 2262/2262/22 347/347/22
f 1560/1560/22 347/347/22 350/350/22
s 1
f 353/353/60 2206/2206/182 1307/1307/109
f 353/353/60 1307/1307/109 354/354/59
f 1307/1307/109 1306/1306/109 1569/1569/59
f 1307/1307/109 1569/1569/59 354/354/59
s 0
f 1569/1569/59 2263/2263/59 351/351/59
f 1569/1569/59 351/351/59 354/354/59
s 1
f 357/357/62 2264/2264/190 2265/2265/119
f 357/357/62 2265/2265/119 358/358/61
f 2265/2265/119 1580/1580/119 1579/1579/61
f 2265/2265/119 1579/1579/61 358/358/61
s 0
f 1579/1579/61 2266/2266/61 355/355/61
f 1579/1579/61 355/355/61 358/358/61
s 1
f 361/361/64 2221/2221/186 1379/1379/115
f 361/361/64 1379/1379/115 362/362/63
f 1379/1379/115 1378/1378/115 1591/1591/63
f 1379/1379/115 1591/1591/63 362/362/63
s 0
f 1591/1591/63 2267/2267/63 359/359/63
f 1591/1591/63 359/359/63 362/362/63
s 1
f 365/365/66 2268/2268/191 2269/2269/121
f 365/365/66 2269/2269/121 366/366/65
f 2269/2269/121 1602/1602/121 1601/1601/65
f 2269/2269/121 1601/1601/65 366/366/65
s 0
f 1601/1601/65 2270/2270/65 363/363/65
f 1601/1601/65 363/363/65 366/366/65
s 1
f 369/369/39 2271/2271/192 1794/1794/31
f 369/369/39 1794/1794/31 370/370/31
s 0
f 1794/1794/31 1614/1614/31 1613/1613/31
f 1794/1794/31 1613/1613/31 370/370/31
f 1613/1613/31 2272/2272/31 367/367/31
f 1613/1613/31 367/367/31 370/370/31
s 1
f 373/373/48 2273/2273/193 1717/1717/1
f 373/373/48 1717/1717/1 374/374/1
s 0
f 1717/1717/1 1626/1626/1 1625/1625/1
f 1717/1717/1 1625/1625/1 374/374/1
f 1625/1625/1 2274/2274/1 371/371/1
f 1625/1625/1 371/371/1 374/374/1
s 1
f 377/377/42 2275/2275/137 1727/1727/31
f 377/377/42 1727/1727/31 378/378/31
s 0
f 1727/1727/31 1638/1638/31 1637/1637/31
f 1727/1727/31 1637/1637/31 378/378/31
f 1637/1637/31 2276/2276/31 375/375/31
f 1637/1637/31 375/375/31 378/378/31
s 1
f 381/381/49 2277/2277/160 2278/2278/1
f 381/381/49 2278/2278/1 382/382/1
s 0
f 2278/2278/1 1650/1650/1 1649/1649/1
f 2278/2278/1 1649/1649/1 382/382/1
f 1649/1649/1 2279/2279/1 379/379/1
f 1649/1649/1 379/379/1 382/382/1
s 1
f 385/385/36 2280/2280/194 2281/2281/31
f 385/385/36 2281/2281/31 386/386/31
s 0
f 2281/2281/31 1662/1662/31 1661/1661/31
f 2281/2281/31 1661/1661/31 386/386/31
f 1661/1661/31 2282/2282/31 383/383/31
f 1661/1661/31 383/383/31 386/386/31
s 1
f 389/389/50 2283/2283/195 1761/1761/1
f 389/389/50 1761/1761/1 390/390/1
s 0
f 1761/1761/1 1674/1674/1 1673/1673/1
f 1761/1761/1 1673/1673/1 390/390/1
f 1673/1673/1 2284/2284/1 387/387/1
f 1673/1673/1 387/387/1 390/390/1
s 1
f 393/393/47 2285/2285/139 1771/1771/31
f 393/393/47 1771/1771/31 394/394/31
s 0
f 1771/1771/31 1686/1686/31 1685/1685/31
f 1771/1771/31 1685/1685/31 394/394/31
f 1685/1685/31 2286/2286/31 391/391/31
f 1685/1685/31 391/391/31 394/394/31
s 1
f 397/397/51 2287/2287/196 2288/2288/1
f 397/397/51 2288/2288/1 398/398/1
s 0
f 2288/2288/1 1698/1698/1 1697/1697/1
f 2288/2288/1 1697/1697/1 398/398/1
f 1697/1697/1 2289/2289/1 395/395/1
f 1697/1697/1 395/395/1 398/398/1
s 1
f 401/401/52 2290/2290/129 1659/1659/1
f 401/401/52 1659/1659/1 402/402/1
s 0
f 1659/1659/1 1658/1658/1 1709/1709/1
f 1659/1659/1 1709/1709/1 402/402/1
f 1709/1709/1 2291/2291/1 399/399/1
f 1709/1709/1 399/399/1 402/402/1
s 1
f 405/405/55 2292/2292/197 1623/1623/31
f 405/405/55 1623/1623/31 406/406/31
s 0
f 1623/1623/31 1622/1622/31 1719/1719/31
f 1623/1623/31 1719/1719/31 406/406/31
f 1719/1719/31 2293/2293/31 403/403/31
f 1719/1719/31 403/403/31 406/406/31
s 1
f 409/409/53 2294/2294/198 2295/2295/1
f 409/409/53 2295/2295/1 410/410/1
s 0
f 2295/2295/1 1730/1730/1 1729/1729/1
f 2295/2295/1 1729/1729/1 410/410/1
f 1729/1729/1 2296/2296/1 407/407/1
f 1729/1729/1 407/407/1 410/410/1
s 1
f 413/413/56 2297/2297/152 2298/2298/31
f 413/413/56 2298/2298/31 414/414/31
s 0
f 2298/2298/31 1742/1742/31 1741/1741/31
f 2298/2298/31 1741/1741/31 414/414/31
f 1741/1741/31 2299/2299/31 411/411/31
f 1741/1741/31 411/411/31 414/414/31
s 1
f 417/417/2 2300/2300/155 1707/1707/1
f 417/417/2 1707/1707/1 418/418/1
s 0
f 1707/1707/1 1706/1706/1 1753/1753/1
f 1707/1707/1 1753/1753/1 418/418/1
f 1753/1753/1 2301/2301/1 415/415/1
f 1753/1753/1 415/415/1 418/418/1
s 1
f 421/421/57 2302/2302/154 1671/1671/31
f 421/421/57 1671/1671/31 422/422/31
s 0
f 1671/1671/31 1670/1670/31 1763/1763/31
f 1671/1671/31 1763/1763/31 422/422/31
f 1763/1763/31 2303/2303/31 419/419/31
f 1763/1763/31 419/419/31 422/422/31
s 1
f 425/425/54 2304/2304/149 2305/2305/1
f 425/425/54 2305/2305/1 426/426/1
s 0
f 2305/2305/1 1774/1774/1 1773/1773/1
f 2305/2305/1 1773/1773/1 426/426/1
f 1773/1773/1 2306/2306/1 423/423/1
f 1773/1773/1 423/423/1 426/426/1
s 1
f 429/429/58 2307/2307/156 2308/2308/31
f 429/429/58 2308/2308/31 430/430/31
s 0
f 2308/2308/31 1786/1786/31 1785/1785/31
f 2308/2308/31 1785/1785/31 430/430/31
f 1785/1785/31 2309/2309/31 427/427/31
f 1785/1785/31 427/427/31 430/430/31
s 1
f 433/433/68 2310/2310/199 1885/1885/31
f 433/433/68 1885/1885/31 434/434/31
s 0
f 1885/1885/31 1797/1797/31 1796/1796/31
f 1885/1885/31 1796/1796/31 434/434/31
f 1796/1796/31 2311/2311/31 431/431/31
f 1796/1796/31 431/431/31 434/434/31
s 1
f 437/437/69 2312/2312/200 1806/1806/31
f 437/437/69 1806/1806/31 438/438/31
s 0
f 1806/1806/31 1805/1805/31 1808/1808/31
f 1806/1806/31 1808/1808/31 438/438/31
f 1808/1808/31 2313/2313/31 435/435/31
f 1808/1808/31 435/435/31 438/438/31
s 1
f 441/441/71 2314/2314/201 2315/2315/31
f 441/441/71 2315/2315/31 442/442/31
s 0
f 2315/2315/31 1820/1820/31 1819/1819/31
f 2315/2315/31 1819/1819/31 442/442/31
f 1819/1819/31 2316/2316/31 439/439/31
f 1819/1819/31 439/439/31 442/442/31
s 1
f 445/445/72 2317/2317/202 1829/1829/31
f 445/445/72 1829/1829/31 446/446/31
s 0
f 1829/1829/31 1828/1828/31 1831/1831/31
f 1829/1829/31 1831/1831/31 446/446/31
f 1831/1831/31 2318/2318/31 443/443/31
f 1831/1831/31 443/443/31 446/446/31
s 1
f 449/449/74 2319/2319/203 1840/1840/31
f 449/449/74 1840/1840/31 450/450/31
s 0
f 1840/1840/31 1839/1839/31 1842/1842/31
f 1840/1840/31 1842/1842/31 450/450/31
f 1842/1842/31 2320/2320/31 447/447/31
f 1842/1842/31 447/447/31 450/450/31
s 1
f 453/453/75 2321/2321/204 2322/2322/31
f 453/453/75 2322/2322/31 454/454/31
s 0
f 2322/2322/31 1854/1854/31 1853/1853/31
f 2322/2322/31 1853/1853/31 454/454/31
f 1853/1853/31 2323/2323/31 451/451/31
f 1853/1853/31 451/451/31 454/454/31
s 1
f 457/457/76 2324/2324/205 2325/2325/31
f 457/457/76 2325/2325/31 458/458/31
s 0
f 2325/2325/31 1866/1866/31 1865/1865/31
f 2325/2325/31 1865/1865/31 458/458/31
f 1865/1865/31 2326/2326/31 455/455/31
f 1865/1865/31 455/455/31 458/458/31
s 1
f 461/461/77 2327/2327/206 1875/1875/31
f 461/461/77 1875/1875/31 462/462/31
s 0
f 1875/1875/31 1874/1874/31 1877/1877/31
f 1875/1875/31 1877/1877/31 462/462/31
f 1877/1877/31 2328/2328/31 459/459/31
f 1877/1877/31 459/459/31 462/462/31
s 1
f 465/465/36 2329/2329/207 2330/2330/32
f 465/465/36 2330/2330/32 466/466/13
f 2330/2330/32 1888/1888/32 1887/1887/13
f 2330/2330/32 1887/1887/13 466/466/13
s 0
f 1887/1887/13 2331/2331/13 463/463/13
f 1887/1887/13 463/463/13 466/466/13
s 1
f 469/469/56 2332/2332/208 1897/1897/14
f 469/469/56 1897/1897/14 470/470/20
f 1897/1897/14 1896/1896/14 1899/1899/20
f 1897/1897/14 1899/1899/20 470/470/20
s 0
f 1899/1899/20 2333/2333/20 467/467/20
f 1899/1899/20 467/467/20 470/470/20
s 1
f 473/473/42 2334/2334/209 1908/1908/33
f 473/473/42 1908/1908/33 474/474/9
f 1908/1908/33 1907/1907/33 1910/1910/9
f 1908/1908/33 1910/1910/9 474/474/9
s 0
f 1910/1910/9 2335/2335/9 471/471/9
f 1910/1910/9 471/471/9 474/474/9
s 1
f 477/477/55 2336/2336/210 2337/2337/10
f 477/477/55 2337/2337/10 478/478/19
f 2337/2337/10 1922/1922/10 1921/1921/19
f 2337/2337/10 1921/1921/19 478/478/19
s 0
f 1921/1921/19 2338/2338/19 475/475/19
f 1921/1921/19 475/475/19 478/478/19
s 1
f 481/481/39 2339/2339/211 2340/2340/34
f 481/481/39 2340/2340/34 482/482/5
f 2340/2340/34 1934/1934/34 1933/1933/5
f 2340/2340/34 1933/1933/5 482/482/5
s 0
f 1933/1933/5 2341/2341/5 479/479/5
f 1933/1933/5 479/479/5 482/482/5
s 1
f 485/485/58 2342/2342/212 1943/1943/6
f 485/485/58 1943/1943/6 486/486/22
f 1943/1943/6 1942/1942/6 1945/1945/22
f 1943/1943/6 1945/1945/22 486/486/22
s 0
f 1945/1945/22 2343/2343/22 483/483/22
f 1945/1945/22 483/483/22 486/486/22
s 1
f 489/489/47 2344/2344/213 1954/1954/35
f 489/489/47 1954/1954/35 490/490/17
f 1954/1954/35 1953/1953/35 1956/1956/17
f 1954/1954/35 1956/1956/17 490/490/17
s 0
f 1956/1956/17 2345/2345/17 487/487/17
f 1956/1956/17 487/487/17 490/490/17
s 1
f 493/493/57 2346/2346/214 2347/2347/18
f 493/493/57 2347/2347/18 494/494/21
f 2347/2347/18 1968/1968/18 1967/1967/21
f 2347/2347/18 1967/1967/21 494/494/21
s 0
f 1967/1967/21 2348/2348/21 491/491/21
f 1967/1967/21 491/491/21 494/494/21
s 1
f 497/497/22 2192/2192/6 1443/1443/6
f 497/497/22 1443/1443/6 498/498/22
f 1443/1443/6 1442/1442/6 1979/1979/22
f 1443/1443/6 1979/1979/22 498/498/22
s 0
f 1979/1979/22 2349/2349/22 495/495/22
f 1979/1979/22 495/495/22 498/498/22
s 1
f 501/501/21 2194/2194/18 2350/2350/18
f 501/501/21 2350/2350/18 502/502/21
f 2350/2350/18 1990/1990/18 1989/1989/21
f 2350/2350/18 1989/1989/21 502/502/21
s 0
f 1989/1989/21 2351/2351/21 499/499/21
f 1989/1989/21 499/499/21 502/502/21
s 1
f 505/505/20 2196/2196/14 1465/1465/14
f 505/505/20 1465/1465/14 506/506/20
f 1465/1465/14 1464/1464/14 2001/2001/20
f 1465/1465/14 2001/2001/20 506/506/20
s 0
f 2001/2001/20 2352/2352/20 503/503/20
f 2001/2001/20 503/503/20 506/506/20
s 1
f 509/509/19 2198/2198/10 2353/2353/10
f 509/509/19 2353/2353/10 510/510/19
f 2353/2353/10 2012/2012/10 2011/2011/19
f 2353/2353/10 2011/2011/19 510/510/19
s 0
f 2011/2011/19 2354/2354/19 507/507/19
f 2011/2011/19 507/507/19 510/510/19
s 1
f 513/513/50 2355/2355/215 2356/2356/53
f 513/513/50 2356/2356/53 514/514/1
f 2356/2356/53 516/516/53 515/515/1
f 2356/2356/53 515/515/1 514/514/1
s 0
f 515/515/1 2025/2025/1 511/511/1
f 515/515/1 511/511/1 514/514/1
s 1
f 517/517/53 2357/2357/216 2358/2358/49
f 517/517/53 2358/2358/49 518/518/1
f 2358/2358/49 520/520/49 519/519/1
f 2358/2358/49 519/519/1 518/518/1
s 0
f 519/519/1 2025/2025/1 515/515/1
f 519/519/1 515/515/1 518/518/1
s 1
f 521/521/49 2359/2359/217 2360/2360/52
f 521/521/49 2360/2360/52 522/522/1
f 2360/2360/52 524/524/52 523/523/1
f 2360/2360/52 523/523/1 522/522/1
s 0
f 523/523/1 2025/2025/1 519/519/1
f 523/523/1 519/519/1 522/522/1
s 1
f 525/525/52 2361/2361/218 2362/2362/48
f 525/525/52 2362/2362/48 526/526/1
f 2362/2362/48 528/528/48 527/527/1
f 2362/2362/48 527/527/1 526/526/1
s 0
f 527/527/1 2025/2025/1 523/523/1
f 527/527/1 523/523/1 526/526/1
s 1
f 529/529/48 2363/2363/219 2364/2364/54
f 529/529/48 2364/2364/54 530/530/1
f 2364/2364/54 532/532/54 531/531/1
f 2364/2364/54 531/531/1 530/530/1
s 0
f 531/531/1 2025/2025/1 527/527/1
f 531/531/1 527/527/1 530/530/1
s 1
f 533/533/54 2365/2365/220 2366/2366/51
f 533/533/54 2366/2366/51 534/534/1
f 2366/2366/51 536/536/51 535/535/1
f 2366/2366/51 535/535/1 534/534/1
s 0
f 535/535/1 2025/2025/1 531/531/1
f 535/535/1 531/531/1 534/534/1
s 1
f 537/537/51 2367/2367/221 2368/2368/2
f 537/537/51 2368/2368/2 538/538/1
f 2368/2368/2 2/2/2 1/1/1
f 2368/2368/2 1/1/1 538/538/1
s 0
f 1/1/1 2025/2025/1 535/535/1
f 1/1/1 535/535/1 538/538/1
s 1
f 541/541/78 2028/2028/125 99/99/24
f 541/541/78 99/99/24 542/542/3
f 99/99/24 98/98/24 543/543/3
f 99/99/24 543/543/3 542/542/3
s 0
f 543/543/3 2027/2027/3 539/539/3
f 543/543/3 539/539/3 542/542/3
s 1
f 544/544/24 2369/2369/222 2370/2370/79
f 544/544/24 2370/2370/79 545/545/3
f 2370/2370/79 547/547/79 546/546/3
f 2370/2370/79 546/546/3 545/545/3
s 0
f 546/546/3 2027/2027/3 543/543/3
f 546/546/3 543/543/3 545/545/3
s 1
f 548/548/79 2371/2371/223 2372/2372/4
f 548/548/79 2372/2372/4 549/549/3
f 2372/2372/4 6/6/4 5/5/3
f 2372/2372/4 5/5/3 549/549/3
s 0
f 5/5/3 2027/2027/3 546/546/3
f 5/5/3 546/546/3 549/549/3
s 1
f 551/551/78 2026/2026/124 2373/2373/34
f 551/551/78 2373/2373/34 552/552/5
f 2373/2373/34 554/554/34 553/553/5
f 2373/2373/34 553/553/5 552/552/5
s 0
f 553/553/5 2029/2029/5 550/550/5
f 553/553/5 550/550/5 552/552/5
s 1
f 555/555/34 2374/2374/158 2375/2375/48
f 555/555/34 2375/2375/48 556/556/5
f 2375/2375/48 558/558/48 557/557/5
f 2375/2375/48 557/557/5 556/556/5
s 0
f 557/557/5 2029/2029/5 553/553/5
f 557/557/5 553/553/5 556/556/5
s 1
f 559/559/48 2087/2087/126 95/95/6
f 559/559/48 95/95/6 560/560/5
f 95/95/6 10/10/6 9/9/5
f 95/95/6 9/9/5 560/560/5
s 0
f 9/9/5 2029/2029/5 557/557/5
f 9/9/5 557/557/5 560/560/5
s 1
f 563/563/48 2376/2376/158 2377/2377/34
f 563/563/48 2377/2377/34 564/564/5
f 2377/2377/34 566/566/34 565/565/5
f 2377/2377/34 565/565/5 564/564/5
s 0
f 565/565/5 2032/2032/5 561/561/5
s 1
f 565/565/5 561/561/5 564/564/5
f 567/567/34 2378/2378/197 2379/2379/39
f 567/567/34 2379/2379/39 568/568/5
f 2379/2379/39 570/570/39 569/569/5
f 2379/2379/39 569/569/5 568/568/5
s 0
f 569/569/5 2032/2032/5 565/565/5
f 569/569/5 565/565/5 568/568/5
s 1
f 571/571/39 2075/2075/143 81/81/6
f 571/571/39 81/81/6 572/572/5
f 81/81/6 14/14/6 13/13/5
f 81/81/6 13/13/5 572/572/5
s 0
f 13/13/5 2032/2032/5 569/569/5
f 13/13/5 569/569/5 572/572/5
s 1
f 575/575/80 2035/2035/128 2380/2380/81
f 575/575/80 2380/2380/81 576/576/7
f 2380/2380/81 578/578/81 577/577/7
f 2380/2380/81 577/577/7 576/576/7
s 0
f 577/577/7 2034/2034/7 573/573/7
f 577/577/7 573/573/7 576/576/7
s 1
f 579/579/81 2381/2381/224 2382/2382/82
f 579/579/81 2382/2382/82 580/580/7
f 2382/2382/82 582/582/82 581/581/7
f 2382/2382/82 581/581/7 580/580/7
s 0
f 581/581/7 2034/2034/7 577/577/7
f 581/581/7 577/577/7 580/580/7
s 1
f 583/583/82 2383/2383/173 842/842/8
f 583/583/82 842/842/8 584/584/7
f 842/842/8 18/18/8 17/17/7
f 842/842/8 17/17/7 584/584/7
s 0
f 17/17/7 2034/2034/7 581/581/7
f 17/17/7 581/581/7 584/584/7
s 1
f 586/586/80 2033/2033/127 788/788/33
f 586/586/80 788/788/33 587/587/9
f 788/788/33 589/589/33 588/588/9
f 788/788/33 588/588/9 587/587/9
s 0
f 588/588/9 2036/2036/9 585/585/9
f 588/588/9 585/585/9 587/587/9
s 1
f 590/590/33 2384/2384/225 2385/2385/49
f 590/590/33 2385/2385/49 591/591/9
f 2385/2385/49 593/593/49 592/592/9
f 2385/2385/49 592/592/9 591/591/9
s 0
f 592/592/9 2036/2036/9 588/588/9
f 592/592/9 588/588/9 591/591/9
s 1
f 594/594/49 2386/2386/144 2387/2387/10
f 594/594/49 2387/2387/10 595/595/9
f 2387/2387/10 22/22/10 21/21/9
f 2387/2387/10 21/21/9 595/595/9
s 0
f 21/21/9 2036/2036/9 592/592/9
s 1
f 21/21/9 592/592/9 595/595/9
f 598/598/49 2388/2388/225 742/742/33
f 598/598/49 742/742/33 599/599/9
f 742/742/33 601/601/33 600/600/9
f 742/742/33 600/600/9 599/599/9
s 0
f 600/600/9 2039/2039/9 596/596/9
f 600/600/9 596/596/9 599/599/9
s 1
f 602/602/33 2389/2389/226 2390/2390/42
f 602/602/33 2390/2390/42 603/603/9
f 2390/2390/42 605/605/42 604/604/9
f 2390/2390/42 604/604/9 603/603/9
s 0
f 604/604/9 2039/2039/9 600/600/9
s 1
f 604/604/9 600/600/9 603/603/9
f 606/606/42 2391/2391/137 2392/2392/10
f 606/606/42 2392/2392/10 607/607/9
f 2392/2392/10 26/26/10 25/25/9
f 2392/2392/10 25/25/9 607/607/9
f 25/25/9 2039/2039/9 604/604/9
s 0
f 25/25/9 604/604/9 607/607/9
s 1
f 610/610/83 2042/2042/131 107/107/28
f 610/610/83 107/107/28 611/611/11
f 107/107/28 106/106/28 612/612/11
f 107/107/28 612/612/11 611/611/11
s 0
f 612/612/11 2041/2041/11 608/608/11
f 612/612/11 608/608/11 611/611/11
s 1
f 613/613/28 2393/2393/227 2394/2394/84
f 613/613/28 2394/2394/84 614/614/11
f 2394/2394/84 616/616/84 615/615/11
f 2394/2394/84 615/615/11 614/614/11
s 0
f 615/615/11 2041/2041/11 612/612/11
f 615/615/11 612/612/11 614/614/11
s 1
f 617/617/84 2395/2395/171 2396/2396/12
f 617/617/84 2396/2396/12 618/618/11
f 2396/2396/12 30/30/12 29/29/11
f 2396/2396/12 29/29/11 618/618/11
s 0
f 29/29/11 2041/2041/11 615/615/11
f 29/29/11 615/615/11 618/618/11
s 1
f 620/620/83 2040/2040/130 2397/2397/32
f 620/620/83 2397/2397/32 621/621/13
f 2397/2397/32 623/623/32 622/622/13
f 2397/2397/32 622/622/13 621/621/13
s 0
f 622/622/13 2043/2043/13 619/619/13
f 622/622/13 619/619/13 621/621/13
s 1
f 624/624/32 2398/2398/163 2399/2399/50
f 624/624/32 2399/2399/50 625/625/13
f 2399/2399/50 627/627/50 626/626/13
f 2399/2399/50 626/626/13 625/625/13
s 0
f 626/626/13 2043/2043/13 622/622/13
s 1
f 626/626/13 622/622/13 625/625/13
f 628/628/50 2081/2081/145 88/88/14
f 628/628/50 88/88/14 629/629/13
f 88/88/14 34/34/14 33/33/13
f 88/88/14 33/33/13 629/629/13
s 0
f 33/33/13 2043/2043/13 626/626/13
f 33/33/13 626/626/13 629/629/13
s 1
f 632/632/50 2400/2400/163 2401/2401/32
f 632/632/50 2401/2401/32 633/633/13
f 2401/2401/32 635/635/32 634/634/13
f 2401/2401/32 634/634/13 633/633/13
s 0
f 634/634/13 2046/2046/13 630/630/13
f 634/634/13 630/630/13 633/633/13
s 1
f 636/636/32 2402/2402/228 2403/2403/36
f 636/636/32 2403/2403/36 637/637/13
f 2403/2403/36 639/639/36 638/638/13
f 2403/2403/36 638/638/13 637/637/13
s 0
f 638/638/13 2046/2046/13 634/634/13
f 638/638/13 634/634/13 637/637/13
s 1
f 640/640/36 2069/2069/141 74/74/14
f 640/640/36 74/74/14 641/641/13
f 74/74/14 38/38/14 37/37/13
f 74/74/14 37/37/13 641/641/13
s 0
f 37/37/13 2046/2046/13 638/638/13
f 37/37/13 638/638/13 641/641/13
s 1
f 644/644/85 2049/2049/134 2404/2404/86
f 644/644/85 2404/2404/86 645/645/15
f 2404/2404/86 647/647/86 646/646/15
f 2404/2404/86 646/646/15 645/645/15
s 0
f 646/646/15 2048/2048/15 642/642/15
f 646/646/15 642/642/15 645/645/15
s 1
f 648/648/86 2405/2405/229 2406/2406/87
f 648/648/86 2406/2406/87 649/649/15
f 2406/2406/87 651/651/87 650/650/15
f 2406/2406/87 650/650/15 649/649/15
s 0
f 650/650/15 2048/2048/15 646/646/15
f 650/650/15 646/646/15 649/649/15
s 1
f 652/652/87 2407/2407/230 821/821/16
f 652/652/87 821/821/16 653/653/15
f 821/821/16 42/42/16 41/41/15
f 821/821/16 41/41/15 653/653/15
s 0
f 41/41/15 2048/2048/15 650/650/15
f 41/41/15 650/650/15 653/653/15
s 1
f 655/655/85 2047/2047/133 811/811/35
f 655/655/85 811/811/35 656/656/17
f 811/811/35 658/658/35 657/657/17
f 811/811/35 657/657/17 656/656/17
s 0
f 657/657/17 2050/2050/17 654/654/17
f 657/657/17 654/654/17 656/656/17
s 1
f 659/659/35 2408/2408/231 2409/2409/51
f 659/659/35 2409/2409/51 660/660/17
f 2409/2409/51 662/662/51 661/661/17
f 2409/2409/51 661/661/17 660/660/17
s 0
f 661/661/17 2050/2050/17 657/657/17
s 1
f 661/661/17 657/657/17 660/660/17
f 663/663/51 2410/2410/146 2411/2411/18
f 663/663/51 2411/2411/18 664/664/17
f 2411/2411/18 46/46/18 45/45/17
f 2411/2411/18 45/45/17 664/664/17
s 0
f 45/45/17 2050/2050/17 661/661/17
f 45/45/17 661/661/17 664/664/17
s 1
f 667/667/51 2412/2412/232 765/765/35
f 667/667/51 765/765/35 668/668/17
f 765/765/35 670/670/35 669/669/17
f 765/765/35 669/669/17 668/668/17
f 669/669/17 2053/2053/17 665/665/17
f 669/669/17 665/665/17 668/668/17
f 671/671/35 2413/2413/233 2414/2414/47
f 671/671/35 2414/2414/47 672/672/17
f 2414/2414/47 674/674/47 673/673/17
f 2414/2414/47 673/673/17 672/672/17
s 0
f 673/673/17 2053/2053/17 669/669/17
s 1
f 673/673/17 669/669/17 672/672/17
f 675/675/47 2415/2415/139 2416/2416/18
f 675/675/47 2416/2416/18 676/676/17
f 2416/2416/18 50/50/18 49/49/17
f 2416/2416/18 49/49/17 676/676/17
s 0
f 49/49/17 2053/2053/17 673/673/17
f 49/49/17 673/673/17 676/676/17
s 1
f 679/679/39 2417/2417/211 2418/2418/34
f 679/679/39 2418/2418/34 680/680/5
f 2418/2418/34 682/682/34 681/681/5
f 2418/2418/34 681/681/5 680/680/5
s 0
f 681/681/5 2056/2056/5 677/677/5
f 681/681/5 677/677/5 680/680/5
s 1
f 683/683/34 2419/2419/34 1446/1446/5
f 683/683/34 1446/1446/5 684/684/5
s 0
f 1446/1446/5 686/686/5 685/685/5
f 1446/1446/5 685/685/5 684/684/5
s 1
f 685/685/5 2056/2056/5 681/681/5
f 685/685/5 681/681/5 684/684/5
f 687/687/5 2192/2192/6 242/242/6
f 687/687/5 242/242/6 688/688/5
f 242/242/6 54/54/6 53/53/5
f 242/242/6 53/53/5 688/688/5
s 0
f 53/53/5 2056/2056/5 685/685/5
f 53/53/5 685/685/5 688/688/5
s 1
f 691/691/42 2420/2420/226 1252/1252/33
f 691/691/42 1252/1252/33 692/692/9
f 1252/1252/33 694/694/33 693/693/9
f 1252/1252/33 693/693/9 692/692/9
s 0
f 693/693/9 2059/2059/9 689/689/9
s 1
f 693/693/9 689/689/9 692/692/9
f 695/695/33 2421/2421/33 1457/1457/9
f 695/695/33 1457/1457/9 696/696/9
s 0
f 1457/1457/9 698/698/9 697/697/9
f 1457/1457/9 697/697/9 696/696/9
s 1
f 697/697/9 2059/2059/9 693/693/9
s 0
f 697/697/9 693/693/9 696/696/9
s 1
f 699/699/9 2422/2422/10 2423/2423/10
f 699/699/9 2423/2423/10 700/700/9
f 2423/2423/10 58/58/10 57/57/9
f 2423/2423/10 57/57/9 700/700/9
s 0
f 57/57/9 2059/2059/9 697/697/9
f 57/57/9 697/697/9 700/700/9
s 1
f 703/703/36 2424/2424/207 2425/2425/32
f 703/703/36 2425/2425/32 704/704/13
f 2425/2425/32 706/706/32 705/705/13
f 2425/2425/32 705/705/13 704/704/13
s 0
f 705/705/13 2062/2062/13 701/701/13
f 705/705/13 701/701/13 704/704/13
s 1
f 707/707/32 2426/2426/32 1468/1468/13
f 707/707/32 1468/1468/13 708/708/13
s 0
f 1468/1468/13 710/710/13 709/709/13
f 1468/1468/13 709/709/13 708/708/13
f 709/709/13 2062/2062/13 705/705/13
f 709/709/13 705/705/13 708/708/13
s 1
f 711/711/13 2196/2196/14 249/249/14
f 711/711/13 249/249/14 712/712/13
f 249/249/14 62/62/14 61/61/13
f 249/249/14 61/61/13 712/712/13
s 0
f 61/61/13 2062/2062/13 709/709/13
f 61/61/13 709/709/13 712/712/13
s 1
f 715/715/47 2427/2427/233 1231/1231/35
f 715/715/47 1231/1231/35 716/716/17
f 1231/1231/35 718/718/35 717/717/17
f 1231/1231/35 717/717/17 716/716/17
s 0
f 717/717/17 2065/2065/17 713/713/17
f 717/717/17 713/713/17 716/716/17
s 1
f 719/719/35 2428/2428/35 1479/1479/17
f 719/719/35 1479/1479/17 720/720/17
f 1479/1479/17 722/722/17 721/721/17
s 0
f 1479/1479/17 721/721/17 720/720/17
f 721/721/17 2065/2065/17 717/717/17
f 721/721/17 717/717/17 720/720/17
s 1
f 723/723/17 2429/2429/18 2430/2430/18
f 723/723/17 2430/2430/18 724/724/17
f 2430/2430/18 66/66/18 65/65/17
f 2430/2430/18 65/65/17 724/724/17
s 0
f 65/65/17 2065/2065/17 721/721/17
s 1
f 65/65/17 721/721/17 724/724/17
f 727/727/55 2431/2431/211 2432/2432/34
f 727/727/55 2432/2432/34 728/728/19
f 2432/2432/34 730/730/34 729/729/19
f 2432/2432/34 729/729/19 728/728/19
s 0
f 729/729/19 2068/2068/19 725/725/19
f 729/729/19 725/725/19 728/728/19
s 1
f 731/731/34 2433/2433/234 2434/2434/52
f 731/731/34 2434/2434/52 732/732/19
f 2434/2434/52 734/734/52 733/733/19
f 2434/2434/52 733/733/19 732/732/19
s 0
f 733/733/19 2068/2068/19 729/729/19
f 733/733/19 729/729/19 732/732/19
s 1
f 735/735/52 2435/2435/144 2436/2436/10
f 735/735/52 2436/2436/10 736/736/19
f 2436/2436/10 70/70/10 69/69/19
f 2436/2436/10 69/69/19 736/736/19
s 0
f 69/69/19 2068/2068/19 733/733/19
f 69/69/19 733/733/19 736/736/19
s 1
f 739/739/56 2389/2389/226 602/602/33
f 739/739/56 602/602/33 740/740/20
f 602/602/33 601/601/33 741/741/20
f 602/602/33 741/741/20 740/740/20
s 0
f 741/741/20 2071/2071/20 737/737/20
f 741/741/20 737/737/20 740/740/20
s 1
f 742/742/33 2388/2388/225 2437/2437/53
f 742/742/33 2437/2437/53 743/743/20
f 2437/2437/53 745/745/53 744/744/20
f 2437/2437/53 744/744/20 743/743/20
s 0
f 744/744/20 2071/2071/20 741/741/20
f 744/744/20 741/741/20 743/743/20
s 1
f 746/746/53 2044/2044/132 39/39/14
f 746/746/53 39/39/14 747/747/20
f 39/39/14 38/38/14 73/73/20
f 39/39/14 73/73/20 747/747/20
s 0
f 73/73/20 2071/2071/20 744/744/20
f 73/73/20 744/744/20 747/747/20
s 1
f 750/750/57 2438/2438/207 2439/2439/32
f 750/750/57 2439/2439/32 751/751/21
f 2439/2439/32 753/753/32 752/752/21
f 2439/2439/32 752/752/21 751/751/21
s 0
f 752/752/21 2074/2074/21 748/748/21
f 752/752/21 748/748/21 751/751/21
s 1
f 754/754/32 2440/2440/235 2441/2441/2
f 754/754/32 2441/2441/2 755/755/21
f 2441/2441/2 757/757/2 756/756/21
f 2441/2441/2 756/756/21 755/755/21
s 0
f 756/756/21 2074/2074/21 752/752/21
f 756/756/21 752/752/21 755/755/21
s 1
f 758/758/2 2442/2442/146 2443/2443/18
f 758/758/2 2443/2443/18 759/759/21
f 2443/2443/18 77/77/18 76/76/21
f 2443/2443/18 76/76/21 759/759/21
s 0
f 76/76/21 2074/2074/21 756/756/21
f 76/76/21 756/756/21 759/759/21
s 1
f 762/762/58 2413/2413/233 671/671/35
f 762/762/58 671/671/35 763/763/22
f 671/671/35 670/670/35 764/764/22
f 671/671/35 764/764/22 763/763/22
s 0
f 764/764/22 2077/2077/22 760/760/22
f 764/764/22 760/760/22 763/763/22
s 1
f 765/765/35 2412/2412/232 2444/2444/54
f 765/765/35 2444/2444/54 766/766/22
f 2444/2444/54 768/768/54 767/767/22
f 2444/2444/54 767/767/22 766/766/22
s 0
f 767/767/22 2077/2077/22 764/764/22
f 767/767/22 764/764/22 766/766/22
s 1
f 769/769/54 2030/2030/126 15/15/6
f 769/769/54 15/15/6 770/770/22
f 15/15/6 14/14/6 80/80/22
f 15/15/6 80/80/22 770/770/22
s 0
f 80/80/22 2077/2077/22 767/767/22
f 80/80/22 767/767/22 770/770/22
s 1
f 773/773/52 2445/2445/158 2446/2446/34
f 773/773/52 2446/2446/34 774/774/19
f 2446/2446/34 776/776/34 775/775/19
f 2446/2446/34 775/775/19 774/774/19
s 0
f 775/775/19 2080/2080/19 771/771/19
f 775/775/19 771/771/19 774/774/19
s 1
f 777/777/34 2447/2447/236 849/849/88
f 777/777/34 849/849/88 778/778/19
f 849/849/88 780/780/88 779/779/19
f 849/849/88 779/779/19 778/778/19
s 0
f 779/779/19 2080/2080/19 775/775/19
f 779/779/19 775/775/19 778/778/19
s 1
f 781/781/88 2094/2094/148 2448/2448/10
f 781/781/88 2448/2448/10 782/782/19
f 2448/2448/10 84/84/10 83/83/19
f 2448/2448/10 83/83/19 782/782/19
s 0
f 83/83/19 2080/2080/19 779/779/19
f 83/83/19 779/779/19 782/782/19
s 1
f 785/785/53 2384/2384/225 590/590/33
f 785/785/53 590/590/33 786/786/20
f 590/590/33 589/589/33 787/787/20
f 590/590/33 787/787/20 786/786/20
s 0
f 787/787/20 2083/2083/20 783/783/20
f 787/787/20 783/783/20 786/786/20
s 1
f 788/788/33 2033/2033/127 839/839/89
f 788/788/33 839/839/89 789/789/20
f 839/839/89 791/791/89 790/790/20
f 839/839/89 790/790/20 789/789/20
s 0
f 790/790/20 2083/2083/20 787/787/20
f 790/790/20 787/787/20 789/789/20
s 1
f 792/792/89 2042/2042/131 35/35/14
f 792/792/89 35/35/14 793/793/20
f 35/35/14 34/34/14 87/87/20
f 35/35/14 87/87/20 793/793/20
s 0
f 87/87/20 2083/2083/20 790/790/20
f 87/87/20 790/790/20 793/793/20
s 1
f 796/796/2 2449/2449/163 2450/2450/32
f 796/796/2 2450/2450/32 797/797/21
f 2450/2450/32 799/799/32 798/798/21
f 2450/2450/32 798/798/21 797/797/21
s 0
f 798/798/21 2086/2086/21 794/794/21
f 798/798/21 794/794/21 797/797/21
s 1
f 800/800/32 2451/2451/237 828/828/90
f 800/800/32 828/828/90 801/801/21
f 828/828/90 803/803/90 802/802/21
f 828/828/90 802/802/21 801/801/21
s 0
f 802/802/21 2086/2086/21 798/798/21
f 802/802/21 798/798/21 801/801/21
s 1
f 804/804/90 2091/2091/147 2452/2452/18
f 804/804/90 2452/2452/18 805/805/21
f 2452/2452/18 91/91/18 90/90/21
f 2452/2452/18 90/90/21 805/805/21
s 0
f 90/90/21 2086/2086/21 802/802/21
f 90/90/21 802/802/21 805/805/21
s 1
f 808/808/54 2408/2408/231 659/659/35
f 808/808/54 659/659/35 809/809/22
f 659/659/35 658/658/35 810/810/22
f 659/659/35 810/810/22 809/809/22
s 0
f 810/810/22 2089/2089/22 806/806/22
f 810/810/22 806/806/22 809/809/22
s 1
f 811/811/35 2047/2047/133 818/818/91
f 811/811/35 818/818/91 812/812/22
f 818/818/91 814/814/91 813/813/22
f 818/818/91 813/813/22 812/812/22
s 0
f 813/813/22 2089/2089/22 810/810/22
f 813/813/22 810/810/22 812/812/22
s 1
f 815/815/91 2028/2028/125 11/11/6
f 815/815/91 11/11/6 816/816/22
f 11/11/6 10/10/6 94/94/22
f 11/11/6 94/94/22 816/816/22
s 0
f 94/94/22 2089/2089/22 813/813/22
f 94/94/22 813/813/22 816/816/22
s 1
f 818/818/91 2047/2047/133 43/43/16
f 818/818/91 43/43/16 819/819/23
f 43/43/16 42/42/16 820/820/23
f 43/43/16 820/820/23 819/819/23
s 0
f 820/820/23 2090/2090/23 817/817/23
f 820/820/23 817/817/23 819/819/23
s 1
f 821/821/16 2407/2407/230 2453/2453/92
f 821/821/16 2453/2453/92 822/822/23
f 2453/2453/92 824/824/92 823/823/23
f 2453/2453/92 823/823/23 822/822/23
s 0
f 823/823/23 2090/2090/23 820/820/23
f 823/823/23 820/820/23 822/822/23
s 1
f 825/825/92 2369/2369/222 544/544/24
f 825/825/92 544/544/24 826/826/23
f 544/544/24 98/98/24 97/97/23
f 544/544/24 97/97/23 826/826/23
s 0
f 97/97/23 2090/2090/23 823/823/23
f 97/97/23 823/823/23 826/826/23
s 1
f 828/828/90 2451/2451/237 2454/2454/93
f 828/828/90 2454/2454/93 829/829/25
f 2454/2454/93 831/831/93 830/830/25
f 2454/2454/93 830/830/25 829/829/25
s 0
f 830/830/25 2092/2092/25 827/827/25
f 830/830/25 827/827/25 829/829/25
s 1
f 832/832/93 2455/2455/238 2456/2456/94
f 832/832/93 2456/2456/94 833/833/25
f 2456/2456/94 835/835/94 834/834/25
f 2456/2456/94 834/834/25 833/833/25
s 0
f 834/834/25 2092/2092/25 830/830/25
f 834/834/25 830/830/25 833/833/25
s 1
f 836/836/94 2457/2457/239 2458/2458/26
f 836/836/94 2458/2458/26 837/837/25
f 2458/2458/26 102/102/26 101/101/25
f 2458/2458/26 101/101/25 837/837/25
s 0
f 101/101/25 2092/2092/25 834/834/25
s 1
f 101/101/25 834/834/25 837/837/25
f 839/839/89 2033/2033/127 19/19/8
f 839/839/89 19/19/8 840/840/27
f 19/19/8 18/18/8 841/841/27
f 19/19/8 841/841/27 840/840/27
s 0
f 841/841/27 2093/2093/27 838/838/27
f 841/841/27 838/838/27 840/840/27
s 1
f 842/842/8 2383/2383/173 2459/2459/95
f 842/842/8 2459/2459/95 843/843/27
f 2459/2459/95 845/845/95 844/844/27
f 2459/2459/95 844/844/27 843/843/27
s 0
f 844/844/27 2093/2093/27 841/841/27
f 844/844/27 841/841/27 843/843/27
s 1
f 846/846/95 2393/2393/227 613/613/28
f 846/846/95 613/613/28 847/847/27
f 613/613/28 106/106/28 105/105/27
f 613/613/28 105/105/27 847/847/27
s 0
f 105/105/27 2093/2093/27 844/844/27
f 105/105/27 844/844/27 847/847/27
s 1
f 849/849/88 2447/2447/236 2460/2460/96
f 849/849/88 2460/2460/96 850/850/29
f 2460/2460/96 852/852/96 851/851/29
f 2460/2460/96 851/851/29 850/850/29
s 0
f 851/851/29 2095/2095/29 848/848/29
f 851/851/29 848/848/29 850/850/29
s 1
f 853/853/96 2461/2461/167 2462/2462/97
f 853/853/96 2462/2462/97 854/854/29
f 2462/2462/97 856/856/97 855/855/29
f 2462/2462/97 855/855/29 854/854/29
s 0
f 855/855/29 2095/2095/29 851/851/29
f 855/855/29 851/851/29 854/854/29
s 1
f 857/857/97 2463/2463/240 2464/2464/30
f 857/857/97 2464/2464/30 858/858/29
f 2464/2464/30 110/110/30 109/109/29
f 2464/2464/30 109/109/29 858/858/29
s 0
f 109/109/29 2095/2095/29 855/855/29
f 109/109/29 855/855/29 858/858/29
s 1
f 861/861/48 2123/2123/158 151/151/1
f 861/861/48 151/151/1 862/862/1
s 0
f 151/151/1 150/150/1 863/863/1
f 151/151/1 863/863/1 862/862/1
f 863/863/1 2098/2098/1 859/859/1
f 863/863/1 859/859/1 862/862/1
s 1
f 864/864/1 2465/2465/241 2466/2466/48
f 864/864/1 2466/2466/48 865/865/1
f 2466/2466/48 867/867/48 866/866/1
f 2466/2466/48 866/866/1 865/865/1
s 0
f 866/866/1 2098/2098/1 863/863/1
f 866/866/1 863/863/1 865/865/1
s 1
f 868/868/48 2467/2467/149 2468/2468/1
f 868/868/48 2468/2468/1 869/869/1
s 0
f 2468/2468/1 114/114/1 113/113/1
f 2468/2468/1 113/113/1 869/869/1
f 113/113/1 2098/2098/1 866/866/1
f 113/113/1 866/866/1 869/869/1
s 1
f 872/872/39 2469/2469/165 2470/2470/31
f 872/872/39 2470/2470/31 873/873/31
s 0
f 2470/2470/31 875/875/31 874/874/31
f 2470/2470/31 874/874/31 873/873/31
f 874/874/31 2101/2101/31 870/870/31
f 874/874/31 870/870/31 873/873/31
s 1
f 876/876/31 2471/2471/165 2472/2472/39
f 876/876/31 2472/2472/39 877/877/31
f 2472/2472/39 879/879/39 878/878/31
f 2472/2472/39 878/878/31 877/877/31
s 0
f 878/878/31 2101/2101/31 874/874/31
f 878/878/31 874/874/31 877/877/31
s 1
f 880/880/39 2473/2473/211 956/956/31
f 880/880/39 956/956/31 881/881/31
s 0
f 956/956/31 118/118/31 117/117/31
f 956/956/31 117/117/31 881/881/31
f 117/117/31 2101/2101/31 878/878/31
f 117/117/31 878/878/31 881/881/31
s 1
f 884/884/49 2474/2474/160 2475/2475/1
f 884/884/49 2475/2475/1 885/885/1
s 0
f 2475/2475/1 887/887/1 886/886/1
f 2475/2475/1 886/886/1 885/885/1
f 886/886/1 2104/2104/1 882/882/1
f 886/886/1 882/882/1 885/885/1
s 1
f 888/888/1 2476/2476/160 2477/2477/49
f 888/888/1 2477/2477/49 889/889/1
f 2477/2477/49 891/891/49 890/890/1
f 2477/2477/49 890/890/1 889/889/1
s 0
f 890/890/1 2104/2104/1 886/886/1
f 890/890/1 886/886/1 889/889/1
s 1
f 892/892/49 2478/2478/144 967/967/1
f 892/892/49 967/967/1 893/893/1
s 0
f 967/967/1 122/122/1 121/121/1
f 967/967/1 121/121/1 893/893/1
f 121/121/1 2104/2104/1 890/890/1
f 121/121/1 890/890/1 893/893/1
s 1
f 896/896/42 2120/2120/157 147/147/31
f 896/896/42 147/147/31 897/897/31
s 0
f 147/147/31 146/146/31 898/898/31
f 147/147/31 898/898/31 897/897/31
f 898/898/31 2107/2107/31 894/894/31
f 898/898/31 894/894/31 897/897/31
s 1
f 899/899/31 2479/2479/242 2480/2480/42
f 899/899/31 2480/2480/42 900/900/31
f 2480/2480/42 902/902/42 901/901/31
f 2480/2480/42 901/901/31 900/900/31
s 0
f 901/901/31 2107/2107/31 898/898/31
f 901/901/31 898/898/31 900/900/31
s 1
f 903/903/42 2481/2481/152 2482/2482/31
f 903/903/42 2482/2482/31 904/904/31
s 0
f 2482/2482/31 126/126/31 125/125/31
f 2482/2482/31 125/125/31 904/904/31
f 125/125/31 2107/2107/31 901/901/31
f 125/125/31 901/901/31 904/904/31
s 1
f 907/907/50 2483/2483/175 2484/2484/1
f 907/907/50 2484/2484/1 908/908/1
s 0
f 2484/2484/1 910/910/1 909/909/1
f 2484/2484/1 909/909/1 908/908/1
f 909/909/1 2110/2110/1 905/905/1
f 909/909/1 905/905/1 908/908/1
s 1
f 911/911/1 2485/2485/175 2486/2486/50
f 911/911/1 2486/2486/50 912/912/1
f 2486/2486/50 914/914/50 913/913/1
f 2486/2486/50 913/913/1 912/912/1
s 0
f 913/913/1 2110/2110/1 909/909/1
f 913/913/1 909/909/1 912/912/1
s 1
f 915/915/50 2487/2487/243 990/990/1
f 915/915/50 990/990/1 916/916/1
s 0
f 990/990/1 130/130/1 129/129/1
f 990/990/1 129/129/1 916/916/1
f 129/129/1 2110/2110/1 913/913/1
f 129/129/1 913/913/1 916/916/1
s 1
f 919/919/36 2126/2126/159 155/155/31
f 919/919/36 155/155/31 920/920/31
s 0
f 155/155/31 154/154/31 921/921/31
f 155/155/31 921/921/31 920/920/31
f 921/921/31 2113/2113/31 917/917/31
f 921/921/31 917/917/31 920/920/31
s 1
f 922/922/31 2488/2488/244 2489/2489/36
f 922/922/31 2489/2489/36 923/923/31
f 2489/2489/36 925/925/36 924/924/31
f 2489/2489/36 924/924/31 923/923/31
s 0
f 924/924/31 2113/2113/31 921/921/31
f 924/924/31 921/921/31 923/923/31
s 1
f 926/926/36 2490/2490/154 2491/2491/31
f 926/926/36 2491/2491/31 927/927/31
s 0
f 2491/2491/31 134/134/31 133/133/31
f 2491/2491/31 133/133/31 927/927/31
f 133/133/31 2113/2113/31 924/924/31
f 133/133/31 924/924/31 927/927/31
s 1
f 930/930/51 2492/2492/196 2493/2493/1
f 930/930/51 2493/2493/1 931/931/1
s 0
f 2493/2493/1 933/933/1 932/932/1
f 2493/2493/1 932/932/1 931/931/1
f 932/932/1 2116/2116/1 928/928/1
f 932/932/1 928/928/1 931/931/1
s 1
f 934/934/1 2494/2494/196 2495/2495/51
f 934/934/1 2495/2495/51 935/935/1
f 2495/2495/51 937/937/51 936/936/1
f 2495/2495/51 936/936/1 935/935/1
s 0
f 936/936/1 2116/2116/1 932/932/1
f 936/936/1 932/932/1 935/935/1
s 1
f 938/938/51 2496/2496/146 1013/1013/1
f 938/938/51 1013/1013/1 939/939/1
s 0
f 1013/1013/1 138/138/1 137/137/1
f 1013/1013/1 137/137/1 939/939/1
f 137/137/1 2116/2116/1 936/936/1
f 137/137/1 936/936/1 939/939/1
s 1
f 942/942/47 2132/2132/161 163/163/31
f 942/942/47 163/163/31 943/943/31
s 0
f 163/163/31 162/162/31 944/944/31
f 163/163/31 944/944/31 943/943/31
f 944/944/31 2119/2119/31 940/940/31
f 944/944/31 940/940/31 943/943/31
s 1
f 945/945/31 2497/2497/245 2498/2498/47
f 945/945/31 2498/2498/47 946/946/31
f 2498/2498/47 948/948/47 947/947/31
f 2498/2498/47 947/947/31 946/946/31
s 0
f 947/947/31 2119/2119/31 944/944/31
f 947/947/31 944/944/31 946/946/31
s 1
f 949/949/47 2499/2499/156 2500/2500/31
f 949/949/47 2500/2500/31 950/950/31
s 0
f 2500/2500/31 142/142/31 141/141/31
f 2500/2500/31 141/141/31 950/950/31
f 141/141/31 2119/2119/31 947/947/31
f 141/141/31 947/947/31 950/950/31
s 1
f 953/953/55 2099/2099/150 119/119/31
f 953/953/55 119/119/31 954/954/31
s 0
f 119/119/31 118/118/31 955/955/31
f 119/119/31 955/955/31 954/954/31
f 955/955/31 2122/2122/31 951/951/31
f 955/955/31 951/951/31 954/954/31
s 1
f 956/956/31 2473/2473/211 2501/2501/55
f 956/956/31 2501/2501/55 957/957/31
f 2501/2501/55 959/959/55 958/958/31
f 2501/2501/55 958/958/31 957/957/31
s 0
f 958/958/31 2122/2122/31 955/955/31
f 958/958/31 955/955/31 957/957/31
s 1
f 960/960/55 2479/2479/242 899/899/31
f 960/960/55 899/899/31 961/961/31
s 0
f 899/899/31 146/146/31 145/145/31
f 899/899/31 145/145/31 961/961/31
f 145/145/31 2122/2122/31 958/958/31
f 145/145/31 958/958/31 961/961/31
s 1
f 964/964/52 2102/2102/151 123/123/1
f 964/964/52 123/123/1 965/965/1
s 0
f 123/123/1 122/122/1 966/966/1
f 123/123/1 966/966/1 965/965/1
f 966/966/1 2125/2125/1 962/962/1
f 966/966/1 962/962/1 965/965/1
s 1
f 967/967/1 2478/2478/144 2502/2502/52
f 967/967/1 2502/2502/52 968/968/1
f 2502/2502/52 970/970/52 969/969/1
f 2502/2502/52 969/969/1 968/968/1
s 0
f 969/969/1 2125/2125/1 966/966/1
f 969/969/1 966/966/1 968/968/1
s 1
f 971/971/52 2465/2465/241 864/864/1
f 971/971/52 864/864/1 972/972/1
s 0
f 864/864/1 150/150/1 149/149/1
f 864/864/1 149/149/1 972/972/1
f 149/149/1 2125/2125/1 969/969/1
f 149/149/1 969/969/1 972/972/1
s 1
f 975/975/56 2503/2503/152 2504/2504/31
f 975/975/56 2504/2504/31 976/976/31
s 0
f 2504/2504/31 978/978/31 977/977/31
f 2504/2504/31 977/977/31 976/976/31
f 977/977/31 2128/2128/31 973/973/31
f 977/977/31 973/973/31 976/976/31
s 1
f 979/979/31 2505/2505/152 2506/2506/56
f 979/979/31 2506/2506/56 980/980/31
f 2506/2506/56 982/982/56 981/981/31
f 2506/2506/56 981/981/31 980/980/31
s 0
f 981/981/31 2128/2128/31 977/977/31
f 981/981/31 977/977/31 980/980/31
s 1
f 983/983/56 2488/2488/244 922/922/31
f 983/983/56 922/922/31 984/984/31
s 0
f 922/922/31 154/154/31 153/153/31
f 922/922/31 153/153/31 984/984/31
f 153/153/31 2128/2128/31 981/981/31
f 153/153/31 981/981/31 984/984/31
s 1
f 987/987/98 2108/2108/153 131/131/1
f 987/987/98 131/131/1 988/988/1
s 0
f 131/131/1 130/130/1 989/989/1
f 131/131/1 989/989/1 988/988/1
f 989/989/1 2131/2131/1 985/985/1
f 989/989/1 985/985/1 988/988/1
s 1
f 990/990/1 2487/2487/243 2507/2507/53
f 990/990/1 2507/2507/53 991/991/1
f 2507/2507/53 993/993/53 992/992/1
f 2507/2507/53 992/992/1 991/991/1
s 0
f 992/992/1 2131/2131/1 989/989/1
f 992/992/1 989/989/1 991/991/1
s 1
f 994/994/53 2508/2508/160 2509/2509/1
f 994/994/53 2509/2509/1 995/995/1
s 0
f 2509/2509/1 158/158/1 157/157/1
f 2509/2509/1 157/157/1 995/995/1
f 157/157/1 2131/2131/1 992/992/1
f 157/157/1 992/992/1 995/995/1
s 1
f 998/998/57 2510/2510/154 2511/2511/31
f 998/998/57 2511/2511/31 999/999/31
s 0
f 2511/2511/31 1001/1001/31 1000/1000/31
f 2511/2511/31 1000/1000/31 999/999/31
f 1000/1000/31 2134/2134/31 996/996/31
f 1000/1000/31 996/996/31 999/999/31
s 1
f 1002/1002/31 2512/2512/154 2513/2513/57
f 1002/1002/31 2513/2513/57 1003/1003/31
f 2513/2513/57 1005/1005/57 1004/1004/31
f 2513/2513/57 1004/1004/31 1003/1003/31
s 0
f 1004/1004/31 2134/2134/31 1000/1000/31
f 1004/1004/31 1000/1000/31 1003/1003/31
s 1
f 1006/1006/57 2497/2497/245 945/945/31
f 1006/1006/57 945/945/31 1007/1007/31
s 0
f 945/945/31 162/162/31 161/161/31
f 945/945/31 161/161/31 1007/1007/31
f 161/161/31 2134/2134/31 1004/1004/31
f 161/161/31 1004/1004/31 1007/1007/31
s 1
f 1010/1010/2 2114/2114/155 139/139/1
f 1010/1010/2 139/139/1 1011/1011/1
s 0
f 139/139/1 138/138/1 1012/1012/1
f 139/139/1 1012/1012/1 1011/1011/1
f 1012/1012/1 2137/2137/1 1008/1008/1
f 1012/1012/1 1008/1008/1 1011/1011/1
s 1
f 1013/1013/1 2496/2496/146 2514/2514/2
f 1013/1013/1 2514/2514/2 1014/1014/1
f 2514/2514/2 1016/1016/2 1015/1015/1
f 2514/2514/2 1015/1015/1 1014/1014/1
s 0
f 1015/1015/1 2137/2137/1 1012/1012/1
f 1015/1015/1 1012/1012/1 1014/1014/1
s 1
f 1017/1017/2 2515/2515/175 2516/2516/1
f 1017/1017/2 2516/2516/1 1018/1018/1
s 0
f 2516/2516/1 166/166/1 165/165/1
f 2516/2516/1 165/165/1 1018/1018/1
f 165/165/1 2137/2137/1 1015/1015/1
f 165/165/1 1015/1015/1 1018/1018/1
s 1
f 1021/1021/58 2517/2517/156 2518/2518/31
f 1021/1021/58 2518/2518/31 1022/1022/31
s 0
f 2518/2518/31 1024/1024/31 1023/1023/31
f 2518/2518/31 1023/1023/31 1022/1022/31
f 1023/1023/31 2140/2140/31 1019/1019/31
f 1023/1023/31 1019/1019/31 1022/1022/31
s 1
f 1025/1025/31 2519/2519/213 2520/2520/58
f 1025/1025/31 2520/2520/58 1026/1026/31
f 2520/2520/58 1028/1028/58 1027/1027/31
f 2520/2520/58 1027/1027/31 1026/1026/31
s 0
f 1027/1027/31 2140/2140/31 1023/1023/31
f 1027/1027/31 1023/1023/31 1026/1026/31
s 1
f 1029/1029/58 2521/2521/165 2522/2522/31
f 1029/1029/58 2522/2522/31 1030/1030/31
s 0
f 2522/2522/31 170/170/31 169/169/31
f 2522/2522/31 169/169/31 1030/1030/31
f 169/169/31 2140/2140/31 1027/1027/31
f 169/169/31 1027/1027/31 1030/1030/31
s 1
f 1033/1033/99 2523/2523/149 2524/2524/1
f 1033/1033/99 2524/2524/1 1034/1034/1
s 0
f 2524/2524/1 1036/1036/1 1035/1035/1
f 2524/2524/1 1035/1035/1 1034/1034/1
f 1035/1035/1 2143/2143/1 1031/1031/1
f 1035/1035/1 1031/1031/1 1034/1034/1
s 1
f 1037/1037/1 2525/2525/149 2526/2526/54
f 1037/1037/1 2526/2526/54 1038/1038/1
f 2526/2526/54 1040/1040/54 1039/1039/1
f 2526/2526/54 1039/1039/1 1038/1038/1
s 0
f 1039/1039/1 2143/2143/1 1035/1035/1
f 1039/1039/1 1035/1035/1 1038/1038/1
s 1
f 1041/1041/54 2527/2527/196 2528/2528/1
f 1041/1041/54 2528/2528/1 1042/1042/1
s 0
f 2528/2528/1 174/174/1 173/173/1
f 2528/2528/1 173/173/1 1042/1042/1
f 173/173/1 2143/2143/1 1039/1039/1
f 173/173/1 1039/1039/1 1042/1042/1
s 1
f 1045/1045/101 2529/2529/168 2530/2530/1
f 1045/1045/101 2530/2530/1 1046/1046/1
s 0
f 2530/2530/1 1048/1048/1 1047/1047/1
f 2530/2530/1 1047/1047/1 1046/1046/1
f 1047/1047/1 2146/2146/1 1043/1043/1
f 1047/1047/1 1043/1043/1 1046/1046/1
s 1
f 1049/1049/1 2531/2531/198 2532/2532/50
f 1049/1049/1 2532/2532/50 1050/1050/1
f 2532/2532/50 1052/1052/50 1051/1051/1
f 2532/2532/50 1051/1051/1 1050/1050/1
s 0
f 1051/1051/1 2146/2146/1 1047/1047/1
f 1051/1051/1 1047/1047/1 1050/1050/1
s 1
f 1053/1053/50 2533/2533/175 1129/1129/1
f 1053/1053/50 1129/1129/1 1054/1054/1
s 0
f 1129/1129/1 178/178/1 177/177/1
f 1129/1129/1 177/177/1 1054/1054/1
f 177/177/1 2146/2146/1 1051/1051/1
f 177/177/1 1051/1051/1 1054/1054/1
s 1
f 1057/1057/92 2534/2534/246 2535/2535/1
f 1057/1057/92 2535/2535/1 1058/1058/1
s 0
f 2535/2535/1 1060/1060/1 1059/1059/1
f 2535/2535/1 1059/1059/1 1058/1058/1
f 1059/1059/1 2149/2149/1 1055/1055/1
f 1059/1059/1 1055/1055/1 1058/1058/1
s 1
f 1061/1061/1 2536/2536/247 2537/2537/53
f 1061/1061/1 2537/2537/53 1062/1062/1
f 2537/2537/53 1064/1064/53 1063/1063/1
f 2537/2537/53 1063/1063/1 1062/1062/1
s 0
f 1063/1063/1 2149/2149/1 1059/1059/1
f 1063/1063/1 1059/1059/1 1062/1062/1
s 1
f 1065/1065/53 2538/2538/198 2539/2539/1
f 1065/1065/53 2539/2539/1 1066/1066/1
s 0
f 2539/2539/1 182/182/1 181/181/1
f 2539/2539/1 181/181/1 1066/1066/1
f 181/181/1 2149/2149/1 1063/1063/1
f 181/181/1 1063/1063/1 1066/1066/1
s 1
f 1069/1069/103 2153/2153/170 191/191/1
f 1069/1069/103 191/191/1 1070/1070/1
s 0
f 191/191/1 190/190/1 1071/1071/1
f 191/191/1 1071/1071/1 1070/1070/1
f 1071/1071/1 2152/2152/1 1067/1067/1
f 1071/1071/1 1067/1067/1 1070/1070/1
s 1
f 1072/1072/1 2540/2540/151 2541/2541/49
f 1072/1072/1 2541/2541/49 1073/1073/1
f 2541/2541/49 1075/1075/49 1074/1074/1
f 2541/2541/49 1074/1074/1 1073/1073/1
s 0
f 1074/1074/1 2152/2152/1 1071/1071/1
f 1074/1074/1 1071/1071/1 1073/1073/1
s 1
f 1076/1076/49 2542/2542/160 2543/2543/1
f 1076/1076/49 2543/2543/1 1077/1077/1
s 0
f 2543/2543/1 186/186/1 185/185/1
f 2543/2543/1 185/185/1 1077/1077/1
f 185/185/1 2152/2152/1 1074/1074/1
f 185/185/1 1074/1074/1 1077/1077/1
s 1
f 1080/1080/94 2544/2544/238 2545/2545/1
f 1080/1080/94 2545/2545/1 1081/1081/1
s 0
f 2545/2545/1 1083/1083/1 1082/1082/1
f 2545/2545/1 1082/1082/1 1081/1081/1
f 1082/1082/1 2155/2155/1 1078/1078/1
f 1082/1082/1 1078/1078/1 1081/1081/1
s 1
f 1084/1084/1 2546/2546/193 2547/2547/52
f 1084/1084/1 2547/2547/52 1085/1085/1
f 2547/2547/52 1087/1087/52 1086/1086/1
f 2547/2547/52 1086/1086/1 1085/1085/1
s 0
f 1086/1086/1 2155/2155/1 1082/1082/1
f 1086/1086/1 1082/1082/1 1085/1085/1
s 1
f 1088/1088/52 2540/2540/151 1072/1072/1
f 1088/1088/52 1072/1072/1 1089/1089/1
s 0
f 1072/1072/1 190/190/1 189/189/1
f 1072/1072/1 189/189/1 1089/1089/1
f 189/189/1 2155/2155/1 1086/1086/1
f 189/189/1 1086/1086/1 1089/1089/1
s 1
f 1092/1092/104 2159/2159/172 199/199/1
f 1092/1092/104 199/199/1 1093/1093/1
s 0
f 199/199/1 198/198/1 1094/1094/1
f 199/199/1 1094/1094/1 1093/1093/1
f 1094/1094/1 2158/2158/1 1090/1090/1
f 1094/1094/1 1090/1090/1 1093/1093/1
s 1
f 1095/1095/1 2548/2548/149 2549/2549/48
f 1095/1095/1 2549/2549/48 1096/1096/1
f 2549/2549/48 1098/1098/48 1097/1097/1
f 2549/2549/48 1097/1097/1 1096/1096/1
s 0
f 1097/1097/1 2158/2158/1 1094/1094/1
f 1097/1097/1 1094/1094/1 1096/1096/1
s 1
f 1099/1099/48 2550/2550/178 2551/2551/1
f 1099/1099/48 2551/2551/1 1100/1100/1
s 0
f 2551/2551/1 194/194/1 193/193/1
f 2551/2551/1 193/193/1 1100/1100/1
f 193/193/1 2158/2158/1 1097/1097/1
f 193/193/1 1097/1097/1 1100/1100/1
s 1
f 1103/1103/95 2552/2552/248 2553/2553/1
f 1103/1103/95 2553/2553/1 1104/1104/1
s 0
f 2553/2553/1 1106/1106/1 1105/1105/1
f 2553/2553/1 1105/1105/1 1104/1104/1
f 1105/1105/1 2161/2161/1 1101/1101/1
f 1105/1105/1 1101/1101/1 1104/1104/1
s 1
f 1107/1107/1 2554/2554/249 2555/2555/54
f 1107/1107/1 2555/2555/54 1108/1108/1
f 2555/2555/54 1110/1110/54 1109/1109/1
f 2555/2555/54 1109/1109/1 1108/1108/1
s 0
f 1109/1109/1 2161/2161/1 1105/1105/1
f 1109/1109/1 1105/1105/1 1108/1108/1
s 1
f 1111/1111/54 2548/2548/149 1095/1095/1
f 1111/1111/54 1095/1095/1 1112/1112/1
s 0
f 1095/1095/1 198/198/1 197/197/1
f 1095/1095/1 197/197/1 1112/1112/1
f 197/197/1 2161/2161/1 1109/1109/1
f 197/197/1 1109/1109/1 1112/1112/1
s 1
f 1115/1115/106 2165/2165/174 207/207/1
f 1115/1115/106 207/207/1 1116/1116/1
s 0
f 207/207/1 206/206/1 1117/1117/1
f 207/207/1 1117/1117/1 1116/1116/1
f 1117/1117/1 2164/2164/1 1113/1113/1
f 1117/1117/1 1113/1113/1 1116/1116/1
s 1
f 1118/1118/1 2556/2556/155 2557/2557/51
f 1118/1118/1 2557/2557/51 1119/1119/1
f 2557/2557/51 1121/1121/51 1120/1120/1
f 2557/2557/51 1120/1120/1 1119/1119/1
s 0
f 1120/1120/1 2164/2164/1 1117/1117/1
f 1120/1120/1 1117/1117/1 1119/1119/1
s 1
f 1122/1122/51 2558/2558/196 2559/2559/1
f 1122/1122/51 2559/2559/1 1123/1123/1
s 0
f 2559/2559/1 202/202/1 201/201/1
f 2559/2559/1 201/201/1 1123/1123/1
f 201/201/1 2164/2164/1 1120/1120/1
f 201/201/1 1120/1120/1 1123/1123/1
s 1
f 1126/1126/97 2144/2144/167 179/179/1
f 1126/1126/97 179/179/1 1127/1127/1
s 0
f 179/179/1 178/178/1 1128/1128/1
f 179/179/1 1128/1128/1 1127/1127/1
f 1128/1128/1 2167/2167/1 1124/1124/1
f 1128/1128/1 1124/1124/1 1127/1127/1
s 1
f 1129/1129/1 2533/2533/175 2560/2560/2
f 1129/1129/1 2560/2560/2 1130/1130/1
f 2560/2560/2 1132/1132/2 1131/1131/1
f 2560/2560/2 1131/1131/1 1130/1130/1
s 0
f 1131/1131/1 2167/2167/1 1128/1128/1
f 1131/1131/1 1128/1128/1 1130/1130/1
s 1
f 1133/1133/2 2556/2556/155 1118/1118/1
f 1133/1133/2 1118/1118/1 1134/1134/1
s 0
f 1118/1118/1 206/206/1 205/205/1
f 1118/1118/1 205/205/1 1134/1134/1
f 205/205/1 2167/2167/1 1131/1131/1
f 205/205/1 1131/1131/1 1134/1134/1
s 1
f 1137/1137/50 2171/2171/176 215/215/14
f 1137/1137/50 215/215/14 1138/1138/13
f 215/215/14 214/214/14 1139/1139/13
f 215/215/14 1139/1139/13 1138/1138/13
s 0
f 1139/1139/13 2170/2170/13 1135/1135/13
f 1139/1139/13 1135/1135/13 1138/1138/13
s 1
f 1140/1140/14 2561/2561/215 2562/2562/50
f 1140/1140/14 2562/2562/50 1141/1141/13
f 2562/2562/50 1143/1143/50 1142/1142/13
f 2562/2562/50 1142/1142/13 1141/1141/13
s 0
f 1142/1142/13 2170/2170/13 1139/1139/13
f 1142/1142/13 1139/1139/13 1141/1141/13
s 1
f 1144/1144/50 2563/2563/123 2564/2564/32
f 1144/1144/50 2564/2564/32 1145/1145/13
f 2564/2564/32 210/210/32 209/209/13
f 2564/2564/32 209/209/13 1145/1145/13
s 0
f 209/209/13 2170/2170/13 1142/1142/13
f 209/209/13 1142/1142/13 1145/1145/13
s 1
f 1148/1148/53 2174/2174/177 219/219/33
f 1148/1148/53 219/219/33 1149/1149/20
f 219/219/33 218/218/33 1150/1150/20
f 219/219/33 1150/1150/20 1149/1149/20
s 0
f 1150/1150/20 2173/2173/20 1146/1146/20
f 1150/1150/20 1146/1146/20 1149/1149/20
s 1
f 1151/1151/33 2565/2565/250 2566/2566/53
f 1151/1151/33 2566/2566/53 1152/1152/20
f 2566/2566/53 1154/1154/53 1153/1153/20
f 2566/2566/53 1153/1153/20 1152/1152/20
s 0
f 1153/1153/20 2173/2173/20 1150/1150/20
f 1153/1153/20 1150/1150/20 1152/1152/20
s 1
f 1155/1155/53 2561/2561/215 1140/1140/14
f 1155/1155/53 1140/1140/14 1156/1156/20
f 1140/1140/14 214/214/14 213/213/20
f 1140/1140/14 213/213/20 1156/1156/20
s 0
f 213/213/20 2173/2173/20 1153/1153/20
f 213/213/20 1153/1153/20 1156/1156/20
s 1
f 1159/1159/49 2567/2567/144 2568/2568/10
f 1159/1159/49 2568/2568/10 1160/1160/9
f 2568/2568/10 1162/1162/10 1161/1161/9
f 2568/2568/10 1161/1161/9 1160/1160/9
s 0
f 1161/1161/9 2176/2176/9 1157/1157/9
f 1161/1161/9 1157/1157/9 1160/1160/9
s 1
f 1163/1163/10 2569/2569/251 2570/2570/49
f 1163/1163/10 2570/2570/49 1164/1164/9
f 2570/2570/49 1166/1166/49 1165/1165/9
f 2570/2570/49 1165/1165/9 1164/1164/9
s 0
f 1165/1165/9 2176/2176/9 1161/1161/9
f 1165/1165/9 1161/1161/9 1164/1164/9
s 1
f 1167/1167/49 2565/2565/250 1151/1151/33
f 1167/1167/49 1151/1151/33 1168/1168/9
f 1151/1151/33 218/218/33 217/217/9
f 1151/1151/33 217/217/9 1168/1168/9
s 0
f 217/217/9 2176/2176/9 1165/1165/9
f 217/217/9 1165/1165/9 1168/1168/9
s 1
f 1171/1171/52 2571/2571/252 2572/2572/34
f 1171/1171/52 2572/2572/34 1172/1172/19
f 2572/2572/34 1174/1174/34 1173/1173/19
f 2572/2572/34 1173/1173/19 1172/1172/19
s 0
f 1173/1173/19 2179/2179/19 1169/1169/19
f 1173/1173/19 1169/1169/19 1172/1172/19
s 1
f 1175/1175/34 2573/2573/253 2574/2574/52
f 1175/1175/34 2574/2574/52 1176/1176/19
f 2574/2574/52 1178/1178/52 1177/1177/19
f 2574/2574/52 1177/1177/19 1176/1176/19
s 0
f 1177/1177/19 2179/2179/19 1173/1173/19
f 1177/1177/19 1173/1173/19 1176/1176/19
s 1
f 1179/1179/52 2575/2575/217 2576/2576/10
f 1179/1179/52 2576/2576/10 1180/1180/19
f 2576/2576/10 222/222/10 221/221/19
f 2576/2576/10 221/221/19 1180/1180/19
s 0
f 221/221/19 2179/2179/19 1177/1177/19
f 221/221/19 1177/1177/19 1180/1180/19
s 1
f 1183/1183/48 2183/2183/179 231/231/6
f 1183/1183/48 231/231/6 1184/1184/5
f 231/231/6 230/230/6 1185/1185/5
f 231/231/6 1185/1185/5 1184/1184/5
s 0
f 1185/1185/5 2182/2182/5 1181/1181/5
f 1185/1185/5 1181/1181/5 1184/1184/5
s 1
f 1186/1186/6 2577/2577/254 2578/2578/48
f 1186/1186/6 2578/2578/48 1187/1187/5
f 2578/2578/48 1189/1189/48 1188/1188/5
f 2578/2578/48 1188/1188/5 1187/1187/5
s 0
f 1188/1188/5 2182/2182/5 1185/1185/5
f 1188/1188/5 1185/1185/5 1187/1187/5
s 1
f 1190/1190/48 2579/2579/218 2580/2580/34
f 1190/1190/48 2580/2580/34 1191/1191/5
f 2580/2580/34 226/226/34 225/225/5
f 2580/2580/34 225/225/5 1191/1191/5
s 0
f 225/225/5 2182/2182/5 1188/1188/5
f 225/225/5 1188/1188/5 1191/1191/5
s 1
f 1194/1194/54 2186/2186/166 235/235/35
f 1194/1194/54 235/235/35 1195/1195/22
f 235/235/35 234/234/35 1196/1196/22
f 235/235/35 1196/1196/22 1195/1195/22
s 0
f 1196/1196/22 2185/2185/22 1192/1192/22
f 1196/1196/22 1192/1192/22 1195/1195/22
s 1
f 1197/1197/35 2581/2581/220 2582/2582/54
f 1197/1197/35 2582/2582/54 1198/1198/22
f 2582/2582/54 1200/1200/54 1199/1199/22
f 2582/2582/54 1199/1199/22 1198/1198/22
s 0
f 1199/1199/22 2185/2185/22 1196/1196/22
f 1199/1199/22 1196/1196/22 1198/1198/22
s 1
f 1201/1201/54 2577/2577/254 1186/1186/6
f 1201/1201/54 1186/1186/6 1202/1202/22
f 1186/1186/6 230/230/6 229/229/22
f 1186/1186/6 229/229/22 1202/1202/22
s 0
f 229/229/22 2185/2185/22 1199/1199/22
f 229/229/22 1199/1199/22 1202/1202/22
s 1
f 1205/1205/51 2583/2583/146 2584/2584/18
f 1205/1205/51 2584/2584/18 1206/1206/17
f 2584/2584/18 1208/1208/18 1207/1207/17
f 2584/2584/18 1207/1207/17 1206/1206/17
s 0
f 1207/1207/17 2188/2188/17 1203/1203/17
f 1207/1207/17 1203/1203/17 1206/1206/17
s 1
f 1209/1209/18 2585/2585/255 2586/2586/51
f 1209/1209/18 2586/2586/51 1210/1210/17
f 2586/2586/51 1212/1212/51 1211/1211/17
f 2586/2586/51 1211/1211/17 1210/1210/17
s 0
f 1211/1211/17 2188/2188/17 1207/1207/17
f 1211/1211/17 1207/1207/17 1210/1210/17
s 1
f 1213/1213/51 2581/2581/220 1197/1197/35
f 1213/1213/51 1197/1197/35 1214/1214/17
f 1197/1197/35 234/234/35 233/233/17
f 1197/1197/35 233/233/17 1214/1214/17
s 0
f 233/233/17 2188/2188/17 1211/1211/17
f 233/233/17 1211/1211/17 1214/1214/17
s 1
f 1217/1217/2 2587/2587/256 2588/2588/32
f 1217/1217/2 2588/2588/32 1218/1218/21
f 2588/2588/32 1220/1220/32 1219/1219/21
f 2588/2588/32 1219/1219/21 1218/1218/21
s 0
f 1219/1219/21 2191/2191/21 1215/1215/21
f 1219/1219/21 1215/1215/21 1218/1218/21
s 1
f 1221/1221/32 2589/2589/257 2590/2590/2
f 1221/1221/32 2590/2590/2 1222/1222/21
f 2590/2590/2 1224/1224/2 1223/1223/21
f 2590/2590/2 1223/1223/21 1222/1222/21
s 0
f 1223/1223/21 2191/2191/21 1219/1219/21
f 1223/1223/21 1219/1219/21 1222/1222/21
s 1
f 1225/1225/2 2591/2591/221 2592/2592/18
f 1225/1225/2 2592/2592/18 1226/1226/21
f 2592/2592/18 238/238/18 237/237/21
f 2592/2592/18 237/237/21 1226/1226/21
s 0
f 237/237/21 2191/2191/21 1223/1223/21
f 237/237/21 1223/1223/21 1226/1226/21
s 1
f 1228/1228/22 2428/2428/35 719/719/35
f 1228/1228/22 719/719/35 1229/1229/22
f 719/719/35 718/718/35 1230/1230/22
f 719/719/35 1230/1230/22 1229/1229/22
s 0
f 1230/1230/22 2193/2193/22 1227/1227/22
f 1230/1230/22 1227/1227/22 1229/1229/22
s 1
f 1231/1231/35 2427/2427/233 2593/2593/58
f 1231/1231/35 2593/2593/58 1232/1232/22
f 2593/2593/58 1234/1234/58 1233/1233/22
f 2593/2593/58 1233/1233/22 1232/1232/22
s 0
f 1233/1233/22 2193/2193/22 1230/1230/22
f 1233/1233/22 1230/1230/22 1232/1232/22
s 1
f 1235/1235/58 2054/2054/136 55/55/6
f 1235/1235/58 55/55/6 1236/1236/22
f 55/55/6 54/54/6 241/241/22
f 55/55/6 241/241/22 1236/1236/22
s 0
f 241/241/22 2193/2193/22 1233/1233/22
f 241/241/22 1233/1233/22 1236/1236/22
s 1
f 1238/1238/21 2594/2594/32 2595/2595/32
f 1238/1238/21 2595/2595/32 1239/1239/21
f 2595/2595/32 1241/1241/32 1240/1240/21
f 2595/2595/32 1240/1240/21 1239/1239/21
s 0
f 1240/1240/21 2195/2195/21 1237/1237/21
f 1240/1240/21 1237/1237/21 1239/1239/21
s 1
f 1242/1242/32 2596/2596/207 2597/2597/57
f 1242/1242/32 2597/2597/57 1243/1243/21
f 2597/2597/57 1245/1245/57 1244/1244/21
f 2597/2597/57 1244/1244/21 1243/1243/21
s 0
f 1244/1244/21 2195/2195/21 1240/1240/21
f 1244/1244/21 1240/1240/21 1243/1243/21
s 1
f 1246/1246/57 2598/2598/139 2599/2599/18
f 1246/1246/57 2599/2599/18 1247/1247/21
f 2599/2599/18 245/245/18 244/244/21
f 2599/2599/18 244/244/21 1247/1247/21
s 0
f 244/244/21 2195/2195/21 1244/1244/21
f 244/244/21 1244/1244/21 1247/1247/21
s 1
f 1249/1249/20 2421/2421/33 695/695/33
f 1249/1249/20 695/695/33 1250/1250/20
f 695/695/33 694/694/33 1251/1251/20
f 695/695/33 1251/1251/20 1250/1250/20
s 0
f 1251/1251/20 2197/2197/20 1248/1248/20
f 1251/1251/20 1248/1248/20 1250/1250/20
s 1
f 1252/1252/33 2420/2420/226 2600/2600/56
f 1252/1252/33 2600/2600/56 1253/1253/20
f 2600/2600/56 1255/1255/56 1254/1254/20
f 2600/2600/56 1254/1254/20 1253/1253/20
s 0
f 1254/1254/20 2197/2197/20 1251/1251/20
f 1254/1254/20 1251/1251/20 1253/1253/20
s 1
f 1256/1256/56 2060/2060/138 63/63/14
f 1256/1256/56 63/63/14 1257/1257/20
f 63/63/14 62/62/14 248/248/20
f 63/63/14 248/248/20 1257/1257/20
s 0
f 248/248/20 2197/2197/20 1254/1254/20
f 248/248/20 1254/1254/20 1257/1257/20
s 1
f 1259/1259/19 2601/2601/34 2602/2602/34
f 1259/1259/19 2602/2602/34 1260/1260/19
f 2602/2602/34 1262/1262/34 1261/1261/19
f 2602/2602/34 1261/1261/19 1260/1260/19
s 0
f 1261/1261/19 2199/2199/19 1258/1258/19
f 1261/1261/19 1258/1258/19 1260/1260/19
s 1
f 1263/1263/34 2603/2603/211 2604/2604/55
f 1263/1263/34 2604/2604/55 1264/1264/19
f 2604/2604/55 1266/1266/55 1265/1265/19
f 2604/2604/55 1265/1265/19 1264/1264/19
s 0
f 1265/1265/19 2199/2199/19 1261/1261/19
f 1265/1265/19 1261/1261/19 1264/1264/19
s 1
f 1267/1267/55 2605/2605/137 2606/2606/10
f 1267/1267/55 2606/2606/10 1268/1268/19
f 2606/2606/10 252/252/10 251/251/19
f 2606/2606/10 251/251/19 1268/1268/19
s 0
f 251/251/19 2199/2199/19 1265/1265/19
f 251/251/19 1265/1265/19 1268/1268/19
s 1
f 1271/1271/57 2607/2607/258 2608/2608/47
f 1271/1271/57 2608/2608/47 1272/1272/31
f 2608/2608/47 1274/1274/47 1273/1273/31
f 2608/2608/47 1273/1273/31 1272/1272/31
s 0
f 1273/1273/31 2202/2202/31 1269/1269/31
f 1273/1273/31 1269/1269/31 1272/1272/31
s 1
f 1275/1275/47 2609/2609/259 2610/2610/58
f 1275/1275/47 2610/2610/58 1276/1276/31
f 2610/2610/58 1278/1278/58 1277/1277/31
f 2610/2610/58 1277/1277/31 1276/1276/31
s 0
f 1277/1277/31 2202/2202/31 1273/1273/31
f 1277/1277/31 1273/1273/31 1276/1276/31
s 1
f 1279/1279/58 2611/2611/260 2612/2612/39
f 1279/1279/58 2612/2612/39 1280/1280/31
f 2612/2612/39 1282/1282/39 1281/1281/31
f 2612/2612/39 1281/1281/31 1280/1280/31
s 0
f 1281/1281/31 2202/2202/31 1277/1277/31
f 1281/1281/31 1277/1277/31 1280/1280/31
s 1
f 1283/1283/39 2613/2613/261 2614/2614/55
f 1283/1283/39 2614/2614/55 1284/1284/31
f 2614/2614/55 1286/1286/55 1285/1285/31
f 2614/2614/55 1285/1285/31 1284/1284/31
s 0
f 1285/1285/31 2202/2202/31 1281/1281/31
f 1285/1285/31 1281/1281/31 1284/1284/31
s 1
f 1287/1287/55 2615/2615/262 2616/2616/42
f 1287/1287/55 2616/2616/42 1288/1288/31
f 2616/2616/42 1290/1290/42 1289/1289/31
f 2616/2616/42 1289/1289/31 1288/1288/31
s 0
f 1289/1289/31 2202/2202/31 1285/1285/31
f 1289/1289/31 1285/1285/31 1288/1288/31
s 1
f 1291/1291/42 2617/2617/263 2618/2618/56
f 1291/1291/42 2618/2618/56 1292/1292/31
f 2618/2618/56 1294/1294/56 1293/1293/31
f 2618/2618/56 1293/1293/31 1292/1292/31
s 0
f 1293/1293/31 2202/2202/31 1289/1289/31
f 1293/1293/31 1289/1289/31 1292/1292/31
s 1
f 1295/1295/56 2619/2619/264 2620/2620/36
f 1295/1295/56 2620/2620/36 1296/1296/31
f 2620/2620/36 256/256/36 255/255/31
f 2620/2620/36 255/255/31 1296/1296/31
s 0
f 255/255/31 2202/2202/31 1293/1293/31
f 255/255/31 1293/1293/31 1296/1296/31
s 1
f 1299/1299/107 2621/2621/265 2622/2622/108
f 1299/1299/107 2622/2622/108 1300/1300/37
f 2622/2622/108 1302/1302/108 1301/1301/37
f 2622/2622/108 1301/1301/37 1300/1300/37
s 0
f 1301/1301/37 2205/2205/37 1297/1297/37
f 1301/1301/37 1297/1297/37 1300/1300/37
s 1
f 1303/1303/108 2623/2623/266 1570/1570/109
f 1303/1303/108 1570/1570/109 1304/1304/37
f 1570/1570/109 1306/1306/109 1305/1305/37
f 1570/1570/109 1305/1305/37 1304/1304/37
f 1305/1305/37 2205/2205/37 1301/1301/37
s 0
f 1305/1305/37 1301/1301/37 1304/1304/37
s 1
f 1307/1307/109 2206/2206/182 264/264/38
f 1307/1307/109 264/264/38 1308/1308/37
f 264/264/38 260/260/38 259/259/37
f 264/264/38 259/259/37 1308/1308/37
s 0
f 259/259/37 2205/2205/37 1305/1305/37
f 259/259/37 1305/1305/37 1308/1308/37
s 1
f 1311/1311/6 2261/2261/143 2624/2624/39
f 1311/1311/6 2624/2624/39 1312/1312/5
f 2624/2624/39 1314/1314/39 1313/1313/5
f 2624/2624/39 1313/1313/5 1312/1312/5
s 0
f 1313/1313/5 2207/2207/5 1309/1309/5
f 1313/1313/5 1309/1309/5 1312/1312/5
s 1
f 1315/1315/39 2625/2625/211 2626/2626/34
f 1315/1315/39 2626/2626/34 1316/1316/5
f 2626/2626/34 1318/1318/34 1317/1317/5
f 2626/2626/34 1317/1317/5 1316/1316/5
s 0
f 1317/1317/5 2207/2207/5 1313/1313/5
f 1317/1317/5 1313/1313/5 1316/1316/5
s 1
f 1319/1319/34 2203/2203/181 261/261/38
f 1319/1319/34 261/261/38 1320/1320/5
f 261/261/38 260/260/38 263/263/5
f 261/261/38 263/263/5 1320/1320/5
s 0
f 263/263/5 2207/2207/5 1317/1317/5
s 1
f 263/263/5 1317/1317/5 1320/1320/5
f 1323/1323/6 2251/2251/189 2627/2627/48
f 1323/1323/6 2627/2627/48 1324/1324/5
f 2627/2627/48 1326/1326/48 1325/1325/5
f 2627/2627/48 1325/1325/5 1324/1324/5
f 1325/1325/5 2209/2209/5 1321/1321/5
s 0
f 1325/1325/5 1321/1321/5 1324/1324/5
s 1
f 1327/1327/48 2628/2628/158 2629/2629/34
f 1327/1327/48 2629/2629/34 1328/1328/5
f 2629/2629/34 1330/1330/34 1329/1329/5
f 2629/2629/34 1329/1329/5 1328/1328/5
s 0
f 1329/1329/5 2209/2209/5 1325/1325/5
f 1329/1329/5 1325/1325/5 1328/1328/5
s 1
f 1331/1331/34 2630/2630/197 2631/2631/39
f 1331/1331/34 2631/2631/39 1332/1332/5
f 2631/2631/39 267/267/39 266/266/5
f 2631/2631/39 266/266/5 1332/1332/5
s 0
f 266/266/5 2209/2209/5 1329/1329/5
f 266/266/5 1329/1329/5 1332/1332/5
s 1
f 1335/1335/110 2632/2632/267 2633/2633/111
f 1335/1335/110 2633/2633/111 1336/1336/40
f 2633/2633/111 1338/1338/111 1337/1337/40
f 2633/2633/111 1337/1337/40 1336/1336/40
s 0
f 1337/1337/40 2211/2211/40 1333/1333/40
f 1337/1337/40 1333/1333/40 1336/1336/40
s 1
f 1339/1339/111 2634/2634/268 2635/2635/112
f 1339/1339/111 2635/2635/112 1340/1340/40
f 2635/2635/112 1342/1342/112 1341/1341/40
f 2635/2635/112 1341/1341/40 1340/1340/40
s 0
f 1341/1341/40 2211/2211/40 1337/1337/40
f 1341/1341/40 1337/1337/40 1340/1340/40
s 1
f 1343/1343/112 2212/2212/184 275/275/41
f 1343/1343/112 275/275/41 1344/1344/40
f 275/275/41 271/271/41 270/270/40
f 275/275/41 270/270/40 1344/1344/40
f 270/270/40 2211/2211/40 1341/1341/40
s 0
f 270/270/40 1341/1341/40 1344/1344/40
s 1
f 1347/1347/10 2636/2636/137 2637/2637/42
f 1347/1347/10 2637/2637/42 1348/1348/9
f 2637/2637/42 1350/1350/42 1349/1349/9
f 2637/2637/42 1349/1349/9 1348/1348/9
s 0
f 1349/1349/9 2214/2214/9 1345/1345/9
f 1349/1349/9 1345/1345/9 1348/1348/9
s 1
f 1351/1351/42 2638/2638/269 1547/1547/33
f 1351/1351/42 1547/1547/33 1352/1352/9
f 1547/1547/33 1354/1354/33 1353/1353/9
f 1547/1547/33 1353/1353/9 1352/1352/9
s 0
f 1353/1353/9 2214/2214/9 1349/1349/9
f 1353/1353/9 1349/1349/9 1352/1352/9
s 1
f 1355/1355/33 2210/2210/183 272/272/41
f 1355/1355/33 272/272/41 1356/1356/9
f 272/272/41 271/271/41 274/274/9
f 272/272/41 274/274/9 1356/1356/9
s 0
f 274/274/9 2214/2214/9 1353/1353/9
f 274/274/9 1353/1353/9 1356/1356/9
s 1
f 1359/1359/10 2639/2639/129 2640/2640/49
f 1359/1359/10 2640/2640/49 1360/1360/9
f 2640/2640/49 1362/1362/49 1361/1361/9
f 2640/2640/49 1361/1361/9 1360/1360/9
s 0
f 1361/1361/9 2217/2217/9 1357/1357/9
f 1361/1361/9 1357/1357/9 1360/1360/9
s 1
f 1363/1363/49 2641/2641/270 1505/1505/33
f 1363/1363/49 1505/1505/33 1364/1364/9
f 1505/1505/33 1366/1366/33 1365/1365/9
f 1505/1505/33 1365/1365/9 1364/1364/9
s 0
f 1365/1365/9 2217/2217/9 1361/1361/9
f 1365/1365/9 1361/1361/9 1364/1364/9
s 1
f 1367/1367/33 2642/2642/269 2643/2643/42
f 1367/1367/33 2643/2643/42 1368/1368/9
f 2643/2643/42 278/278/42 277/277/9
f 2643/2643/42 277/277/9 1368/1368/9
s 0
f 277/277/9 2217/2217/9 1365/1365/9
f 277/277/9 1365/1365/9 1368/1368/9
s 1
f 1371/1371/113 2644/2644/271 2645/2645/114
f 1371/1371/113 2645/2645/114 1372/1372/43
f 2645/2645/114 1374/1374/114 1373/1373/43
f 2645/2645/114 1373/1373/43 1372/1372/43
s 0
f 1373/1373/43 2220/2220/43 1369/1369/43
f 1373/1373/43 1369/1369/43 1372/1372/43
s 1
f 1375/1375/114 2646/2646/272 1592/1592/115
f 1375/1375/114 1592/1592/115 1376/1376/43
f 1592/1592/115 1378/1378/115 1377/1377/43
f 1592/1592/115 1377/1377/43 1376/1376/43
s 0
f 1377/1377/43 2220/2220/43 1373/1373/43
f 1377/1377/43 1373/1373/43 1376/1376/43
s 1
f 1379/1379/115 2221/2221/186 286/286/44
f 1379/1379/115 286/286/44 1380/1380/43
f 286/286/44 282/282/44 281/281/43
f 286/286/44 281/281/43 1380/1380/43
s 0
f 281/281/43 2220/2220/43 1377/1377/43
f 281/281/43 1377/1377/43 1380/1380/43
s 1
f 1383/1383/14 2256/2256/138 2647/2647/36
f 1383/1383/14 2647/2647/36 1384/1384/13
f 2647/2647/36 1386/1386/36 1385/1385/13
f 2647/2647/36 1385/1385/13 1384/1384/13
s 0
f 1385/1385/13 2222/2222/13 1381/1381/13
f 1385/1385/13 1381/1381/13 1384/1384/13
s 1
f 1387/1387/36 2648/2648/207 2649/2649/32
f 1387/1387/36 2649/2649/32 1388/1388/13
f 2649/2649/32 1390/1390/32 1389/1389/13
f 2649/2649/32 1389/1389/13 1388/1388/13
s 0
f 1389/1389/13 2222/2222/13 1385/1385/13
f 1389/1389/13 1385/1385/13 1388/1388/13
s 1
f 1391/1391/32 2218/2218/185 283/283/44
f 1391/1391/32 283/283/44 1392/1392/13
f 283/283/44 282/282/44 285/285/13
f 283/283/44 285/285/13 1392/1392/13
s 0
f 285/285/13 2222/2222/13 1389/1389/13
f 285/285/13 1389/1389/13 1392/1392/13
s 1
f 1395/1395/14 2246/2246/145 2650/2650/50
f 1395/1395/14 2650/2650/50 1396/1396/13
f 2650/2650/50 1398/1398/50 1397/1397/13
f 2650/2650/50 1397/1397/13 1396/1396/13
s 0
f 1397/1397/13 2224/2224/13 1393/1393/13
s 1
f 1397/1397/13 1393/1393/13 1396/1396/13
f 1399/1399/50 2651/2651/163 2652/2652/32
f 1399/1399/50 2652/2652/32 1400/1400/13
f 2652/2652/32 1402/1402/32 1401/1401/13
f 2652/2652/32 1401/1401/13 1400/1400/13
s 0
f 1401/1401/13 2224/2224/13 1397/1397/13
f 1401/1401/13 1397/1397/13 1400/1400/13
s 1
f 1403/1403/32 2653/2653/228 2654/2654/36
f 1403/1403/32 2654/2654/36 1404/1404/13
f 2654/2654/36 289/289/36 288/288/13
f 2654/2654/36 288/288/13 1404/1404/13
s 0
f 288/288/13 2224/2224/13 1401/1401/13
f 288/288/13 1401/1401/13 1404/1404/13
s 1
f 1407/1407/116 2655/2655/273 2656/2656/117
f 1407/1407/116 2656/2656/117 1408/1408/45
f 2656/2656/117 1410/1410/117 1409/1409/45
f 2656/2656/117 1409/1409/45 1408/1408/45
s 0
f 1409/1409/45 2226/2226/45 1405/1405/45
f 1409/1409/45 1405/1405/45 1408/1408/45
s 1
f 1411/1411/117 2657/2657/274 2658/2658/118
f 1411/1411/117 2658/2658/118 1412/1412/45
f 2658/2658/118 1414/1414/118 1413/1413/45
f 2658/2658/118 1413/1413/45 1412/1412/45
s 0
f 1413/1413/45 2226/2226/45 1409/1409/45
f 1413/1413/45 1409/1409/45 1412/1412/45
s 1
f 1415/1415/118 2227/2227/188 297/297/46
f 1415/1415/118 297/297/46 1416/1416/45
f 297/297/46 293/293/46 292/292/45
f 297/297/46 292/292/45 1416/1416/45
s 0
f 292/292/45 2226/2226/45 1413/1413/45
f 292/292/45 1413/1413/45 1416/1416/45
s 1
f 1419/1419/18 2659/2659/139 2660/2660/47
f 1419/1419/18 2660/2660/47 1420/1420/17
f 2660/2660/47 1422/1422/47 1421/1421/17
f 2660/2660/47 1421/1421/17 1420/1420/17
s 0
f 1421/1421/17 2229/2229/17 1417/1417/17
f 1421/1421/17 1417/1417/17 1420/1420/17
s 1
f 1423/1423/47 2661/2661/233 1567/1567/35
f 1423/1423/47 1567/1567/35 1424/1424/17
f 1567/1567/35 1426/1426/35 1425/1425/17
f 1567/1567/35 1425/1425/17 1424/1424/17
s 0
f 1425/1425/17 2229/2229/17 1421/1421/17
f 1425/1425/17 1421/1421/17 1424/1424/17
s 1
f 1427/1427/35 2225/2225/187 294/294/46
f 1427/1427/35 294/294/46 1428/1428/17
f 294/294/46 293/293/46 296/296/17
f 294/294/46 296/296/17 1428/1428/17
s 0
f 296/296/17 2229/2229/17 1425/1425/17
f 296/296/17 1425/1425/17 1428/1428/17
s 1
f 1431/1431/18 2662/2662/135 2663/2663/51
f 1431/1431/18 2663/2663/51 1432/1432/17
f 2663/2663/51 1434/1434/51 1433/1433/17
f 2663/2663/51 1433/1433/17 1432/1432/17
s 0
f 1433/1433/17 2232/2232/17 1429/1429/17
f 1433/1433/17 1429/1429/17 1432/1432/17
s 1
f 1435/1435/51 2664/2664/231 1527/1527/35
f 1435/1435/51 1527/1527/35 1436/1436/17
f 1527/1527/35 1438/1438/35 1437/1437/17
f 1527/1527/35 1437/1437/17 1436/1436/17
s 0
f 1437/1437/17 2232/2232/17 1433/1433/17
f 1437/1437/17 1433/1433/17 1436/1436/17
s 1
f 1439/1439/35 2665/2665/275 2666/2666/47
f 1439/1439/35 2666/2666/47 1440/1440/17
f 2666/2666/47 300/300/47 299/299/17
f 2666/2666/47 299/299/17 1440/1440/17
s 0
f 299/299/17 2232/2232/17 1437/1437/17
f 299/299/17 1437/1437/17 1440/1440/17
s 1
f 1443/1443/6 2192/2192/6 687/687/5
f 1443/1443/6 687/687/5 1444/1444/5
f 687/687/5 686/686/5 1445/1445/5
s 0
f 687/687/5 1445/1445/5 1444/1444/5
f 1445/1445/5 2234/2234/5 1441/1441/5
f 1445/1445/5 1441/1441/5 1444/1444/5
s 1
f 1446/1446/5 2419/2419/34 2667/2667/34
f 1446/1446/5 2667/2667/34 1447/1447/5
f 2667/2667/34 1449/1449/34 1448/1448/5
f 2667/2667/34 1448/1448/5 1447/1447/5
s 0
f 1448/1448/5 2234/2234/5 1445/1445/5
s 1
f 1448/1448/5 1445/1445/5 1447/1447/5
f 1450/1450/34 2668/2668/158 2669/2669/48
f 1450/1450/34 2669/2669/48 1451/1451/5
f 2669/2669/48 304/304/48 303/303/5
f 2669/2669/48 303/303/5 1451/1451/5
s 0
f 303/303/5 2234/2234/5 1448/1448/5
s 1
f 303/303/5 1448/1448/5 1451/1451/5
f 1454/1454/10 2422/2422/10 699/699/9
f 1454/1454/10 699/699/9 1455/1455/9
s 0
f 699/699/9 698/698/9 1456/1456/9
f 699/699/9 1456/1456/9 1455/1455/9
f 1456/1456/9 2237/2237/9 1452/1452/9
s 1
f 1456/1456/9 1452/1452/9 1455/1455/9
f 1457/1457/9 2421/2421/33 2009/2009/33
f 1457/1457/9 2009/2009/33 1458/1458/9
f 2009/2009/33 1460/1460/33 1459/1459/9
f 2009/2009/33 1459/1459/9 1458/1458/9
s 0
f 1459/1459/9 2237/2237/9 1456/1456/9
f 1459/1459/9 1456/1456/9 1458/1458/9
s 1
f 1461/1461/33 2670/2670/225 2671/2671/49
f 1461/1461/33 2671/2671/49 1462/1462/9
f 2671/2671/49 308/308/49 307/307/9
f 2671/2671/49 307/307/9 1462/1462/9
s 0
f 307/307/9 2237/2237/9 1459/1459/9
f 307/307/9 1459/1459/9 1462/1462/9
s 1
f 1465/1465/14 2196/2196/14 711/711/13
f 1465/1465/14 711/711/13 1466/1466/13
f 711/711/13 710/710/13 1467/1467/13
s 0
f 711/711/13 1467/1467/13 1466/1466/13
f 1467/1467/13 2239/2239/13 1463/1463/13
f 1467/1467/13 1463/1463/13 1466/1466/13
s 1
f 1468/1468/13 2426/2426/32 2672/2672/32
f 1468/1468/13 2672/2672/32 1469/1469/13
f 2672/2672/32 1471/1471/32 1470/1470/13
f 2672/2672/32 1470/1470/13 1469/1469/13
s 0
f 1470/1470/13 2239/2239/13 1467/1467/13
f 1470/1470/13 1467/1467/13 1469/1469/13
s 1
f 1472/1472/32 2673/2673/163 2674/2674/50
f 1472/1472/32 2674/2674/50 1473/1473/13
f 2674/2674/50 312/312/50 311/311/13
f 2674/2674/50 311/311/13 1473/1473/13
s 0
f 311/311/13 2239/2239/13 1470/1470/13
s 1
f 311/311/13 1470/1470/13 1473/1473/13
f 1476/1476/18 2429/2429/18 723/723/17
f 1476/1476/18 723/723/17 1477/1477/17
f 723/723/17 722/722/17 1478/1478/17
s 0
f 723/723/17 1478/1478/17 1477/1477/17
f 1478/1478/17 2242/2242/17 1474/1474/17
f 1478/1478/17 1474/1474/17 1477/1477/17
s 1
f 1479/1479/17 2428/2428/35 1987/1987/35
f 1479/1479/17 1987/1987/35 1480/1480/17
f 1987/1987/35 1482/1482/35 1481/1481/17
f 1987/1987/35 1481/1481/17 1480/1480/17
s 0
f 1481/1481/17 2242/2242/17 1478/1478/17
f 1481/1481/17 1478/1478/17 1480/1480/17
s 1
f 1483/1483/35 2675/2675/232 2676/2676/51
f 1483/1483/35 2676/2676/51 1484/1484/17
f 2676/2676/51 316/316/51 315/315/17
f 2676/2676/51 315/315/17 1484/1484/17
s 0
f 315/315/17 2242/2242/17 1481/1481/17
s 1
f 315/315/17 1481/1481/17 1484/1484/17
f 1487/1487/10 2677/2677/140 2678/2678/55
f 1487/1487/10 2678/2678/55 1488/1488/19
f 2678/2678/55 1490/1490/55 1489/1489/19
f 2678/2678/55 1489/1489/19 1488/1488/19
s 0
f 1489/1489/19 2245/2245/19 1485/1485/19
f 1489/1489/19 1485/1485/19 1488/1488/19
s 1
f 1491/1491/55 2679/2679/211 2680/2680/34
f 1491/1491/55 2680/2680/34 1492/1492/19
f 2680/2680/34 1494/1494/34 1493/1493/19
f 2680/2680/34 1493/1493/19 1492/1492/19
s 0
f 1493/1493/19 2245/2245/19 1489/1489/19
f 1493/1493/19 1489/1489/19 1492/1492/19
s 1
f 1495/1495/34 2681/2681/234 2682/2682/52
f 1495/1495/34 2682/2682/52 1496/1496/19
f 2682/2682/52 320/320/52 319/319/19
f 2682/2682/52 319/319/19 1496/1496/19
s 0
f 319/319/19 2245/2245/19 1493/1493/19
f 319/319/19 1493/1493/19 1496/1496/19
s 1
f 1498/1498/14 2223/2223/138 2683/2683/56
f 1498/1498/14 2683/2683/56 1499/1499/20
f 2683/2683/56 1501/1501/56 1500/1500/20
f 2683/2683/56 1500/1500/20 1499/1499/20
s 0
f 1500/1500/20 2247/2247/20 1497/1497/20
f 1500/1500/20 1497/1497/20 1499/1499/20
s 1
f 1502/1502/56 2642/2642/269 1367/1367/33
f 1502/1502/56 1367/1367/33 1503/1503/20
f 1367/1367/33 1366/1366/33 1504/1504/20
f 1367/1367/33 1504/1504/20 1503/1503/20
s 0
f 1504/1504/20 2247/2247/20 1500/1500/20
f 1504/1504/20 1500/1500/20 1503/1503/20
s 1
f 1505/1505/33 2641/2641/270 2684/2684/53
f 1505/1505/33 2684/2684/53 1506/1506/20
f 2684/2684/53 324/324/53 323/323/20
f 2684/2684/53 323/323/20 1506/1506/20
s 0
f 323/323/20 2247/2247/20 1504/1504/20
f 323/323/20 1504/1504/20 1506/1506/20
s 1
f 1509/1509/18 2685/2685/142 2686/2686/57
f 1509/1509/18 2686/2686/57 1510/1510/21
f 2686/2686/57 1512/1512/57 1511/1511/21
f 2686/2686/57 1511/1511/21 1510/1510/21
s 0
f 1511/1511/21 2250/2250/21 1507/1507/21
f 1511/1511/21 1507/1507/21 1510/1510/21
s 1
f 1513/1513/57 2687/2687/207 2688/2688/32
f 1513/1513/57 2688/2688/32 1514/1514/21
f 2688/2688/32 1516/1516/32 1515/1515/21
f 2688/2688/32 1515/1515/21 1514/1514/21
s 0
f 1515/1515/21 2250/2250/21 1511/1511/21
f 1515/1515/21 1511/1511/21 1514/1514/21
s 1
f 1517/1517/32 2689/2689/235 2690/2690/2
f 1517/1517/32 2690/2690/2 1518/1518/21
f 2690/2690/2 328/328/2 327/327/21
f 2690/2690/2 327/327/21 1518/1518/21
s 0
f 327/327/21 2250/2250/21 1515/1515/21
f 327/327/21 1515/1515/21 1518/1518/21
s 1
f 1520/1520/6 2208/2208/136 2691/2691/58
f 1520/1520/6 2691/2691/58 1521/1521/22
f 2691/2691/58 1523/1523/58 1522/1522/22
f 2691/2691/58 1522/1522/22 1521/1521/22
s 0
f 1522/1522/22 2252/2252/22 1519/1519/22
f 1522/1522/22 1519/1519/22 1521/1521/22
s 1
f 1524/1524/58 2665/2665/275 1439/1439/35
f 1524/1524/58 1439/1439/35 1525/1525/22
f 1439/1439/35 1438/1438/35 1526/1526/22
f 1439/1439/35 1526/1526/22 1525/1525/22
s 0
f 1526/1526/22 2252/2252/22 1522/1522/22
f 1526/1526/22 1522/1522/22 1525/1525/22
s 1
f 1527/1527/35 2664/2664/231 2692/2692/54
f 1527/1527/35 2692/2692/54 1528/1528/22
f 2692/2692/54 332/332/54 331/331/22
f 2692/2692/54 331/331/22 1528/1528/22
s 0
f 331/331/22 2252/2252/22 1526/1526/22
f 331/331/22 1526/1526/22 1528/1528/22
s 1
f 1531/1531/10 2268/2268/191 365/365/66
f 1531/1531/10 365/365/66 1532/1532/19
f 365/365/66 364/364/66 1533/1533/19
f 365/365/66 1533/1533/19 1532/1532/19
s 0
f 1533/1533/19 2255/2255/19 1529/1529/19
f 1533/1533/19 1529/1529/19 1532/1532/19
s 1
f 1534/1534/66 2693/2693/276 2694/2694/34
f 1534/1534/66 2694/2694/34 1535/1535/19
f 2694/2694/34 1537/1537/34 1536/1536/19
f 2694/2694/34 1536/1536/19 1535/1535/19
s 0
f 1536/1536/19 2255/2255/19 1533/1533/19
f 1536/1536/19 1533/1533/19 1535/1535/19
s 1
f 1538/1538/34 2695/2695/211 2696/2696/55
f 1538/1538/34 2696/2696/55 1539/1539/19
f 2696/2696/55 336/336/55 335/335/19
f 2696/2696/55 335/335/19 1539/1539/19
s 0
f 335/335/19 2255/2255/19 1536/1536/19
f 335/335/19 1536/1536/19 1539/1539/19
s 1
f 1541/1541/14 2221/2221/186 361/361/64
f 1541/1541/14 361/361/64 1542/1542/20
f 361/361/64 360/360/64 1543/1543/20
f 361/361/64 1543/1543/20 1542/1542/20
s 0
f 1543/1543/20 2257/2257/20 1540/1540/20
f 1543/1543/20 1540/1540/20 1542/1542/20
s 1
f 1544/1544/64 2210/2210/183 1355/1355/33
f 1544/1544/64 1355/1355/33 1545/1545/20
f 1355/1355/33 1354/1354/33 1546/1546/20
f 1355/1355/33 1546/1546/20 1545/1545/20
s 0
f 1546/1546/20 2257/2257/20 1543/1543/20
f 1546/1546/20 1543/1543/20 1545/1545/20
s 1
f 1547/1547/33 2638/2638/269 2697/2697/56
f 1547/1547/33 2697/2697/56 1548/1548/20
f 2697/2697/56 340/340/56 339/339/20
f 2697/2697/56 339/339/20 1548/1548/20
s 0
f 339/339/20 2257/2257/20 1546/1546/20
f 339/339/20 1546/1546/20 1548/1548/20
s 1
f 1551/1551/18 2264/2264/190 357/357/62
f 1551/1551/18 357/357/62 1552/1552/21
f 357/357/62 356/356/62 1553/1553/21
f 357/357/62 1553/1553/21 1552/1552/21
s 0
f 1553/1553/21 2260/2260/21 1549/1549/21
f 1553/1553/21 1549/1549/21 1552/1552/21
s 1
f 1554/1554/62 2698/2698/277 2699/2699/32
f 1554/1554/62 2699/2699/32 1555/1555/21
f 2699/2699/32 1557/1557/32 1556/1556/21
f 2699/2699/32 1556/1556/21 1555/1555/21
s 0
f 1556/1556/21 2260/2260/21 1553/1553/21
f 1556/1556/21 1553/1553/21 1555/1555/21
s 1
f 1558/1558/32 2700/2700/207 2701/2701/57
f 1558/1558/32 2701/2701/57 1559/1559/21
f 2701/2701/57 344/344/57 343/343/21
f 2701/2701/57 343/343/21 1559/1559/21
s 0
f 343/343/21 2260/2260/21 1556/1556/21
f 343/343/21 1556/1556/21 1559/1559/21
s 1
f 1561/1561/6 2206/2206/182 353/353/60
f 1561/1561/6 353/353/60 1562/1562/22
f 353/353/60 352/352/60 1563/1563/22
f 353/353/60 1563/1563/22 1562/1562/22
s 0
f 1563/1563/22 2262/2262/22 1560/1560/22
f 1563/1563/22 1560/1560/22 1562/1562/22
s 1
f 1564/1564/60 2225/2225/187 1427/1427/35
f 1564/1564/60 1427/1427/35 1565/1565/22
f 1427/1427/35 1426/1426/35 1566/1566/22
f 1427/1427/35 1566/1566/22 1565/1565/22
s 0
f 1566/1566/22 2262/2262/22 1563/1563/22
f 1566/1566/22 1563/1563/22 1565/1565/22
s 1
f 1567/1567/35 2661/2661/233 2702/2702/58
f 1567/1567/35 2702/2702/58 1568/1568/22
f 2702/2702/58 348/348/58 347/347/22
f 2702/2702/58 347/347/22 1568/1568/22
s 0
f 347/347/22 2262/2262/22 1566/1566/22
f 347/347/22 1566/1566/22 1568/1568/22
s 1
f 1570/1570/109 2623/2623/266 2703/2703/69
f 1570/1570/109 2703/2703/69 1571/1571/59
f 2703/2703/69 1573/1573/69 1572/1572/59
f 2703/2703/69 1572/1572/59 1571/1571/59
s 0
f 1572/1572/59 2263/2263/59 1569/1569/59
f 1572/1572/59 1569/1569/59 1571/1571/59
s 1
f 1574/1574/69 2655/2655/273 1407/1407/116
f 1574/1574/69 1407/1407/116 1575/1575/59
f 1407/1407/116 1406/1406/116 1576/1576/59
f 1407/1407/116 1576/1576/59 1575/1575/59
s 0
f 1576/1576/59 2263/2263/59 1572/1572/59
f 1576/1576/59 1572/1572/59 1575/1575/59
s 1
f 1577/1577/116 2225/2225/187 1564/1564/60
f 1577/1577/116 1564/1564/60 1578/1578/59
f 1564/1564/60 352/352/60 351/351/59
f 1564/1564/60 351/351/59 1578/1578/59
s 0
f 351/351/59 2263/2263/59 1576/1576/59
f 351/351/59 1576/1576/59 1578/1578/59
s 1
f 1581/1581/119 2704/2704/202 2705/2705/72
f 1581/1581/119 2705/2705/72 1582/1582/61
f 2705/2705/72 1584/1584/72 1583/1583/61
f 2705/2705/72 1583/1583/61 1582/1582/61
s 0
f 1583/1583/61 2266/2266/61 1579/1579/61
f 1583/1583/61 1579/1579/61 1582/1582/61
s 1
f 1585/1585/72 2706/2706/278 2707/2707/120
f 1585/1585/72 2707/2707/120 1586/1586/61
f 2707/2707/120 1588/1588/120 1587/1587/61
f 2707/2707/120 1587/1587/61 1586/1586/61
s 0
f 1587/1587/61 2266/2266/61 1583/1583/61
f 1587/1587/61 1583/1583/61 1586/1586/61
s 1
f 1589/1589/120 2698/2698/277 1554/1554/62
f 1589/1589/120 1554/1554/62 1590/1590/61
f 1554/1554/62 356/356/62 355/355/61
f 1554/1554/62 355/355/61 1590/1590/61
s 0
f 355/355/61 2266/2266/61 1587/1587/61
f 355/355/61 1587/1587/61 1590/1590/61
s 1
f 1592/1592/115 2646/2646/272 2708/2708/75
f 1592/1592/115 2708/2708/75 1593/1593/63
f 2708/2708/75 1595/1595/75 1594/1594/63
f 2708/2708/75 1594/1594/63 1593/1593/63
s 0
f 1594/1594/63 2267/2267/63 1591/1591/63
f 1594/1594/63 1591/1591/63 1593/1593/63
s 1
f 1596/1596/75 2632/2632/267 1335/1335/110
f 1596/1596/75 1335/1335/110 1597/1597/63
f 1335/1335/110 1334/1334/110 1598/1598/63
f 1335/1335/110 1598/1598/63 1597/1597/63
s 0
f 1598/1598/63 2267/2267/63 1594/1594/63
f 1598/1598/63 1594/1594/63 1597/1597/63
s 1
f 1599/1599/110 2210/2210/183 1544/1544/64
f 1599/1599/110 1544/1544/64 1600/1600/63
f 1544/1544/64 360/360/64 359/359/63
f 1544/1544/64 359/359/63 1600/1600/63
s 0
f 359/359/63 2267/2267/63 1598/1598/63
f 359/359/63 1598/1598/63 1600/1600/63
s 1
f 1603/1603/121 2709/2709/206 2710/2710/77
f 1603/1603/121 2710/2710/77 1604/1604/65
f 2710/2710/77 1606/1606/77 1605/1605/65
f 2710/2710/77 1605/1605/65 1604/1604/65
s 0
f 1605/1605/65 2270/2270/65 1601/1601/65
f 1605/1605/65 1601/1601/65 1604/1604/65
s 1
f 1607/1607/77 2711/2711/279 2712/2712/122
f 1607/1607/77 2712/2712/122 1608/1608/65
f 2712/2712/122 1610/1610/122 1609/1609/65
f 2712/2712/122 1609/1609/65 1608/1608/65
s 0
f 1609/1609/65 2270/2270/65 1605/1605/65
s 1
f 1609/1609/65 1605/1605/65 1608/1608/65
f 1611/1611/122 2693/2693/276 1534/1534/66
f 1611/1611/122 1534/1534/66 1612/1612/65
f 1534/1534/66 364/364/66 363/363/65
f 1534/1534/66 363/363/65 1612/1612/65
s 0
f 363/363/65 2270/2270/65 1609/1609/65
f 363/363/65 1609/1609/65 1612/1612/65
s 1
f 1615/1615/31 2713/2713/165 2714/2714/39
f 1615/1615/31 2714/2714/39 1616/1616/31
f 2714/2714/39 1618/1618/39 1617/1617/31
f 2714/2714/39 1617/1617/31 1616/1616/31
s 0
f 1617/1617/31 2272/2272/31 1613/1613/31
f 1617/1617/31 1613/1613/31 1616/1616/31
s 1
f 1619/1619/39 2715/2715/211 1720/1720/31
f 1619/1619/39 1720/1720/31 1620/1620/31
s 0
f 1720/1720/31 1622/1622/31 1621/1621/31
f 1720/1720/31 1621/1621/31 1620/1620/31
f 1621/1621/31 2272/2272/31 1617/1617/31
f 1621/1621/31 1617/1617/31 1620/1620/31
s 1
f 1623/1623/31 2292/2292/197 2716/2716/39
f 1623/1623/31 2716/2716/39 1624/1624/31
f 2716/2716/39 368/368/39 367/367/31
f 2716/2716/39 367/367/31 1624/1624/31
s 0
f 367/367/31 2272/2272/31 1621/1621/31
f 367/367/31 1621/1621/31 1624/1624/31
s 1
f 1627/1627/1 2717/2717/241 2718/2718/48
f 1627/1627/1 2718/2718/48 1628/1628/1
f 2718/2718/48 1630/1630/48 1629/1629/1
f 2718/2718/48 1629/1629/1 1628/1628/1
s 0
f 1629/1629/1 2274/2274/1 1625/1625/1
f 1629/1629/1 1625/1625/1 1628/1628/1
s 1
f 1631/1631/48 2719/2719/149 2720/2720/1
f 1631/1631/48 2720/2720/1 1632/1632/1
s 0
f 2720/2720/1 1634/1634/1 1633/1633/1
f 2720/2720/1 1633/1633/1 1632/1632/1
f 1633/1633/1 2274/2274/1 1629/1629/1
f 1633/1633/1 1629/1629/1 1632/1632/1
s 1
f 1635/1635/1 2721/2721/149 2722/2722/48
f 1635/1635/1 2722/2722/48 1636/1636/1
f 2722/2722/48 372/372/48 371/371/1
f 2722/2722/48 371/371/1 1636/1636/1
s 0
f 371/371/1 2274/2274/1 1633/1633/1
f 371/371/1 1633/1633/1 1636/1636/1
s 1
f 1639/1639/31 2723/2723/280 2724/2724/42
f 1639/1639/31 2724/2724/42 1640/1640/31
f 2724/2724/42 1642/1642/42 1641/1641/31
f 2724/2724/42 1641/1641/31 1640/1640/31
s 0
f 1641/1641/31 2276/2276/31 1637/1637/31
f 1641/1641/31 1637/1637/31 1640/1640/31
s 1
f 1643/1643/42 2725/2725/152 2726/2726/31
f 1643/1643/42 2726/2726/31 1644/1644/31
s 0
f 2726/2726/31 1646/1646/31 1645/1645/31
f 2726/2726/31 1645/1645/31 1644/1644/31
f 1645/1645/31 2276/2276/31 1641/1641/31
f 1645/1645/31 1641/1641/31 1644/1644/31
s 1
f 1647/1647/31 2727/2727/152 2728/2728/42
f 1647/1647/31 2728/2728/42 1648/1648/31
f 2728/2728/42 376/376/42 375/375/31
f 2728/2728/42 375/375/31 1648/1648/31
s 0
f 375/375/31 2276/2276/31 1645/1645/31
f 375/375/31 1645/1645/31 1648/1648/31
s 1
f 1651/1651/1 2729/2729/160 2730/2730/49
f 1651/1651/1 2730/2730/49 1652/1652/1
f 2730/2730/49 1654/1654/49 1653/1653/1
f 2730/2730/49 1653/1653/1 1652/1652/1
s 0
f 1653/1653/1 2279/2279/1 1649/1649/1
f 1653/1653/1 1649/1649/1 1652/1652/1
s 1
f 1655/1655/49 2731/2731/281 1710/1710/1
f 1655/1655/49 1710/1710/1 1656/1656/1
s 0
f 1710/1710/1 1658/1658/1 1657/1657/1
f 1710/1710/1 1657/1657/1 1656/1656/1
f 1657/1657/1 2279/2279/1 1653/1653/1
f 1657/1657/1 1653/1653/1 1656/1656/1
s 1
f 1659/1659/1 2290/2290/129 2732/2732/49
f 1659/1659/1 2732/2732/49 1660/1660/1
f 2732/2732/49 380/380/49 379/379/1
f 2732/2732/49 379/379/1 1660/1660/1
s 0
f 379/379/1 2279/2279/1 1657/1657/1
f 379/379/1 1657/1657/1 1660/1660/1
s 1
f 1663/1663/31 2733/2733/194 2734/2734/36
f 1663/1663/31 2734/2734/36 1664/1664/31
f 2734/2734/36 1666/1666/36 1665/1665/31
f 2734/2734/36 1665/1665/31 1664/1664/31
s 0
f 1665/1665/31 2282/2282/31 1661/1661/31
f 1665/1665/31 1661/1661/31 1664/1664/31
s 1
f 1667/1667/36 2735/2735/207 1764/1764/31
f 1667/1667/36 1764/1764/31 1668/1668/31
s 0
f 1764/1764/31 1670/1670/31 1669/1669/31
f 1764/1764/31 1669/1669/31 1668/1668/31
f 1669/1669/31 2282/2282/31 1665/1665/31
f 1669/1669/31 1665/1665/31 1668/1668/31
s 1
f 1671/1671/31 2302/2302/154 2736/2736/36
f 1671/1671/31 2736/2736/36 1672/1672/31
f 2736/2736/36 384/384/36 383/383/31
f 2736/2736/36 383/383/31 1672/1672/31
s 0
f 383/383/31 2282/2282/31 1669/1669/31
f 383/383/31 1669/1669/31 1672/1672/31
s 1
f 1675/1675/1 2737/2737/175 2738/2738/50
f 1675/1675/1 2738/2738/50 1676/1676/1
f 2738/2738/50 1678/1678/50 1677/1677/1
f 2738/2738/50 1677/1677/1 1676/1676/1
s 0
f 1677/1677/1 2284/2284/1 1673/1673/1
f 1677/1677/1 1673/1673/1 1676/1676/1
s 1
f 1679/1679/50 2739/2739/198 2740/2740/1
f 1679/1679/50 2740/2740/1 1680/1680/1
s 0
f 2740/2740/1 1682/1682/1 1681/1681/1
f 2740/2740/1 1681/1681/1 1680/1680/1
f 1681/1681/1 2284/2284/1 1677/1677/1
f 1681/1681/1 1677/1677/1 1680/1680/1
s 1
f 1683/1683/1 2741/2741/198 2742/2742/50
f 1683/1683/1 2742/2742/50 1684/1684/1
f 2742/2742/50 388/388/50 387/387/1
f 2742/2742/50 387/387/1 1684/1684/1
s 0
f 387/387/1 2284/2284/1 1681/1681/1
f 387/387/1 1681/1681/1 1684/1684/1
s 1
f 1687/1687/31 2743/2743/245 2744/2744/47
f 1687/1687/31 2744/2744/47 1688/1688/31
f 2744/2744/47 1690/1690/47 1689/1689/31
f 2744/2744/47 1689/1689/31 1688/1688/31
s 0
f 1689/1689/31 2286/2286/31 1685/1685/31
f 1689/1689/31 1685/1685/31 1688/1688/31
s 1
f 1691/1691/47 2745/2745/156 2746/2746/31
f 1691/1691/47 2746/2746/31 1692/1692/31
s 0
f 2746/2746/31 1694/1694/31 1693/1693/31
f 2746/2746/31 1693/1693/31 1692/1692/31
f 1693/1693/31 2286/2286/31 1689/1689/31
f 1693/1693/31 1689/1689/31 1692/1692/31
s 1
f 1695/1695/31 2747/2747/156 2748/2748/47
f 1695/1695/31 2748/2748/47 1696/1696/31
f 2748/2748/47 392/392/47 391/391/31
f 2748/2748/47 391/391/31 1696/1696/31
s 0
f 391/391/31 2286/2286/31 1693/1693/31
f 391/391/31 1693/1693/31 1696/1696/31
s 1
f 1699/1699/1 2749/2749/196 2750/2750/51
f 1699/1699/1 2750/2750/51 1700/1700/1
f 2750/2750/51 1702/1702/51 1701/1701/1
f 2750/2750/51 1701/1701/1 1700/1700/1
s 0
f 1701/1701/1 2289/2289/1 1697/1697/1
f 1701/1701/1 1697/1697/1 1700/1700/1
s 1
f 1703/1703/51 2751/2751/146 1754/1754/1
f 1703/1703/51 1754/1754/1 1704/1704/1
s 0
f 1754/1754/1 1706/1706/1 1705/1705/1
f 1754/1754/1 1705/1705/1 1704/1704/1
f 1705/1705/1 2289/2289/1 1701/1701/1
f 1705/1705/1 1701/1701/1 1704/1704/1
s 1
f 1707/1707/1 2300/2300/155 2752/2752/51
f 1707/1707/1 2752/2752/51 1708/1708/1
f 2752/2752/51 396/396/51 395/395/1
f 2752/2752/51 395/395/1 1708/1708/1
s 0
f 395/395/1 2289/2289/1 1705/1705/1
f 395/395/1 1705/1705/1 1708/1708/1
s 1
f 1710/1710/1 2731/2731/281 2753/2753/52
f 1710/1710/1 2753/2753/52 1711/1711/1
f 2753/2753/52 1713/1713/52 1712/1712/1
f 2753/2753/52 1712/1712/1 1711/1711/1
s 0
f 1712/1712/1 2291/2291/1 1709/1709/1
f 1712/1712/1 1709/1709/1 1711/1711/1
s 1
f 1714/1714/52 2717/2717/241 1627/1627/1
f 1714/1714/52 1627/1627/1 1715/1715/1
s 0
f 1627/1627/1 1626/1626/1 1716/1716/1
f 1627/1627/1 1716/1716/1 1715/1715/1
f 1716/1716/1 2291/2291/1 1712/1712/1
f 1716/1716/1 1712/1712/1 1715/1715/1
s 1
f 1717/1717/1 2273/2273/193 2754/2754/52
f 1717/1717/1 2754/2754/52 1718/1718/1
f 2754/2754/52 400/400/67 399/399/1
f 2754/2754/52 399/399/1 1718/1718/1
s 0
f 399/399/1 2291/2291/1 1716/1716/1
f 399/399/1 1716/1716/1 1718/1718/1
s 1
f 1720/1720/31 2715/2715/211 2755/2755/55
f 1720/1720/31 2755/2755/55 1721/1721/31
f 2755/2755/55 1723/1723/55 1722/1722/31
f 2755/2755/55 1722/1722/31 1721/1721/31
s 0
f 1722/1722/31 2293/2293/31 1719/1719/31
f 1722/1722/31 1719/1719/31 1721/1721/31
s 1
f 1724/1724/55 2723/2723/280 1639/1639/31
f 1724/1724/55 1639/1639/31 1725/1725/31
s 0
f 1639/1639/31 1638/1638/31 1726/1726/31
f 1639/1639/31 1726/1726/31 1725/1725/31
f 1726/1726/31 2293/2293/31 1722/1722/31
f 1726/1726/31 1722/1722/31 1725/1725/31
s 1
f 1727/1727/31 2275/2275/137 2756/2756/55
f 1727/1727/31 2756/2756/55 1728/1728/31
f 2756/2756/55 404/404/55 403/403/31
f 2756/2756/55 403/403/31 1728/1728/31
s 0
f 403/403/31 2293/2293/31 1726/1726/31
f 403/403/31 1726/1726/31 1728/1728/31
s 1
f 1731/1731/1 2757/2757/198 2758/2758/53
f 1731/1731/1 2758/2758/53 1732/1732/1
f 2758/2758/53 1734/1734/53 1733/1733/1
f 2758/2758/53 1733/1733/1 1732/1732/1
s 0
f 1733/1733/1 2296/2296/1 1729/1729/1
f 1733/1733/1 1729/1729/1 1732/1732/1
s 1
f 1735/1735/53 2759/2759/160 2760/2760/1
f 1735/1735/53 2760/2760/1 1736/1736/1
s 0
f 2760/2760/1 1738/1738/1 1737/1737/1
f 2760/2760/1 1737/1737/1 1736/1736/1
f 1737/1737/1 2296/2296/1 1733/1733/1
f 1737/1737/1 1733/1733/1 1736/1736/1
s 1
f 1739/1739/1 2761/2761/160 2762/2762/53
f 1739/1739/1 2762/2762/53 1740/1740/1
f 2762/2762/53 408/408/53 407/407/1
f 2762/2762/53 407/407/1 1740/1740/1
s 0
f 407/407/1 2296/2296/1 1737/1737/1
f 407/407/1 1737/1737/1 1740/1740/1
s 1
f 1743/1743/31 2763/2763/152 2764/2764/56
f 1743/1743/31 2764/2764/56 1744/1744/31
f 2764/2764/56 1746/1746/56 1745/1745/31
f 2764/2764/56 1745/1745/31 1744/1744/31
s 0
f 1745/1745/31 2299/2299/31 1741/1741/31
f 1745/1745/31 1741/1741/31 1744/1744/31
s 1
f 1747/1747/56 2765/2765/194 2766/2766/31
f 1747/1747/56 2766/2766/31 1748/1748/31
s 0
f 2766/2766/31 1750/1750/31 1749/1749/31
f 2766/2766/31 1749/1749/31 1748/1748/31
f 1749/1749/31 2299/2299/31 1745/1745/31
f 1749/1749/31 1745/1745/31 1748/1748/31
s 1
f 1751/1751/31 2767/2767/194 2768/2768/56
f 1751/1751/31 2768/2768/56 1752/1752/31
f 2768/2768/56 412/412/56 411/411/31
f 2768/2768/56 411/411/31 1752/1752/31
s 0
f 411/411/31 2299/2299/31 1749/1749/31
f 411/411/31 1749/1749/31 1752/1752/31
s 1
f 1754/1754/1 2751/2751/146 2769/2769/2
f 1754/1754/1 2769/2769/2 1755/1755/1
f 2769/2769/2 1757/1757/2 1756/1756/1
f 2769/2769/2 1756/1756/1 1755/1755/1
s 0
f 1756/1756/1 2301/2301/1 1753/1753/1
f 1756/1756/1 1753/1753/1 1755/1755/1
s 1
f 1758/1758/2 2737/2737/175 1675/1675/1
f 1758/1758/2 1675/1675/1 1759/1759/1
s 0
f 1675/1675/1 1674/1674/1 1760/1760/1
f 1675/1675/1 1760/1760/1 1759/1759/1
f 1760/1760/1 2301/2301/1 1756/1756/1
f 1760/1760/1 1756/1756/1 1759/1759/1
s 1
f 1761/1761/1 2283/2283/195 2770/2770/2
f 1761/1761/1 2770/2770/2 1762/1762/1
f 2770/2770/2 416/416/2 415/415/1
f 2770/2770/2 415/415/1 1762/1762/1
s 0
f 415/415/1 2301/2301/1 1760/1760/1
f 415/415/1 1760/1760/1 1762/1762/1
s 1
f 1764/1764/31 2735/2735/207 2771/2771/57
f 1764/1764/31 2771/2771/57 1765/1765/31
f 2771/2771/57 1767/1767/57 1766/1766/31
f 2771/2771/57 1766/1766/31 1765/1765/31
s 0
f 1766/1766/31 2303/2303/31 1763/1763/31
f 1766/1766/31 1763/1763/31 1765/1765/31
s 1
f 1768/1768/57 2743/2743/245 1687/1687/31
f 1768/1768/57 1687/1687/31 1769/1769/31
s 0
f 1687/1687/31 1686/1686/31 1770/1770/31
f 1687/1687/31 1770/1770/31 1769/1769/31
f 1770/1770/31 2303/2303/31 1766/1766/31
f 1770/1770/31 1766/1766/31 1769/1769/31
s 1
f 1771/1771/31 2285/2285/139 2772/2772/57
f 1771/1771/31 2772/2772/57 1772/1772/31
f 2772/2772/57 420/420/57 419/419/31
f 2772/2772/57 419/419/31 1772/1772/31
s 0
f 419/419/31 2303/2303/31 1770/1770/31
f 419/419/31 1770/1770/31 1772/1772/31
s 1
f 1775/1775/1 2773/2773/179 2774/2774/54
f 1775/1775/1 2774/2774/54 1776/1776/1
f 2774/2774/54 1778/1778/54 1777/1777/1
f 2774/2774/54 1777/1777/1 1776/1776/1
s 0
f 1777/1777/1 2306/2306/1 1773/1773/1
f 1777/1777/1 1773/1773/1 1776/1776/1
s 1
f 1779/1779/54 2775/2775/196 2776/2776/1
f 1779/1779/54 2776/2776/1 1780/1780/1
s 0
f 2776/2776/1 1782/1782/1 1781/1781/1
f 2776/2776/1 1781/1781/1 1780/1780/1
f 1781/1781/1 2306/2306/1 1777/1777/1
f 1781/1781/1 1777/1777/1 1780/1780/1
s 1
f 1783/1783/1 2777/2777/196 2778/2778/54
f 1783/1783/1 2778/2778/54 1784/1784/1
f 2778/2778/54 424/424/54 423/423/1
f 2778/2778/54 423/423/1 1784/1784/1
s 0
f 423/423/1 2306/2306/1 1781/1781/1
f 423/423/1 1781/1781/1 1784/1784/1
s 1
f 1787/1787/31 2779/2779/156 2780/2780/58
f 1787/1787/31 2780/2780/58 1788/1788/31
f 2780/2780/58 1790/1790/58 1789/1789/31
f 2780/2780/58 1789/1789/31 1788/1788/31
s 0
f 1789/1789/31 2309/2309/31 1785/1785/31
f 1789/1789/31 1785/1785/31 1788/1788/31
s 1
f 1791/1791/58 2713/2713/165 1615/1615/31
f 1791/1791/58 1615/1615/31 1792/1792/31
s 0
f 1615/1615/31 1614/1614/31 1793/1793/31
f 1615/1615/31 1793/1793/31 1792/1792/31
f 1793/1793/31 2309/2309/31 1789/1789/31
f 1793/1793/31 1789/1789/31 1792/1792/31
s 1
f 1794/1794/31 2271/2271/192 2781/2781/58
f 1794/1794/31 2781/2781/58 1795/1795/31
f 2781/2781/58 428/428/58 427/427/31
f 2781/2781/58 427/427/31 1795/1795/31
s 0
f 427/427/31 2309/2309/31 1793/1793/31
f 427/427/31 1793/1793/31 1795/1795/31
s 1
f 1798/1798/31 2782/2782/154 2783/2783/36
f 1798/1798/31 2783/2783/36 1799/1799/31
f 2783/2783/36 1801/1801/36 1800/1800/31
f 2783/2783/36 1800/1800/31 1799/1799/31
s 0
f 1800/1800/31 2311/2311/31 1796/1796/31
f 1800/1800/31 1796/1796/31 1799/1799/31
s 1
f 1802/1802/36 2784/2784/194 1809/1809/31
f 1802/1802/36 1809/1809/31 1803/1803/31
s 0
f 1809/1809/31 1805/1805/31 1804/1804/31
f 1809/1809/31 1804/1804/31 1803/1803/31
f 1804/1804/31 2311/2311/31 1800/1800/31
f 1804/1804/31 1800/1800/31 1803/1803/31
s 1
f 1806/1806/31 2312/2312/200 2785/2785/68
f 1806/1806/31 2785/2785/68 1807/1807/31
f 2785/2785/68 432/432/68 431/431/31
f 2785/2785/68 431/431/31 1807/1807/31
s 0
f 431/431/31 2311/2311/31 1804/1804/31
f 431/431/31 1804/1804/31 1807/1807/31
s 1
f 1809/1809/31 2784/2784/194 2786/2786/56
f 1809/1809/31 2786/2786/56 1810/1810/31
f 2786/2786/56 1812/1812/56 1811/1811/31
f 2786/2786/56 1811/1811/31 1810/1810/31
s 0
f 1811/1811/31 2313/2313/31 1808/1808/31
f 1811/1811/31 1808/1808/31 1810/1810/31
s 1
f 1813/1813/56 2787/2787/152 2788/2788/31
f 1813/1813/56 2788/2788/31 1814/1814/31
s 0
f 2788/2788/31 1816/1816/31 1815/1815/31
f 2788/2788/31 1815/1815/31 1814/1814/31
f 1815/1815/31 2313/2313/31 1811/1811/31
f 1815/1815/31 1811/1811/31 1814/1814/31
s 1
f 1817/1817/31 2789/2789/201 2790/2790/69
f 1817/1817/31 2790/2790/69 1818/1818/31
f 2790/2790/69 436/436/69 435/435/31
f 2790/2790/69 435/435/31 1818/1818/31
s 0
f 435/435/31 2313/2313/31 1815/1815/31
f 435/435/31 1815/1815/31 1818/1818/31
s 1
f 1821/1821/31 2791/2791/152 2792/2792/42
f 1821/1821/31 2792/2792/42 1822/1822/31
f 2792/2792/42 1824/1824/42 1823/1823/31
f 2792/2792/42 1823/1823/31 1822/1822/31
s 0
f 1823/1823/31 2316/2316/31 1819/1819/31
f 1823/1823/31 1819/1819/31 1822/1822/31
s 1
f 1825/1825/42 2793/2793/242 1832/1832/31
f 1825/1825/42 1832/1832/31 1826/1826/31
s 0
f 1832/1832/31 1828/1828/31 1827/1827/31
f 1832/1832/31 1827/1827/31 1826/1826/31
f 1827/1827/31 2316/2316/31 1823/1823/31
f 1827/1827/31 1823/1823/31 1826/1826/31
s 1
f 1829/1829/31 2317/2317/202 2794/2794/71
f 1829/1829/31 2794/2794/71 1830/1830/31
f 2794/2794/71 440/440/70 439/439/31
f 2794/2794/71 439/439/31 1830/1830/31
s 0
f 439/439/31 2316/2316/31 1827/1827/31
f 439/439/31 1827/1827/31 1830/1830/31
s 1
f 1832/1832/31 2793/2793/242 2795/2795/55
f 1832/1832/31 2795/2795/55 1833/1833/31
f 2795/2795/55 1835/1835/55 1834/1834/31
f 2795/2795/55 1834/1834/31 1833/1833/31
s 0
f 1834/1834/31 2318/2318/31 1831/1831/31
f 1834/1834/31 1831/1831/31 1833/1833/31
s 1
f 1836/1836/55 2796/2796/150 1843/1843/31
f 1836/1836/55 1843/1843/31 1837/1837/31
s 0
f 1843/1843/31 1839/1839/31 1838/1838/31
f 1843/1843/31 1838/1838/31 1837/1837/31
f 1838/1838/31 2318/2318/31 1834/1834/31
f 1838/1838/31 1834/1834/31 1837/1837/31
s 1
f 1840/1840/31 2319/2319/203 2797/2797/72
f 1840/1840/31 2797/2797/72 1841/1841/31
f 2797/2797/72 444/444/72 443/443/31
f 2797/2797/72 443/443/31 1841/1841/31
s 0
f 443/443/31 2318/2318/31 1838/1838/31
f 443/443/31 1838/1838/31 1841/1841/31
s 1
f 1843/1843/31 2796/2796/150 2798/2798/39
f 1843/1843/31 2798/2798/39 1844/1844/31
f 2798/2798/39 1846/1846/39 1845/1845/31
f 2798/2798/39 1845/1845/31 1844/1844/31
s 0
f 1845/1845/31 2320/2320/31 1842/1842/31
f 1845/1845/31 1842/1842/31 1844/1844/31
s 1
f 1847/1847/39 2799/2799/165 2800/2800/31
f 1847/1847/39 2800/2800/31 1848/1848/31
s 0
f 2800/2800/31 1850/1850/31 1849/1849/31
f 2800/2800/31 1849/1849/31 1848/1848/31
f 1849/1849/31 2320/2320/31 1845/1845/31
f 1849/1849/31 1845/1845/31 1848/1848/31
s 1
f 1851/1851/31 2801/2801/272 2802/2802/73
f 1851/1851/31 2802/2802/73 1852/1852/31
f 2802/2802/73 448/448/73 447/447/31
f 2802/2802/73 447/447/31 1852/1852/31
s 0
f 447/447/31 2320/2320/31 1849/1849/31
f 447/447/31 1849/1849/31 1852/1852/31
s 1
f 1855/1855/31 2803/2803/192 2804/2804/58
f 1855/1855/31 2804/2804/58 1856/1856/31
f 2804/2804/58 1858/1858/58 1857/1857/31
f 2804/2804/58 1857/1857/31 1856/1856/31
s 0
f 1857/1857/31 2323/2323/31 1853/1853/31
f 1857/1857/31 1853/1853/31 1856/1856/31
s 1
f 1859/1859/58 2805/2805/156 2806/2806/31
f 1859/1859/58 2806/2806/31 1860/1860/31
s 0
f 2806/2806/31 1862/1862/31 1861/1861/31
f 2806/2806/31 1861/1861/31 1860/1860/31
f 1861/1861/31 2323/2323/31 1857/1857/31
f 1861/1861/31 1857/1857/31 1860/1860/31
s 1
f 1863/1863/31 2807/2807/205 2808/2808/75
f 1863/1863/31 2808/2808/75 1864/1864/31
f 2808/2808/75 452/452/75 451/451/31
f 2808/2808/75 451/451/31 1864/1864/31
s 0
f 451/451/31 2323/2323/31 1861/1861/31
f 451/451/31 1861/1861/31 1864/1864/31
s 1
f 1867/1867/31 2809/2809/156 2810/2810/47
f 1867/1867/31 2810/2810/47 1868/1868/31
f 2810/2810/47 1870/1870/47 1869/1869/31
f 2810/2810/47 1869/1869/31 1868/1868/31
s 0
f 1869/1869/31 2326/2326/31 1865/1865/31
f 1869/1869/31 1865/1865/31 1868/1868/31
s 1
f 1871/1871/47 2811/2811/282 1878/1878/31
f 1871/1871/47 1878/1878/31 1872/1872/31
s 0
f 1878/1878/31 1874/1874/31 1873/1873/31
f 1878/1878/31 1873/1873/31 1872/1872/31
f 1873/1873/31 2326/2326/31 1869/1869/31
f 1873/1873/31 1869/1869/31 1872/1872/31
s 1
f 1875/1875/31 2327/2327/206 2812/2812/76
f 1875/1875/31 2812/2812/76 1876/1876/31
f 2812/2812/76 456/456/76 455/455/31
f 2812/2812/76 455/455/31 1876/1876/31
s 0
f 455/455/31 2326/2326/31 1873/1873/31
f 455/455/31 1873/1873/31 1876/1876/31
s 1
f 1878/1878/31 2811/2811/282 2813/2813/57
f 1878/1878/31 2813/2813/57 1879/1879/31
f 2813/2813/57 1881/1881/57 1880/1880/31
f 2813/2813/57 1880/1880/31 1879/1879/31
s 0
f 1880/1880/31 2328/2328/31 1877/1877/31
f 1880/1880/31 1877/1877/31 1879/1879/31
s 1
f 1882/1882/57 2782/2782/154 1798/1798/31
f 1882/1882/57 1798/1798/31 1883/1883/31
s 0
f 1798/1798/31 1797/1797/31 1884/1884/31
f 1798/1798/31 1884/1884/31 1883/1883/31
f 1884/1884/31 2328/2328/31 1880/1880/31
f 1884/1884/31 1880/1880/31 1883/1883/31
s 1
f 1885/1885/31 2310/2310/199 2814/2814/77
f 1885/1885/31 2814/2814/77 1886/1886/31
f 2814/2814/77 460/460/77 459/459/31
f 2814/2814/77 459/459/31 1886/1886/31
s 0
f 459/459/31 2328/2328/31 1884/1884/31
f 459/459/31 1884/1884/31 1886/1886/31
s 1
f 1889/1889/32 2815/2815/283 2816/2816/36
f 1889/1889/32 2816/2816/36 1890/1890/13
f 2816/2816/36 1892/1892/36 1891/1891/13
f 2816/2816/36 1891/1891/13 1890/1890/13
s 0
f 1891/1891/13 2331/2331/13 1887/1887/13
f 1891/1891/13 1887/1887/13 1890/1890/13
s 1
f 1893/1893/36 2817/2817/284 1900/1900/14
f 1893/1893/36 1900/1900/14 1894/1894/13
f 1900/1900/14 1896/1896/14 1895/1895/13
f 1900/1900/14 1895/1895/13 1894/1894/13
s 0
f 1895/1895/13 2331/2331/13 1891/1891/13
f 1895/1895/13 1891/1891/13 1894/1894/13
s 1
f 1897/1897/14 2332/2332/208 2818/2818/36
f 1897/1897/14 2818/2818/36 1898/1898/13
f 2818/2818/36 464/464/36 463/463/13
f 2818/2818/36 463/463/13 1898/1898/13
s 0
f 463/463/13 2331/2331/13 1895/1895/13
f 463/463/13 1895/1895/13 1898/1898/13
s 1
f 1900/1900/14 2817/2817/284 2819/2819/56
f 1900/1900/14 2819/2819/56 1901/1901/20
f 2819/2819/56 1903/1903/56 1902/1902/20
f 2819/2819/56 1902/1902/20 1901/1901/20
s 0
f 1902/1902/20 2333/2333/20 1899/1899/20
f 1902/1902/20 1899/1899/20 1901/1901/20
s 1
f 1904/1904/56 2820/2820/263 1911/1911/33
f 1904/1904/56 1911/1911/33 1905/1905/20
f 1911/1911/33 1907/1907/33 1906/1906/20
f 1911/1911/33 1906/1906/20 1905/1905/20
s 0
f 1906/1906/20 2333/2333/20 1902/1902/20
f 1906/1906/20 1902/1902/20 1905/1905/20
s 1
f 1908/1908/33 2334/2334/209 2821/2821/56
f 1908/1908/33 2821/2821/56 1909/1909/20
f 2821/2821/56 468/468/56 467/467/20
f 2821/2821/56 467/467/20 1909/1909/20
s 0
f 467/467/20 2333/2333/20 1906/1906/20
f 467/467/20 1906/1906/20 1909/1909/20
s 1
f 1911/1911/33 2820/2820/263 2822/2822/42
f 1911/1911/33 2822/2822/42 1912/1912/9
f 2822/2822/42 1914/1914/42 1913/1913/9
f 2822/2822/42 1913/1913/9 1912/1912/9
s 0
f 1913/1913/9 2335/2335/9 1910/1910/9
f 1913/1913/9 1910/1910/9 1912/1912/9
s 1
f 1915/1915/42 2823/2823/262 2824/2824/10
f 1915/1915/42 2824/2824/10 1916/1916/9
f 2824/2824/10 1918/1918/10 1917/1917/9
f 2824/2824/10 1917/1917/9 1916/1916/9
s 0
f 1917/1917/9 2335/2335/9 1913/1913/9
f 1917/1917/9 1913/1913/9 1916/1916/9
s 1
f 1919/1919/10 2825/2825/242 2826/2826/42
f 1919/1919/10 2826/2826/42 1920/1920/9
f 2826/2826/42 472/472/42 471/471/9
f 2826/2826/42 471/471/9 1920/1920/9
s 0
f 471/471/9 2335/2335/9 1917/1917/9
f 471/471/9 1917/1917/9 1920/1920/9
s 1
f 1923/1923/10 2827/2827/285 2828/2828/55
f 1923/1923/10 2828/2828/55 1924/1924/19
f 2828/2828/55 1926/1926/55 1925/1925/19
f 2828/2828/55 1925/1925/19 1924/1924/19
s 0
f 1925/1925/19 2338/2338/19 1921/1921/19
f 1925/1925/19 1921/1921/19 1924/1924/19
s 1
f 1927/1927/55 2829/2829/261 2830/2830/34
f 1927/1927/55 2830/2830/34 1928/1928/19
f 2830/2830/34 1930/1930/34 1929/1929/19
f 2830/2830/34 1929/1929/19 1928/1928/19
s 0
f 1929/1929/19 2338/2338/19 1925/1925/19
f 1929/1929/19 1925/1925/19 1928/1928/19
s 1
f 1931/1931/34 2831/2831/211 2832/2832/55
f 1931/1931/34 2832/2832/55 1932/1932/19
f 2832/2832/55 476/476/55 475/475/19
f 2832/2832/55 475/475/19 1932/1932/19
s 0
f 475/475/19 2338/2338/19 1929/1929/19
f 475/475/19 1929/1929/19 1932/1932/19
s 1
f 1935/1935/34 2833/2833/286 2834/2834/39
f 1935/1935/34 2834/2834/39 1936/1936/5
f 2834/2834/39 1938/1938/39 1937/1937/5
f 2834/2834/39 1937/1937/5 1936/1936/5
s 0
f 1937/1937/5 2341/2341/5 1933/1933/5
f 1937/1937/5 1933/1933/5 1936/1936/5
s 1
f 1939/1939/39 2835/2835/260 1946/1946/6
f 1939/1939/39 1946/1946/6 1940/1940/5
f 1946/1946/6 1942/1942/6 1941/1941/5
f 1946/1946/6 1941/1941/5 1940/1940/5
s 0
f 1941/1941/5 2341/2341/5 1937/1937/5
f 1941/1941/5 1937/1937/5 1940/1940/5
s 1
f 1943/1943/6 2342/2342/212 2836/2836/39
f 1943/1943/6 2836/2836/39 1944/1944/5
f 2836/2836/39 480/480/39 479/479/5
f 2836/2836/39 479/479/5 1944/1944/5
s 0
f 479/479/5 2341/2341/5 1941/1941/5
f 479/479/5 1941/1941/5 1944/1944/5
s 1
f 1946/1946/6 2835/2835/260 2837/2837/58
f 1946/1946/6 2837/2837/58 1947/1947/22
f 2837/2837/58 1949/1949/58 1948/1948/22
f 2837/2837/58 1948/1948/22 1947/1947/22
s 0
f 1948/1948/22 2343/2343/22 1945/1945/22
f 1948/1948/22 1945/1945/22 1947/1947/22
s 1
f 1950/1950/58 2838/2838/287 1957/1957/35
f 1950/1950/58 1957/1957/35 1951/1951/22
f 1957/1957/35 1953/1953/35 1952/1952/22
f 1957/1957/35 1952/1952/22 1951/1951/22
s 0
f 1952/1952/22 2343/2343/22 1948/1948/22
f 1952/1952/22 1948/1948/22 1951/1951/22
s 1
f 1954/1954/35 2344/2344/213 2839/2839/58
f 1954/1954/35 2839/2839/58 1955/1955/22
f 2839/2839/58 484/484/58 483/483/22
f 2839/2839/58 483/483/22 1955/1955/22
s 0
f 483/483/22 2343/2343/22 1952/1952/22
f 483/483/22 1952/1952/22 1955/1955/22
s 1
f 1957/1957/35 2838/2838/287 2840/2840/47
f 1957/1957/35 2840/2840/47 1958/1958/17
f 2840/2840/47 1960/1960/47 1959/1959/17
f 2840/2840/47 1959/1959/17 1958/1958/17
s 0
f 1959/1959/17 2345/2345/17 1956/1956/17
f 1959/1959/17 1956/1956/17 1958/1958/17
s 1
f 1961/1961/47 2841/2841/258 2842/2842/18
f 1961/1961/47 2842/2842/18 1962/1962/17
f 2842/2842/18 1964/1964/18 1963/1963/17
f 2842/2842/18 1963/1963/17 1962/1962/17
s 0
f 1963/1963/17 2345/2345/17 1959/1959/17
f 1963/1963/17 1959/1959/17 1962/1962/17
s 1
f 1965/1965/18 2843/2843/282 2844/2844/47
f 1965/1965/18 2844/2844/47 1966/1966/17
f 2844/2844/47 488/488/47 487/487/17
f 2844/2844/47 487/487/17 1966/1966/17
s 0
f 487/487/17 2345/2345/17 1963/1963/17
f 487/487/17 1963/1963/17 1966/1966/17
s 1
f 1969/1969/18 2845/2845/288 2846/2846/57
f 1969/1969/18 2846/2846/57 1970/1970/21
f 2846/2846/57 1972/1972/57 1971/1971/21
f 2846/2846/57 1971/1971/21 1970/1970/21
s 0
f 1971/1971/21 2348/2348/21 1967/1967/21
f 1971/1971/21 1967/1967/21 1970/1970/21
s 1
f 1973/1973/57 2847/2847/180 2848/2848/32
f 1973/1973/57 2848/2848/32 1974/1974/21
f 2848/2848/32 1976/1976/32 1975/1975/21
f 2848/2848/32 1975/1975/21 1974/1974/21
s 0
f 1975/1975/21 2348/2348/21 1971/1971/21
f 1975/1975/21 1971/1971/21 1974/1974/21
s 1
f 1977/1977/32 2849/2849/207 2850/2850/57
f 1977/1977/32 2850/2850/57 1978/1978/21
f 2850/2850/57 492/492/57 491/491/21
f 2850/2850/57 491/491/21 1978/1978/21
s 0
f 491/491/21 2348/2348/21 1975/1975/21
f 491/491/21 1975/1975/21 1978/1978/21
s 1
f 1980/1980/6 2233/2233/189 2851/2851/54
f 1980/1980/6 2851/2851/54 1981/1981/22
f 2851/2851/54 1983/1983/54 1982/1982/22
f 2851/2851/54 1982/1982/22 1981/1981/22
s 0
f 1982/1982/22 2349/2349/22 1979/1979/22
f 1982/1982/22 1979/1979/22 1981/1981/22
s 1
f 1984/1984/54 2675/2675/232 1483/1483/35
f 1984/1984/54 1483/1483/35 1985/1985/22
f 1483/1483/35 1482/1482/35 1986/1986/22
f 1483/1483/35 1986/1986/22 1985/1985/22
s 0
f 1986/1986/22 2349/2349/22 1982/1982/22
f 1986/1986/22 1982/1982/22 1985/1985/22
s 1
f 1987/1987/35 2428/2428/35 1228/1228/22
f 1987/1987/35 1228/1228/22 1988/1988/22
s 0
f 1228/1228/22 496/496/22 495/495/22
f 1228/1228/22 495/495/22 1988/1988/22
f 495/495/22 2349/2349/22 1986/1986/22
f 495/495/22 1986/1986/22 1988/1988/22
s 1
f 1991/1991/18 2852/2852/146 2853/2853/2
f 1991/1991/18 2853/2853/2 1992/1992/21
f 2853/2853/2 1994/1994/2 1993/1993/21
f 2853/2853/2 1993/1993/21 1992/1992/21
s 0
f 1993/1993/21 2351/2351/21 1989/1989/21
f 1993/1993/21 1989/1989/21 1992/1992/21
s 1
f 1995/1995/2 2854/2854/163 2855/2855/32
f 1995/1995/2 2855/2855/32 1996/1996/21
f 2855/2855/32 1998/1998/32 1997/1997/21
f 2855/2855/32 1997/1997/21 1996/1996/21
s 0
f 1997/1997/21 2351/2351/21 1993/1993/21
f 1997/1997/21 1993/1993/21 1996/1996/21
s 1
f 1999/1999/32 2594/2594/32 1238/1238/21
f 1999/1999/32 1238/1238/21 2000/2000/21
s 0
f 1238/1238/21 500/500/21 499/499/21
f 1238/1238/21 499/499/21 2000/2000/21
f 499/499/21 2351/2351/21 1997/1997/21
f 499/499/21 1997/1997/21 2000/2000/21
s 1
f 2002/2002/14 2238/2238/145 2856/2856/53
f 2002/2002/14 2856/2856/53 2003/2003/20
f 2856/2856/53 2005/2005/53 2004/2004/20
f 2856/2856/53 2004/2004/20 2003/2003/20
s 0
f 2004/2004/20 2352/2352/20 2001/2001/20
f 2004/2004/20 2001/2001/20 2003/2003/20
s 1
f 2006/2006/53 2670/2670/225 1461/1461/33
f 2006/2006/53 1461/1461/33 2007/2007/20
f 1461/1461/33 1460/1460/33 2008/2008/20
f 1461/1461/33 2008/2008/20 2007/2007/20
s 0
f 2008/2008/20 2352/2352/20 2004/2004/20
f 2008/2008/20 2004/2004/20 2007/2007/20
s 1
f 2009/2009/33 2421/2421/33 1249/1249/20
f 2009/2009/33 1249/1249/20 2010/2010/20
s 0
f 1249/1249/20 504/504/20 503/503/20
f 1249/1249/20 503/503/20 2010/2010/20
f 503/503/20 2352/2352/20 2008/2008/20
f 503/503/20 2008/2008/20 2010/2010/20
s 1
f 2013/2013/10 2857/2857/144 2858/2858/52
f 2013/2013/10 2858/2858/52 2014/2014/19
f 2858/2858/52 2016/2016/52 2015/2015/19
f 2858/2858/52 2015/2015/19 2014/2014/19
s 0
f 2015/2015/19 2354/2354/19 2011/2011/19
f 2015/2015/19 2011/2011/19 2014/2014/19
s 1
f 2017/2017/52 2859/2859/158 2860/2860/34
f 2017/2017/52 2860/2860/34 2018/2018/19
f 2860/2860/34 2020/2020/34 2019/2019/19
f 2860/2860/34 2019/2019/19 2018/2018/19
s 0
f 2019/2019/19 2354/2354/19 2015/2015/19
f 2019/2019/19 2015/2015/19 2018/2018/19
s 1
f 2021/2021/34 2601/2601/34 1259/1259/19
f 2021/2021/34 1259/1259/19 2022/2022/19
s 0
f 1259/1259/19 508/508/19 507/507/19
f 1259/1259/19 507/507/19 2022/2022/19
f 507/507/19 2354/2354/19 2019/2019/19
f 507/507/19 2019/2019/19 2022/2022/19
