# Blender 5.1.1
# www.blender.org
mtllib Untitled.mtl
o Cube
v 1.000000 1.000000 -1.000000
v 1.000000 -1.000000 -1.000000
v 1.000000 1.000000 1.000000
v 1.000000 -1.000000 1.000000
v -1.000000 1.000000 -1.000000
v -1.000000 -1.000000 -1.000000
v -1.000000 1.000000 1.000000
v -1.000000 -1.000000 1.000000
vn -0.0000 1.0000 -0.0000
vn -0.0000 -0.0000 1.0000
vn -1.0000 -0.0000 -0.0000
vn -0.0000 -1.0000 -0.0000
vn 1.0000 -0.0000 -0.0000
vn -0.0000 -0.0000 -1.0000
vt 0.625000 0.500000
vt 0.875000 0.500000
vt 0.875000 0.750000
vt 0.625000 0.750000
vt 0.375000 0.750000
vt 0.625000 1.000000
vt 0.375000 1.000000
vt 0.375000 0.000000
vt 0.625000 0.000000
vt 0.625000 0.250000
vt 0.375000 0.250000
vt 0.125000 0.500000
vt 0.375000 0.500000
vt 0.125000 0.750000
s 0
usemtl Material
f 1/1/1 5/2/1 7/3/1 3/4/1
f 4/5/2 3/4/2 7/6/2 8/7/2
f 8/8/3 7/9/3 5/10/3 6/11/3
f 6/12/4 2/13/4 4/5/4 8/14/4
f 2/13/5 1/1/5 3/4/5 4/5/5
f 6/11/6 5/10/6 1/1/6 2/13/6
o Object008_LOCK1_0
v 39.967758 110.646698 -7.230476
v 61.571701 111.379242 -7.230476
v 38.574245 120.866096 -7.230477
v 39.967758 110.646698 -7.230476
v 58.222172 99.856293 -7.230474
v 61.571701 111.379242 -7.230476
v 55.154312 31.459812 -7.230465
v 54.641273 18.010822 -7.230464
v 65.854507 27.665352 -7.230465
v 55.154312 31.459812 -7.230465
v 36.114506 21.491344 -7.230464
v 54.641273 18.010822 -7.230464
v 36.114506 21.491344 -7.230464
v 34.896374 14.191608 -7.230464
v 54.641273 18.010822 -7.230464
v -4.527721 70.768608 -7.309142
v -11.992576 78.935402 -7.309144
v -24.420368 70.768600 -7.309140
v -11.992576 78.935402 -7.309144
v -4.527721 70.768608 -7.309142
v -0.016190 78.935402 -7.230474
v -24.420368 49.198547 -7.309139
v -11.992576 44.928116 -7.309140
v -4.527721 49.198547 -7.309139
v -4.527721 49.198547 -7.309139
v -11.992576 44.928116 -7.309140
v -0.016190 44.928116 -7.230469
v -66.741402 66.133827 -7.557249
v -70.934074 68.036316 -7.658091
v -70.934074 68.036308 -6.189729
v -66.741402 54.178562 -7.557249
v -70.934074 52.276085 -6.189728
v -70.934074 52.276085 -7.658090
v 39.967758 110.646698 -33.396828
v 38.574245 120.866089 -33.396832
v 61.571701 111.379234 -33.396828
v 58.222172 99.856293 -33.396828
v 55.154312 31.459808 -33.396816
v 65.854507 27.665348 -33.396812
v 54.641273 18.010818 -33.396816
v 55.154312 31.459808 -33.396816
v 54.641273 18.010818 -33.396816
v 36.114506 21.491341 -33.396816
v 36.114506 21.491341 -33.396816
v 54.641273 18.010818 -33.396816
v 34.896374 14.191605 -33.396812
v -4.527721 70.768608 -33.318153
v -24.420368 70.768600 -33.318153
v -11.992576 78.935402 -33.318153
v -11.992576 78.935402 -33.318153
v -0.016190 78.935402 -33.396820
v -4.527721 70.768608 -33.318153
v -24.420368 49.198544 -33.318150
v -4.527721 49.198544 -33.318150
v -11.992576 44.928116 -33.318146
v -4.527721 49.198544 -33.318150
v -0.016190 44.928116 -33.396816
v -11.992576 44.928116 -33.318146
v -66.741402 66.133820 -33.070045
v -70.934074 68.036301 -34.437565
v -70.934074 68.036308 -32.969200
v -66.741402 54.178558 -33.070042
v -70.934074 52.276081 -32.969196
v -70.934074 52.276081 -34.437557
v 46.386089 148.963409 13.020434
v 44.178524 147.697540 13.005180
v 78.937386 132.478760 12.988985
v 78.538536 134.809311 13.011857
v 66.266228 120.589203 12.807845
v 66.267006 120.589203 8.619823
v 77.100044 130.732132 8.766297
v 78.937386 132.478760 12.988985
v 44.178524 147.697540 13.005180
v 43.888592 145.323837 8.767664
v 42.155628 130.146057 8.664602
v 42.155224 130.146057 12.875157
v 42.155224 130.146057 12.875157
v 42.305565 127.005058 11.856597
v 63.712673 118.422882 11.814434
v 66.266228 120.589203 12.807845
v 66.266228 120.589203 12.807845
v 63.712673 118.422882 11.814434
v 63.713112 118.422882 7.958915
v 66.267006 120.589203 8.619823
v 42.155628 130.146057 8.664602
v 42.305798 127.005058 7.986965
v 42.305565 127.005058 11.856597
v 42.155224 130.146057 12.875157
v 63.713112 118.422882 7.958915
v 63.712673 118.422882 11.814434
v 42.305565 127.005058 11.856597
v 42.305798 127.005058 7.986965
v 46.386089 148.963379 -20.313656
v 44.178524 147.697510 -20.313656
v 44.178524 147.697540 13.005180
v 46.386089 148.963409 13.020434
v 44.178524 147.697540 13.005180
v 42.155224 130.146057 12.875157
v 66.266228 120.589203 12.807845
v 78.937386 132.478760 12.988985
v -46.386066 148.963409 13.020434
v -78.538513 134.809311 13.011857
v -78.937355 132.478760 12.988985
v -44.178501 147.697540 13.005183
v -66.266205 120.589203 12.807848
v -78.937355 132.478760 12.988985
v -77.100021 130.732132 8.766297
v -66.266983 120.589203 8.619823
v -44.178501 147.697540 13.005183
v -42.155209 130.146057 12.875157
v -42.155609 130.146057 8.664602
v -43.888569 145.323837 8.767664
v -42.155209 130.146057 12.875157
v -66.266205 120.589203 12.807848
v -63.712658 118.422882 11.814434
v -42.305542 127.005058 11.856597
v -66.266205 120.589203 12.807848
v -66.266983 120.589203 8.619823
v -63.713089 118.422882 7.958915
v -63.712658 118.422882 11.814434
v -42.155609 130.146057 8.664602
v -42.155209 130.146057 12.875157
v -42.305542 127.005058 11.856597
v -42.305775 127.005058 7.986965
v -63.713089 118.422882 7.958915
v -42.305775 127.005058 7.986965
v -42.305542 127.005058 11.856597
v -63.712658 118.422882 11.814434
v -44.178501 147.697540 13.005183
v -44.178501 147.697510 -20.313656
v -46.386066 148.963379 -20.313656
v -46.386066 148.963409 13.020434
v -44.178501 147.697540 13.005183
v -78.937355 132.478760 12.988985
v -66.266205 120.589203 12.807848
v -42.155209 130.146057 12.875157
v -0.016197 44.928116 -7.230468
v 15.866762 44.781731 -7.230466
v 15.224943 78.946877 -7.230473
v -0.016197 78.923943 -7.230473
v -0.016197 41.552925 -11.371268
v 15.866762 41.406536 -11.371269
v 15.866762 44.781731 -7.230466
v -0.016197 44.928116 -7.230468
v 25.644888 55.235954 -11.371271
v 25.644888 67.041496 -11.371273
v 22.926168 68.788925 -7.230471
v 22.926168 54.766869 -7.230468
v 14.496363 82.322075 -11.371275
v -0.016197 82.299149 -11.371275
v -0.016197 78.923943 -7.230473
v 15.224943 78.946877 -7.230473
v -0.016197 82.299149 -11.371275
v -0.016197 41.552925 -11.371268
v -0.016197 44.928116 -7.230468
v -0.016197 78.923943 -7.230473
v 22.926168 68.788925 -7.230471
v 25.644888 67.041496 -11.371273
v 48.291405 88.285156 -11.371277
v 45.946407 90.670059 -7.230474
v 15.224943 78.946877 -7.230473
v 22.926168 68.788925 -7.230471
v 45.946407 90.670059 -7.230474
v 37.789536 98.826927 -7.230475
v 14.496363 82.322075 -11.371275
v 15.224943 78.946877 -7.230473
v 37.789536 98.826927 -7.230475
v 35.033672 100.056290 -11.371277
v 15.866762 44.781731 -7.230466
v 15.866762 41.406536 -11.371269
v 30.546383 27.640476 -11.371267
v 32.434349 30.166306 -7.230467
v 22.926168 54.766869 -7.230468
v 15.866762 44.781731 -7.230466
v 32.434349 30.166306 -7.230467
v 41.946465 38.773422 -7.230466
v 25.644888 55.235954 -11.371271
v 22.926168 54.766869 -7.230468
v 41.946465 38.773422 -7.230466
v 43.134800 40.785000 -11.371269
v 48.291405 88.285156 -11.371277
v 56.675968 94.921829 -11.371277
v 53.493023 97.161980 -7.230474
v 45.946407 90.670059 -7.230474
v 45.946407 90.670059 -7.230474
v 53.493023 97.161980 -7.230474
v 39.788429 105.736916 -7.230477
v 37.789536 98.826927 -7.230475
v 35.033672 100.056290 -11.371277
v 37.789536 98.826927 -7.230475
v 39.788429 105.736916 -7.230477
v 36.409817 105.330620 -11.371278
v 59.737209 96.907852 -11.371277
v 64.315994 97.064865 -11.371277
v 62.665688 100.083740 -7.230475
v 58.222172 99.856293 -7.230474
v 36.501797 110.608231 -11.371279
v 39.967758 110.646698 -7.230476
v 38.574245 120.866096 -7.230477
v 34.854259 121.011726 -11.371280
v 64.315994 97.064865 -11.371277
v 67.377594 96.013260 -11.371277
v 67.164696 98.994263 -7.230474
v 62.665688 100.083740 -7.230475
v 59.737209 96.907852 -11.371277
v 58.222172 99.856293 -7.230474
v 53.493023 97.161980 -7.230474
v 56.675968 94.921829 -11.371277
v 67.377594 96.013260 -11.371277
v 71.456223 92.952202 -11.371276
v 70.339127 95.815842 -7.230474
v 67.164696 98.994263 -7.230474
v 53.493023 97.161980 -7.230474
v 58.222172 99.856293 -7.230474
v 39.967758 110.646698 -7.230476
v 39.788429 105.736916 -7.230477
v 39.788429 105.736916 -7.230477
v 39.967758 110.646698 -7.230476
v 36.501797 110.608231 -11.371279
v 36.409817 105.330620 -11.371278
v 32.434349 30.166306 -7.230467
v 30.546383 27.640476 -11.371267
v 33.280773 20.269436 -11.371266
v 36.114506 21.491344 -7.230464
v 41.946465 38.773422 -7.230466
v 32.434349 30.166306 -7.230467
v 36.114506 21.491344 -7.230464
v 55.154312 31.459812 -7.230465
v 43.134800 40.785000 -11.371269
v 41.946465 38.773422 -7.230466
v 55.154312 31.459812 -7.230465
v 56.084164 33.430546 -11.371268
v 36.114506 21.491344 -7.230464
v 33.280773 20.269436 -11.371266
v 32.054001 14.587147 -11.371265
v 34.896374 14.191608 -7.230464
v 56.084164 33.430546 -11.371268
v 55.154312 31.459812 -7.230465
v 65.854507 27.665352 -7.230465
v 65.815292 30.312191 -11.371267
v 34.896374 14.191608 -7.230464
v 32.054001 14.587147 -11.371265
v 27.616488 6.433739 -11.373206
v 31.664454 6.454666 -7.213658
v 65.854507 27.665352 -7.230465
v 54.641273 18.010822 -7.230464
v 70.509850 6.454666 -7.213658
v 70.509850 29.759907 -7.213662
v 65.815292 30.312191 -11.371267
v 65.854507 27.665352 -7.230465
v 70.509850 29.759907 -7.213662
v 70.938202 32.526173 -11.376034
v 34.896374 14.191608 -7.230464
v 31.664454 6.454666 -7.213658
v 70.509850 6.454666 -7.213658
v 54.641273 18.010822 -7.230464
v 22.926168 54.766869 -7.230468
v 22.926168 68.788925 -7.230471
v 15.224943 78.946877 -7.230473
v 15.866762 44.781731 -7.230466
v -24.420368 49.198547 -7.309139
v -24.414387 45.835602 -11.371273
v -11.439433 41.552910 -11.371270
v -11.992576 44.928116 -7.309140
v -11.992576 78.935402 -7.309144
v -11.574775 82.310608 -11.371276
v -24.420368 74.211067 -11.371273
v -24.420368 70.768600 -7.309140
v -24.420368 70.768600 -7.309140
v -24.420368 74.211067 -11.371273
v -24.414387 45.835602 -11.371273
v -24.420368 49.198547 -7.309139
v -11.992576 44.928116 -7.309140
v -11.439433 41.552910 -11.371270
v -0.016190 41.552910 -11.371270
v -0.016190 44.928116 -7.230469
v -11.574775 82.310608 -11.371276
v -11.992576 78.935402 -7.309144
v -0.016190 78.935402 -7.230474
v -0.016190 82.310608 -11.371275
v -24.420374 53.065811 -2.502522
v -7.433091 53.065823 -2.502522
v -7.433091 66.901360 -2.502522
v -24.420368 66.901352 -2.502522
v -4.527721 70.768608 -7.309142
v -4.527721 49.198547 -7.309139
v -0.016190 44.928116 -7.230469
v -0.016190 78.935402 -7.230474
v -24.420368 70.768600 -7.309140
v -24.420368 49.198547 -7.309139
v -24.420374 53.065811 -2.502522
v -24.420368 66.901352 -2.502522
v -24.420368 49.198547 -7.309139
v -4.527721 49.198547 -7.309139
v -7.433091 53.065823 -2.502522
v -24.420374 53.065811 -2.502522
v -4.527721 49.198547 -7.309139
v -4.527721 70.768608 -7.309142
v -7.433091 66.901360 -2.502522
v -7.433091 53.065823 -2.502522
v -4.527721 70.768608 -7.309142
v -24.420368 70.768600 -7.309140
v -24.420368 66.901352 -2.502522
v -7.433091 66.901360 -2.502522
v -59.676647 56.891159 -3.992854
v -59.676647 56.891159 -6.460362
v -24.519402 56.891159 -6.607226
v -24.519402 56.891159 -3.992854
v -59.676647 63.248375 -3.992855
v -24.519402 63.248375 -3.992852
v -24.519402 63.248375 -6.607227
v -59.676647 63.248375 -6.460363
v -59.676647 56.891159 -3.992854
v -24.519402 56.891159 -3.992854
v -24.519402 63.248375 -3.992852
v -59.676647 63.248375 -3.992855
v -59.676647 56.891159 -6.460362
v -59.676647 56.891159 -3.992854
v -59.676647 57.317253 -4.103109
v -59.676647 57.317253 -6.239851
v -59.676647 63.248375 -3.992855
v -59.676647 63.248375 -6.460363
v -59.676647 62.822281 -6.239851
v -59.676647 62.822281 -4.103110
v -59.676647 57.317253 -6.239851
v -59.676647 57.317253 -4.103109
v -61.344456 57.317253 -4.103109
v -61.344456 57.317253 -6.239851
v -59.676647 62.822281 -4.103110
v -59.676647 62.822281 -6.239851
v -61.344456 62.822281 -6.239851
v -61.344456 62.822281 -4.103110
v -59.676647 57.317253 -4.103109
v -59.676647 62.822281 -4.103110
v -61.344456 62.822281 -4.103110
v -61.344456 57.317253 -4.103109
v -61.344456 57.317253 -6.239851
v -61.344456 57.317253 -4.103109
v -61.344456 56.758011 -3.958398
v -61.344456 56.758011 -6.529272
v -61.344456 62.822281 -4.103110
v -61.344456 62.822281 -6.239851
v -61.344456 63.381523 -6.529273
v -61.344456 63.381523 -3.958399
v -61.344456 56.758011 -6.529272
v -61.344456 56.758011 -3.958398
v -70.950226 56.758011 -3.958398
v -70.950226 56.758011 -6.529272
v -61.344456 63.381523 -3.958399
v -61.344456 63.381523 -6.529273
v -70.950226 63.381523 -6.529273
v -70.950226 63.381523 -3.958399
v -61.344456 56.758011 -3.958398
v -61.344456 63.381523 -3.958399
v -70.950226 63.381523 -3.958399
v -70.950226 56.758011 -3.958398
v -24.668547 64.393768 -6.607229
v -24.668547 64.393768 -8.000250
v -62.641117 64.393768 -7.853386
v -62.641117 64.393768 -6.460365
v -62.641117 64.393768 -6.460365
v -62.641117 64.393768 -7.853386
v -66.741402 66.133827 -7.557249
v -70.934074 68.036308 -6.189729
v -62.641117 64.393768 -7.853386
v -24.668547 64.393768 -8.000250
v -24.668547 66.120804 -7.704113
v -66.741402 66.133827 -7.557249
v -66.741402 66.133827 -7.557249
v -24.668547 66.120804 -7.704113
v -24.668543 66.120804 -10.677116
v -66.724998 66.120804 -10.677116
v -70.934074 68.036316 -7.658091
v -66.741402 66.133827 -7.557249
v -66.724998 66.120804 -10.677116
v -70.934074 68.036316 -10.677212
v -24.668547 55.918621 -6.607230
v -62.641117 55.918621 -6.460365
v -62.641117 55.918617 -7.853386
v -24.668547 55.918617 -8.000251
v -62.641117 55.918621 -6.460365
v -70.934074 52.276085 -6.189728
v -66.741402 54.178562 -7.557249
v -62.641117 55.918617 -7.853386
v -62.641117 55.918617 -7.853386
v -66.741402 54.178562 -7.557249
v -24.668547 54.191589 -7.704113
v -24.668547 55.918617 -8.000251
v -66.741402 54.178562 -7.557249
v -66.724998 54.191589 -10.677115
v -24.668543 54.191589 -10.677115
v -24.668547 54.191589 -7.704113
v -70.934074 52.276085 -7.658090
v -70.934074 52.276085 -10.677210
v -66.724998 54.191589 -10.677115
v -66.741402 54.178562 -7.557249
v -62.641117 64.393768 -6.460365
v -62.641117 55.918621 -6.460365
v -24.668547 55.918621 -6.607230
v -24.668547 64.393768 -6.607229
v -62.641117 64.393768 -6.460365
v -70.934074 68.036308 -6.189729
v -70.934074 52.276085 -6.189728
v -62.641117 55.918621 -6.460365
v -0.016190 78.935402 -7.230474
v -0.016190 44.928116 -7.230469
v -0.016190 41.552910 -11.371270
v -0.016190 82.310608 -11.371275
v 46.386089 148.963409 13.020434
v 78.538536 134.809311 13.011857
v 78.538536 134.809296 -20.313654
v 46.386089 148.963379 -20.313656
v 78.538536 134.809311 13.011857
v 78.937386 132.478760 12.988985
v 78.937386 132.478760 -20.313654
v 78.538536 134.809296 -20.313654
v -78.538513 134.809311 13.011857
v -46.386066 148.963409 13.020434
v -46.386066 148.963379 -20.313656
v -78.538521 134.809296 -20.313654
v -78.937355 132.478760 12.988985
v -78.538513 134.809311 13.011857
v -78.538521 134.809296 -20.313654
v -78.937363 132.478760 -20.313654
v 46.386089 148.963379 -53.647751
v 78.538536 134.809296 -53.639168
v 78.937386 132.478760 -53.616299
v 44.178524 147.697525 -53.632496
v 66.266228 120.589188 -53.435154
v 78.937386 132.478760 -53.616299
v 77.100044 130.732132 -49.393608
v 66.267006 120.589188 -49.247131
v 44.178524 147.697525 -53.632496
v 42.155224 130.146042 -53.502472
v 42.155628 130.146042 -49.291912
v 43.888592 145.323822 -49.394974
v 42.155224 130.146042 -53.502472
v 66.266228 120.589188 -53.435154
v 63.712673 118.422874 -52.441738
v 42.305565 127.005051 -52.483902
v 66.266228 120.589188 -53.435154
v 66.267006 120.589188 -49.247131
v 63.713112 118.422874 -48.586220
v 63.712673 118.422874 -52.441738
v 42.155628 130.146042 -49.291912
v 42.155224 130.146042 -53.502472
v 42.305565 127.005051 -52.483902
v 42.305798 127.005051 -48.614277
v 63.713112 118.422874 -48.586220
v 42.305798 127.005051 -48.614277
v 42.305565 127.005051 -52.483902
v 63.712673 118.422874 -52.441738
v 46.386089 148.963379 -20.313656
v 46.386089 148.963379 -53.647751
v 44.178524 147.697525 -53.632496
v 44.178524 147.697510 -20.313656
v 44.178524 147.697525 -53.632496
v 78.937386 132.478760 -53.616299
v 66.266228 120.589188 -53.435154
v 42.155224 130.146042 -53.502472
v -46.386066 148.963379 -53.647751
v -44.178501 147.697525 -53.632496
v -78.937355 132.478760 -53.616299
v -78.538513 134.809296 -53.639168
v -66.266205 120.589188 -53.435154
v -66.266983 120.589188 -49.247131
v -77.100021 130.732132 -49.393608
v -78.937355 132.478760 -53.616299
v -44.178501 147.697525 -53.632496
v -43.888569 145.323822 -49.394974
v -42.155609 130.146042 -49.291912
v -42.155209 130.146042 -53.502472
v -42.155209 130.146042 -53.502472
v -42.305542 127.005051 -52.483902
v -63.712658 118.422874 -52.441738
v -66.266205 120.589188 -53.435154
v -66.266205 120.589188 -53.435154
v -63.712658 118.422874 -52.441738
v -63.713089 118.422874 -48.586220
v -66.266983 120.589188 -49.247131
v -42.155609 130.146042 -49.291912
v -42.305775 127.005051 -48.614277
v -42.305542 127.005051 -52.483902
v -42.155209 130.146042 -53.502472
v -63.713089 118.422874 -48.586220
v -63.712658 118.422874 -52.441738
v -42.305542 127.005051 -52.483902
v -42.305775 127.005051 -48.614277
v -44.178501 147.697525 -53.632496
v -46.386066 148.963379 -53.647751
v -46.386066 148.963379 -20.313656
v -44.178501 147.697510 -20.313656
v -44.178501 147.697525 -53.632496
v -42.155209 130.146042 -53.502472
v -66.266205 120.589188 -53.435154
v -78.937355 132.478760 -53.616299
v -0.016197 44.928116 -33.396816
v -0.016197 78.923935 -33.396820
v 15.224943 78.946877 -33.396820
v 15.866762 44.781727 -33.396820
v -0.016197 41.552921 -29.256018
v -0.016197 44.928116 -33.396816
v 15.866762 44.781727 -33.396820
v 15.866762 41.406532 -29.256014
v 25.644888 55.235950 -29.256014
v 22.926168 54.766869 -33.396820
v 22.926168 68.788925 -33.396824
v 25.644888 67.041489 -29.256016
v 14.496363 82.322075 -29.256018
v 15.224943 78.946877 -33.396820
v -0.016197 78.923935 -33.396820
v -0.016197 82.299149 -29.256018
v -0.016197 82.299149 -29.256018
v -0.016197 78.923935 -33.396820
v -0.016197 44.928116 -33.396816
v -0.016197 41.552921 -29.256018
v 22.926168 68.788925 -33.396824
v 45.946407 90.670059 -33.396820
v 48.291405 88.285156 -29.256020
v 25.644888 67.041489 -29.256016
v 15.224943 78.946877 -33.396820
v 37.789536 98.826927 -33.396824
v 45.946407 90.670059 -33.396820
v 22.926168 68.788925 -33.396824
v 14.496363 82.322075 -29.256018
v 35.033672 100.056290 -29.256021
v 37.789536 98.826927 -33.396824
v 15.224943 78.946877 -33.396820
v 15.866762 44.781727 -33.396820
v 32.434349 30.166302 -33.396812
v 30.546383 27.640472 -29.256012
v 15.866762 41.406532 -29.256014
v 22.926168 54.766869 -33.396820
v 41.946465 38.773418 -33.396820
v 32.434349 30.166302 -33.396812
v 15.866762 44.781727 -33.396820
v 25.644888 55.235950 -29.256014
v 43.134800 40.784996 -29.256012
v 41.946465 38.773418 -33.396820
v 22.926168 54.766869 -33.396820
v 48.291405 88.285156 -29.256020
v 45.946407 90.670059 -33.396820
v 53.493023 97.161972 -33.396828
v 56.675968 94.921829 -29.256020
v 45.946407 90.670059 -33.396820
v 37.789536 98.826927 -33.396824
v 39.788429 105.736908 -33.396824
v 53.493023 97.161972 -33.396828
v 35.033672 100.056290 -29.256021
v 36.409817 105.330620 -29.256021
v 39.788429 105.736908 -33.396824
v 37.789536 98.826927 -33.396824
v 59.737209 96.907852 -29.256020
v 58.222172 99.856293 -33.396828
v 62.665688 100.083733 -33.396824
v 64.315994 97.064865 -29.256020
v 36.501797 110.608215 -29.256021
v 34.854259 121.011719 -29.256023
v 38.574245 120.866089 -33.396832
v 39.967758 110.646698 -33.396828
v 64.315994 97.064865 -29.256020
v 62.665688 100.083733 -33.396824
v 67.164696 98.994270 -33.396828
v 67.377594 96.013252 -29.256020
v 59.737209 96.907852 -29.256020
v 56.675968 94.921829 -29.256020
v 53.493023 97.161972 -33.396828
v 58.222172 99.856293 -33.396828
v 67.377594 96.013252 -29.256020
v 67.164696 98.994270 -33.396828
v 70.339127 95.815842 -33.396828
v 71.456223 92.952202 -29.256020
v 53.493023 97.161972 -33.396828
v 39.788429 105.736908 -33.396824
v 39.967758 110.646698 -33.396828
v 58.222172 99.856293 -33.396828
v 39.788429 105.736908 -33.396824
v 36.409817 105.330620 -29.256021
v 36.501797 110.608215 -29.256021
v 39.967758 110.646698 -33.396828
v 32.434349 30.166302 -33.396812
v 36.114506 21.491341 -33.396816
v 33.280773 20.269432 -29.256010
v 30.546383 27.640472 -29.256012
v 41.946465 38.773418 -33.396820
v 55.154312 31.459808 -33.396816
v 36.114506 21.491341 -33.396816
v 32.434349 30.166302 -33.396812
v 43.134800 40.784996 -29.256012
v 56.084164 33.430542 -29.256012
v 55.154312 31.459808 -33.396816
v 41.946465 38.773418 -33.396820
v 36.114506 21.491341 -33.396816
v 34.896374 14.191605 -33.396812
v 32.054001 14.587143 -29.256010
v 33.280773 20.269432 -29.256010
v 56.084164 33.430542 -29.256012
v 65.815292 30.312187 -29.256012
v 65.854507 27.665348 -33.396812
v 55.154312 31.459808 -33.396816
v 34.896374 14.191605 -33.396812
v 31.664454 6.454659 -33.413620
v 27.616488 6.433731 -29.254068
v 32.054001 14.587143 -29.256010
v 65.854507 27.665348 -33.396812
v 70.509850 29.759903 -33.413620
v 70.509850 6.454659 -33.413620
v 54.641273 18.010818 -33.396816
v 65.815292 30.312187 -29.256012
v 70.938202 32.526169 -29.251247
v 70.509850 29.759903 -33.413620
v 65.854507 27.665348 -33.396812
v 34.896374 14.191605 -33.396812
v 54.641273 18.010818 -33.396816
v 70.509850 6.454659 -33.413620
v 31.664454 6.454659 -33.413620
v 22.926168 54.766869 -33.396820
v 15.866762 44.781727 -33.396820
v 15.224943 78.946877 -33.396820
v 22.926168 68.788925 -33.396824
v -24.420368 49.198544 -33.318150
v -11.992576 44.928116 -33.318146
v -11.439433 41.552906 -29.256014
v -24.414387 45.835598 -29.256012
v -11.992576 78.935402 -33.318153
v -24.420368 70.768600 -33.318153
v -24.420368 74.211067 -29.256021
v -11.574775 82.310608 -29.256018
v -24.420368 70.768600 -33.318153
v -24.420368 49.198544 -33.318150
v -24.414387 45.835598 -29.256012
v -24.420368 74.211067 -29.256021
v -11.992576 44.928116 -33.318146
v -0.016190 44.928116 -33.396816
v -0.016190 41.552906 -29.256014
v -11.439433 41.552906 -29.256014
v -11.574775 82.310608 -29.256018
v -0.016190 82.310608 -29.256018
v -0.016190 78.935402 -33.396820
v -11.992576 78.935402 -33.318153
v -24.420374 53.065804 -38.124763
v -24.420368 66.901344 -38.124771
v -7.433091 66.901352 -38.124771
v -7.433091 53.065819 -38.124763
v -4.527721 70.768608 -33.318153
v -0.016190 78.935402 -33.396820
v -0.016190 44.928116 -33.396816
v -4.527721 49.198544 -33.318150
v -24.420368 70.768600 -33.318153
v -24.420368 66.901344 -38.124771
v -24.420374 53.065804 -38.124763
v -24.420368 49.198544 -33.318150
v -24.420368 49.198544 -33.318150
v -24.420374 53.065804 -38.124763
v -7.433091 53.065819 -38.124763
v -4.527721 49.198544 -33.318150
v -4.527721 49.198544 -33.318150
v -7.433091 53.065819 -38.124763
v -7.433091 66.901352 -38.124771
v -4.527721 70.768608 -33.318153
v -4.527721 70.768608 -33.318153
v -7.433091 66.901352 -38.124771
v -24.420368 66.901344 -38.124771
v -24.420368 70.768600 -33.318153
v -59.676647 56.891155 -36.634434
v -24.519402 56.891155 -36.634434
v -24.519402 56.891159 -34.020061
v -59.676647 56.891159 -34.166927
v -59.676647 63.248367 -36.634438
v -59.676647 63.248367 -34.166931
v -24.519402 63.248367 -34.020065
v -24.519402 63.248367 -36.634441
v -59.676647 56.891155 -36.634434
v -59.676647 63.248367 -36.634438
v -24.519402 63.248367 -36.634441
v -24.519402 56.891155 -36.634434
v -59.676647 56.891159 -34.166927
v -59.676647 57.317245 -34.387436
v -59.676647 57.317245 -36.524178
v -59.676647 56.891155 -36.634434
v -59.676647 63.248367 -36.634438
v -59.676647 62.822277 -36.524185
v -59.676647 62.822277 -34.387444
v -59.676647 63.248367 -34.166931
v -59.676647 57.317245 -34.387436
v -61.344456 57.317245 -34.387440
v -61.344456 57.317245 -36.524178
v -59.676647 57.317245 -36.524178
v -59.676647 62.822277 -36.524185
v -61.344456 62.822277 -36.524181
v -61.344456 62.822277 -34.387444
v -59.676647 62.822277 -34.387444
v -59.676647 57.317245 -36.524178
v -61.344456 57.317245 -36.524178
v -61.344456 62.822277 -36.524181
v -59.676647 62.822277 -36.524185
v -61.344456 57.317245 -34.387440
v -61.344456 56.758007 -34.098015
v -61.344456 56.758003 -36.668888
v -61.344456 57.317245 -36.524178
v -61.344456 62.822277 -36.524181
v -61.344456 63.381519 -36.668892
v -61.344456 63.381519 -34.098019
v -61.344456 62.822277 -34.387444
v -61.344456 56.758007 -34.098015
v -70.950226 56.758007 -34.098015
v -70.950226 56.758003 -36.668888
v -61.344456 56.758003 -36.668888
v -61.344456 63.381519 -36.668892
v -70.950226 63.381519 -36.668892
v -70.950226 63.381519 -34.098019
v -61.344456 63.381519 -34.098019
v -61.344456 56.758003 -36.668888
v -70.950226 56.758003 -36.668888
v -70.950226 63.381519 -36.668892
v -61.344456 63.381519 -36.668892
v -24.668547 64.393768 -34.020065
v -62.641117 64.393768 -34.166931
v -62.641117 64.393768 -32.773907
v -24.668547 64.393768 -32.627041
v -62.641117 64.393768 -34.166931
v -70.934074 68.036301 -34.437565
v -66.741402 66.133820 -33.070045
v -62.641117 64.393768 -32.773907
v -62.641117 64.393768 -32.773907
v -66.741402 66.133820 -33.070045
v -24.668547 66.120796 -32.923180
v -24.668547 64.393768 -32.627041
v -66.741402 66.133820 -33.070045
v -66.724998 66.120796 -29.950172
v -24.668543 66.120796 -29.950172
v -24.668547 66.120796 -32.923180
v -70.934074 68.036308 -32.969200
v -70.934074 68.036308 -29.950079
v -66.724998 66.120796 -29.950172
v -66.741402 66.133820 -33.070045
v -24.668547 55.918617 -34.020058
v -24.668547 55.918617 -32.627037
v -62.641117 55.918617 -32.773903
v -62.641117 55.918617 -34.166924
v -62.641117 55.918617 -34.166924
v -62.641117 55.918617 -32.773903
v -66.741402 54.178558 -33.070042
v -70.934074 52.276081 -34.437557
v -62.641117 55.918617 -32.773903
v -24.668547 55.918617 -32.627037
v -24.668547 54.191586 -32.923176
v -66.741402 54.178558 -33.070042
v -66.741402 54.178558 -33.070042
v -24.668547 54.191586 -32.923176
v -24.668543 54.191586 -29.950171
v -66.724998 54.191586 -29.950171
v -70.934074 52.276081 -32.969196
v -66.741402 54.178558 -33.070042
v -66.724998 54.191586 -29.950171
v -70.934074 52.276081 -29.950077
v -62.641117 64.393768 -34.166931
v -24.668547 64.393768 -34.020065
v -24.668547 55.918617 -34.020058
v -62.641117 55.918617 -34.166924
v -62.641117 64.393768 -34.166931
v -62.641117 55.918617 -34.166924
v -70.934074 52.276081 -34.437557
v -70.934074 68.036301 -34.437565
v -0.016190 78.935402 -33.396820
v -0.016190 82.310608 -29.256018
v -0.016190 41.552906 -29.256014
v -0.016190 44.928116 -33.396816
v 46.386089 148.963379 -53.647751
v 46.386089 148.963379 -20.313656
v 78.538536 134.809296 -20.313654
v 78.538536 134.809296 -53.639168
v 78.538536 134.809296 -53.639168
v 78.538536 134.809296 -20.313654
v 78.937386 132.478760 -20.313654
v 78.937386 132.478760 -53.616299
v -78.538513 134.809296 -53.639168
v -78.538521 134.809296 -20.313654
v -46.386066 148.963379 -20.313656
v -46.386066 148.963379 -53.647751
v -78.937355 132.478760 -53.616299
v -78.937363 132.478760 -20.313654
v -78.538521 134.809296 -20.313654
v -78.538513 134.809296 -53.639168
v 78.937386 132.478760 12.988985
v 77.100044 130.732132 8.766297
v 77.100060 130.732132 -20.313654
v 77.458054 131.072449 -20.313654
v 78.937386 132.478760 -20.313654
v -78.937355 132.478760 12.988985
v -78.937363 132.478760 -20.313654
v -77.458023 131.072449 -20.313654
v -77.100029 130.732132 -20.313654
v -77.100021 130.732132 8.766297
v 61.571701 111.379242 -7.230476
v 58.222172 99.856293 -7.230474
v 62.665688 100.083740 -7.230475
v 67.164696 98.994263 -7.230474
v 70.339127 95.815842 -7.230474
v 43.888592 145.323837 8.767664
v 44.178524 147.697540 13.005180
v 44.178524 147.697510 -20.313656
v 43.940800 145.783936 -20.313656
v 43.883636 145.323822 -20.313656
v -43.940777 145.783936 -20.313656
v -44.178501 147.697510 -20.313656
v -44.178501 147.697540 13.005183
v -43.888569 145.323837 8.767664
v -43.883617 145.323822 -20.313656
v 78.937386 132.478760 -53.616299
v 78.937386 132.478760 -20.313654
v 77.458054 131.072449 -20.313654
v 77.100060 130.732132 -20.313654
v 77.100044 130.732132 -49.393608
v -78.937355 132.478760 -53.616299
v -77.100021 130.732132 -49.393608
v -77.100029 130.732132 -20.313654
v -77.458023 131.072449 -20.313654
v -78.937363 132.478760 -20.313654
v 61.571701 111.379234 -33.396828
v 70.339127 95.815842 -33.396828
v 67.164696 98.994270 -33.396828
v 62.665688 100.083733 -33.396824
v 58.222172 99.856293 -33.396828
v 43.888592 145.323822 -49.394974
v 43.883636 145.323822 -20.313656
v 43.940800 145.783936 -20.313656
v 44.178524 147.697510 -20.313656
v 44.178524 147.697525 -53.632496
v -43.940777 145.783936 -20.313656
v -43.883617 145.323822 -20.313656
v -43.888569 145.323822 -49.394974
v -44.178501 147.697525 -53.632496
v -44.178501 147.697510 -20.313656
vn -0.0000 -0.0000 1.0000
vn -0.0066 -0.0060 1.0000
vn -0.0066 0.0115 0.9999
vn 0.4132 0.9106 -0.0000
vn 0.4132 -0.9106 -0.0000
vn -0.0000 -0.0000 -1.0000
vn -0.0066 -0.0060 -1.0000
vn -0.0066 0.0115 -0.9999
vn -0.0035 -0.0088 1.0000
vn 0.6839 -0.7296 0.0022
vn 0.6839 -0.7296 0.0021
vn 0.6839 -0.7296 0.0023
vn -0.9935 0.1140 0.0021
vn -0.9935 0.1140 0.0020
vn -0.1190 -0.3044 0.9451
vn 0.6469 -0.7626 0.0001
vn -0.9989 -0.0477 -0.0001
vn -0.9989 -0.0478 -0.0001
vn -0.3721 -0.9282 -0.0000
vn -0.4974 0.8675 -0.0000
vn -0.0025 -0.0093 1.0000
vn 0.0035 -0.0088 1.0000
vn 0.0035 -0.0089 1.0000
vn -0.6839 -0.7296 0.0022
vn -0.6839 -0.7296 0.0021
vn 0.9935 0.1140 0.0021
vn 0.9935 0.1140 0.0020
vn 0.1190 -0.3044 0.9451
vn -0.6469 -0.7626 0.0001
vn 0.9989 -0.0478 -0.0001
vn 0.9989 -0.0477 -0.0001
vn 0.3721 -0.9282 -0.0000
vn 0.4974 0.8675 -0.0000
vn 0.0025 -0.0093 1.0000
vn -0.0071 -0.7751 0.6318
vn 0.8359 -0.0000 0.5488
vn -0.0012 0.7751 0.6318
vn -0.0012 0.7750 0.6319
vn -1.0000 -0.0000 -0.0000
vn 0.5407 -0.5726 0.6163
vn 0.5407 -0.5725 0.6163
vn -0.5398 0.6185 0.5710
vn -0.5558 -0.6119 0.5627
vn 0.5653 0.6780 0.4698
vn 0.5654 0.6780 0.4698
vn 0.4833 -0.5864 0.6500
vn 0.4832 -0.5864 0.6501
vn -0.7745 0.2146 0.5950
vn -0.7745 0.2145 0.5951
vn 0.0342 -0.8046 0.5929
vn 0.0343 -0.8046 0.5929
vn 0.0343 -0.8046 0.5928
vn -0.7514 -0.1108 0.6505
vn -0.2299 -0.8120 0.5365
vn -0.2300 -0.8119 0.5365
vn 0.3964 -0.6599 0.6383
vn 0.3964 -0.6598 0.6383
vn -0.5990 -0.6964 0.3952
vn -0.5991 -0.6964 0.3952
vn -0.5991 -0.6963 0.3953
vn -0.7712 0.0205 0.6363
vn -0.7712 0.0206 0.6363
vn -0.7616 -0.3045 0.5720
vn 0.4296 0.7660 0.4782
vn 0.4295 0.7660 0.4782
vn -0.8220 0.1548 0.5480
vn -0.8221 0.1548 0.5480
vn 0.2793 0.8256 0.4903
vn 0.2793 0.8255 0.4904
vn -0.7144 0.3454 0.6086
vn -0.7144 0.3453 0.6086
vn -0.0014 0.0005 1.0000
vn -0.0013 0.0005 1.0000
vn -0.3496 0.7923 0.5000
vn -0.3497 0.7922 0.5001
vn -0.0000 0.0020 1.0000
vn -0.0001 0.0018 1.0000
vn -0.0001 0.0015 1.0000
vn -0.2536 -0.7531 0.6071
vn -0.4480 0.6960 0.5611
vn -0.4480 0.6961 0.5611
vn -1.0000 -0.0002 -0.0002
vn -1.0000 -0.0001 -0.0006
vn -1.0000 -0.0001 -0.0009
vn -1.0000 -0.0001 -0.0008
vn -0.0021 -0.7722 0.6354
vn -0.0021 -0.7722 0.6353
vn -0.0021 0.7722 0.6354
vn -0.0174 -0.0000 0.9998
vn -0.0000 -0.7791 0.6269
vn 0.8558 -0.0000 0.5173
vn -0.0000 0.7791 0.6269
vn -0.0000 -1.0000 -0.0000
vn -0.0000 1.0000 -0.0000
vn 1.0000 -0.0000 -0.0000
vn 0.3971 0.9173 -0.0291
vn 0.0036 -0.1643 0.9864
vn 0.0001 1.0000 -0.0022
vn 0.0002 1.0000 -0.0021
vn 0.4136 0.9105 -0.0010
vn 0.4137 0.9104 -0.0008
vn 0.4137 0.9104 -0.0009
vn 0.3971 -0.9173 -0.0291
vn 0.0036 0.1642 0.9864
vn 0.0036 0.1643 0.9864
vn 0.0001 -1.0000 -0.0022
vn 0.0002 -1.0000 -0.0021
vn 0.4136 -0.9105 -0.0010
vn 0.4137 -0.9104 -0.0008
vn 0.4137 -0.9104 -0.0009
vn 0.0039 -0.0000 1.0000
vn 0.0326 -0.0000 0.9995
vn 0.4029 0.9152 -0.0000
vn 0.9857 0.1687 -0.0000
vn -0.4029 0.9152 -0.0000
vn -0.9857 0.1687 -0.0000
vn -0.0035 -0.0088 -1.0000
vn 0.6839 -0.7296 -0.0022
vn -0.9935 0.1140 -0.0020
vn -0.1190 -0.3044 -0.9451
vn 0.6469 -0.7626 -0.0001
vn -0.9989 -0.0478 0.0001
vn -0.9989 -0.0477 0.0001
vn -0.0025 -0.0093 -1.0000
vn 0.0035 -0.0088 -1.0000
vn -0.6838 -0.7296 -0.0020
vn -0.6839 -0.7296 -0.0021
vn 0.9935 0.1140 -0.0020
vn 0.1190 -0.3044 -0.9451
vn -0.6469 -0.7626 -0.0001
vn 0.9989 -0.0477 0.0001
vn 0.9989 -0.0478 0.0001
vn 0.0025 -0.0093 -1.0000
vn -0.0071 -0.7751 -0.6318
vn 0.8359 -0.0000 -0.5488
vn -0.0012 0.7750 -0.6319
vn -0.0012 0.7751 -0.6318
vn 0.5407 -0.5726 -0.6163
vn 0.5407 -0.5725 -0.6163
vn -0.5398 0.6185 -0.5710
vn -0.5558 -0.6119 -0.5627
vn 0.5654 0.6780 -0.4698
vn 0.5653 0.6780 -0.4698
vn 0.4832 -0.5864 -0.6501
vn -0.7745 0.2146 -0.5950
vn -0.7745 0.2145 -0.5951
vn 0.0343 -0.8046 -0.5929
vn 0.0343 -0.8046 -0.5928
vn -0.7514 -0.1108 -0.6505
vn -0.7513 -0.1108 -0.6505
vn -0.2300 -0.8119 -0.5365
vn -0.2299 -0.8120 -0.5365
vn 0.3964 -0.6599 -0.6383
vn 0.3964 -0.6598 -0.6383
vn -0.5991 -0.6964 -0.3953
vn -0.5991 -0.6963 -0.3953
vn -0.5991 -0.6964 -0.3952
vn -0.5990 -0.6964 -0.3952
vn -0.7712 0.0205 -0.6363
vn -0.7712 0.0206 -0.6363
vn -0.7712 0.0205 -0.6362
vn -0.7616 -0.3045 -0.5720
vn 0.4296 0.7660 -0.4782
vn 0.4295 0.7660 -0.4782
vn -0.8220 0.1548 -0.5480
vn -0.8221 0.1548 -0.5479
vn 0.2793 0.8256 -0.4903
vn 0.2793 0.8255 -0.4904
vn -0.7144 0.3454 -0.6086
vn -0.0014 0.0005 -1.0000
vn -0.0013 0.0005 -1.0000
vn -0.3496 0.7923 -0.5000
vn -0.3497 0.7922 -0.5001
vn -0.0000 0.0020 -1.0000
vn -0.0001 0.0015 -1.0000
vn -0.0001 0.0018 -1.0000
vn -0.2536 -0.7531 -0.6071
vn -0.4480 0.6960 -0.5611
vn -0.4480 0.6961 -0.5611
vn -1.0000 -0.0001 0.0011
vn -1.0000 -0.0001 0.0009
vn -1.0000 -0.0002 0.0002
vn -1.0000 -0.0001 0.0006
vn -0.0021 -0.7722 -0.6354
vn -0.0021 -0.7722 -0.6353
vn -0.0021 0.7722 -0.6353
vn -0.0021 0.7722 -0.6354
vn -0.0174 -0.0000 -0.9998
vn -0.0000 -0.7791 -0.6269
vn 0.8558 -0.0000 -0.5173
vn -0.0000 0.7791 -0.6269
vn 0.3971 0.9173 0.0291
vn 0.0036 -0.1643 -0.9864
vn 0.0036 -0.1642 -0.9864
vn 0.0001 1.0000 0.0022
vn 0.0002 1.0000 0.0021
vn 0.4136 0.9105 0.0010
vn 0.4137 0.9104 0.0009
vn 0.4137 0.9104 0.0008
vn 0.3971 -0.9173 0.0291
vn 0.0036 0.1642 -0.9864
vn 0.0036 0.1643 -0.9864
vn 0.0001 -1.0000 0.0022
vn 0.0002 -1.0000 0.0021
vn 0.4136 -0.9105 0.0010
vn 0.4137 -0.9104 0.0008
vn 0.4137 -0.9104 0.0009
vn 0.0039 -0.0000 -1.0000
vn 0.0326 -0.0000 -0.9995
vn 0.6890 -0.7248 -0.0000
vn -0.6890 -0.7248 -0.0000
vn -0.9925 0.1223 0.0001
vn -0.9925 0.1222 0.0001
vn -0.9925 0.1221 0.0001
vn -0.9925 0.1222 -0.0000
vn 0.9925 0.1222 0.0001
vn 0.9925 0.1224 0.0001
vn 0.9925 0.1221 0.0001
vn -0.9925 0.1222 -0.0001
vn -0.9925 0.1221 -0.0001
vn 0.9925 0.1222 -0.0001
vn 0.9925 0.1223 -0.0001
vt 0.677597 0.378492
vt 0.628621 0.441039
vt 0.709656 0.398714
vt 0.604099 0.404389
vt 0.418641 0.234004
vt 0.382064 0.200708
vt 0.382633 0.255081
vt 0.435720 0.156895
vt 0.418099 0.136182
vt 0.116671 0.072679
vt 0.093380 0.037222
vt 0.052711 0.071994
vt 0.137133 0.037222
vt 0.052711 0.160636
vt 0.092619 0.174168
vt 0.116671 0.160636
vt 0.137133 0.176726
vt 0.458030 0.495925
vt 0.447363 0.492231
vt 0.447363 0.495499
vt 0.458031 0.536090
vt 0.447364 0.536198
vt 0.447364 0.539465
vt 0.258363 0.557526
vt 0.254860 0.561983
vt 0.355192 0.561983
vt 0.352221 0.557526
vt 0.339868 0.606136
vt 0.352375 0.606136
vt 0.362731 0.568222
vt 0.247167 0.568222
vt 0.259276 0.606136
vt 0.270726 0.606136
vt 0.275074 0.613362
vt 0.336510 0.613362
vt 0.347215 0.613250
vt 0.264971 0.613067
vt 0.336510 0.624326
vt 0.275074 0.624326
vt 0.258363 0.456205
vt 0.249256 0.457678
vt 0.249256 0.457678
vt 0.258363 0.456205
vt 0.586713 0.110523
vt 0.550581 0.153584
vt 0.646536 0.234099
vt 0.682668 0.191038
vt 0.569768 0.096482
vt 0.533690 0.139411
vt 0.549176 0.216108
vt 0.585714 0.246767
vt 0.599936 0.231688
vt 0.560475 0.198577
vt 0.663335 0.248196
vt 0.699460 0.205115
vt 0.694276 0.177130
vt 0.598454 0.096726
vt 0.212923 0.996429
vt 0.219269 0.976068
vt 0.118056 0.928751
vt 0.109481 0.948332
vt 0.607240 0.348145
vt 0.649467 0.344429
vt 0.369066 0.283199
vt 0.365965 0.305215
vt 0.475854 0.289323
vt 0.468287 0.269356
vt 0.538688 0.280447
vt 0.519430 0.294121
vt 0.536851 0.371704
vt 0.559089 0.365322
vt 0.468803 0.167099
vt 0.470479 0.214209
vt 0.492672 0.683106
vt 0.479545 0.669007
vt 0.438871 0.743293
vt 0.455778 0.751058
vt 0.083610 0.911583
vt 0.077193 0.933270
vt 0.607690 0.384716
vt 0.664203 0.366384
vt 0.499948 0.278153
vt 0.486426 0.260638
vt 0.072231 0.905056
vt 0.060983 0.893016
vt 0.049499 0.911357
vt 0.060538 0.922957
vt 0.502729 0.249962
vt 0.515230 0.268381
vt 0.545132 0.244804
vt 0.532962 0.225501
vt 0.054680 0.883225
vt 0.039872 0.897764
vt 0.047164 0.866490
vt 0.033973 0.882717
vt 0.536318 0.402762
vt 0.559309 0.402553
vt 0.417956 0.790302
vt 0.434938 0.797338
vt 0.529441 0.424676
vt 0.551189 0.430643
vt 0.404595 0.826608
vt 0.423323 0.830172
vt 0.513615 0.457763
vt 0.538649 0.461308
vt 0.312131 0.218027
vt 0.377491 0.273123
vt 0.404556 0.844044
vt 0.423316 0.849156
vt 0.403891 0.108672
vt 0.052711 0.186313
vt 0.095512 0.195357
vt 0.093380 0.013221
vt 0.052711 0.045011
vt 0.032025 0.078884
vt 0.016872 0.068118
vt 0.016872 0.160696
vt 0.032025 0.150156
vt 0.135706 0.195357
vt 0.132579 0.009028
vt 0.052711 0.137187
vt 0.107883 0.137187
vt 0.107883 0.091533
vt 0.052711 0.091533
vt 0.132586 0.077309
vt 0.132586 0.149062
vt 0.148128 0.163327
vt 0.148128 0.050532
vt 0.732046 0.174012
vt 0.716211 0.174012
vt 0.716211 0.370125
vt 0.732046 0.370072
vt 0.770086 0.174012
vt 0.770086 0.370013
vt 0.785692 0.370010
vt 0.785692 0.174012
vt 0.733190 0.172141
vt 0.716211 0.172141
vt 0.785692 0.172141
vt 0.768757 0.172141
vt 0.733190 0.162979
vt 0.716211 0.162979
vt 0.785692 0.162979
vt 0.768757 0.162979
vt 0.730675 0.160518
vt 0.716211 0.160518
vt 0.785692 0.160518
vt 0.770183 0.160518
vt 0.730675 0.106969
vt 0.716211 0.106969
vt 0.785692 0.106969
vt 0.770183 0.106969
vt 0.568086 0.504745
vt 0.568086 0.500431
vt 0.468766 0.500431
vt 0.468766 0.504745
vt 0.568086 0.495766
vt 0.568086 0.486262
vt 0.458030 0.486422
vt 0.447363 0.483546
vt 0.568086 0.526951
vt 0.468766 0.526951
vt 0.468766 0.531264
vt 0.568086 0.531264
vt 0.568086 0.535930
vt 0.458031 0.545594
vt 0.568086 0.545434
vt 0.447364 0.548150
vt 0.160306 0.179600
vt 0.160306 0.040496
vt 0.352221 0.456205
vt 0.363408 0.459039
vt 0.352221 0.456205
vt 0.371849 0.462790
vt 0.370205 0.462046
vt 0.580544 0.427524
vt 0.564097 0.428951
vt 0.594240 0.417434
vt 0.239140 0.462739
vt 0.241100 0.461745
vt 0.241100 0.461745
s 0
usemtl LOCK1
f 9/15/7 10/16/7 11/17/7
f 12/15/7 13/18/7 14/16/7
f 15/19/7 16/20/7 17/21/7
f 18/19/7 19/22/7 20/20/7
f 21/22/7 22/23/7 23/20/7
f 24/24/7 25/25/7 26/26/7
f 27/25/8 28/24/8 29/27/8
f 30/28/7 31/29/7 32/30/7
f 33/30/9 34/29/9 35/31/9
f 36/32/10 37/33/10 38/34/10
f 39/35/11 40/36/11 41/37/11
f 42/15/12 43/17/12 44/16/12
f 42/15/12 44/16/12 45/18/12
f 46/19/12 47/21/12 48/20/12
f 49/19/12 50/20/12 51/22/12
f 52/22/12 53/20/12 54/23/12
f 55/24/12 56/26/12 57/25/12
f 58/25/13 59/27/13 60/24/13
f 61/28/12 62/30/12 63/29/12
f 64/30/14 65/31/14 66/29/14
f 67/32/10 68/34/10 69/33/10
s 1
f 70/35/11 71/37/11 72/36/11
f 73/38/15 74/39/15 75/40/15
f 73/38/15 75/40/15 76/41/15
f 77/42/16 78/43/17 79/44/18
f 77/42/16 79/44/18 80/40/17
f 81/39/19 82/45/19 83/46/20
f 81/39/19 83/46/20 84/47/20
f 85/47/21 86/48/21 87/49/21
f 85/47/21 87/49/21 88/42/21
s 0
f 89/42/22 90/49/22 91/50/22
f 89/42/22 91/50/22 92/43/22
f 93/46/23 94/51/23 95/48/23
f 93/46/24 95/48/24 96/47/24
f 97/52/25 98/49/25 99/48/25
f 97/52/25 99/48/25 100/53/25
f 101/54/26 102/55/26 103/39/26
f 101/54/26 103/39/26 104/38/26
s 1
f 105/39/27 106/47/27 107/42/27
f 105/39/27 107/42/27 108/40/27
f 109/38/28 110/41/29 111/40/28
f 109/38/28 111/40/28 112/39/28
f 113/42/30 114/40/31 115/44/31
f 113/42/30 115/44/31 116/43/30
f 117/39/32 118/47/33 119/46/33
f 117/39/32 119/46/33 120/45/32
f 121/47/34 122/42/34 123/49/34
f 121/47/34 123/49/34 124/48/34
s 0
f 125/42/35 126/43/35 127/50/35
f 125/42/35 127/50/35 128/49/35
f 129/46/36 130/47/36 131/48/36
f 129/46/37 131/48/37 132/51/37
f 133/52/38 134/53/38 135/48/38
f 133/52/38 135/48/38 136/49/38
f 137/39/39 138/56/39 139/57/39
f 137/39/39 139/57/39 140/38/39
s 1
f 141/39/40 142/40/40 143/42/40
f 141/39/40 143/42/40 144/47/40
s 0
f 145/58/7 146/59/7 147/60/7
f 145/58/7 147/60/7 148/61/7
f 149/62/41 150/63/41 151/59/41
f 149/62/41 151/59/41 152/58/41
f 153/64/42 154/65/42 155/66/42
f 153/64/42 155/66/42 156/67/42
f 157/68/43 158/69/43 159/61/43
f 157/68/44 159/61/44 160/60/44
f 161/70/45 162/71/45 163/58/45
f 161/70/45 163/58/45 164/61/45
s 1
f 165/72/46 166/73/46 167/74/47
f 165/72/46 167/74/47 168/75/46
s 0
f 169/60/7 170/66/7 171/76/7
f 169/60/7 171/76/7 172/77/7
s 1
f 173/78/48 174/79/48 175/80/48
f 173/78/48 175/80/48 176/81/48
f 177/82/49 178/83/49 179/84/49
f 177/82/49 179/84/49 180/85/49
s 0
f 181/67/7 182/59/7 183/86/7
f 181/67/7 183/86/7 184/87/7
s 1
f 185/88/50 186/89/51 187/90/51
f 185/88/50 187/90/51 188/91/50
f 189/74/52 190/92/53 191/93/53
f 189/74/52 191/93/53 192/75/53
s 0
f 193/76/7 194/94/7 195/95/7
f 193/76/7 195/95/7 196/77/7
s 1
f 197/81/54 198/80/55 199/96/54
f 197/81/54 199/96/54 200/97/55
f 201/98/56 202/99/57 203/100/58
f 201/98/56 203/100/58 204/101/58
f 205/102/59 206/103/59 207/104/59
f 205/102/59 207/104/59 208/105/59
f 209/99/60 210/106/61 211/107/60
f 209/99/60 211/107/60 212/100/60
f 213/98/62 214/101/62 215/93/62
f 213/98/62 215/93/62 216/92/63
f 217/106/64 218/108/64 219/109/65
f 217/106/64 219/109/65 220/107/66
s 0
f 221/94/7 222/18/7 223/15/7
f 221/94/7 223/15/7 224/95/7
s 1
f 225/96/67 226/103/67 227/102/68
f 225/96/67 227/102/68 228/97/67
f 229/85/69 230/84/69 231/110/69
f 229/85/69 231/110/69 232/111/69
s 0
f 233/87/7 234/86/7 235/22/7
f 233/87/7 235/22/7 236/19/7
s 1
f 237/91/70 238/90/71 239/112/70
f 237/91/70 239/112/70 240/113/70
f 241/111/72 242/110/73 243/114/72
f 241/111/72 243/114/72 244/115/73
f 245/113/74 246/112/74 247/116/74
f 245/113/74 247/116/74 248/117/75
f 249/115/76 250/114/76 251/118/76
f 249/115/76 251/118/76 252/119/77
f 253/21/78 254/20/78 255/120/79
f 253/21/78 255/120/79 256/121/78
f 257/117/80 258/116/81 259/122/81
f 257/117/80 259/122/81 260/123/81
f 261/23/82 262/124/83 263/120/84
f 261/23/82 263/120/84 264/20/84
s 0
f 265/67/7 266/66/7 267/60/7
f 265/67/7 267/60/7 268/59/7
s 1
f 269/28/85 270/125/85 271/126/85
f 269/28/85 271/126/85 272/29/85
f 273/25/86 274/127/87 275/128/87
f 273/25/86 275/128/87 276/26/87
s 0
f 277/129/88 278/130/88 279/131/89
s 1
f 277/129/90 279/131/91 280/132/90
f 281/29/92 282/126/92 283/133/92
f 281/29/92 283/133/92 284/31/93
f 285/127/94 286/25/94 287/27/94
f 285/127/94 287/27/94 288/134/94
s 0
f 289/135/7 290/136/7 291/137/7
f 289/135/7 291/137/7 292/138/7
f 293/139/95 294/140/95 295/141/95
f 293/139/95 295/141/95 296/142/95
f 297/129/45 298/132/45 299/135/45
f 297/129/45 299/135/45 300/138/45
f 301/28/96 302/30/96 303/136/96
f 301/28/96 303/136/96 304/135/96
f 305/140/97 306/139/97 307/137/97
s 1
f 305/140/97 307/137/97 308/136/97
s 0
f 309/24/98 310/26/98 311/138/98
f 309/24/98 311/138/98 312/137/98
f 313/143/99 314/144/99 315/145/99
f 313/143/99 315/145/99 316/146/99
f 317/147/100 318/148/100 319/149/100
f 317/147/100 319/149/100 320/150/100
f 321/143/7 322/146/7 323/148/7
f 321/143/7 323/148/7 324/147/7
f 325/144/45 326/143/45 327/151/45
f 325/144/45 327/151/45 328/152/45
f 329/147/45 330/150/45 331/153/45
f 329/147/45 331/153/45 332/154/45
f 326/143/45 329/147/45 332/154/45
f 326/143/45 332/154/45 327/151/45
f 333/152/99 334/151/99 335/155/99
f 333/152/99 335/155/99 336/156/99
f 337/154/100 338/153/100 339/157/100
f 337/154/100 339/157/100 340/158/100
f 341/151/7 342/154/7 343/158/7
f 341/151/7 343/158/7 344/155/7
f 345/156/101 346/155/101 347/159/101
f 345/156/101 347/159/101 348/160/101
f 349/158/101 350/157/101 351/161/101
f 349/158/101 351/161/101 352/162/101
f 346/155/101 349/158/101 352/162/101
f 346/155/101 352/162/101 347/159/101
f 353/160/99 354/159/99 355/163/99
f 353/160/99 355/163/99 356/164/99
f 357/162/100 358/161/100 359/165/100
f 357/162/100 359/165/100 360/166/100
f 361/159/7 362/162/7 363/166/7
f 361/159/7 363/166/7 364/163/7
f 365/167/100 366/168/100 367/169/100
f 365/167/100 367/169/100 368/170/100
s 1
f 369/170/102 370/169/102 371/32/102
f 369/170/102 371/32/102 372/34/102
f 373/169/103 374/168/103 375/171/103
f 373/169/103 375/171/103 376/32/103
f 377/32/104 378/171/105 379/172/105
f 377/32/104 379/172/105 380/173/104
f 381/33/106 382/32/107 383/173/108
f 381/33/106 383/173/108 384/174/108
s 0
f 385/175/99 386/176/99 387/177/99
f 385/175/99 387/177/99 388/178/99
s 1
f 389/176/109 390/36/109 391/35/109
f 389/176/109 391/35/109 392/177/109
f 393/177/110 394/35/110 395/179/110
f 393/177/110 395/179/110 396/178/111
f 397/35/112 398/180/112 399/181/113
f 397/35/112 399/181/113 400/179/113
f 401/37/114 402/182/115 403/180/116
f 401/37/114 403/180/116 404/35/115
s 0
f 405/170/117 406/176/117 407/175/117
f 405/170/117 407/175/117 408/167/117
f 409/170/118 410/34/118 411/36/118
f 409/170/118 411/36/118 412/176/118
f 413/142/101 414/141/101 415/183/101
f 413/142/101 415/183/101 416/184/101
f 417/38/119 418/41/119 419/185/119
f 417/38/119 419/185/119 420/54/119
f 421/41/120 422/40/120 423/186/120
f 421/41/120 423/186/120 424/185/120
f 425/41/121 426/38/121 427/57/121
f 425/41/121 427/57/121 428/187/121
f 429/40/122 430/41/122 431/187/122
f 429/40/122 431/187/122 432/186/122
s 1
f 433/38/123 434/41/123 435/40/123
f 433/38/123 435/40/123 436/39/123
f 437/42/124 438/40/124 439/44/124
f 437/42/124 439/44/124 440/43/124
f 441/39/125 442/47/125 443/46/125
f 441/39/125 443/46/125 444/45/125
f 445/47/126 446/42/126 447/49/126
f 445/47/126 447/49/126 448/48/126
s 0
f 449/42/127 450/43/127 451/50/127
f 449/42/127 451/50/127 452/49/127
f 453/46/128 454/47/128 455/48/128
f 453/46/129 455/48/129 456/51/129
f 457/52/25 458/53/25 459/48/25
f 457/52/25 459/48/25 460/49/25
f 461/54/26 462/38/26 463/39/26
f 461/54/26 463/39/26 464/55/26
s 1
f 465/39/130 466/40/130 467/42/130
f 465/39/130 467/42/130 468/47/130
f 469/38/131 470/39/131 471/40/131
f 469/38/131 471/40/131 472/41/131
f 473/42/132 474/43/133 475/44/133
f 473/42/132 475/44/133 476/40/133
f 477/39/134 478/45/134 479/46/134
f 477/39/134 479/46/134 480/47/134
f 481/47/135 482/48/135 483/49/135
f 481/47/135 483/49/135 484/42/135
s 0
f 485/42/136 486/49/136 487/50/136
f 485/42/136 487/50/136 488/43/136
f 489/46/137 490/51/137 491/48/137
f 489/46/138 491/48/138 492/47/138
f 493/52/38 494/49/38 495/48/38
f 493/52/38 495/48/38 496/53/38
f 497/39/39 498/38/39 499/57/39
f 497/39/39 499/57/39 500/56/39
s 1
f 501/39/139 502/47/139 503/42/139
f 501/39/139 503/42/139 504/40/139
s 0
f 505/58/12 506/61/12 507/60/12
f 505/58/12 507/60/12 508/59/12
f 509/62/140 510/58/140 511/59/140
f 509/62/140 511/59/140 512/63/140
f 513/64/141 514/67/141 515/66/141
f 513/64/141 515/66/141 516/65/141
f 517/68/142 518/60/142 519/61/142
f 517/68/143 519/61/143 520/69/143
f 521/70/45 522/61/45 523/58/45
f 521/70/45 523/58/45 524/71/45
s 1
f 525/72/144 526/75/144 527/74/145
f 525/72/144 527/74/145 528/73/144
s 0
f 529/60/12 530/77/12 531/76/12
f 529/60/12 531/76/12 532/66/12
s 1
f 533/78/146 534/81/146 535/80/146
f 533/78/146 535/80/146 536/79/146
f 537/82/147 538/85/147 539/84/147
f 537/82/147 539/84/147 540/83/147
s 0
f 541/67/12 542/87/12 543/86/12
f 541/67/12 543/86/12 544/59/12
s 1
f 545/88/148 546/91/149 547/90/148
f 545/88/148 547/90/148 548/89/148
f 549/74/150 550/75/150 551/93/150
f 549/74/150 551/93/150 552/92/150
s 0
f 553/76/12 554/77/12 555/95/12
f 553/76/12 555/95/12 556/94/12
s 1
f 557/81/151 558/97/152 559/96/152
f 557/81/151 559/96/152 560/80/152
f 561/98/153 562/101/154 563/100/153
f 561/98/153 563/100/153 564/99/153
f 565/102/155 566/105/155 567/104/155
f 565/102/155 567/104/155 568/103/156
f 569/99/157 570/100/158 571/107/158
f 569/99/157 571/107/158 572/106/157
f 573/98/159 574/92/160 575/93/159
f 573/98/159 575/93/159 576/101/159
f 577/106/161 578/107/162 579/109/163
f 577/106/161 579/109/163 580/108/164
s 0
f 581/94/12 582/95/12 583/15/12
f 581/94/12 583/15/12 584/18/12
s 1
f 585/96/165 586/97/166 587/102/167
f 585/96/165 587/102/167 588/103/165
f 589/85/168 590/111/168 591/110/168
f 589/85/168 591/110/168 592/84/168
s 0
f 593/87/12 594/19/12 595/22/12
f 593/87/12 595/22/12 596/86/12
s 1
f 597/91/169 598/113/169 599/112/169
f 597/91/169 599/112/169 600/90/170
f 601/111/171 602/115/171 603/114/171
f 601/111/171 603/114/171 604/110/172
f 605/113/173 606/117/174 607/116/173
f 605/113/173 607/116/173 608/112/173
f 609/115/175 610/119/175 611/118/175
f 609/115/175 611/118/175 612/114/175
f 613/21/176 614/121/176 615/120/177
f 613/21/176 615/120/177 616/20/176
f 617/117/178 618/123/179 619/122/178
f 617/117/178 619/122/178 620/116/179
f 621/23/180 622/20/181 623/120/181
f 621/23/180 623/120/181 624/124/182
s 0
f 625/67/12 626/59/12 627/60/12
f 625/67/12 627/60/12 628/66/12
s 1
f 629/28/183 630/29/183 631/126/183
f 629/28/183 631/126/183 632/125/183
f 633/25/184 634/26/185 635/128/185
f 633/25/184 635/128/185 636/127/185
f 637/129/186 638/132/187 639/131/187
s 0
f 637/129/188 639/131/189 640/130/189
s 1
f 641/29/190 642/31/191 643/133/190
f 641/29/190 643/133/190 644/126/190
f 645/127/192 646/134/193 647/27/192
f 645/127/192 647/27/192 648/25/192
s 0
f 649/135/12 650/138/12 651/137/12
f 649/135/12 651/137/12 652/136/12
f 653/139/194 654/142/194 655/141/194
f 653/139/194 655/141/194 656/140/194
f 657/129/45 658/138/45 659/135/45
f 657/129/45 659/135/45 660/132/45
f 661/28/195 662/135/195 663/136/195
f 661/28/195 663/136/195 664/30/195
f 665/140/196 666/136/196 667/137/196
f 665/140/196 667/137/196 668/139/196
f 669/24/197 670/137/197 671/138/197
f 669/24/197 671/138/197 672/26/197
f 673/143/99 674/146/99 675/145/99
f 673/143/99 675/145/99 676/144/99
f 677/147/100 678/150/100 679/149/100
f 677/147/100 679/149/100 680/148/100
f 681/143/12 682/147/12 683/148/12
f 681/143/12 683/148/12 684/146/12
f 685/144/45 686/152/45 687/151/45
f 685/144/45 687/151/45 688/143/45
f 689/147/45 690/154/45 691/153/45
f 689/147/45 691/153/45 692/150/45
f 688/143/45 687/151/45 690/154/45
f 688/143/45 690/154/45 689/147/45
f 693/152/99 694/156/99 695/155/99
f 693/152/99 695/155/99 696/151/99
f 697/154/100 698/158/100 699/157/100
f 697/154/100 699/157/100 700/153/100
f 701/151/12 702/155/12 703/158/12
f 701/151/12 703/158/12 704/154/12
f 705/156/101 706/160/101 707/159/101
f 705/156/101 707/159/101 708/155/101
f 709/158/101 710/162/101 711/161/101
f 709/158/101 711/161/101 712/157/101
f 708/155/101 707/159/101 710/162/101
f 708/155/101 710/162/101 709/158/101
f 713/160/99 714/164/99 715/163/99
f 713/160/99 715/163/99 716/159/99
f 717/162/100 718/166/100 719/165/100
f 717/162/100 719/165/100 720/161/100
f 721/159/12 722/163/12 723/166/12
f 721/159/12 723/166/12 724/162/12
f 725/167/100 726/170/100 727/169/100
f 725/167/100 727/169/100 728/168/100
s 1
f 729/170/198 730/34/198 731/32/198
f 729/170/198 731/32/198 732/169/198
f 733/169/199 734/32/199 735/171/200
f 733/169/199 735/171/200 736/168/199
f 737/32/201 738/173/201 739/172/202
f 737/32/201 739/172/202 740/171/202
f 741/33/203 742/174/204 743/173/204
f 741/33/203 743/173/204 744/32/205
s 0
f 745/175/99 746/178/99 747/177/99
f 745/175/99 747/177/99 748/176/99
s 1
f 749/176/206 750/177/206 751/35/206
f 749/176/206 751/35/206 752/36/206
f 753/177/207 754/178/208 755/179/207
f 753/177/207 755/179/207 756/35/208
f 757/35/209 758/179/210 759/181/210
f 757/35/209 759/181/210 760/180/209
f 761/37/211 762/35/212 763/180/213
f 761/37/211 763/180/213 764/182/212
s 0
f 765/170/214 766/167/214 767/175/214
f 765/170/214 767/175/214 768/176/214
f 769/170/215 770/176/215 771/36/215
f 769/170/215 771/36/215 772/34/215
f 773/142/101 774/184/101 775/183/101
f 773/142/101 775/183/101 776/141/101
f 777/38/119 778/54/119 779/185/119
f 777/38/119 779/185/119 780/41/119
f 781/41/120 782/185/120 783/186/120
f 781/41/120 783/186/120 784/40/120
f 785/41/121 786/187/121 787/57/121
f 785/41/121 787/57/121 788/38/121
f 789/40/122 790/186/122 791/187/122
f 789/40/122 791/187/122 792/41/122
f 795/188/216 793/40/216 794/44/216
f 793/40/216 795/188/216 796/189/216
f 793/40/216 796/189/216 797/186/216
f 800/189/217 798/40/217 799/186/217
f 798/40/217 800/189/217 802/44/217
f 802/44/217 800/189/217 801/188/217
f 803/16/7 806/190/7 807/191/7
f 806/190/7 803/16/7 805/192/7
f 803/16/7 804/18/7 805/192/7
s 1
f 810/55/218 808/45/219 809/39/220
f 808/45/219 810/55/218 812/193/219
f 812/193/219 810/55/218 811/194/221
f 816/45/222 814/56/223 815/39/224
f 814/56/223 816/45/222 817/193/222
f 814/56/223 817/193/222 813/195/222
s 0
f 818/40/216 821/188/216 822/44/216
f 821/188/216 818/40/216 820/189/216
f 820/189/216 818/40/216 819/186/216
s 1
f 823/40/217 826/189/217 827/186/217
s 0
f 826/189/217 823/40/217 824/44/217
f 826/189/217 824/44/217 825/188/217
f 828/16/12 831/192/12 832/18/12
f 830/190/12 828/16/12 829/191/12
f 828/16/12 830/190/12 831/192/12
s 1
f 837/39/225 835/194/226 836/55/226
f 835/194/226 837/39/225 834/193/225
f 834/193/225 837/39/225 833/45/225
f 840/45/227 838/195/227 839/193/227
f 838/195/227 840/45/227 842/56/228
f 842/56/228 840/45/227 841/39/228
o Object008_TUBE_0
v -10.070698 138.731598 12.186852
v -10.070698 137.669586 11.817646
v -26.189898 137.398804 11.768298
v -26.218330 138.569504 12.208129
v -10.070698 139.171478 13.078197
v -10.070698 138.731598 12.186852
v -26.218330 138.569504 12.208129
v -25.933506 139.054428 13.175955
v -10.070698 138.731598 13.969538
v -10.070698 139.171478 13.078197
v -25.933506 139.054428 13.175955
v -25.502249 138.569504 14.104835
v -10.070698 137.669601 14.338747
v -10.070698 138.731598 13.969538
v -25.502249 138.569504 14.104835
v -25.177172 137.398804 14.450646
v -10.070698 136.607590 13.969539
v -10.070698 137.669601 14.338747
v -25.177172 137.398804 14.450646
v -25.148722 136.228088 14.010820
v -10.070698 136.167694 13.078197
v -10.070698 136.607590 13.969539
v -25.148722 136.228088 14.010820
v -25.433548 135.743164 13.042994
v -10.070698 136.607590 12.186852
v -10.070698 136.167694 13.078197
v -25.433548 135.743164 13.042994
v -25.864819 136.228088 12.114111
v -10.070698 137.669586 11.817646
v -10.070698 136.607590 12.186852
v -25.864819 136.228088 12.114111
v -26.189898 137.398804 11.768298
v -30.631222 134.058472 12.827198
v -26.218330 138.569504 12.208129
v -26.189898 137.398804 11.768298
v -30.455519 132.688919 12.374489
v -31.055405 134.625763 13.920137
v -25.933506 139.054428 13.175955
v -26.218330 138.569504 12.208129
v -30.631222 134.058472 12.827198
v -31.479593 134.058472 15.013078
v -25.502249 138.569504 14.104835
v -25.933506 139.054428 13.175955
v -31.055405 134.625763 13.920137
v -31.655304 132.688934 15.465789
v -25.177172 137.398804 14.450646
v -25.502249 138.569504 14.104835
v -31.479593 134.058472 15.013078
v -31.479593 131.319382 15.013078
v -25.148722 136.228088 14.010820
v -25.177172 137.398804 14.450646
v -31.655304 132.688934 15.465789
v -31.055405 130.752106 13.920137
v -25.433548 135.743164 13.042994
v -25.148722 136.228088 14.010820
v -31.479593 131.319382 15.013078
v -30.631222 131.319382 12.827198
v -25.864819 136.228088 12.114111
v -25.433548 135.743164 13.042994
v -31.055405 130.752106 13.920137
v -30.455519 132.688919 12.374489
v -26.189898 137.398804 11.768298
v -25.864819 136.228088 12.114111
v -30.631222 131.319382 12.827198
v -33.937923 133.370361 12.282467
v -30.631222 134.058472 12.827198
v -30.455519 132.688919 12.374489
v -33.650726 132.164520 11.939478
v -34.631268 133.869843 13.110510
v -31.055405 134.625763 13.920137
v -30.631222 134.058472 12.827198
v -33.937923 133.370361 12.282467
v -35.324608 133.370361 13.938557
v -31.479593 134.058472 15.013078
v -31.055405 134.625763 13.920137
v -34.631268 133.869843 13.110510
v -35.611805 132.164520 14.281546
v -31.655304 132.688934 15.465789
v -31.479593 134.058472 15.013078
v -35.324608 133.370361 13.938557
v -35.324600 130.958664 13.938557
v -31.479593 131.319382 15.013078
v -31.655304 132.688934 15.465789
v -35.611805 132.164520 14.281546
v -34.631268 130.459183 13.110510
v -31.055405 130.752106 13.920137
v -31.479593 131.319382 15.013078
v -35.324600 130.958664 13.938557
v -33.937923 130.958664 12.282467
v -30.631222 131.319382 12.827198
v -31.055405 130.752106 13.920137
v -34.631268 130.459183 13.110510
v -33.650726 132.164520 11.939478
v -30.455519 132.688919 12.374489
v -30.631222 131.319382 12.827198
v -33.937923 130.958664 12.282467
v -34.990978 134.652618 10.039169
v -34.532082 133.421875 10.024043
v -34.920399 133.975861 9.290006
v -35.414135 135.167877 9.292103
v -36.112427 135.213684 10.075686
v -34.990978 134.652618 10.039169
v -35.414135 135.167877 9.292103
v -36.606140 135.661621 9.297168
v -37.247105 134.767441 10.112204
v -36.112427 135.213684 10.075686
v -36.606140 135.661621 9.297168
v -37.798130 135.167877 9.302235
v -38.291874 133.975861 9.304334
v -37.719841 133.589249 10.127330
v -37.247105 134.767441 10.112204
v -37.798130 135.167877 9.302235
v -37.798130 132.783844 9.302235
v -37.247105 132.377258 10.112204
v -37.719841 133.589249 10.127330
v -38.291874 133.975861 9.304334
v -36.606140 132.290100 9.297168
v -36.112419 131.832367 10.075686
v -37.247105 132.377258 10.112204
v -37.798130 132.783844 9.302235
v -35.414135 132.783844 9.292103
v -34.990978 132.260651 10.039169
v -36.112419 131.832367 10.075686
v -36.606140 132.290100 9.297168
v -34.532082 133.421875 10.024043
v -34.990978 132.260651 10.039169
v -35.414135 132.783844 9.292103
v -34.920399 133.975861 9.290006
v -34.137806 132.859390 11.394806
v -34.563259 134.131805 11.416891
v -33.937923 133.370361 12.282467
v -33.650726 132.164520 11.939478
v -35.618702 134.765732 11.470201
v -34.631268 133.869843 13.110510
v -33.937923 133.370361 12.282467
v -34.563259 134.131805 11.416891
v -36.701740 134.371124 11.523515
v -35.324608 133.370361 13.938557
v -34.631268 133.869843 13.110510
v -35.618702 134.765732 11.470201
v -37.156048 133.208206 11.545596
v -35.611805 132.164520 14.281546
v -35.324608 133.370361 13.938557
v -36.701740 134.371124 11.523515
v -36.701733 131.974823 11.523515
v -35.324600 130.958664 13.938557
v -35.611805 132.164520 14.281546
v -37.156048 133.208206 11.545596
v -36.701733 131.974823 11.523515
v -35.618702 131.374634 11.470201
v -34.631268 130.459183 13.110510
v -35.324600 130.958664 13.938557
v -35.618702 131.374634 11.470201
v -34.563259 131.731827 11.416891
v -33.937923 130.958664 12.282467
v -34.631268 130.459183 13.110510
v -34.563259 131.731827 11.416891
v -34.137806 132.859390 11.394806
v -33.650726 132.164520 11.939478
v -33.937923 130.958664 12.282467
v -34.122139 133.341461 10.244115
v -34.633381 134.849731 10.357415
v -34.289230 134.449188 11.121752
v -33.774563 132.889725 11.024776
v -34.633381 134.849731 10.357415
v -36.035259 135.554764 10.461649
v -35.646381 135.183823 11.259165
v -34.289230 134.449188 11.121752
v -37.452244 134.998917 10.525971
v -36.974682 134.630539 11.367591
v -35.646381 135.183823 11.259165
v -36.035259 135.554764 10.461649
v -38.051311 133.566101 10.525537
v -37.549080 133.258759 11.362541
v -36.974682 134.630539 11.367591
v -37.452244 134.998917 10.525971
v -37.492947 132.059814 10.438314
v -37.068554 131.773804 11.246233
v -37.549080 133.258759 11.362541
v -38.051311 133.566101 10.525537
v -36.070885 131.421097 10.280905
v -35.712742 131.030914 11.090167
v -37.068554 131.773804 11.246233
v -37.492947 132.059814 10.438314
v -36.070885 131.421097 10.280905
v -34.736496 131.989288 10.190002
v -34.354176 131.495331 11.002847
v -35.712742 131.030914 11.090167
v -34.736496 131.989288 10.190002
v -34.122139 133.341461 10.244115
v -33.774563 132.889725 11.024776
v -34.354176 131.495331 11.002847
v -34.137806 132.859390 11.394806
v -33.774563 132.889725 11.024776
v -34.289230 134.449188 11.121752
v -34.563259 134.131805 11.416891
v -34.563259 134.131805 11.416891
v -34.289230 134.449188 11.121752
v -35.646381 135.183823 11.259165
v -35.618702 134.765732 11.470201
v -35.618702 134.765732 11.470201
v -35.646381 135.183823 11.259165
v -36.974682 134.630539 11.367591
v -36.701740 134.371124 11.523515
v -36.701740 134.371124 11.523515
v -36.974682 134.630539 11.367591
v -37.549080 133.258759 11.362541
v -37.156048 133.208206 11.545596
v -37.156048 133.208206 11.545596
v -37.549080 133.258759 11.362541
v -37.068554 131.773804 11.246233
v -36.701733 131.974823 11.523515
v -36.701733 131.974823 11.523515
v -37.068554 131.773804 11.246233
v -35.712742 131.030914 11.090167
v -35.618702 131.374634 11.470201
v -35.618702 131.374634 11.470201
v -35.712742 131.030914 11.090167
v -34.354176 131.495331 11.002847
v -34.563259 131.731827 11.416891
v -34.563259 131.731827 11.416891
v -34.354176 131.495331 11.002847
v -33.774563 132.889725 11.024776
v -34.137806 132.859390 11.394806
v -34.990978 134.652618 10.039169
v -34.633381 134.849731 10.357415
v -34.122139 133.341461 10.244115
v -34.532082 133.421875 10.024043
v -34.532082 133.421875 10.024043
v -34.122139 133.341461 10.244115
v -34.736496 131.989288 10.190002
v -34.990978 132.260651 10.039169
v -34.990978 132.260651 10.039169
v -34.736496 131.989288 10.190002
v -36.070885 131.421097 10.280905
v -36.112419 131.832367 10.075686
v -36.112419 131.832367 10.075686
v -36.070885 131.421097 10.280905
v -37.492947 132.059814 10.438314
v -37.247105 132.377258 10.112204
v -37.247105 132.377258 10.112204
v -37.492947 132.059814 10.438314
v -38.051311 133.566101 10.525537
v -37.719841 133.589249 10.127330
v -37.719841 133.589249 10.127330
v -38.051311 133.566101 10.525537
v -37.452244 134.998917 10.525971
v -37.247105 134.767441 10.112204
v -37.247105 134.767441 10.112204
v -37.452244 134.998917 10.525971
v -36.035259 135.554764 10.461649
v -36.112427 135.213684 10.075686
v -36.112427 135.213684 10.075686
v -36.035259 135.554764 10.461649
v -34.633381 134.849731 10.357415
v -34.990978 134.652618 10.039169
v -34.920399 133.975861 9.290006
v -33.892338 133.975861 9.290006
v -34.687183 135.894836 9.292103
v -35.414135 135.167877 9.292103
v -35.414135 135.167877 9.292103
v -34.687183 135.894836 9.292103
v -36.606140 136.689697 9.297168
v -36.606140 135.661621 9.297168
v -36.606140 135.661621 9.297168
v -36.606140 136.689697 9.297168
v -38.525078 135.894836 9.302235
v -37.798130 135.167877 9.302235
v -37.798130 135.167877 9.302235
v -38.525078 135.894836 9.302235
v -39.319923 133.975861 9.304334
v -38.291874 133.975861 9.304334
v -38.291874 133.975861 9.304334
v -39.319923 133.975861 9.304334
v -38.525078 132.056900 9.302235
v -37.798130 132.783844 9.302235
v -37.798130 132.783844 9.302235
v -38.525078 132.056900 9.302235
v -36.606140 131.262024 9.297168
v -36.606140 132.290100 9.297168
v -36.606140 132.290100 9.297168
v -36.606140 131.262024 9.297168
v -34.687183 132.056900 9.292103
v -35.414135 132.783844 9.292103
v -35.414135 132.783844 9.292103
v -34.687183 132.056900 9.292103
v -33.892338 133.975861 9.290006
v -34.920399 133.975861 9.290006
v -33.892338 133.975861 9.290006
v -33.892338 133.975861 8.310370
v -34.687183 135.894836 8.312468
v -34.687183 135.894836 9.292103
v -34.687183 135.894836 9.292103
v -34.687183 135.894836 8.312468
v -36.606140 136.689697 8.317533
v -36.606140 136.689697 9.297168
v -36.606140 136.689697 9.297168
v -36.606140 136.689697 8.317533
v -38.525078 135.894836 8.322599
v -38.525078 135.894836 9.302235
v -38.525078 135.894836 9.302235
v -38.525078 135.894836 8.322599
v -39.319923 133.975861 8.324698
v -39.319923 133.975861 9.304334
v -39.319923 133.975861 9.304334
v -39.319923 133.975861 8.324698
v -38.525078 132.056900 8.322599
v -38.525078 132.056900 9.302235
v -38.525078 132.056900 9.302235
v -38.525078 132.056900 8.322599
v -36.606140 131.262024 8.317533
v -36.606140 131.262024 9.297168
v -36.606140 131.262024 9.297168
v -36.606140 131.262024 8.317533
v -34.687183 132.056900 8.312468
v -34.687183 132.056900 9.292103
v -34.687183 132.056900 9.292103
v -34.687183 132.056900 8.312468
v -33.892338 133.975861 8.310370
v -33.892338 133.975861 9.290006
v -11.449985 144.752136 12.902029
v -11.449985 143.690125 12.532824
v -27.569183 143.419342 12.483477
v -27.597618 144.590057 12.923306
v -11.449985 145.192032 13.793373
v -11.449985 144.752136 12.902029
v -27.597618 144.590057 12.923306
v -27.312798 145.074966 13.891132
v -11.449985 144.752136 14.684714
v -11.449985 145.192032 13.793373
v -27.312798 145.074966 13.891132
v -26.881538 144.590057 14.820012
v -11.449985 143.690125 15.053925
v -11.449985 144.752136 14.684714
v -26.881538 144.590057 14.820012
v -26.556459 143.419342 15.165825
v -11.449985 142.628128 14.684715
v -11.449985 143.690125 15.053925
v -26.556459 143.419342 15.165825
v -26.528009 142.248627 14.725997
v -11.449985 142.188232 13.793374
v -11.449985 142.628128 14.684715
v -26.528009 142.248627 14.725997
v -26.812840 141.763702 13.758171
v -11.449985 142.628128 12.902030
v -11.449985 142.188232 13.793374
v -26.812840 141.763702 13.758171
v -27.244104 142.248627 12.829288
v -11.449985 143.690125 12.532824
v -11.449985 142.628128 12.902030
v -27.244104 142.248627 12.829288
v -27.569183 143.419342 12.483477
v -32.010509 140.079010 13.542375
v -27.597618 144.590057 12.923306
v -27.569183 143.419342 12.483477
v -31.834805 138.709473 13.089666
v -32.434692 140.646301 14.635315
v -27.312798 145.074966 13.891132
v -27.597618 144.590057 12.923306
v -32.010509 140.079010 13.542375
v -32.858883 140.079010 15.728255
v -26.881538 144.590057 14.820012
v -27.312798 145.074966 13.891132
v -32.434692 140.646301 14.635315
v -33.034592 138.709473 16.180969
v -26.556459 143.419342 15.165825
v -26.881538 144.590057 14.820012
v -32.858883 140.079010 15.728255
v -32.858883 137.339935 15.728255
v -26.528009 142.248627 14.725997
v -26.556459 143.419342 15.165825
v -33.034592 138.709473 16.180969
v -32.434692 136.772644 14.635316
v -26.812840 141.763702 13.758171
v -26.528009 142.248627 14.725997
v -32.858883 137.339935 15.728255
v -32.010509 137.339935 13.542375
v -27.244104 142.248627 12.829288
v -26.812840 141.763702 13.758171
v -32.434692 136.772644 14.635316
v -31.834805 138.709473 13.089666
v -27.569183 143.419342 12.483477
v -27.244104 142.248627 12.829288
v -32.010509 137.339935 13.542375
v -35.317211 139.390900 12.997644
v -32.010509 140.079010 13.542375
v -31.834805 138.709473 13.089666
v -35.030018 138.185059 12.654655
v -36.010555 139.890381 13.825687
v -32.434692 140.646301 14.635315
v -32.010509 140.079010 13.542375
v -35.317211 139.390900 12.997644
v -36.703899 139.390900 14.653733
v -32.858883 140.079010 15.728255
v -32.434692 140.646301 14.635315
v -36.010555 139.890381 13.825687
v -36.991093 138.185059 14.996723
v -33.034592 138.709473 16.180969
v -32.858883 140.079010 15.728255
v -36.703899 139.390900 14.653733
v -36.703892 136.979202 14.653734
v -32.858883 137.339935 15.728255
v -33.034592 138.709473 16.180969
v -36.991093 138.185059 14.996723
v -36.010555 136.479721 13.825688
v -32.434692 136.772644 14.635316
v -32.858883 137.339935 15.728255
v -36.703892 136.979202 14.653734
v -35.317211 136.979202 12.997645
v -32.010509 137.339935 13.542375
v -32.434692 136.772644 14.635316
v -36.010555 136.479721 13.825688
v -35.030018 138.185059 12.654655
v -31.834805 138.709473 13.089666
v -32.010509 137.339935 13.542375
v -35.317211 136.979202 12.997645
v -36.370262 140.673157 10.754346
v -35.911373 139.442429 10.739221
v -36.299683 139.996399 10.005182
v -36.793423 141.188416 10.007280
v -37.491714 141.234222 10.790863
v -36.370262 140.673157 10.754346
v -36.793423 141.188416 10.007280
v -37.985428 141.682159 10.012345
v -38.626392 140.787979 10.827381
v -37.491714 141.234222 10.790863
v -37.985428 141.682159 10.012345
v -39.177418 141.188416 10.017412
v -39.671162 139.996399 10.019510
v -39.099129 139.609787 10.842506
v -38.626392 140.787979 10.827381
v -39.177418 141.188416 10.017412
v -39.177418 138.804398 10.017412
v -38.626392 138.397797 10.827381
v -39.099129 139.609787 10.842506
v -39.671162 139.996399 10.019510
v -37.985428 138.310638 10.012345
v -37.491703 137.852905 10.790863
v -38.626392 138.397797 10.827381
v -39.177418 138.804398 10.017412
v -36.793423 138.804398 10.007280
v -36.370262 138.281189 10.754346
v -37.491703 137.852905 10.790863
v -37.985428 138.310638 10.012345
v -35.911373 139.442429 10.739221
v -36.370262 138.281189 10.754346
v -36.793423 138.804398 10.007280
v -36.299683 139.996399 10.005182
v -35.517090 138.879929 12.109983
v -35.942547 140.152344 12.132069
v -35.317211 139.390900 12.997644
v -35.030018 138.185059 12.654655
v -36.997993 140.786270 12.185378
v -36.010555 139.890381 13.825687
v -35.317211 139.390900 12.997644
v -35.942547 140.152344 12.132069
v -38.081028 140.391663 12.238691
v -36.703899 139.390900 14.653733
v -36.010555 139.890381 13.825687
v -36.997993 140.786270 12.185378
v -38.535336 139.228745 12.260777
v -36.991093 138.185059 14.996723
v -36.703899 139.390900 14.653733
v -38.081028 140.391663 12.238691
v -38.081017 137.995377 12.238691
v -36.703892 136.979202 14.653734
v -36.991093 138.185059 14.996723
v -38.535336 139.228745 12.260777
v -38.081017 137.995377 12.238691
v -36.997993 137.395187 12.185378
v -36.010555 136.479721 13.825688
v -36.703892 136.979202 14.653734
v -36.997993 137.395187 12.185378
v -35.942547 137.752365 12.132069
v -35.317211 136.979202 12.997645
v -36.010555 136.479721 13.825688
v -35.942547 137.752365 12.132069
v -35.517090 138.879929 12.109983
v -35.030018 138.185059 12.654655
v -35.317211 136.979202 12.997645
v -35.501423 139.362000 10.959291
v -36.012669 140.870270 11.072594
v -35.668518 140.469742 11.836929
v -35.153854 138.910278 11.739951
v -36.012669 140.870270 11.072594
v -37.414547 141.575317 11.176826
v -37.025673 141.204376 11.974341
v -35.668518 140.469742 11.836929
v -38.831535 141.019470 11.241149
v -38.353970 140.651093 12.082768
v -37.025673 141.204376 11.974341
v -37.414547 141.575317 11.176826
v -39.430603 139.586639 11.240715
v -38.928368 139.279297 12.077718
v -38.353970 140.651093 12.082768
v -38.831535 141.019470 11.241149
v -38.872238 138.080353 11.153493
v -38.447842 137.794357 11.961410
v -38.928368 139.279297 12.077718
v -39.430603 139.586639 11.240715
v -37.450176 137.441635 10.996081
v -37.092030 137.051453 11.805345
v -38.447842 137.794357 11.961410
v -38.872238 138.080353 11.153493
v -37.450176 137.441635 10.996081
v -36.115784 138.009827 10.905179
v -35.733463 137.515869 11.718024
v -37.092030 137.051453 11.805345
v -36.115784 138.009827 10.905179
v -35.501423 139.362000 10.959291
v -35.153854 138.910278 11.739951
v -35.733463 137.515869 11.718024
v -35.517090 138.879929 12.109983
v -35.153854 138.910278 11.739951
v -35.668518 140.469742 11.836929
v -35.942547 140.152344 12.132069
v -35.942547 140.152344 12.132069
v -35.668518 140.469742 11.836929
v -37.025673 141.204376 11.974341
v -36.997993 140.786270 12.185378
v -36.997993 140.786270 12.185378
v -37.025673 141.204376 11.974341
v -38.353970 140.651093 12.082768
v -38.081028 140.391663 12.238691
v -38.081028 140.391663 12.238691
v -38.353970 140.651093 12.082768
v -38.928368 139.279297 12.077718
v -38.535336 139.228745 12.260777
v -38.535336 139.228745 12.260777
v -38.928368 139.279297 12.077718
v -38.447842 137.794357 11.961410
v -38.081017 137.995377 12.238691
v -38.081017 137.995377 12.238691
v -38.447842 137.794357 11.961410
v -37.092030 137.051453 11.805345
v -36.997993 137.395187 12.185378
v -36.997993 137.395187 12.185378
v -37.092030 137.051453 11.805345
v -35.733463 137.515869 11.718024
v -35.942547 137.752365 12.132069
v -35.942547 137.752365 12.132069
v -35.733463 137.515869 11.718024
v -35.153854 138.910278 11.739951
v -35.517090 138.879929 12.109983
v -36.370262 140.673157 10.754346
v -36.012669 140.870270 11.072594
v -35.501423 139.362000 10.959291
v -35.911373 139.442429 10.739221
v -35.911373 139.442429 10.739221
v -35.501423 139.362000 10.959291
v -36.115784 138.009827 10.905179
v -36.370262 138.281189 10.754346
v -36.370262 138.281189 10.754346
v -36.115784 138.009827 10.905179
v -37.450176 137.441635 10.996081
v -37.491703 137.852905 10.790863
v -37.491703 137.852905 10.790863
v -37.450176 137.441635 10.996081
v -38.872238 138.080353 11.153493
v -38.626392 138.397797 10.827381
v -38.626392 138.397797 10.827381
v -38.872238 138.080353 11.153493
v -39.430603 139.586639 11.240715
v -39.099129 139.609787 10.842506
v -39.099129 139.609787 10.842506
v -39.430603 139.586639 11.240715
v -38.831535 141.019470 11.241149
v -38.626392 140.787979 10.827381
v -38.626392 140.787979 10.827381
v -38.831535 141.019470 11.241149
v -37.414547 141.575317 11.176826
v -37.491714 141.234222 10.790863
v -37.491714 141.234222 10.790863
v -37.414547 141.575317 11.176826
v -36.012669 140.870270 11.072594
v -36.370262 140.673157 10.754346
v -36.299683 139.996399 10.005182
v -35.271622 139.996399 10.005182
v -36.066467 141.915375 10.007280
v -36.793423 141.188416 10.007280
v -36.793423 141.188416 10.007280
v -36.066467 141.915375 10.007280
v -37.985428 142.710236 10.012345
v -37.985428 141.682159 10.012345
v -37.985428 141.682159 10.012345
v -37.985428 142.710236 10.012345
v -39.904362 141.915375 10.017412
v -39.177418 141.188416 10.017412
v -39.177418 141.188416 10.017412
v -39.904362 141.915375 10.017412
v -40.699211 139.996399 10.019510
v -39.671162 139.996399 10.019510
v -39.671162 139.996399 10.019510
v -40.699211 139.996399 10.019510
v -39.904362 138.077438 10.017412
v -39.177418 138.804398 10.017412
v -39.177418 138.804398 10.017412
v -39.904362 138.077438 10.017412
v -37.985428 137.282578 10.012345
v -37.985428 138.310638 10.012345
v -37.985428 138.310638 10.012345
v -37.985428 137.282578 10.012345
v -36.066467 138.077438 10.007280
v -36.793423 138.804398 10.007280
v -36.793423 138.804398 10.007280
v -36.066467 138.077438 10.007280
v -35.271622 139.996399 10.005182
v -36.299683 139.996399 10.005182
v -35.271622 139.996399 10.005182
v -35.271622 139.996399 9.025547
v -36.066467 141.915375 9.027645
v -36.066467 141.915375 10.007280
v -36.066467 141.915375 10.007280
v -36.066467 141.915375 9.027645
v -37.985428 142.710236 9.032710
v -37.985428 142.710236 10.012345
v -37.985428 142.710236 10.012345
v -37.985428 142.710236 9.032710
v -39.904362 141.915375 9.037777
v -39.904362 141.915375 10.017412
v -39.904362 141.915375 10.017412
v -39.904362 141.915375 9.037777
v -40.699211 139.996399 9.039875
v -40.699211 139.996399 10.019510
v -40.699211 139.996399 10.019510
v -40.699211 139.996399 9.039875
v -39.904362 138.077438 9.037777
v -39.904362 138.077438 10.017412
v -39.904362 138.077438 10.017412
v -39.904362 138.077438 9.037777
v -37.985428 137.282578 9.032710
v -37.985428 137.282578 10.012345
v -37.985428 137.282578 10.012345
v -37.985428 137.282578 9.032710
v -36.066467 138.077438 9.027645
v -36.066467 138.077438 10.007280
v -36.066467 138.077438 10.007280
v -36.066467 138.077438 9.027645
v -35.271622 139.996399 9.025547
v -35.271622 139.996399 10.005182
v 10.070719 138.731598 12.186852
v 26.218351 138.569504 12.208129
v 26.189915 137.398804 11.768298
v 10.070719 137.669586 11.817646
v 10.070719 139.171478 13.078197
v 25.933531 139.054428 13.175955
v 26.218351 138.569504 12.208129
v 10.070719 138.731598 12.186852
v 10.070719 138.731598 13.969538
v 25.502274 138.569504 14.104835
v 25.933531 139.054428 13.175955
v 10.070719 139.171478 13.078197
v 10.070719 137.669601 14.338747
v 25.177195 137.398804 14.450646
v 25.502274 138.569504 14.104835
v 10.070719 138.731598 13.969538
v 10.070719 136.607590 13.969539
v 25.148743 136.228088 14.010820
v 25.177195 137.398804 14.450646
v 10.070719 137.669601 14.338747
v 10.070719 136.167694 13.078197
v 25.433571 135.743164 13.042994
v 25.148743 136.228088 14.010820
v 10.070719 136.607590 13.969539
v 10.070719 136.607590 12.186852
v 25.864836 136.228088 12.114111
v 25.433571 135.743164 13.042994
v 10.070719 136.167694 13.078197
v 10.070719 137.669586 11.817646
v 26.189915 137.398804 11.768298
v 25.864836 136.228088 12.114111
v 10.070719 136.607590 12.186852
v 30.631247 134.058472 12.827198
v 30.455544 132.688919 12.374489
v 26.189915 137.398804 11.768298
v 26.218351 138.569504 12.208129
v 31.055426 134.625763 13.920137
v 30.631247 134.058472 12.827198
v 26.218351 138.569504 12.208129
v 25.933531 139.054428 13.175955
v 31.479612 134.058472 15.013078
v 31.055426 134.625763 13.920137
v 25.933531 139.054428 13.175955
v 25.502274 138.569504 14.104835
v 31.655329 132.688934 15.465789
v 31.479612 134.058472 15.013078
v 25.502274 138.569504 14.104835
v 25.177195 137.398804 14.450646
v 31.479612 131.319382 15.013078
v 31.655329 132.688934 15.465789
v 25.177195 137.398804 14.450646
v 25.148743 136.228088 14.010820
v 31.055426 130.752106 13.920137
v 31.479612 131.319382 15.013078
v 25.148743 136.228088 14.010820
v 25.433571 135.743164 13.042994
v 30.631247 131.319382 12.827198
v 31.055426 130.752106 13.920137
v 25.433571 135.743164 13.042994
v 25.864836 136.228088 12.114111
v 30.455544 132.688919 12.374489
v 30.631247 131.319382 12.827198
v 25.864836 136.228088 12.114111
v 26.189915 137.398804 11.768298
v 33.937939 133.370361 12.282467
v 33.650749 132.164520 11.939478
v 30.455544 132.688919 12.374489
v 30.631247 134.058472 12.827198
v 34.631287 133.869843 13.110510
v 33.937939 133.370361 12.282467
v 30.631247 134.058472 12.827198
v 31.055426 134.625763 13.920137
v 35.324627 133.370361 13.938557
v 34.631287 133.869843 13.110510
v 31.055426 134.625763 13.920137
v 31.479612 134.058472 15.013078
v 35.611828 132.164520 14.281546
v 35.324627 133.370361 13.938557
v 31.479612 134.058472 15.013078
v 31.655329 132.688934 15.465789
v 35.324623 130.958664 13.938557
v 35.611828 132.164520 14.281546
v 31.655329 132.688934 15.465789
v 31.479612 131.319382 15.013078
v 34.631287 130.459183 13.110510
v 35.324623 130.958664 13.938557
v 31.479612 131.319382 15.013078
v 31.055426 130.752106 13.920137
v 33.937939 130.958664 12.282467
v 34.631287 130.459183 13.110510
v 31.055426 130.752106 13.920137
v 30.631247 131.319382 12.827198
v 33.650749 132.164520 11.939478
v 33.937939 130.958664 12.282467
v 30.631247 131.319382 12.827198
v 30.455544 132.688919 12.374489
v 34.920418 133.975861 9.290006
v 34.532104 133.421875 10.024043
v 34.990997 134.652618 10.039169
v 35.414158 135.167877 9.292103
v 35.414158 135.167877 9.292103
v 34.990997 134.652618 10.039169
v 36.112446 135.213684 10.075686
v 36.606155 135.661621 9.297168
v 36.606155 135.661621 9.297168
v 36.112446 135.213684 10.075686
v 37.247128 134.767441 10.112204
v 37.798149 135.167877 9.302235
v 38.291893 133.975861 9.304334
v 37.798149 135.167877 9.302235
v 37.247128 134.767441 10.112204
v 37.719860 133.589249 10.127330
v 37.798149 132.783844 9.302235
v 38.291893 133.975861 9.304334
v 37.719860 133.589249 10.127330
v 37.247128 132.377258 10.112204
v 36.606155 132.290100 9.297168
v 37.798149 132.783844 9.302235
v 37.247128 132.377258 10.112204
v 36.112438 131.832367 10.075686
v 35.414158 132.783844 9.292103
v 36.606155 132.290100 9.297168
v 36.112438 131.832367 10.075686
v 34.990997 132.260651 10.039169
v 35.414158 132.783844 9.292103
v 34.990997 132.260651 10.039169
v 34.532104 133.421875 10.024043
v 34.920418 133.975861 9.290006
v 34.137825 132.859390 11.394806
v 33.650749 132.164520 11.939478
v 33.937939 133.370361 12.282467
v 34.563278 134.131805 11.416891
v 33.937939 133.370361 12.282467
v 34.631287 133.869843 13.110510
v 35.618721 134.765732 11.470201
v 34.563278 134.131805 11.416891
v 34.631287 133.869843 13.110510
v 35.324627 133.370361 13.938557
v 36.701759 134.371124 11.523515
v 35.618721 134.765732 11.470201
v 35.324627 133.370361 13.938557
v 35.611828 132.164520 14.281546
v 37.156067 133.208206 11.545596
v 36.701759 134.371124 11.523515
v 35.611828 132.164520 14.281546
v 35.324623 130.958664 13.938557
v 36.701752 131.974823 11.523515
v 37.156067 133.208206 11.545596
v 36.701752 131.974823 11.523515
v 35.324623 130.958664 13.938557
v 34.631287 130.459183 13.110510
v 35.618721 131.374634 11.470201
v 35.618721 131.374634 11.470201
v 34.631287 130.459183 13.110510
v 33.937939 130.958664 12.282467
v 34.563278 131.731827 11.416891
v 34.563278 131.731827 11.416891
v 33.937939 130.958664 12.282467
v 33.650749 132.164520 11.939478
v 34.137825 132.859390 11.394806
v 34.122158 133.341461 10.244115
v 33.774582 132.889725 11.024776
v 34.289249 134.449188 11.121752
v 34.633396 134.849731 10.357415
v 34.633396 134.849731 10.357415
v 34.289249 134.449188 11.121752
v 35.646400 135.183823 11.259165
v 36.035278 135.554764 10.461649
v 35.646400 135.183823 11.259165
v 36.974701 134.630539 11.367591
v 37.452263 134.998917 10.525971
v 36.035278 135.554764 10.461649
v 36.974701 134.630539 11.367591
v 37.549099 133.258759 11.362541
v 38.051334 133.566101 10.525537
v 37.452263 134.998917 10.525971
v 37.549099 133.258759 11.362541
v 37.068569 131.773804 11.246233
v 37.492970 132.059814 10.438314
v 38.051334 133.566101 10.525537
v 37.068569 131.773804 11.246233
v 35.712761 131.030914 11.090167
v 36.070908 131.421097 10.280905
v 37.492970 132.059814 10.438314
v 36.070908 131.421097 10.280905
v 35.712761 131.030914 11.090167
v 34.354198 131.495331 11.002847
v 34.736519 131.989288 10.190002
v 34.736519 131.989288 10.190002
v 34.354198 131.495331 11.002847
v 33.774582 132.889725 11.024776
v 34.122158 133.341461 10.244115
v 34.137825 132.859390 11.394806
v 34.563278 134.131805 11.416891
v 34.289249 134.449188 11.121752
v 33.774582 132.889725 11.024776
v 34.563278 134.131805 11.416891
v 35.618721 134.765732 11.470201
v 35.646400 135.183823 11.259165
v 34.289249 134.449188 11.121752
v 35.618721 134.765732 11.470201
v 36.701759 134.371124 11.523515
v 36.974701 134.630539 11.367591
v 35.646400 135.183823 11.259165
v 36.701759 134.371124 11.523515
v 37.156067 133.208206 11.545596
v 37.549099 133.258759 11.362541
v 36.974701 134.630539 11.367591
v 37.156067 133.208206 11.545596
v 36.701752 131.974823 11.523515
v 37.068569 131.773804 11.246233
v 37.549099 133.258759 11.362541
v 36.701752 131.974823 11.523515
v 35.618721 131.374634 11.470201
v 35.712761 131.030914 11.090167
v 37.068569 131.773804 11.246233
v 35.618721 131.374634 11.470201
v 34.563278 131.731827 11.416891
v 34.354198 131.495331 11.002847
v 35.712761 131.030914 11.090167
v 34.563278 131.731827 11.416891
v 34.137825 132.859390 11.394806
v 33.774582 132.889725 11.024776
v 34.354198 131.495331 11.002847
v 34.990997 134.652618 10.039169
v 34.532104 133.421875 10.024043
v 34.122158 133.341461 10.244115
v 34.633396 134.849731 10.357415
v 34.532104 133.421875 10.024043
v 34.990997 132.260651 10.039169
v 34.736519 131.989288 10.190002
v 34.122158 133.341461 10.244115
v 34.990997 132.260651 10.039169
v 36.112438 131.832367 10.075686
v 36.070908 131.421097 10.280905
v 34.736519 131.989288 10.190002
v 36.112438 131.832367 10.075686
v 37.247128 132.377258 10.112204
v 37.492970 132.059814 10.438314
v 36.070908 131.421097 10.280905
v 37.247128 132.377258 10.112204
v 37.719860 133.589249 10.127330
v 38.051334 133.566101 10.525537
v 37.492970 132.059814 10.438314
v 37.719860 133.589249 10.127330
v 37.247128 134.767441 10.112204
v 37.452263 134.998917 10.525971
v 38.051334 133.566101 10.525537
v 37.247128 134.767441 10.112204
v 36.112446 135.213684 10.075686
v 36.035278 135.554764 10.461649
v 37.452263 134.998917 10.525971
v 36.112446 135.213684 10.075686
v 34.990997 134.652618 10.039169
v 34.633396 134.849731 10.357415
v 36.035278 135.554764 10.461649
v 34.920418 133.975861 9.290006
v 35.414158 135.167877 9.292103
v 34.687206 135.894836 9.292103
v 33.892357 133.975861 9.290006
v 35.414158 135.167877 9.292103
v 36.606155 135.661621 9.297168
v 36.606155 136.689697 9.297168
v 34.687206 135.894836 9.292103
v 36.606155 135.661621 9.297168
v 37.798149 135.167877 9.302235
v 38.525101 135.894836 9.302235
v 36.606155 136.689697 9.297168
v 37.798149 135.167877 9.302235
v 38.291893 133.975861 9.304334
v 39.319942 133.975861 9.304334
v 38.525101 135.894836 9.302235
v 38.291893 133.975861 9.304334
v 37.798149 132.783844 9.302235
v 38.525101 132.056900 9.302235
v 39.319942 133.975861 9.304334
v 37.798149 132.783844 9.302235
v 36.606155 132.290100 9.297168
v 36.606155 131.262024 9.297168
v 38.525101 132.056900 9.302235
v 36.606155 132.290100 9.297168
v 35.414158 132.783844 9.292103
v 34.687206 132.056900 9.292103
v 36.606155 131.262024 9.297168
v 35.414158 132.783844 9.292103
v 34.920418 133.975861 9.290006
v 33.892357 133.975861 9.290006
v 34.687206 132.056900 9.292103
v 33.892357 133.975861 9.290006
v 34.687206 135.894836 9.292103
v 34.687206 135.894836 8.312468
v 33.892357 133.975861 8.310370
v 34.687206 135.894836 9.292103
v 36.606155 136.689697 9.297168
v 36.606155 136.689697 8.317533
v 34.687206 135.894836 8.312468
v 36.606155 136.689697 9.297168
v 38.525101 135.894836 9.302235
v 38.525101 135.894836 8.322599
v 36.606155 136.689697 8.317533
v 38.525101 135.894836 9.302235
v 39.319942 133.975861 9.304334
v 39.319942 133.975861 8.324698
v 38.525101 135.894836 8.322599
v 39.319942 133.975861 9.304334
v 38.525101 132.056900 9.302235
v 38.525101 132.056900 8.322599
v 39.319942 133.975861 8.324698
v 38.525101 132.056900 9.302235
v 36.606155 131.262024 9.297168
v 36.606155 131.262024 8.317533
v 38.525101 132.056900 8.322599
v 36.606155 131.262024 9.297168
v 34.687206 132.056900 9.292103
v 34.687206 132.056900 8.312468
v 36.606155 131.262024 8.317533
v 34.687206 132.056900 9.292103
v 33.892357 133.975861 9.290006
v 33.892357 133.975861 8.310370
v 34.687206 132.056900 8.312468
v 85.996231 55.370682 8.390739
v 85.840492 55.951897 8.390739
v 85.840508 55.951897 9.424236
v 85.996231 55.370682 9.424236
v 85.840492 55.951897 8.390739
v 85.415024 56.377384 8.390739
v 85.415024 56.377384 9.424236
v 85.840508 55.951897 9.424236
v 85.415024 56.377384 8.390739
v 84.833786 56.533112 8.390739
v 84.833786 56.533112 9.424236
v 85.415024 56.377384 9.424236
v 84.833786 56.533112 8.390739
v 84.252579 56.377384 8.390739
v 84.252579 56.377384 9.424236
v 84.833786 56.533112 9.424236
v 84.252579 56.377384 8.390739
v 83.827095 55.951897 8.390739
v 83.827095 55.951897 9.424236
v 84.252579 56.377384 9.424236
v 83.827095 55.951897 8.390739
v 83.671356 55.370682 8.390739
v 83.671356 55.370682 9.424236
v 83.827095 55.951897 9.424236
v 83.671356 55.370682 8.390739
v 83.827095 54.789467 8.390739
v 83.827095 54.789467 9.424236
v 83.671356 55.370682 9.424236
v 83.827095 54.789467 8.390739
v 84.252579 54.363976 8.390739
v 84.252579 54.363976 9.424236
v 83.827095 54.789467 9.424236
v 84.252579 54.363976 8.390739
v 84.833786 54.208252 8.390739
v 84.833786 54.208252 9.424236
v 84.252579 54.363976 9.424236
v 84.833786 54.208252 8.390739
v 85.415024 54.363976 8.390739
v 85.415024 54.363976 9.424236
v 84.833786 54.208252 9.424236
v 85.415024 54.363976 8.390739
v 85.840492 54.789467 8.390739
v 85.840492 54.789467 9.424236
v 85.415024 54.363976 9.424236
v 85.840492 54.789467 8.390739
v 85.996231 55.370682 8.390739
v 85.996231 55.370682 9.424236
v 85.840492 54.789467 9.424236
v 85.996231 55.370682 9.424236
v 85.840508 55.951897 9.424236
v 85.840508 55.631065 10.578909
v 85.996231 55.095276 10.389849
v 85.840508 55.951897 9.424236
v 85.415024 56.377384 9.424236
v 85.415024 56.023293 10.717313
v 85.840508 55.631065 10.578909
v 85.415024 56.377384 9.424236
v 84.833786 56.533112 9.424236
v 84.833786 56.166851 10.767971
v 85.415024 56.023293 10.717313
v 84.833786 56.533112 9.424236
v 84.252579 56.377384 9.424236
v 84.252579 56.023293 10.717313
v 84.833786 56.166851 10.767971
v 84.252579 56.377384 9.424236
v 83.827095 55.951897 9.424236
v 83.827095 55.631069 10.578909
v 84.252579 56.023293 10.717313
v 83.827095 55.951897 9.424236
v 83.671356 55.370682 9.424236
v 83.671356 55.095276 10.389845
v 83.827095 55.631069 10.578909
v 83.671356 55.370682 9.424236
v 83.827095 54.789467 9.424236
v 83.827095 54.559486 10.200785
v 83.671356 55.095276 10.389845
v 83.827095 54.789467 9.424236
v 84.252579 54.363976 9.424236
v 84.252579 54.167252 10.062380
v 83.827095 54.559486 10.200785
v 84.252579 54.363976 9.424236
v 84.833786 54.208252 9.424236
v 84.833786 54.023697 10.011723
v 84.252579 54.167252 10.062380
v 84.833786 54.208252 9.424236
v 85.415024 54.363976 9.424236
v 85.415024 54.167252 10.062380
v 84.833786 54.023697 10.011723
v 85.415024 54.363976 9.424236
v 85.840492 54.789467 9.424236
v 85.840508 54.559471 10.200783
v 85.415024 54.167252 10.062380
v 85.840492 54.789467 9.424236
v 85.996231 55.370682 9.424236
v 85.996231 55.095276 10.389849
v 85.840508 54.559471 10.200783
v 85.996231 55.095276 10.389849
v 85.840508 55.631065 10.578909
v 85.840508 53.997448 11.851821
v 85.996231 53.706795 11.429376
v 85.840508 55.631065 10.578909
v 85.415024 56.023293 10.717313
v 85.415024 54.210213 12.161071
v 85.840508 53.997448 11.851821
v 85.415024 56.023293 10.717313
v 84.833786 56.166851 10.767971
v 84.833786 54.288078 12.274266
v 85.415024 54.210213 12.161071
v 84.833786 56.166851 10.767971
v 84.252579 56.023293 10.717313
v 84.252579 54.210213 12.161071
v 84.833786 54.288078 12.274266
v 84.252579 56.023293 10.717313
v 83.827095 55.631069 10.578909
v 83.827095 53.997448 11.851818
v 84.252579 54.210213 12.161071
v 83.827095 55.631069 10.578909
v 83.671356 55.095276 10.389845
v 83.671356 53.706795 11.429376
v 83.827095 53.997448 11.851818
v 83.671356 55.095276 10.389845
v 83.827095 54.559486 10.200785
v 83.827095 53.416142 11.006927
v 83.671356 53.706795 11.429376
v 83.827095 54.559486 10.200785
v 84.252579 54.167252 10.062380
v 84.252579 53.203377 10.697676
v 83.827095 53.416142 11.006927
v 84.252579 54.167252 10.062380
v 84.833786 54.023697 10.011723
v 84.833786 53.125511 10.584482
v 84.252579 53.203377 10.697676
v 84.833786 54.023697 10.011723
v 85.415024 54.167252 10.062380
v 85.415024 53.203377 10.697676
v 84.833786 53.125511 10.584482
v 85.415024 54.167252 10.062380
v 85.840508 54.559471 10.200783
v 85.840492 53.416142 11.006927
v 85.415024 53.203377 10.697676
v 85.840508 54.559471 10.200783
v 85.996231 55.095276 10.389849
v 85.996231 53.706795 11.429376
v 85.840492 53.416142 11.006927
v 85.840492 55.951897 8.390739
v 85.996231 55.370682 8.390739
v 86.311134 55.370682 8.390739
v 86.113205 56.109348 8.390739
v 85.415024 56.377384 8.390739
v 85.572464 56.650093 8.390739
v 84.833786 56.533112 8.390739
v 84.833786 56.848022 8.390739
v 84.252579 56.377384 8.390739
v 84.095123 56.650093 8.390739
v 83.827095 55.951897 8.390739
v 83.554382 56.109348 8.390739
v 83.671356 55.370682 8.390739
v 83.356468 55.370682 8.390739
v 83.827095 54.789467 8.390739
v 83.554382 54.632011 8.390739
v 84.252579 54.363976 8.390739
v 84.095123 54.091267 8.390739
v 84.833786 54.208252 8.390739
v 84.833786 53.893333 8.390739
v 85.415024 54.363976 8.390739
v 85.572464 54.091267 8.390739
v 85.840492 54.789467 8.390739
v 86.113205 54.632011 8.390739
v 86.113205 56.109348 8.390739
v 86.311134 55.370682 8.390739
v 86.311134 55.370678 6.962502
v 86.113205 56.109344 6.962502
v 85.572464 56.650093 8.390739
v 86.113205 56.109348 8.390739
v 86.113205 56.109344 6.962502
v 85.572464 56.650089 6.962502
v 84.833786 56.848022 8.390739
v 85.572464 56.650093 8.390739
v 85.572464 56.650089 6.962502
v 84.833786 56.848022 6.962502
v 84.095123 56.650093 8.390739
v 84.833786 56.848022 8.390739
v 84.833786 56.848022 6.962502
v 84.095123 56.650089 6.962502
v 83.554382 56.109348 8.390739
v 84.095123 56.650093 8.390739
v 84.095123 56.650089 6.962502
v 83.554382 56.109344 6.962502
v 83.356468 55.370682 8.390739
v 83.554382 56.109348 8.390739
v 83.554382 56.109344 6.962502
v 83.356468 55.370678 6.962502
v 83.554382 54.632011 8.390739
v 83.356468 55.370682 8.390739
v 83.356468 55.370678 6.962502
v 83.554382 54.632011 6.962502
v 84.095123 54.091267 8.390739
v 83.554382 54.632011 8.390739
v 83.554382 54.632011 6.962502
v 84.095123 54.091263 6.962502
v 84.833786 53.893333 8.390739
v 84.095123 54.091267 8.390739
v 84.095123 54.091263 6.962502
v 84.833786 53.893333 6.962502
v 85.572464 54.091267 8.390739
v 84.833786 53.893333 8.390739
v 84.833786 53.893333 6.962502
v 85.572464 54.091263 6.962502
v 86.113205 54.632011 8.390739
v 85.572464 54.091267 8.390739
v 85.572464 54.091263 6.962502
v 86.113205 54.632011 6.962502
v 86.311134 55.370682 8.390739
v 86.113205 54.632011 8.390739
v 86.113205 54.632011 6.962502
v 86.311134 55.370678 6.962502
v 85.996231 53.706795 11.429376
v 85.840508 53.997448 11.851821
v 85.840508 52.035667 12.159842
v 85.996231 52.035080 11.672033
v 85.840508 53.997448 11.851821
v 85.415024 54.210213 12.161071
v 85.415024 52.036098 12.516942
v 85.840508 52.035667 12.159842
v 85.415024 54.210213 12.161071
v 84.833786 54.288078 12.274266
v 84.833786 52.036255 12.647650
v 85.415024 52.036098 12.516942
v 84.833786 54.288078 12.274266
v 84.252579 54.210213 12.161071
v 84.252579 52.036098 12.516942
v 84.833786 52.036255 12.647650
v 84.252579 54.210213 12.161071
v 83.827095 53.997448 11.851818
v 83.827095 52.035667 12.159842
v 84.252579 52.036098 12.516942
v 83.827095 53.997448 11.851818
v 83.671356 53.706795 11.429376
v 83.671356 52.035080 11.672033
v 83.827095 52.035667 12.159842
v 83.671356 53.706795 11.429376
v 83.827095 53.416142 11.006927
v 83.827095 52.034508 11.184229
v 83.671356 52.035080 11.672033
v 83.827095 53.416142 11.006927
v 84.252579 53.203377 10.697676
v 84.252579 52.034073 10.827128
v 83.827095 52.034508 11.184229
v 84.252579 53.203377 10.697676
v 84.833786 53.125511 10.584482
v 84.833786 52.033913 10.696419
v 84.252579 52.034073 10.827128
v 84.833786 53.125511 10.584482
v 85.415024 53.203377 10.697676
v 85.415024 52.034073 10.827128
v 84.833786 52.033913 10.696419
v 85.415024 53.203377 10.697676
v 85.840492 53.416142 11.006927
v 85.840492 52.034508 11.184225
v 85.415024 52.034073 10.827128
v 85.840492 53.416142 11.006927
v 85.996231 53.706795 11.429376
v 85.996231 52.035080 11.672033
v 85.840492 52.034508 11.184225
v 85.840508 52.035667 12.159842
v 85.840508 51.306309 12.159842
v 85.996231 51.305733 11.672034
v 85.996231 52.035080 11.672033
v 85.415024 52.036098 12.516942
v 85.415024 51.306732 12.516943
v 85.840508 51.306309 12.159842
v 85.840508 52.035667 12.159842
v 84.833786 52.036255 12.647650
v 84.833786 51.306896 12.647651
v 85.415024 51.306732 12.516943
v 85.415024 52.036098 12.516942
v 84.252579 52.036098 12.516942
v 84.252579 51.306732 12.516943
v 84.833786 51.306896 12.647651
v 84.833786 52.036255 12.647650
v 83.827095 52.035667 12.159842
v 83.827095 51.306309 12.159842
v 84.252579 51.306732 12.516943
v 84.252579 52.036098 12.516942
v 83.671356 52.035080 11.672033
v 83.671356 51.305733 11.672037
v 83.827095 51.306309 12.159842
v 83.827095 52.035667 12.159842
v 83.827095 52.034508 11.184229
v 83.827095 51.305138 11.184226
v 83.671356 51.305733 11.672037
v 83.671356 52.035080 11.672033
v 84.252579 52.034073 10.827128
v 84.252579 51.304710 10.827129
v 83.827095 51.305138 11.184226
v 83.827095 52.034508 11.184229
v 84.833786 52.033913 10.696419
v 84.833786 51.304558 10.696420
v 84.252579 51.304710 10.827129
v 84.252579 52.034073 10.827128
v 85.415024 52.034073 10.827128
v 85.415024 51.304710 10.827129
v 84.833786 51.304558 10.696420
v 84.833786 52.033913 10.696419
v 85.840492 52.034508 11.184225
v 85.840508 51.305138 11.184226
v 85.415024 51.304710 10.827129
v 85.415024 52.034073 10.827128
v 85.996231 52.035080 11.672033
v 85.996231 51.305733 11.672034
v 85.840508 51.305138 11.184226
v 85.840492 52.034508 11.184225
v 85.996231 46.225124 11.672034
v 85.840508 46.225712 12.159842
v 86.298264 46.225983 12.381660
v 86.524826 46.225124 11.672034
v 85.840508 46.225712 12.159842
v 85.415024 46.226143 12.516943
v 85.679314 46.226589 12.901145
v 86.298264 46.225983 12.381660
v 85.415024 46.226143 12.516943
v 84.833786 46.226303 12.647651
v 84.833786 46.226822 13.091286
v 85.679314 46.226589 12.901145
v 84.833786 46.226303 12.647651
v 84.252579 46.226143 12.516943
v 83.988274 46.226589 12.901145
v 84.833786 46.226822 13.091286
v 84.252579 46.226143 12.516943
v 83.827095 46.225712 12.159842
v 83.369324 46.225983 12.381663
v 83.988274 46.226589 12.901145
v 83.827095 46.225712 12.159842
v 83.671356 46.225124 11.672034
v 83.142776 46.225124 11.672037
v 83.369324 46.225983 12.381663
v 83.671356 46.225124 11.672034
v 83.827095 46.224548 11.184226
v 83.369324 46.224281 10.962410
v 83.142776 46.225124 11.672037
v 83.827095 46.224548 11.184226
v 84.252579 46.224121 10.827129
v 83.988289 46.223652 10.442928
v 83.369324 46.224281 10.962410
v 84.252579 46.224121 10.827129
v 84.833786 46.223953 10.696420
v 84.833786 46.223434 10.252785
v 83.988289 46.223652 10.442928
v 84.833786 46.223953 10.696420
v 85.415024 46.224121 10.827129
v 85.679314 46.223652 10.442928
v 84.833786 46.223434 10.252785
v 85.415024 46.224121 10.827129
v 85.840508 46.224548 11.184226
v 86.298264 46.224281 10.962410
v 85.679314 46.223652 10.442928
v 85.840508 46.224548 11.184226
v 85.996231 46.225124 11.672034
v 86.524826 46.225124 11.672034
v 86.298264 46.224281 10.962410
v 86.524826 46.225124 11.672034
v 86.298264 46.225983 12.381660
v 86.298264 45.396805 12.381660
v 86.524826 45.395950 11.672034
v 86.298264 46.225983 12.381660
v 85.679314 46.226589 12.901145
v 85.679314 45.397430 12.901145
v 86.298264 45.396805 12.381660
v 85.679314 46.226589 12.901145
v 84.833786 46.226822 13.091286
v 84.833786 45.397648 13.091286
v 85.679314 45.397430 12.901145
v 84.833786 46.226822 13.091286
v 83.988274 46.226589 12.901145
v 83.988274 45.397430 12.901145
v 84.833786 45.397648 13.091286
v 83.988274 46.226589 12.901145
v 83.369324 46.225983 12.381663
v 83.369324 45.396805 12.381663
v 83.988274 45.397430 12.901145
v 83.369324 46.225983 12.381663
v 83.142776 46.225124 11.672037
v 83.142761 45.395950 11.672037
v 83.369324 45.396805 12.381663
v 83.142776 46.225124 11.672037
v 83.369324 46.224281 10.962410
v 83.369324 45.395100 10.962410
v 83.142761 45.395950 11.672037
v 83.369324 46.224281 10.962410
v 83.988289 46.223652 10.442928
v 83.988289 45.394478 10.442928
v 83.369324 45.395100 10.962410
v 83.988289 46.223652 10.442928
v 84.833786 46.223434 10.252785
v 84.833786 45.394257 10.252785
v 83.988289 45.394478 10.442928
v 84.833786 46.223434 10.252785
v 85.679314 46.223652 10.442928
v 85.679314 45.394478 10.442928
v 84.833786 45.394257 10.252785
v 85.679314 46.223652 10.442928
v 86.298264 46.224281 10.962410
v 86.298264 45.395107 10.962410
v 85.679314 45.394478 10.442928
v 86.298264 46.224281 10.962410
v 86.524826 46.225124 11.672034
v 86.524826 45.395950 11.672034
v 86.298264 45.395107 10.962410
v 86.524826 45.395950 11.672034
v 86.298264 45.396805 12.381660
v 85.820595 45.396530 12.150202
v 85.973251 45.395950 11.672034
v 86.298264 45.396805 12.381660
v 85.679314 45.397430 12.901145
v 85.403526 45.396942 12.500244
v 85.820595 45.396530 12.150202
v 85.679314 45.397430 12.901145
v 84.833786 45.397648 13.091286
v 84.833786 45.397095 12.628367
v 85.403526 45.396942 12.500244
v 84.833786 45.397648 13.091286
v 83.988274 45.397430 12.901145
v 84.264061 45.396942 12.500244
v 84.833786 45.397095 12.628367
v 83.988274 45.397430 12.901145
v 83.369324 45.396805 12.381663
v 83.846992 45.396523 12.150202
v 84.264061 45.396942 12.500244
v 83.369324 45.396805 12.381663
v 83.142761 45.395950 11.672037
v 83.694336 45.395950 11.672037
v 83.846992 45.396523 12.150202
v 83.142761 45.395950 11.672037
v 83.369324 45.395100 10.962410
v 83.846992 45.395378 11.193872
v 83.694336 45.395950 11.672037
v 83.369324 45.395100 10.962410
v 83.988289 45.394478 10.442928
v 84.264061 45.394966 10.843829
v 83.846992 45.395378 11.193872
v 83.988289 45.394478 10.442928
v 84.833786 45.394257 10.252785
v 84.833786 45.394802 10.715703
v 84.264061 45.394966 10.843829
v 84.833786 45.394257 10.252785
v 85.679314 45.394478 10.442928
v 85.403526 45.394966 10.843829
v 84.833786 45.394802 10.715703
v 85.679314 45.394478 10.442928
v 86.298264 45.395107 10.962410
v 85.820595 45.395378 11.193870
v 85.403526 45.394966 10.843829
v 86.298264 45.395107 10.962410
v 86.524826 45.395950 11.672034
v 85.973251 45.395950 11.672034
v 85.820595 45.395378 11.193870
v 85.973251 45.395950 11.672034
v 85.820595 45.396530 12.150202
v 85.868340 34.225082 12.050063
v 86.028366 34.308353 11.553658
v 85.820595 45.396530 12.150202
v 85.403526 45.396942 12.500244
v 85.431091 34.164112 12.413452
v 85.868340 34.225082 12.050063
v 85.403526 45.396942 12.500244
v 84.833786 45.397095 12.628367
v 84.833786 34.141811 12.546462
v 85.431091 34.164112 12.413452
v 84.833786 45.397095 12.628367
v 84.264061 45.396942 12.500244
v 84.236511 34.164112 12.413452
v 84.833786 34.141811 12.546462
v 84.264061 45.396942 12.500244
v 83.846992 45.396523 12.150202
v 83.799263 34.225082 12.050059
v 84.236511 34.164112 12.413452
v 83.846992 45.396523 12.150202
v 83.694336 45.395950 11.672037
v 83.639221 34.308342 11.553660
v 83.799263 34.225082 12.050059
v 83.694336 45.395950 11.672037
v 83.846992 45.395378 11.193872
v 83.799263 34.391621 11.057258
v 83.639221 34.308342 11.553660
v 83.846992 45.395378 11.193872
v 84.264061 45.394966 10.843829
v 84.236511 34.452583 10.693866
v 83.799263 34.391621 11.057258
v 84.264061 45.394966 10.843829
v 84.833786 45.394802 10.715703
v 84.833786 34.474903 10.560856
v 84.236511 34.452583 10.693866
v 84.833786 45.394802 10.715703
v 85.403526 45.394966 10.843829
v 85.431091 34.452583 10.693866
v 84.833786 34.474903 10.560856
v 85.403526 45.394966 10.843829
v 85.820595 45.395378 11.193870
v 85.868324 34.391632 11.057258
v 85.431091 34.452583 10.693866
v 85.820595 45.395378 11.193870
v 85.973251 45.395950 11.672034
v 86.028366 34.308353 11.553658
v 85.868324 34.391632 11.057258
v 86.028366 34.308353 11.553658
v 85.868340 34.225082 12.050063
v 85.820595 32.213402 11.262767
v 85.973251 32.520905 10.860231
v 85.868340 34.225082 12.050063
v 85.431091 34.164112 12.413452
v 85.403526 31.988285 11.557436
v 85.820595 32.213402 11.262767
v 85.431091 34.164112 12.413452
v 84.833786 34.141811 12.546462
v 84.833786 31.905888 11.665290
v 85.403526 31.988285 11.557436
v 84.833786 34.141811 12.546462
v 84.236511 34.164112 12.413452
v 84.264061 31.988285 11.557433
v 84.833786 31.905888 11.665290
v 84.236511 34.164112 12.413452
v 83.799263 34.225082 12.050059
v 83.846992 32.213394 11.262760
v 84.264061 31.988285 11.557433
v 83.799263 34.225082 12.050059
v 83.639221 34.308342 11.553660
v 83.694336 32.520905 10.860229
v 83.846992 32.213394 11.262760
v 83.639221 34.308342 11.553660
v 83.799263 34.391621 11.057258
v 83.846992 32.828407 10.457698
v 83.694336 32.520905 10.860229
v 83.799263 34.391621 11.057258
v 84.236511 34.452583 10.693866
v 84.264061 33.053513 10.163026
v 83.846992 32.828407 10.457698
v 84.236511 34.452583 10.693866
v 84.833786 34.474903 10.560856
v 84.833786 33.135914 10.055170
v 84.264061 33.053513 10.163026
v 84.833786 34.474903 10.560856
v 85.431091 34.452583 10.693866
v 85.403526 33.053528 10.163028
v 84.833786 33.135914 10.055170
v 85.431091 34.452583 10.693866
v 85.868324 34.391632 11.057258
v 85.820595 32.828411 10.457702
v 85.403526 33.053528 10.163028
v 85.868324 34.391632 11.057258
v 86.028366 34.308353 11.553658
v 85.973251 32.520905 10.860231
v 85.820595 32.828411 10.457702
v 85.973251 32.520905 10.860231
v 85.820595 32.213402 11.262767
v 85.820595 31.014591 10.290547
v 85.973251 31.371803 9.918037
v 85.820595 32.213402 11.262767
v 85.403526 31.988285 11.557436
v 85.403526 30.753105 10.563241
v 85.820595 31.014591 10.290547
v 85.403526 31.988285 11.557436
v 84.833786 31.905888 11.665290
v 84.833786 30.657394 10.663054
v 85.403526 30.753105 10.563241
v 84.833786 31.905888 11.665290
v 84.264061 31.988285 11.557433
v 84.264061 30.753105 10.563241
v 84.833786 30.657394 10.663054
v 84.264061 31.988285 11.557433
v 83.846992 32.213394 11.262760
v 83.846992 31.014591 10.290546
v 84.264061 30.753105 10.563241
v 83.846992 32.213394 11.262760
v 83.694336 32.520905 10.860229
v 83.694336 31.371784 9.918035
v 83.846992 31.014591 10.290546
v 83.694336 32.520905 10.860229
v 83.846992 32.828407 10.457698
v 83.846992 31.728992 9.545527
v 83.694336 31.371784 9.918035
v 83.846992 32.828407 10.457698
v 84.264061 33.053513 10.163026
v 84.264076 31.990490 9.272833
v 83.846992 31.728992 9.545527
v 84.264061 33.053513 10.163026
v 84.833786 33.135914 10.055170
v 84.833786 32.086205 9.173023
v 84.264076 31.990490 9.272833
v 84.833786 33.135914 10.055170
v 85.403526 33.053528 10.163028
v 85.403526 31.990490 9.272835
v 84.833786 32.086205 9.173023
v 85.403526 33.053528 10.163028
v 85.820595 32.828411 10.457702
v 85.820595 31.728992 9.545532
v 85.403526 31.990490 9.272835
v 85.820595 32.828411 10.457702
v 85.973251 32.520905 10.860231
v 85.973251 31.371803 9.918037
v 85.820595 31.728992 9.545532
v 85.973251 31.371803 9.918037
v 85.820595 31.014591 10.290547
v 86.422081 30.796875 10.517601
v 86.667793 31.371803 9.918036
v 85.820595 31.014591 10.290547
v 85.403526 30.753105 10.563241
v 85.750801 30.375988 10.956510
v 86.422081 30.796875 10.517601
v 85.403526 30.753105 10.563241
v 84.833786 30.657394 10.663054
v 84.833786 30.221947 11.117159
v 85.750801 30.375988 10.956510
v 84.833786 30.657394 10.663054
v 84.264061 30.753105 10.563241
v 83.916801 30.375988 10.956509
v 84.833786 30.221947 11.117159
v 84.264061 30.753105 10.563241
v 83.846992 31.014591 10.290546
v 83.245522 30.796867 10.517598
v 83.916801 30.375988 10.956509
v 83.846992 31.014591 10.290546
v 83.694336 31.371784 9.918035
v 82.999809 31.371784 9.918032
v 83.245522 30.796867 10.517598
v 83.694336 31.371784 9.918035
v 83.846992 31.728992 9.545527
v 83.245506 31.946712 9.318470
v 82.999809 31.371784 9.918032
v 83.846992 31.728992 9.545527
v 84.264076 31.990490 9.272833
v 83.916801 32.367592 8.879565
v 83.245506 31.946712 9.318470
v 84.264076 31.990490 9.272833
v 84.833786 32.086205 9.173023
v 84.833786 32.521648 8.718917
v 83.916801 32.367592 8.879565
v 84.833786 32.086205 9.173023
v 85.403526 31.990490 9.272835
v 85.750801 32.367592 8.879568
v 84.833786 32.521648 8.718917
v 85.403526 31.990490 9.272835
v 85.820595 31.728992 9.545532
v 86.422081 31.946724 9.318480
v 85.750801 32.367592 8.879568
v 85.820595 31.728992 9.545532
v 85.973251 31.371803 9.918037
v 86.667793 31.371803 9.918036
v 86.422081 31.946724 9.318480
v 86.667793 31.371803 9.918036
v 86.422081 30.796875 10.517601
v 86.422081 29.101318 8.989230
v 86.667793 29.562187 8.323872
v 86.422081 30.796875 10.517601
v 85.750801 30.375988 10.956510
v 85.750801 28.763916 9.476300
v 86.422081 29.101318 8.989230
v 85.750801 30.375988 10.956510
v 84.833786 30.221947 11.117159
v 84.833786 28.640442 9.654577
v 85.750801 28.763916 9.476300
v 84.833786 30.221947 11.117159
v 83.916801 30.375988 10.956509
v 83.916801 28.763916 9.476298
v 84.833786 28.640442 9.654577
v 83.916801 30.375988 10.956509
v 83.245522 30.796867 10.517598
v 83.245522 29.101292 8.989227
v 83.916801 28.763916 9.476298
v 83.245522 30.796867 10.517598
v 82.999809 31.371784 9.918032
v 82.999809 29.562153 8.323872
v 83.245522 29.101292 8.989227
v 82.999809 31.371784 9.918032
v 83.245506 31.946712 9.318470
v 83.245506 30.023029 7.658519
v 82.999809 29.562153 8.323872
v 83.245506 31.946712 9.318470
v 83.916801 32.367592 8.879565
v 83.916801 30.360420 7.171449
v 83.245506 30.023029 7.658519
v 83.916801 32.367592 8.879565
v 84.833786 32.521648 8.718917
v 84.833786 30.483913 6.993172
v 83.916801 30.360420 7.171449
v 84.833786 32.521648 8.718917
v 85.750801 32.367592 8.879568
v 85.750801 30.360428 7.171452
v 84.833786 30.483913 6.993172
v 85.750801 32.367592 8.879568
v 86.422081 31.946724 9.318480
v 86.422081 30.023060 7.658525
v 85.750801 30.360428 7.171452
v 86.422081 31.946724 9.318480
v 86.667793 31.371803 9.918036
v 86.667793 29.562187 8.323872
v 86.422081 30.023060 7.658525
v 86.199432 50.453659 12.402797
v 86.432724 50.453064 11.671933
v 86.432724 51.313599 11.672132
v 86.199341 51.314186 12.402922
v 85.604263 50.454090 12.902340
v 86.199432 50.453659 12.402797
v 86.199341 51.314186 12.402922
v 85.604187 51.314621 12.902372
v 84.833786 50.454254 13.075606
v 85.604263 50.454090 12.902340
v 85.604187 51.314621 12.902372
v 84.833786 51.314781 13.075606
v 84.063339 50.454090 12.902343
v 84.833786 50.454254 13.075606
v 84.833786 51.314781 13.075606
v 84.063408 51.314621 12.902357
v 83.468170 50.453659 12.402801
v 84.063339 50.454090 12.902343
v 84.063408 51.314621 12.902357
v 83.468285 51.314186 12.402898
v 83.234871 50.453064 11.671936
v 83.468170 50.453659 12.402801
v 83.468285 51.314186 12.402898
v 83.234932 51.313599 11.672138
v 83.468246 50.452469 10.941152
v 83.234871 50.453064 11.671936
v 83.234932 51.313599 11.672138
v 83.468201 51.312996 10.941299
v 84.063400 50.452030 10.441703
v 83.468246 50.452469 10.941152
v 83.468201 51.312996 10.941299
v 84.063354 51.312569 10.441749
v 84.833786 50.451866 10.268467
v 84.063400 50.452030 10.441703
v 84.063354 51.312569 10.441749
v 84.833786 51.312401 10.268467
v 85.604187 50.452030 10.441703
v 84.833786 50.451866 10.268467
v 84.833786 51.312401 10.268467
v 85.604263 51.312569 10.441732
v 86.199341 50.452469 10.941149
v 85.604187 50.452030 10.441703
v 85.604263 51.312569 10.441732
v 86.199432 51.312996 10.941273
v 86.432724 50.453064 11.671933
v 86.199341 50.452469 10.941149
v 86.199432 51.312996 10.941273
v 86.432724 51.313599 11.672132
v 85.840508 46.225712 12.159842
v 85.996231 46.225124 11.672034
v 85.996231 50.460938 11.672034
v 85.840508 50.461517 12.159842
v 85.415024 46.226143 12.516943
v 85.840508 46.225712 12.159842
v 85.840508 50.461517 12.159842
v 85.415024 50.461948 12.516946
v 84.833786 46.226303 12.647651
v 85.415024 46.226143 12.516943
v 85.415024 50.461948 12.516946
v 84.833786 50.462097 12.647651
v 84.252579 46.226143 12.516943
v 84.833786 46.226303 12.647651
v 84.833786 50.462097 12.647651
v 84.252579 50.461948 12.516946
v 83.827095 46.225712 12.159842
v 84.252579 46.226143 12.516943
v 84.252579 50.461948 12.516946
v 83.827095 50.461517 12.159845
v 83.671356 46.225124 11.672034
v 83.827095 46.225712 12.159842
v 83.827095 50.461517 12.159845
v 83.671356 50.460938 11.672034
v 83.827095 46.224548 11.184226
v 83.671356 46.225124 11.672034
v 83.671356 50.460938 11.672034
v 83.827095 50.460342 11.184226
v 84.252579 46.224121 10.827129
v 83.827095 46.224548 11.184226
v 83.827095 50.460342 11.184226
v 84.252579 50.459923 10.827129
v 84.833786 46.223953 10.696420
v 84.252579 46.224121 10.827129
v 84.252579 50.459923 10.827129
v 84.833786 50.459770 10.696420
v 85.415024 46.224121 10.827129
v 84.833786 46.223953 10.696420
v 84.833786 50.459770 10.696420
v 85.415024 50.459923 10.827129
v 85.840508 46.224548 11.184226
v 85.415024 46.224121 10.827129
v 85.415024 50.459923 10.827129
v 85.840508 50.460342 11.184230
v 85.996231 46.225124 11.672034
v 85.840508 46.224548 11.184226
v 85.840508 50.460342 11.184230
v 85.996231 50.460938 11.672034
v 85.996231 51.305733 11.672034
v 85.840508 51.306309 12.159842
v 86.199341 51.314186 12.402922
v 86.432724 51.313599 11.672132
v 85.840508 51.306309 12.159842
v 85.415024 51.306732 12.516943
v 85.604187 51.314621 12.902372
v 86.199341 51.314186 12.402922
v 85.415024 51.306732 12.516943
v 84.833786 51.306896 12.647651
v 84.833786 51.314781 13.075606
v 85.604187 51.314621 12.902372
v 84.833786 51.306896 12.647651
v 84.252579 51.306732 12.516943
v 84.063408 51.314621 12.902357
v 84.833786 51.314781 13.075606
v 84.252579 51.306732 12.516943
v 83.827095 51.306309 12.159842
v 83.468285 51.314186 12.402898
v 84.063408 51.314621 12.902357
v 83.827095 51.306309 12.159842
v 83.671356 51.305733 11.672037
v 83.234932 51.313599 11.672138
v 83.468285 51.314186 12.402898
v 83.671356 51.305733 11.672037
v 83.827095 51.305138 11.184226
v 83.468201 51.312996 10.941299
v 83.234932 51.313599 11.672138
v 83.827095 51.305138 11.184226
v 84.252579 51.304710 10.827129
v 84.063354 51.312569 10.441749
v 83.468201 51.312996 10.941299
v 84.252579 51.304710 10.827129
v 84.833786 51.304558 10.696420
v 84.833786 51.312401 10.268467
v 84.063354 51.312569 10.441749
v 84.833786 51.304558 10.696420
v 85.415024 51.304710 10.827129
v 85.604263 51.312569 10.441732
v 84.833786 51.312401 10.268467
v 85.415024 51.304710 10.827129
v 85.840508 51.305138 11.184226
v 86.199432 51.312996 10.941273
v 85.604263 51.312569 10.441732
v 85.840508 51.305138 11.184226
v 85.996231 51.305733 11.672034
v 86.432724 51.313599 11.672132
v 86.199432 51.312996 10.941273
v 85.840508 50.461517 12.159842
v 85.996231 50.460938 11.672034
v 86.432724 50.453064 11.671933
v 86.199432 50.453659 12.402797
v 85.996231 50.460938 11.672034
v 85.840508 50.460342 11.184230
v 86.199341 50.452469 10.941149
v 86.432724 50.453064 11.671933
v 85.840508 50.460342 11.184230
v 85.415024 50.459923 10.827129
v 85.604187 50.452030 10.441703
v 86.199341 50.452469 10.941149
v 85.415024 50.459923 10.827129
v 84.833786 50.459770 10.696420
v 84.833786 50.451866 10.268467
v 85.604187 50.452030 10.441703
v 84.833786 50.459770 10.696420
v 84.252579 50.459923 10.827129
v 84.063400 50.452030 10.441703
v 84.833786 50.451866 10.268467
v 84.252579 50.459923 10.827129
v 83.827095 50.460342 11.184226
v 83.468246 50.452469 10.941152
v 84.063400 50.452030 10.441703
v 83.827095 50.460342 11.184226
v 83.671356 50.460938 11.672034
v 83.234871 50.453064 11.671936
v 83.468246 50.452469 10.941152
v 83.671356 50.460938 11.672034
v 83.827095 50.461517 12.159845
v 83.468170 50.453659 12.402801
v 83.234871 50.453064 11.671936
v 83.827095 50.461517 12.159845
v 84.252579 50.461948 12.516946
v 84.063339 50.454090 12.902343
v 83.468170 50.453659 12.402801
v 84.252579 50.461948 12.516946
v 84.833786 50.462097 12.647651
v 84.833786 50.454254 13.075606
v 84.063339 50.454090 12.902343
v 84.833786 50.462097 12.647651
v 85.415024 50.461948 12.516946
v 85.604263 50.454090 12.902340
v 84.833786 50.454254 13.075606
v 85.415024 50.461948 12.516946
v 85.840508 50.461517 12.159842
v 86.199432 50.453659 12.402797
v 85.604263 50.454090 12.902340
v 92.534088 60.707561 9.157063
v 92.378342 61.288773 9.157063
v 92.378342 61.288773 10.190558
v 92.534088 60.707561 10.190558
v 92.378342 61.288773 9.157063
v 91.952866 61.714264 9.157063
v 91.952866 61.714264 10.190558
v 92.378342 61.288773 10.190558
v 91.952866 61.714264 9.157063
v 91.371658 61.869987 9.157063
v 91.371658 61.869987 10.190558
v 91.952866 61.714264 10.190558
v 91.371658 61.869987 9.157063
v 90.790421 61.714264 9.157063
v 90.790421 61.714264 10.190558
v 91.371658 61.869987 10.190558
v 90.790421 61.714264 9.157063
v 90.364952 61.288773 9.157063
v 90.364952 61.288773 10.190558
v 90.790421 61.714264 10.190558
v 90.364952 61.288773 9.157063
v 90.209198 60.707561 9.157063
v 90.209198 60.707561 10.190558
v 90.364952 61.288773 10.190558
v 90.209198 60.707561 9.157063
v 90.364952 60.126343 9.157063
v 90.364952 60.126343 10.190558
v 90.209198 60.707561 10.190558
v 90.364952 60.126343 9.157063
v 90.790421 59.700859 9.157063
v 90.790421 59.700859 10.190558
v 90.364952 60.126343 10.190558
v 90.790421 59.700859 9.157063
v 91.371658 59.545128 9.157063
v 91.371658 59.545128 10.190558
v 90.790421 59.700859 10.190558
v 91.371658 59.545128 9.157063
v 91.952866 59.700859 9.157063
v 91.952866 59.700859 10.190558
v 91.371658 59.545128 10.190558
v 91.952866 59.700859 9.157063
v 92.378342 60.126343 9.157063
v 92.378342 60.126343 10.190558
v 91.952866 59.700859 10.190558
v 92.378342 60.126343 9.157063
v 92.534088 60.707561 9.157063
v 92.534088 60.707561 10.190558
v 92.378342 60.126343 10.190558
v 92.534088 60.707561 10.190558
v 92.378342 61.288773 10.190558
v 92.378342 60.967945 11.345231
v 92.534088 60.432156 11.156169
v 92.378342 61.288773 10.190558
v 91.952866 61.714264 10.190558
v 91.952866 61.360176 11.483633
v 92.378342 60.967945 11.345231
v 91.952866 61.714264 10.190558
v 91.371658 61.869987 10.190558
v 91.371658 61.503731 11.534293
v 91.952866 61.360176 11.483633
v 91.371658 61.869987 10.190558
v 90.790421 61.714264 10.190558
v 90.790421 61.360176 11.483633
v 91.371658 61.503731 11.534293
v 90.790421 61.714264 10.190558
v 90.364952 61.288773 10.190558
v 90.364952 60.967949 11.345231
v 90.790421 61.360176 11.483633
v 90.364952 61.288773 10.190558
v 90.209198 60.707561 10.190558
v 90.209198 60.432156 11.156169
v 90.364952 60.967949 11.345231
v 90.209198 60.707561 10.190558
v 90.364952 60.126343 10.190558
v 90.364952 59.896366 10.967107
v 90.209198 60.432156 11.156169
v 90.364952 60.126343 10.190558
v 90.790421 59.700859 10.190558
v 90.790421 59.504135 10.828702
v 90.364952 59.896366 10.967107
v 90.790421 59.700859 10.190558
v 91.371658 59.545128 10.190558
v 91.371658 59.360580 10.778044
v 90.790421 59.504135 10.828702
v 91.371658 59.545128 10.190558
v 91.952866 59.700859 10.190558
v 91.952866 59.504135 10.828702
v 91.371658 59.360580 10.778044
v 91.952866 59.700859 10.190558
v 92.378342 60.126343 10.190558
v 92.378342 59.896362 10.967105
v 91.952866 59.504135 10.828702
v 92.378342 60.126343 10.190558
v 92.534088 60.707561 10.190558
v 92.534088 60.432156 11.156169
v 92.378342 59.896362 10.967105
v 92.534088 60.432156 11.156169
v 92.378342 60.967945 11.345231
v 92.378342 59.334328 12.618143
v 92.534088 59.043678 12.195699
v 92.378342 60.967945 11.345231
v 91.952866 61.360176 11.483633
v 91.952866 59.547089 12.927393
v 92.378342 59.334328 12.618143
v 91.952866 61.360176 11.483633
v 91.371658 61.503731 11.534293
v 91.371658 59.624962 13.040588
v 91.952866 59.547089 12.927393
v 91.371658 61.503731 11.534293
v 90.790421 61.360176 11.483633
v 90.790421 59.547089 12.927393
v 91.371658 59.624962 13.040588
v 90.790421 61.360176 11.483633
v 90.364952 60.967949 11.345231
v 90.364952 59.334328 12.618143
v 90.790421 59.547089 12.927393
v 90.364952 60.967949 11.345231
v 90.209198 60.432156 11.156169
v 90.209198 59.043678 12.195699
v 90.364952 59.334328 12.618143
v 90.209198 60.432156 11.156169
v 90.364952 59.896366 10.967107
v 90.364952 58.753021 11.773251
v 90.209198 59.043678 12.195699
v 90.364952 59.896366 10.967107
v 90.790421 59.504135 10.828702
v 90.790421 58.540260 11.463997
v 90.364952 58.753021 11.773251
v 90.790421 59.504135 10.828702
v 91.371658 59.360580 10.778044
v 91.371658 58.462387 11.350805
v 90.790421 58.540260 11.463997
v 91.371658 59.360580 10.778044
v 91.952866 59.504135 10.828702
v 91.952866 58.540260 11.463997
v 91.371658 58.462387 11.350805
v 91.952866 59.504135 10.828702
v 92.378342 59.896362 10.967105
v 92.378342 58.753021 11.773251
v 91.952866 58.540260 11.463997
v 92.378342 59.896362 10.967105
v 92.534088 60.432156 11.156169
v 92.534088 59.043678 12.195699
v 92.378342 58.753021 11.773251
v 92.378342 61.288773 9.157063
v 92.534088 60.707561 9.157063
v 92.848991 60.707561 9.157063
v 92.651062 61.446236 9.157063
v 91.952866 61.714264 9.157063
v 92.110313 61.986980 9.157063
v 91.371658 61.869987 9.157063
v 91.371658 62.184902 9.157063
v 90.790421 61.714264 9.157063
v 90.632965 61.986980 9.157063
v 90.364952 61.288773 9.157063
v 90.092224 61.446236 9.157063
v 90.209198 60.707561 9.157063
v 89.894302 60.707561 9.157063
v 90.364952 60.126343 9.157063
v 90.092224 59.968895 9.157063
v 90.790421 59.700859 9.157063
v 90.632965 59.428146 9.157063
v 91.371658 59.545128 9.157063
v 91.371658 59.230217 9.157063
v 91.952866 59.700859 9.157063
v 92.110313 59.428146 9.157063
v 92.378342 60.126343 9.157063
v 92.651062 59.968895 9.157063
v 92.651062 61.446236 9.157063
v 92.848991 60.707561 9.157063
v 92.848991 60.707561 7.728826
v 92.651062 61.446236 7.728825
v 92.110313 61.986980 9.157063
v 92.651062 61.446236 9.157063
v 92.651062 61.446236 7.728825
v 92.110313 61.986980 7.728825
v 91.371658 62.184902 9.157063
v 92.110313 61.986980 9.157063
v 92.110313 61.986980 7.728825
v 91.371658 62.184902 7.728825
v 90.632965 61.986980 9.157063
v 91.371658 62.184902 9.157063
v 91.371658 62.184902 7.728825
v 90.632965 61.986980 7.728825
v 90.092224 61.446236 9.157063
v 90.632965 61.986980 9.157063
v 90.632965 61.986980 7.728825
v 90.092224 61.446236 7.728825
v 89.894302 60.707561 9.157063
v 90.092224 61.446236 9.157063
v 90.092224 61.446236 7.728825
v 89.894302 60.707561 7.728826
v 90.092224 59.968895 9.157063
v 89.894302 60.707561 9.157063
v 89.894302 60.707561 7.728826
v 90.092224 59.968895 7.728826
v 90.632965 59.428146 9.157063
v 90.092224 59.968895 9.157063
v 90.092224 59.968895 7.728826
v 90.632965 59.428146 7.728826
v 91.371658 59.230217 9.157063
v 90.632965 59.428146 9.157063
v 90.632965 59.428146 7.728826
v 91.371658 59.230217 7.728826
v 92.110313 59.428146 9.157063
v 91.371658 59.230217 9.157063
v 91.371658 59.230217 7.728826
v 92.110313 59.428146 7.728826
v 92.651062 59.968895 9.157063
v 92.110313 59.428146 9.157063
v 92.110313 59.428146 7.728826
v 92.651062 59.968895 7.728826
v 92.848991 60.707561 9.157063
v 92.651062 59.968895 9.157063
v 92.651062 59.968895 7.728826
v 92.848991 60.707561 7.728826
v 92.534088 59.043678 12.195699
v 92.378342 59.334328 12.618143
v 92.378342 57.372551 12.926164
v 92.534088 57.371964 12.438356
v 92.378342 59.334328 12.618143
v 91.952866 59.547089 12.927393
v 91.952866 57.372978 13.283264
v 92.378342 57.372551 12.926164
v 91.952866 59.547089 12.927393
v 91.371658 59.624962 13.040588
v 91.371658 57.373138 13.413975
v 91.952866 57.372978 13.283264
v 91.371658 59.624962 13.040588
v 90.790421 59.547089 12.927393
v 90.790421 57.372978 13.283264
v 91.371658 57.373138 13.413975
v 90.790421 59.547089 12.927393
v 90.364952 59.334328 12.618143
v 90.364952 57.372551 12.926164
v 90.790421 57.372978 13.283264
v 90.364952 59.334328 12.618143
v 90.209198 59.043678 12.195699
v 90.209198 57.371964 12.438356
v 90.364952 57.372551 12.926164
v 90.209198 59.043678 12.195699
v 90.364952 58.753021 11.773251
v 90.364952 57.371387 11.950551
v 90.209198 57.371964 12.438356
v 90.364952 58.753021 11.773251
v 90.790421 58.540260 11.463997
v 90.790436 57.370956 11.593451
v 90.364952 57.371387 11.950551
v 90.790421 58.540260 11.463997
v 91.371658 58.462387 11.350805
v 91.371658 57.370792 11.462744
v 90.790436 57.370956 11.593451
v 91.371658 58.462387 11.350805
v 91.952866 58.540260 11.463997
v 91.952866 57.370956 11.593451
v 91.371658 57.370792 11.462744
v 91.952866 58.540260 11.463997
v 92.378342 58.753021 11.773251
v 92.378342 57.371387 11.950548
v 91.952866 57.370956 11.593451
v 92.378342 58.753021 11.773251
v 92.534088 59.043678 12.195699
v 92.534088 57.371964 12.438356
v 92.378342 57.371387 11.950548
v 92.378342 57.372551 12.926164
v 92.378342 56.643188 12.926164
v 92.534088 56.642616 12.438356
v 92.534088 57.371964 12.438356
v 91.952866 57.372978 13.283264
v 91.952866 56.643623 13.283264
v 92.378342 56.643188 12.926164
v 92.378342 57.372551 12.926164
v 91.371658 57.373138 13.413975
v 91.371658 56.643776 13.413975
v 91.952866 56.643623 13.283264
v 91.952866 57.372978 13.283264
v 90.790421 57.372978 13.283264
v 90.790421 56.643623 13.283264
v 91.371658 56.643776 13.413975
v 91.371658 57.373138 13.413975
v 90.364952 57.372551 12.926164
v 90.364952 56.643188 12.926164
v 90.790421 56.643623 13.283264
v 90.790421 57.372978 13.283264
v 90.209198 57.371964 12.438356
v 90.209198 56.642616 12.438359
v 90.364952 56.643188 12.926164
v 90.364952 57.372551 12.926164
v 90.364952 57.371387 11.950551
v 90.364952 56.642021 11.950548
v 90.209198 56.642616 12.438359
v 90.209198 57.371964 12.438356
v 90.790436 57.370956 11.593451
v 90.790436 56.641594 11.593451
v 90.364952 56.642021 11.950548
v 90.364952 57.371387 11.950551
v 91.371658 57.370792 11.462744
v 91.371658 56.641441 11.462744
v 90.790436 56.641594 11.593451
v 90.790436 57.370956 11.593451
v 91.952866 57.370956 11.593451
v 91.952866 56.641594 11.593451
v 91.371658 56.641441 11.462744
v 91.371658 57.370792 11.462744
v 92.378342 57.371387 11.950548
v 92.378342 56.642021 11.950548
v 91.952866 56.641594 11.593451
v 91.952866 57.370956 11.593451
v 92.534088 57.371964 12.438356
v 92.534088 56.642616 12.438356
v 92.378342 56.642021 11.950548
v 92.378342 57.371387 11.950548
v 92.534088 51.562004 12.438357
v 92.378342 51.562592 12.926165
v 92.836105 51.562862 13.147983
v 93.062683 51.562004 12.438357
v 92.378342 51.562592 12.926165
v 91.952866 51.563026 13.283265
v 92.217171 51.563469 13.667471
v 92.836105 51.562862 13.147983
v 91.952866 51.563026 13.283265
v 91.371658 51.563187 13.413973
v 91.371658 51.563705 13.857609
v 92.217171 51.563469 13.667471
v 91.371658 51.563187 13.413973
v 90.790421 51.563026 13.283265
v 90.526146 51.563469 13.667471
v 91.371658 51.563705 13.857609
v 90.790421 51.563026 13.283265
v 90.364952 51.562592 12.926165
v 89.907173 51.562862 13.147985
v 90.526146 51.563469 13.667471
v 90.364952 51.562592 12.926165
v 90.209198 51.562004 12.438357
v 89.680626 51.562004 12.438360
v 89.907173 51.562862 13.147985
v 90.209198 51.562004 12.438357
v 90.364952 51.561432 11.950549
v 89.907173 51.561165 11.728731
v 89.680626 51.562004 12.438360
v 90.364952 51.561432 11.950549
v 90.790436 51.560997 11.593451
v 90.526146 51.560532 11.209249
v 89.907173 51.561165 11.728731
v 90.790436 51.560997 11.593451
v 91.371658 51.560837 11.462745
v 91.371658 51.560310 11.019107
v 90.526146 51.560532 11.209249
v 91.371658 51.560837 11.462745
v 91.952866 51.560997 11.593451
v 92.217171 51.560532 11.209249
v 91.371658 51.560310 11.019107
v 91.952866 51.560997 11.593451
v 92.378342 51.561432 11.950549
v 92.836105 51.561165 11.728731
v 92.217171 51.560532 11.209249
v 92.378342 51.561432 11.950549
v 92.534088 51.562004 12.438357
v 93.062683 51.562004 12.438357
v 92.836105 51.561165 11.728731
v 93.062683 51.562004 12.438357
v 92.836105 51.562862 13.147983
v 92.836105 50.733688 13.147983
v 93.062683 50.732830 12.438357
v 92.836105 51.562862 13.147983
v 92.217171 51.563469 13.667471
v 92.217171 50.734310 13.667471
v 92.836105 50.733688 13.147983
v 92.217171 51.563469 13.667471
v 91.371658 51.563705 13.857609
v 91.371658 50.734528 13.857609
v 92.217171 50.734310 13.667471
v 91.371658 51.563705 13.857609
v 90.526146 51.563469 13.667471
v 90.526146 50.734310 13.667471
v 91.371658 50.734528 13.857609
v 90.526146 51.563469 13.667471
v 89.907173 51.562862 13.147985
v 89.907173 50.733688 13.147985
v 90.526146 50.734310 13.667471
v 89.907173 51.562862 13.147985
v 89.680626 51.562004 12.438360
v 89.680626 50.732830 12.438360
v 89.907173 50.733688 13.147985
v 89.680626 51.562004 12.438360
v 89.907173 51.561165 11.728731
v 89.907173 50.731979 11.728731
v 89.680626 50.732830 12.438360
v 89.907173 51.561165 11.728731
v 90.526146 51.560532 11.209249
v 90.526146 50.731358 11.209249
v 89.907173 50.731979 11.728731
v 90.526146 51.560532 11.209249
v 91.371658 51.560310 11.019107
v 91.371658 50.731140 11.019107
v 90.526146 50.731358 11.209249
v 91.371658 51.560310 11.019107
v 92.217171 51.560532 11.209249
v 92.217171 50.731358 11.209249
v 91.371658 50.731140 11.019107
v 92.217171 51.560532 11.209249
v 92.836105 51.561165 11.728731
v 92.836105 50.731987 11.728731
v 92.217171 50.731358 11.209249
v 92.836105 51.561165 11.728731
v 93.062683 51.562004 12.438357
v 93.062683 50.732830 12.438357
v 92.836105 50.731987 11.728731
v 93.062683 50.732830 12.438357
v 92.836105 50.733688 13.147983
v 92.358452 50.733414 12.916525
v 92.511093 50.732830 12.438357
v 92.836105 50.733688 13.147983
v 92.217171 50.734310 13.667471
v 91.941383 50.733822 13.266567
v 92.358452 50.733414 12.916525
v 92.217171 50.734310 13.667471
v 91.371658 50.734528 13.857609
v 91.371658 50.733978 13.394690
v 91.941383 50.733822 13.266567
v 91.371658 50.734528 13.857609
v 90.526146 50.734310 13.667471
v 90.801918 50.733822 13.266567
v 91.371658 50.733978 13.394690
v 90.526146 50.734310 13.667471
v 89.907173 50.733688 13.147985
v 90.384857 50.733406 12.916525
v 90.801918 50.733822 13.266567
v 89.907173 50.733688 13.147985
v 89.680626 50.732830 12.438360
v 90.232193 50.732830 12.438360
v 90.384857 50.733406 12.916525
v 89.680626 50.732830 12.438360
v 89.907173 50.731979 11.728731
v 90.384827 50.732258 11.960196
v 90.232193 50.732830 12.438360
v 89.907173 50.731979 11.728731
v 90.526146 50.731358 11.209249
v 90.801918 50.731846 11.610153
v 90.384827 50.732258 11.960196
v 90.526146 50.731358 11.209249
v 91.371658 50.731140 11.019107
v 91.371658 50.731682 11.482027
v 90.801918 50.731846 11.610153
v 91.371658 50.731140 11.019107
v 92.217171 50.731358 11.209249
v 91.941383 50.731846 11.610153
v 91.371658 50.731682 11.482027
v 92.217171 50.731358 11.209249
v 92.836105 50.731987 11.728731
v 92.358452 50.732258 11.960193
v 91.941383 50.731846 11.610153
v 92.836105 50.731987 11.728731
v 93.062683 50.732830 12.438357
v 92.511093 50.732830 12.438357
v 92.358452 50.732258 11.960193
v 92.511093 50.732830 12.438357
v 92.358452 50.733414 12.916525
v 92.406181 39.561966 12.816384
v 92.566223 39.645237 12.319980
v 92.358452 50.733414 12.916525
v 91.941383 50.733822 13.266567
v 91.968933 39.500992 13.179774
v 92.406181 39.561966 12.816384
v 91.941383 50.733822 13.266567
v 91.371658 50.733978 13.394690
v 91.371658 39.478695 13.312784
v 91.968933 39.500992 13.179774
v 91.371658 50.733978 13.394690
v 90.801918 50.733822 13.266567
v 90.774353 39.500992 13.179774
v 91.371658 39.478695 13.312784
v 90.801918 50.733822 13.266567
v 90.384857 50.733406 12.916525
v 90.337105 39.561966 12.816381
v 90.774353 39.500992 13.179774
v 90.384857 50.733406 12.916525
v 90.232193 50.732830 12.438360
v 90.177055 39.645222 12.319983
v 90.337105 39.561966 12.816381
v 90.232193 50.732830 12.438360
v 90.384827 50.732258 11.960196
v 90.337105 39.728500 11.823580
v 90.177055 39.645222 12.319983
v 90.384827 50.732258 11.960196
v 90.801918 50.731846 11.610153
v 90.774353 39.789467 11.460187
v 90.337105 39.728500 11.823580
v 90.801918 50.731846 11.610153
v 91.371658 50.731682 11.482027
v 91.371658 39.811787 11.327177
v 90.774353 39.789467 11.460187
v 91.371658 50.731682 11.482027
v 91.941383 50.731846 11.610153
v 91.968933 39.789467 11.460187
v 91.371658 39.811787 11.327177
v 91.941383 50.731846 11.610153
v 92.358452 50.732258 11.960193
v 92.406181 39.728516 11.823580
v 91.968933 39.789467 11.460187
v 92.358452 50.732258 11.960193
v 92.511093 50.732830 12.438357
v 92.566223 39.645237 12.319980
v 92.406181 39.728516 11.823580
v 92.566223 39.645237 12.319980
v 92.406181 39.561966 12.816384
v 92.358452 37.550285 12.029089
v 92.511124 37.857784 11.626553
v 92.406181 39.561966 12.816384
v 91.968933 39.500992 13.179774
v 91.941383 37.325169 12.323759
v 92.358452 37.550285 12.029089
v 91.968933 39.500992 13.179774
v 91.371658 39.478695 13.312784
v 91.371658 37.242767 12.431616
v 91.941383 37.325169 12.323759
v 91.371658 39.478695 13.312784
v 90.774353 39.500992 13.179774
v 90.801918 37.325169 12.323756
v 91.371658 37.242767 12.431616
v 90.774353 39.500992 13.179774
v 90.337105 39.561966 12.816381
v 90.384857 37.550278 12.029086
v 90.801918 37.325169 12.323756
v 90.337105 39.561966 12.816381
v 90.177055 39.645222 12.319983
v 90.232193 37.857784 11.626550
v 90.384857 37.550278 12.029086
v 90.177055 39.645222 12.319983
v 90.337105 39.728500 11.823580
v 90.384827 38.165287 11.224021
v 90.232193 37.857784 11.626550
v 90.337105 39.728500 11.823580
v 90.774353 39.789467 11.460187
v 90.801918 38.390396 10.929348
v 90.384827 38.165287 11.224021
v 90.774353 39.789467 11.460187
v 91.371658 39.811787 11.327177
v 91.371658 38.472801 10.821493
v 90.801918 38.390396 10.929348
v 91.371658 39.811787 11.327177
v 91.968933 39.789467 11.460187
v 91.941383 38.390411 10.929350
v 91.371658 38.472801 10.821493
v 91.968933 39.789467 11.460187
v 92.406181 39.728516 11.823580
v 92.358452 38.165295 11.224024
v 91.941383 38.390411 10.929350
v 92.406181 39.728516 11.823580
v 92.566223 39.645237 12.319980
v 92.511124 37.857784 11.626553
v 92.358452 38.165295 11.224024
v 92.511124 37.857784 11.626553
v 92.358452 37.550285 12.029089
v 92.358452 36.351475 11.056870
v 92.511124 36.708687 10.684361
v 92.358452 37.550285 12.029089
v 91.941383 37.325169 12.323759
v 91.941383 36.089985 11.329564
v 92.358452 36.351475 11.056870
v 91.941383 37.325169 12.323759
v 91.371658 37.242767 12.431616
v 91.371658 35.994278 11.429376
v 91.941383 36.089985 11.329564
v 91.371658 37.242767 12.431616
v 90.801918 37.325169 12.323756
v 90.801918 36.089985 11.329564
v 91.371658 35.994278 11.429376
v 90.801918 37.325169 12.323756
v 90.384857 37.550278 12.029086
v 90.384857 36.351475 11.056869
v 90.801918 36.089985 11.329564
v 90.384857 37.550278 12.029086
v 90.232193 37.857784 11.626550
v 90.232193 36.708664 10.684358
v 90.384857 36.351475 11.056869
v 90.232193 37.857784 11.626550
v 90.384827 38.165287 11.224021
v 90.384827 37.065876 10.311850
v 90.232193 36.708664 10.684358
v 90.384827 38.165287 11.224021
v 90.801918 38.390396 10.929348
v 90.801918 37.327370 10.039156
v 90.384827 37.065876 10.311850
v 90.801918 38.390396 10.929348
v 91.371658 38.472801 10.821493
v 91.371658 37.423088 9.939345
v 90.801918 37.327370 10.039156
v 91.371658 38.472801 10.821493
v 91.941383 38.390411 10.929350
v 91.941383 37.327370 10.039157
v 91.371658 37.423088 9.939345
v 91.941383 38.390411 10.929350
v 92.358452 38.165295 11.224024
v 92.358452 37.065876 10.311855
v 91.941383 37.327370 10.039157
v 92.358452 38.165295 11.224024
v 92.511124 37.857784 11.626553
v 92.511124 36.708687 10.684361
v 92.358452 37.065876 10.311855
v 92.511124 36.708687 10.684361
v 92.358452 36.351475 11.056870
v 92.959938 36.133755 11.283924
v 93.205635 36.708687 10.684360
v 92.358452 36.351475 11.056870
v 91.941383 36.089985 11.329564
v 92.288651 35.712868 11.722834
v 92.959938 36.133755 11.283924
v 91.941383 36.089985 11.329564
v 91.371658 35.994278 11.429376
v 91.371658 35.558826 11.883480
v 92.288651 35.712868 11.722834
v 91.371658 35.994278 11.429376
v 90.801918 36.089985 11.329564
v 90.454659 35.712868 11.722831
v 91.371658 35.558826 11.883480
v 90.801918 36.089985 11.329564
v 90.384857 36.351475 11.056869
v 89.783348 36.133751 11.283921
v 90.454659 35.712868 11.722831
v 90.384857 36.351475 11.056869
v 90.232193 36.708664 10.684358
v 89.537643 36.708664 10.684355
v 89.783348 36.133751 11.283921
v 90.232193 36.708664 10.684358
v 90.384827 37.065876 10.311850
v 89.783348 37.283592 10.084794
v 89.537643 36.708664 10.684355
v 90.384827 37.065876 10.311850
v 90.801918 37.327370 10.039156
v 90.454659 37.704479 9.645888
v 89.783348 37.283592 10.084794
v 90.801918 37.327370 10.039156
v 91.371658 37.423088 9.939345
v 91.371658 37.858528 9.485238
v 90.454659 37.704479 9.645888
v 91.371658 37.423088 9.939345
v 91.941383 37.327370 10.039157
v 92.288651 37.704479 9.645891
v 91.371658 37.858528 9.485238
v 91.941383 37.327370 10.039157
v 92.358452 37.065876 10.311855
v 92.959938 37.283607 10.084803
v 92.288651 37.704479 9.645891
v 92.358452 37.065876 10.311855
v 92.511124 36.708687 10.684361
v 93.205635 36.708687 10.684360
v 92.959938 37.283607 10.084803
v 93.205635 36.708687 10.684360
v 92.959938 36.133755 11.283924
v 92.959938 34.438190 9.755553
v 93.205635 34.899071 9.090195
v 92.959938 36.133755 11.283924
v 92.288651 35.712868 11.722834
v 92.288651 34.100796 10.242623
v 92.959938 34.438190 9.755553
v 92.288651 35.712868 11.722834
v 91.371658 35.558826 11.883480
v 91.371658 33.977322 10.420898
v 92.288651 34.100796 10.242623
v 91.371658 35.558826 11.883480
v 90.454659 35.712868 11.722831
v 90.454659 34.100796 10.242620
v 91.371658 33.977322 10.420898
v 90.454659 35.712868 11.722831
v 89.783348 36.133751 11.283921
v 89.783348 34.438179 9.755549
v 90.454659 34.100796 10.242620
v 89.783348 36.133751 11.283921
v 89.537643 36.708664 10.684355
v 89.537643 34.899033 9.090195
v 89.783348 34.438179 9.755549
v 89.537643 36.708664 10.684355
v 89.783348 37.283592 10.084794
v 89.783348 35.359913 8.424841
v 89.537643 34.899033 9.090195
v 89.783348 37.283592 10.084794
v 90.454659 37.704479 9.645888
v 90.454659 35.697300 7.937773
v 89.783348 35.359913 8.424841
v 90.454659 37.704479 9.645888
v 91.371658 37.858528 9.485238
v 91.371658 35.820797 7.759494
v 90.454659 35.697300 7.937773
v 91.371658 37.858528 9.485238
v 92.288651 37.704479 9.645891
v 92.288651 35.697308 7.937774
v 91.371658 35.820797 7.759494
v 92.288651 37.704479 9.645891
v 92.959938 37.283607 10.084803
v 92.959938 35.359940 8.424847
v 92.288651 35.697308 7.937774
v 92.959938 37.283607 10.084803
v 93.205635 36.708687 10.684360
v 93.205635 34.899071 9.090195
v 92.959938 35.359940 8.424847
v 92.737267 55.790543 13.169119
v 92.970566 55.789948 12.438255
v 92.970566 56.650482 12.438455
v 92.737198 56.651070 13.169244
v 92.142105 55.790970 13.668661
v 92.737267 55.790543 13.169119
v 92.737198 56.651070 13.169244
v 92.142044 56.651501 13.668694
v 91.371658 55.791138 13.841928
v 92.142105 55.790970 13.668661
v 92.142044 56.651501 13.668694
v 91.371658 56.651665 13.841928
v 90.601181 55.790970 13.668664
v 91.371658 55.791138 13.841928
v 91.371658 56.651665 13.841928
v 90.601265 56.651501 13.668679
v 90.006012 55.790543 13.169122
v 90.601181 55.790970 13.668664
v 90.601265 56.651501 13.668679
v 90.006126 56.651070 13.169220
v 89.772728 55.789948 12.438258
v 90.006012 55.790543 13.169122
v 90.006126 56.651070 13.169220
v 89.772789 56.650482 12.438460
v 90.006081 55.789352 11.707472
v 89.772728 55.789948 12.438258
v 89.772789 56.650482 12.438460
v 90.006058 56.649879 11.707621
v 90.601234 55.788910 11.208024
v 90.006081 55.789352 11.707472
v 90.006058 56.649879 11.707621
v 90.601181 56.649445 11.208072
v 91.371658 55.788750 11.034789
v 90.601234 55.788910 11.208024
v 90.601181 56.649445 11.208072
v 91.371658 56.649292 11.034789
v 92.142044 55.788910 11.208024
v 91.371658 55.788750 11.034789
v 91.371658 56.649292 11.034789
v 92.142105 56.649445 11.208054
v 92.737198 55.789352 11.707472
v 92.142044 55.788910 11.208024
v 92.142105 56.649445 11.208054
v 92.737267 56.649879 11.707597
v 92.970566 55.789948 12.438255
v 92.737198 55.789352 11.707472
v 92.737267 56.649879 11.707597
v 92.970566 56.650482 12.438455
v 92.378342 51.562592 12.926165
v 92.534088 51.562004 12.438357
v 92.534088 55.797817 12.438356
v 92.378342 55.798401 12.926164
v 91.952866 51.563026 13.283265
v 92.378342 51.562592 12.926165
v 92.378342 55.798401 12.926164
v 91.952866 55.798828 13.283267
v 91.371658 51.563187 13.413973
v 91.952866 51.563026 13.283265
v 91.952866 55.798828 13.283267
v 91.371658 55.798981 13.413975
v 90.790421 51.563026 13.283265
v 91.371658 51.563187 13.413973
v 91.371658 55.798981 13.413975
v 90.790421 55.798828 13.283267
v 90.364952 51.562592 12.926165
v 90.790421 51.563026 13.283265
v 90.790421 55.798828 13.283267
v 90.364952 55.798401 12.926167
v 90.209198 51.562004 12.438357
v 90.364952 51.562592 12.926165
v 90.364952 55.798401 12.926167
v 90.209198 55.797817 12.438356
v 90.364952 51.561432 11.950549
v 90.209198 51.562004 12.438357
v 90.209198 55.797817 12.438356
v 90.364952 55.797226 11.950548
v 90.790436 51.560997 11.593451
v 90.364952 51.561432 11.950549
v 90.364952 55.797226 11.950548
v 90.790436 55.796806 11.593451
v 91.371658 51.560837 11.462745
v 90.790436 51.560997 11.593451
v 90.790436 55.796806 11.593451
v 91.371658 55.796650 11.462744
v 91.952866 51.560997 11.593451
v 91.371658 51.560837 11.462745
v 91.371658 55.796650 11.462744
v 91.952866 55.796806 11.593451
v 92.378342 51.561432 11.950549
v 91.952866 51.560997 11.593451
v 91.952866 55.796806 11.593451
v 92.378342 55.797226 11.950551
v 92.534088 51.562004 12.438357
v 92.378342 51.561432 11.950549
v 92.378342 55.797226 11.950551
v 92.534088 55.797817 12.438356
v 92.534088 56.642616 12.438356
v 92.378342 56.643188 12.926164
v 92.737198 56.651070 13.169244
v 92.970566 56.650482 12.438455
v 92.378342 56.643188 12.926164
v 91.952866 56.643623 13.283264
v 92.142044 56.651501 13.668694
v 92.737198 56.651070 13.169244
v 91.952866 56.643623 13.283264
v 91.371658 56.643776 13.413975
v 91.371658 56.651665 13.841928
v 92.142044 56.651501 13.668694
v 91.371658 56.643776 13.413975
v 90.790421 56.643623 13.283264
v 90.601265 56.651501 13.668679
v 91.371658 56.651665 13.841928
v 90.790421 56.643623 13.283264
v 90.364952 56.643188 12.926164
v 90.006126 56.651070 13.169220
v 90.601265 56.651501 13.668679
v 90.364952 56.643188 12.926164
v 90.209198 56.642616 12.438359
v 89.772789 56.650482 12.438460
v 90.006126 56.651070 13.169220
v 90.209198 56.642616 12.438359
v 90.364952 56.642021 11.950548
v 90.006058 56.649879 11.707621
v 89.772789 56.650482 12.438460
v 90.364952 56.642021 11.950548
v 90.790436 56.641594 11.593451
v 90.601181 56.649445 11.208072
v 90.006058 56.649879 11.707621
v 90.790436 56.641594 11.593451
v 91.371658 56.641441 11.462744
v 91.371658 56.649292 11.034789
v 90.601181 56.649445 11.208072
v 91.371658 56.641441 11.462744
v 91.952866 56.641594 11.593451
v 92.142105 56.649445 11.208054
v 91.371658 56.649292 11.034789
v 91.952866 56.641594 11.593451
v 92.378342 56.642021 11.950548
v 92.737267 56.649879 11.707597
v 92.142105 56.649445 11.208054
v 92.378342 56.642021 11.950548
v 92.534088 56.642616 12.438356
v 92.970566 56.650482 12.438455
v 92.737267 56.649879 11.707597
v 92.378342 55.798401 12.926164
v 92.534088 55.797817 12.438356
v 92.970566 55.789948 12.438255
v 92.737267 55.790543 13.169119
v 92.534088 55.797817 12.438356
v 92.378342 55.797226 11.950551
v 92.737198 55.789352 11.707472
v 92.970566 55.789948 12.438255
v 92.378342 55.797226 11.950551
v 91.952866 55.796806 11.593451
v 92.142044 55.788910 11.208024
v 92.737198 55.789352 11.707472
v 91.952866 55.796806 11.593451
v 91.371658 55.796650 11.462744
v 91.371658 55.788750 11.034789
v 92.142044 55.788910 11.208024
v 91.371658 55.796650 11.462744
v 90.790436 55.796806 11.593451
v 90.601234 55.788910 11.208024
v 91.371658 55.788750 11.034789
v 90.790436 55.796806 11.593451
v 90.364952 55.797226 11.950548
v 90.006081 55.789352 11.707472
v 90.601234 55.788910 11.208024
v 90.364952 55.797226 11.950548
v 90.209198 55.797817 12.438356
v 89.772728 55.789948 12.438258
v 90.006081 55.789352 11.707472
v 90.209198 55.797817 12.438356
v 90.364952 55.798401 12.926167
v 90.006012 55.790543 13.169122
v 89.772728 55.789948 12.438258
v 90.364952 55.798401 12.926167
v 90.790421 55.798828 13.283267
v 90.601181 55.790970 13.668664
v 90.006012 55.790543 13.169122
v 90.790421 55.798828 13.283267
v 91.371658 55.798981 13.413975
v 91.371658 55.791138 13.841928
v 90.601181 55.790970 13.668664
v 91.371658 55.798981 13.413975
v 91.952866 55.798828 13.283267
v 92.142105 55.790970 13.668661
v 91.371658 55.791138 13.841928
v 91.952866 55.798828 13.283267
v 92.378342 55.798401 12.926164
v 92.737267 55.790543 13.169119
v 92.142105 55.790970 13.668661
v -61.831539 76.504555 1.933022
v -61.831539 77.513390 2.159899
v -59.694225 77.513390 2.159898
v -59.694225 76.504555 1.933021
v -61.831539 77.513390 2.159899
v -61.831539 78.251907 2.779739
v -59.694225 78.251907 2.779739
v -59.694225 77.513390 2.159898
v -61.831539 78.251907 2.779739
v -61.831539 78.522217 3.626457
v -59.694225 78.522217 3.626457
v -59.694225 78.251907 2.779739
v -61.831539 78.522217 3.626457
v -61.831539 78.251907 4.473176
v -59.694225 78.251907 4.473176
v -59.694225 78.522217 3.626457
v -61.831539 78.251907 4.473176
v -61.831539 77.513390 5.093018
v -59.694225 77.513390 5.093018
v -59.694225 78.251907 4.473176
v -61.831539 77.513390 5.093018
v -61.831539 76.504555 5.319895
v -59.694225 76.504555 5.319895
v -59.694225 77.513390 5.093018
v -61.831539 76.504555 5.319895
v -61.831539 75.495720 5.093018
v -59.694225 75.495720 5.093018
v -59.694225 76.504555 5.319895
v -61.831539 75.495720 5.093018
v -61.831539 74.757210 4.473176
v -59.694225 74.757210 4.473176
v -59.694225 75.495720 5.093018
v -61.831539 74.757210 4.473176
v -61.831539 74.486893 3.626457
v -59.694225 74.486893 3.626457
v -59.694225 74.757210 4.473176
v -61.831539 74.486893 3.626457
v -61.831539 74.757210 2.779740
v -59.694225 74.757202 2.779740
v -59.694225 74.486893 3.626457
v -61.831539 74.757210 2.779740
v -61.831539 75.495720 2.159899
v -59.694225 75.495720 2.159899
v -59.694225 74.757202 2.779740
v -61.831539 75.495720 2.159899
v -61.831539 76.504555 1.933022
v -59.694225 76.504555 1.933021
v -59.694225 75.495720 2.159899
v -59.694225 76.504555 1.933021
v -59.694225 77.513390 2.159898
v -57.306313 76.956512 2.159898
v -57.697300 76.026527 1.933021
v -59.694225 77.513390 2.159898
v -59.694225 78.251907 2.779739
v -57.020092 77.637314 2.779740
v -57.306313 76.956512 2.159898
v -59.694225 78.251907 2.779739
v -59.694225 78.522217 3.626457
v -56.915325 77.886505 3.626457
v -57.020092 77.637314 2.779740
v -59.694225 78.522217 3.626457
v -59.694225 78.251907 4.473176
v -57.020092 77.637314 4.473176
v -56.915325 77.886505 3.626457
v -59.694225 78.251907 4.473176
v -59.694225 77.513390 5.093018
v -57.306313 76.956512 5.093018
v -57.020092 77.637314 4.473176
v -59.694225 77.513390 5.093018
v -59.694225 76.504555 5.319895
v -57.697304 76.026535 5.319895
v -57.306313 76.956512 5.093018
v -59.694225 76.504555 5.319895
v -59.694225 75.495720 5.093018
v -58.088291 75.096542 5.093015
v -57.697304 76.026535 5.319895
v -59.694225 75.495720 5.093018
v -59.694225 74.757210 4.473176
v -58.374516 74.415749 4.473176
v -58.088291 75.096542 5.093015
v -59.694225 74.757210 4.473176
v -59.694225 74.486893 3.626457
v -58.479279 74.166565 3.626458
v -58.374516 74.415749 4.473176
v -59.694225 74.486893 3.626457
v -59.694225 74.757202 2.779740
v -58.374516 74.415749 2.779740
v -58.479279 74.166565 3.626458
v -59.694225 74.757202 2.779740
v -59.694225 75.495720 2.159899
v -58.088295 75.096542 2.159898
v -58.374516 74.415749 2.779740
v -59.694225 75.495720 2.159899
v -59.694225 76.504555 1.933021
v -57.697300 76.026527 1.933021
v -58.088295 75.096542 2.159898
v -57.697300 76.026527 1.933021
v -57.306313 76.956512 2.159898
v -54.673878 74.120995 2.159898
v -55.547516 73.616516 1.933021
v -57.306313 76.956512 2.159898
v -57.020092 77.637314 2.779740
v -54.034332 74.490303 2.779740
v -54.673878 74.120995 2.159898
v -57.020092 77.637314 2.779740
v -56.915325 77.886505 3.626457
v -53.800240 74.625473 3.626457
v -54.034332 74.490303 2.779740
v -56.915325 77.886505 3.626457
v -57.020092 77.637314 4.473176
v -54.034332 74.490303 4.473176
v -53.800240 74.625473 3.626457
v -57.020092 77.637314 4.473176
v -57.306313 76.956512 5.093018
v -54.673882 74.120995 5.093019
v -54.034332 74.490303 4.473176
v -57.306313 76.956512 5.093018
v -57.697304 76.026535 5.319895
v -55.547516 73.616516 5.319895
v -54.673882 74.120995 5.093019
v -57.697304 76.026535 5.319895
v -58.088291 75.096542 5.093015
v -56.421154 73.112030 5.093019
v -55.547516 73.616516 5.319895
v -58.088291 75.096542 5.093015
v -58.374516 74.415749 4.473176
v -57.060696 72.742729 4.473176
v -56.421154 73.112030 5.093019
v -58.374516 74.415749 4.473176
v -58.479279 74.166565 3.626458
v -57.294788 72.607559 3.626458
v -57.060696 72.742729 4.473176
v -58.479279 74.166565 3.626458
v -58.374516 74.415749 2.779740
v -57.060696 72.742729 2.779740
v -57.294788 72.607559 3.626458
v -58.374516 74.415749 2.779740
v -58.088295 75.096542 2.159898
v -56.421154 73.112030 2.159900
v -57.060696 72.742729 2.779740
v -58.088295 75.096542 2.159898
v -57.697300 76.026527 1.933021
v -55.547516 73.616516 1.933021
v -56.421154 73.112030 2.159900
v -61.831539 77.513390 2.159899
v -61.831539 76.504555 1.933022
v -61.831539 76.504555 1.474270
v -61.831539 77.786682 1.762607
v -61.831539 78.251907 2.779739
v -61.831539 78.725258 2.550364
v -61.831539 78.522217 3.626457
v -61.831539 79.068802 3.626457
v -61.831539 78.251907 4.473176
v -61.831539 78.725266 4.702551
v -61.831539 77.513390 5.093018
v -61.831539 77.786682 5.490308
v -61.831539 76.504555 5.319895
v -61.831539 76.504555 5.778646
v -61.831539 75.495720 5.093018
v -61.831539 75.222435 5.490308
v -61.831539 74.757210 4.473176
v -61.831539 74.283852 4.702552
v -61.831539 74.486893 3.626457
v -61.831539 73.940308 3.626458
v -61.831539 74.757210 2.779740
v -61.831539 74.283852 2.550364
v -61.831539 75.495720 2.159899
v -61.831539 75.222435 1.762609
v -61.831539 77.786682 1.762607
v -61.831539 76.504555 1.474270
v -64.785194 76.504555 1.474270
v -64.785194 77.786682 1.762607
v -61.831539 78.725258 2.550364
v -61.831539 77.786682 1.762607
v -64.785194 77.786682 1.762607
v -64.785194 78.725258 2.550364
v -61.831539 79.068802 3.626457
v -61.831539 78.725258 2.550364
v -64.785194 78.725258 2.550364
v -64.785194 79.068802 3.626457
v -61.831539 78.725266 4.702551
v -61.831539 79.068802 3.626457
v -64.785194 79.068802 3.626457
v -64.785194 78.725266 4.702551
v -61.831539 77.786682 5.490308
v -61.831539 78.725266 4.702551
v -64.785194 78.725266 4.702551
v -64.785194 77.786682 5.490308
v -61.831539 76.504555 5.778646
v -61.831539 77.786682 5.490308
v -64.785194 77.786682 5.490308
v -64.785194 76.504555 5.778646
v -61.831539 75.222435 5.490308
v -61.831539 76.504555 5.778646
v -64.785194 76.504555 5.778646
v -64.785194 75.222435 5.490307
v -61.831539 74.283852 4.702552
v -61.831539 75.222435 5.490308
v -64.785194 75.222435 5.490307
v -64.785194 74.283852 4.702552
v -61.831539 73.940308 3.626458
v -61.831539 74.283852 4.702552
v -64.785194 74.283852 4.702552
v -64.785194 73.940308 3.626458
v -61.831539 74.283852 2.550364
v -61.831539 73.940308 3.626458
v -64.785194 73.940308 3.626458
v -64.785194 74.283852 2.550364
v -61.831539 75.222435 1.762609
v -61.831539 74.283852 2.550364
v -64.785194 74.283852 2.550364
v -64.785194 75.222435 1.762609
v -61.831539 76.504555 1.474270
v -61.831539 75.222435 1.762609
v -64.785194 75.222435 1.762609
v -64.785194 76.504555 1.474270
v -55.547516 73.616516 1.933021
v -54.673878 74.120995 2.159898
v -54.036877 70.715912 2.159899
v -55.045685 70.714897 1.933021
v -54.673878 74.120995 2.159898
v -54.034332 74.490303 2.779740
v -53.298378 70.716652 2.779740
v -54.036877 70.715912 2.159899
v -54.034332 74.490303 2.779740
v -53.800240 74.625473 3.626457
v -53.028065 70.716919 3.626458
v -53.298378 70.716652 2.779740
v -53.800240 74.625473 3.626457
v -54.034332 74.490303 4.473176
v -53.298378 70.716652 4.473177
v -53.028065 70.716919 3.626458
v -54.034332 74.490303 4.473176
v -54.673882 74.120995 5.093019
v -54.036877 70.715912 5.093019
v -53.298378 70.716652 4.473177
v -54.673882 74.120995 5.093019
v -55.547516 73.616516 5.319895
v -55.045681 70.714897 5.319894
v -54.036877 70.715912 5.093019
v -55.547516 73.616516 5.319895
v -56.421154 73.112030 5.093019
v -56.054489 70.713882 5.093019
v -55.045681 70.714897 5.319894
v -56.421154 73.112030 5.093019
v -57.060696 72.742729 4.473176
v -56.792988 70.713142 4.473176
v -56.054489 70.713882 5.093019
v -57.060696 72.742729 4.473176
v -57.294788 72.607559 3.626458
v -57.063297 70.712868 3.626458
v -56.792988 70.713142 4.473176
v -57.294788 72.607559 3.626458
v -57.060696 72.742729 2.779740
v -56.792988 70.713142 2.779740
v -57.063297 70.712868 3.626458
v -57.060696 72.742729 2.779740
v -56.421154 73.112030 2.159900
v -56.054493 70.713882 2.159900
v -56.792988 70.713142 2.779740
v -56.421154 73.112030 2.159900
v -55.547516 73.616516 1.933021
v -55.045685 70.714897 1.933021
v -56.054493 70.713882 2.159900
v -54.036877 70.715912 2.159899
v -54.036877 69.449951 2.159899
v -55.045685 69.448944 1.933022
v -55.045685 70.714897 1.933021
v -53.298378 70.716652 2.779740
v -53.298378 69.450699 2.779741
v -54.036877 69.449951 2.159899
v -54.036877 70.715912 2.159899
v -53.028065 70.716919 3.626458
v -53.028069 69.450966 3.626458
v -53.298378 69.450699 2.779741
v -53.298378 70.716652 2.779740
v -53.298378 70.716652 4.473177
v -53.298378 69.450699 4.473177
v -53.028069 69.450966 3.626458
v -53.028065 70.716919 3.626458
v -54.036877 70.715912 5.093019
v -54.036877 69.449951 5.093019
v -53.298378 69.450699 4.473177
v -53.298378 70.716652 4.473177
v -55.045681 70.714897 5.319894
v -55.045681 69.448944 5.319896
v -54.036877 69.449951 5.093019
v -54.036877 70.715912 5.093019
v -56.054489 70.713882 5.093019
v -56.054493 69.447929 5.093019
v -55.045681 69.448944 5.319896
v -55.045681 70.714897 5.319894
v -56.792988 70.713142 4.473176
v -56.792988 69.447189 4.473176
v -56.054493 69.447929 5.093019
v -56.054489 70.713882 5.093019
v -57.063297 70.712868 3.626458
v -57.063297 69.446915 3.626458
v -56.792988 69.447189 4.473176
v -56.792988 70.713142 4.473176
v -56.792988 70.713142 2.779740
v -56.792988 69.447189 2.779741
v -57.063297 69.446915 3.626458
v -57.063297 70.712868 3.626458
v -56.054493 70.713882 2.159900
v -56.054493 69.447929 2.159899
v -56.792988 69.447189 2.779741
v -56.792988 70.713142 2.779740
v -55.045685 70.714897 1.933021
v -55.045685 69.448944 1.933022
v -56.054493 69.447929 2.159899
v -56.054493 70.713882 2.159900
v -55.045689 60.630440 1.933023
v -54.036877 60.631458 2.159900
v -53.578148 60.631920 1.493017
v -55.045689 60.630440 1.162973
v -54.036877 60.631458 2.159900
v -53.298378 60.632202 2.779742
v -52.503830 60.632996 2.394716
v -53.578148 60.631920 1.493017
v -53.298378 60.632202 2.779742
v -53.028069 60.632469 3.626459
v -52.110611 60.633385 3.626459
v -52.503830 60.632996 2.394716
v -53.028069 60.632469 3.626459
v -53.298378 60.632195 4.473178
v -52.503830 60.632996 4.858202
v -52.110611 60.633385 3.626459
v -53.298378 60.632195 4.473178
v -54.036877 60.631458 5.093020
v -53.578144 60.631920 5.759902
v -52.503830 60.632996 4.858202
v -54.036877 60.631458 5.093020
v -55.045681 60.630440 5.319896
v -55.045681 60.630440 6.089944
v -53.578144 60.631920 5.759902
v -55.045681 60.630440 5.319896
v -56.054493 60.629425 5.093020
v -56.513222 60.628960 5.759903
v -55.045681 60.630440 6.089944
v -56.054493 60.629425 5.093020
v -56.792988 60.628685 4.473177
v -57.587528 60.627884 4.858201
v -56.513222 60.628960 5.759903
v -56.792988 60.628685 4.473177
v -57.063297 60.628414 3.626459
v -57.980755 60.627495 3.626459
v -57.587528 60.627884 4.858201
v -57.063297 60.628414 3.626459
v -56.792988 60.628685 2.779742
v -57.587528 60.627884 2.394716
v -57.980755 60.627495 3.626459
v -56.792988 60.628685 2.779742
v -56.054493 60.629425 2.159900
v -56.513222 60.628960 1.493019
v -57.587528 60.627884 2.394716
v -56.054493 60.629425 2.159900
v -55.045689 60.630440 1.933023
v -55.045689 60.630440 1.162973
v -56.513222 60.628960 1.493019
v -55.045689 60.630440 1.162973
v -53.578148 60.631920 1.493017
v -53.578148 59.192711 1.493018
v -55.045689 59.191223 1.162973
v -53.578148 60.631920 1.493017
v -52.503830 60.632996 2.394716
v -52.503830 59.193787 2.394717
v -53.578148 59.192711 1.493018
v -52.503830 60.632996 2.394716
v -52.110611 60.633385 3.626459
v -52.110611 59.194176 3.626460
v -52.503830 59.193787 2.394717
v -52.110611 60.633385 3.626459
v -52.503830 60.632996 4.858202
v -52.503830 59.193787 4.858202
v -52.110611 59.194176 3.626460
v -52.503830 60.632996 4.858202
v -53.578144 60.631920 5.759902
v -53.578144 59.192703 5.759902
v -52.503830 59.193787 4.858202
v -53.578144 60.631920 5.759902
v -55.045681 60.630440 6.089944
v -55.045681 59.191223 6.089945
v -53.578144 59.192703 5.759902
v -55.045681 60.630440 6.089944
v -56.513222 60.628960 5.759903
v -56.513222 59.189743 5.759903
v -55.045681 59.191223 6.089945
v -56.513222 60.628960 5.759903
v -57.587528 60.627884 4.858201
v -57.587528 59.188667 4.858201
v -56.513222 59.189743 5.759903
v -57.587528 60.627884 4.858201
v -57.980755 60.627495 3.626459
v -57.980755 59.188271 3.626460
v -57.587528 59.188667 4.858201
v -57.980755 60.627495 3.626459
v -57.587528 60.627884 2.394716
v -57.587528 59.188667 2.394717
v -57.980755 59.188271 3.626460
v -57.587528 60.627884 2.394716
v -56.513222 60.628960 1.493019
v -56.513222 59.189751 1.493019
v -57.587528 59.188667 2.394717
v -56.513222 60.628960 1.493019
v -55.045689 60.630440 1.162973
v -55.045689 59.191223 1.162973
v -56.513222 59.189751 1.493019
v -55.045689 59.191223 1.162973
v -53.578148 59.192711 1.493018
v -54.056808 59.192230 2.188886
v -55.045681 59.191223 1.966493
v -53.578148 59.192711 1.493018
v -52.503830 59.193787 2.394717
v -53.332909 59.192944 2.796478
v -54.056808 59.192230 2.188886
v -52.503830 59.193787 2.394717
v -52.110611 59.194176 3.626460
v -53.067947 59.193214 3.626460
v -53.332909 59.192944 2.796478
v -52.110611 59.194176 3.626460
v -52.503830 59.193787 4.858202
v -53.332909 59.192944 4.456442
v -53.067947 59.193214 3.626460
v -52.503830 59.193787 4.858202
v -53.578144 59.192703 5.759902
v -54.056808 59.192215 5.064032
v -53.332909 59.192944 4.456442
v -53.578144 59.192703 5.759902
v -55.045681 59.191223 6.089945
v -55.045681 59.191216 5.286424
v -54.056808 59.192215 5.064032
v -55.045681 59.191223 6.089945
v -56.513222 59.189743 5.759903
v -56.034550 59.190224 5.064034
v -55.045681 59.191216 5.286424
v -56.513222 59.189743 5.759903
v -57.587528 59.188667 4.858201
v -56.758450 59.189503 4.456442
v -56.034550 59.190224 5.064034
v -57.587528 59.188667 4.858201
v -57.980755 59.188271 3.626460
v -57.023418 59.189232 3.626460
v -56.758450 59.189503 4.456442
v -57.980755 59.188271 3.626460
v -57.587528 59.188667 2.394717
v -56.758450 59.189503 2.796476
v -57.023418 59.189232 3.626460
v -57.587528 59.188667 2.394717
v -56.513222 59.189751 1.493019
v -56.034550 59.190224 2.188887
v -56.758450 59.189503 2.796476
v -56.513222 59.189751 1.493019
v -55.045689 59.191223 1.162973
v -55.045681 59.191223 1.966493
v -56.034550 59.190224 2.188887
v -55.045681 59.191223 1.966493
v -54.056808 59.192230 2.188886
v -54.263912 39.801735 2.119344
v -55.290493 39.946266 1.886191
v -54.056808 59.192230 2.188886
v -53.332909 59.192944 2.796478
v -53.512405 39.695915 2.756328
v -54.263912 39.801735 2.119344
v -53.332909 59.192944 2.796478
v -53.067947 59.193214 3.626460
v -53.237339 39.657177 3.626461
v -53.512405 39.695915 2.756328
v -53.067947 59.193214 3.626460
v -53.332909 59.192944 4.456442
v -53.512405 39.695908 4.496596
v -53.237339 39.657177 3.626461
v -53.332909 59.192944 4.456442
v -54.056808 59.192215 5.064032
v -54.263916 39.801720 5.133576
v -53.512405 39.695908 4.496596
v -54.056808 59.192215 5.064032
v -55.045681 59.191216 5.286424
v -55.290493 39.946247 5.366729
v -54.263916 39.801720 5.133576
v -55.045681 59.191216 5.286424
v -56.034550 59.190224 5.064034
v -56.317074 40.090794 5.133580
v -55.290493 39.946247 5.366729
v -56.034550 59.190224 5.064034
v -56.758450 59.189503 4.456442
v -57.068581 40.196606 4.496593
v -56.317074 40.090794 5.133580
v -56.758450 59.189503 4.456442
v -57.023418 59.189232 3.626460
v -57.343655 40.235344 3.626461
v -57.068581 40.196606 4.496593
v -57.023418 59.189232 3.626460
v -56.758450 59.189503 2.796476
v -57.068581 40.196606 2.756328
v -57.343655 40.235344 3.626461
v -56.758450 59.189503 2.796476
v -56.034550 59.190224 2.188887
v -56.317074 40.090809 2.119346
v -57.068581 40.196606 2.756328
v -56.034550 59.190224 2.188887
v -55.045681 59.191223 1.966493
v -55.290493 39.946266 1.886191
v -56.317074 40.090809 2.119346
v -55.290493 39.946266 1.886191
v -54.263912 39.801735 2.119344
v -55.892075 36.310013 2.188886
v -56.724533 36.843754 1.966493
v -54.263912 39.801735 2.119344
v -53.512405 39.695915 2.756328
v -55.282684 35.919273 2.796477
v -55.892075 36.310013 2.188886
v -53.512405 39.695915 2.756328
v -53.237339 39.657177 3.626461
v -55.059635 35.776257 3.626461
v -55.282684 35.919273 2.796477
v -53.237339 39.657177 3.626461
v -53.512405 39.695908 4.496596
v -55.282684 35.919273 4.456446
v -55.059635 35.776257 3.626461
v -53.512405 39.695908 4.496596
v -54.263916 39.801720 5.133576
v -55.892082 36.309998 5.064034
v -55.282684 35.919273 4.456446
v -54.263916 39.801720 5.133576
v -55.290493 39.946247 5.366729
v -56.724537 36.843739 5.286427
v -55.892082 36.309998 5.064034
v -55.290493 39.946247 5.366729
v -56.317074 40.090794 5.133580
v -57.556992 37.377491 5.064037
v -56.724537 36.843739 5.286427
v -56.317074 40.090794 5.133580
v -57.068581 40.196606 4.496593
v -58.166382 37.768219 4.456445
v -57.556992 37.377491 5.064037
v -57.068581 40.196606 4.496593
v -57.343655 40.235344 3.626461
v -58.389435 37.911247 3.626461
v -58.166382 37.768219 4.456445
v -57.343655 40.235344 3.626461
v -57.068581 40.196606 2.756328
v -58.166378 37.768234 2.796476
v -58.389435 37.911247 3.626461
v -57.068581 40.196606 2.756328
v -56.317074 40.090809 2.119346
v -57.556980 37.377510 2.188889
v -58.166378 37.768234 2.796476
v -56.317074 40.090809 2.119346
v -55.290493 39.946266 1.886191
v -56.724533 36.843754 1.966493
v -57.556980 37.377510 2.188889
v -56.724533 36.843754 1.966493
v -55.892075 36.310013 2.188886
v -57.902664 34.229218 2.188886
v -58.673031 34.849224 1.966493
v -55.892075 36.310013 2.188886
v -55.282684 35.919273 2.796477
v -57.338722 33.775356 2.796477
v -57.902664 34.229218 2.188886
v -55.282684 35.919273 2.796477
v -55.059635 35.776257 3.626461
v -57.132305 33.609215 3.626462
v -57.338722 33.775356 2.796477
v -55.059635 35.776257 3.626461
v -55.282684 35.919273 4.456446
v -57.338722 33.775341 4.456446
v -57.132305 33.609215 3.626462
v -55.282684 35.919273 4.456446
v -55.892082 36.309998 5.064034
v -57.902668 34.229210 5.064035
v -57.338722 33.775341 4.456446
v -55.892082 36.309998 5.064034
v -56.724537 36.843739 5.286427
v -58.673035 34.849205 5.286431
v -57.902668 34.229210 5.064035
v -56.724537 36.843739 5.286427
v -57.556992 37.377491 5.064037
v -59.443398 35.469212 5.064038
v -58.673035 34.849205 5.286431
v -57.556992 37.377491 5.064037
v -58.166382 37.768219 4.456445
v -60.007339 35.923096 4.456444
v -59.443398 35.469212 5.064038
v -58.166382 37.768219 4.456445
v -58.389435 37.911247 3.626461
v -60.213753 36.089237 3.626461
v -60.007339 35.923096 4.456444
v -58.389435 37.911247 3.626461
v -58.166378 37.768234 2.796476
v -60.007332 35.923096 2.796477
v -60.213753 36.089237 3.626461
v -58.166378 37.768234 2.796476
v -57.556980 37.377510 2.188889
v -59.443386 35.469227 2.188887
v -60.007332 35.923096 2.796477
v -57.556980 37.377510 2.188889
v -56.724533 36.843754 1.966493
v -58.673031 34.849224 1.966493
v -59.443386 35.469227 2.188887
v -58.673031 34.849224 1.966493
v -57.902664 34.229218 2.188886
v -57.433102 33.851315 1.312647
v -58.673031 34.849224 0.954700
v -57.902664 34.229218 2.188886
v -57.338722 33.775356 2.796477
v -56.525429 33.120785 2.290581
v -57.433102 33.851315 1.312647
v -57.338722 33.775356 2.796477
v -57.132305 33.609215 3.626462
v -56.193195 32.853409 3.626462
v -56.525429 33.120785 2.290581
v -57.132305 33.609215 3.626462
v -57.338722 33.775341 4.456446
v -56.525433 33.120773 4.962341
v -56.193195 32.853409 3.626462
v -57.338722 33.775341 4.456446
v -57.902668 34.229210 5.064035
v -57.433113 33.851299 5.940274
v -56.525433 33.120773 4.962341
v -57.902668 34.229210 5.064035
v -58.673035 34.849205 5.286431
v -58.673038 34.849190 6.298220
v -57.433113 33.851299 5.940274
v -58.673035 34.849205 5.286431
v -59.443398 35.469212 5.064038
v -59.912964 35.847111 5.940278
v -58.673038 34.849190 6.298220
v -59.443398 35.469212 5.064038
v -60.007339 35.923096 4.456444
v -60.820637 36.577644 4.962339
v -59.912964 35.847111 5.940278
v -60.007339 35.923096 4.456444
v -60.213753 36.089237 3.626461
v -61.152866 36.845043 3.626461
v -60.820637 36.577644 4.962339
v -60.213753 36.089237 3.626461
v -60.007332 35.923096 2.796477
v -60.820629 36.577652 2.290581
v -61.152866 36.845043 3.626461
v -60.007332 35.923096 2.796477
v -59.443386 35.469227 2.188887
v -59.912941 35.847130 1.312651
v -60.820629 36.577652 2.290581
v -59.443386 35.469227 2.188887
v -58.673031 34.849224 1.966493
v -58.673031 34.849224 0.954700
v -59.912941 35.847130 1.312651
v -58.673031 34.849224 0.954700
v -57.433102 33.851315 1.312647
v -60.593845 30.908295 1.312647
v -61.969830 31.708244 0.954700
v -57.433102 33.851315 1.312647
v -56.525429 33.120785 2.290581
v -59.586567 30.322681 2.290582
v -60.593845 30.908295 1.312647
v -56.525429 33.120785 2.290581
v -56.193195 32.853409 3.626462
v -59.217880 30.108349 3.626462
v -59.586567 30.322681 2.290582
v -56.193195 32.853409 3.626462
v -56.525433 33.120773 4.962341
v -59.586567 30.322666 4.962342
v -59.217880 30.108349 3.626462
v -56.525433 33.120773 4.962341
v -57.433113 33.851299 5.940274
v -60.593849 30.908264 5.940275
v -59.586567 30.322666 4.962342
v -57.433113 33.851299 5.940274
v -58.673038 34.849190 6.298220
v -61.969837 31.708195 6.298222
v -60.593849 30.908264 5.940275
v -58.673038 34.849190 6.298220
v -59.912964 35.847111 5.940278
v -63.345814 32.508148 5.940278
v -61.969837 31.708195 6.298222
v -59.912964 35.847111 5.940278
v -60.820637 36.577644 4.962339
v -64.353088 33.093750 4.962340
v -63.345814 32.508148 5.940278
v -60.820637 36.577644 4.962339
v -61.152866 36.845043 3.626461
v -64.721779 33.308121 3.626462
v -64.353088 33.093750 4.962340
v -61.152866 36.845043 3.626461
v -60.820629 36.577652 2.290581
v -64.353088 33.093773 2.290581
v -64.721779 33.308121 3.626462
v -60.820629 36.577652 2.290581
v -59.912941 35.847130 1.312651
v -63.345798 32.508183 1.312650
v -64.353088 33.093773 2.290581
v -59.912941 35.847130 1.312651
v -58.673031 34.849224 0.954700
v -61.969830 31.708244 0.954700
v -63.345798 32.508183 1.312650
v -53.534435 67.969986 1.637008
v -55.045895 67.968948 1.297148
v -55.045479 69.462585 1.297148
v -53.534180 69.463631 1.637128
v -52.501358 67.970749 2.504056
v -53.534435 67.969986 1.637008
v -53.534180 69.463631 1.637128
v -52.501297 69.464378 2.504146
v -52.143040 67.971024 3.626458
v -52.501358 67.970749 2.504056
v -52.501297 69.464378 2.504146
v -52.143040 69.464653 3.626458
v -52.501358 67.970749 4.748861
v -52.143040 67.971024 3.626458
v -52.143040 69.464653 3.626458
v -52.501328 69.464378 4.748760
v -53.534431 67.969994 5.615911
v -52.501358 67.970749 4.748861
v -52.501328 69.464378 4.748760
v -53.534229 69.463631 5.615739
v -55.045887 67.968948 5.955769
v -53.534431 67.969994 5.615911
v -53.534229 69.463631 5.615739
v -55.045467 69.462593 5.955675
v -56.557186 67.967926 5.615792
v -55.045887 67.968948 5.955769
v -55.045467 69.462593 5.955675
v -56.556877 69.461563 5.615860
v -57.590065 67.967163 4.748769
v -56.557186 67.967926 5.615792
v -56.556877 69.461563 5.615860
v -57.589970 69.460808 4.748850
v -57.948322 67.966888 3.626458
v -57.590065 67.967163 4.748769
v -57.589970 69.460808 4.748850
v -57.948322 69.460526 3.626458
v -57.590065 67.967155 2.504146
v -57.948322 67.966888 3.626458
v -57.948322 69.460526 3.626458
v -57.590000 69.460808 2.504054
v -56.557190 67.967926 1.637129
v -57.590065 67.967155 2.504146
v -57.590000 69.460808 2.504054
v -56.556934 69.461563 1.637009
v -55.045895 67.968948 1.297148
v -56.557190 67.967926 1.637129
v -56.556934 69.461563 1.637009
v -55.045479 69.462585 1.297148
v -54.036877 60.631458 2.159900
v -55.045689 60.630440 1.933023
v -55.045681 67.982613 1.933022
v -54.036877 67.983627 2.159899
v -53.298378 60.632202 2.779742
v -54.036877 60.631458 2.159900
v -54.036877 67.983627 2.159899
v -53.298374 67.984367 2.779741
v -53.028069 60.632469 3.626459
v -53.298378 60.632202 2.779742
v -53.298374 67.984367 2.779741
v -53.028069 67.984634 3.626458
v -53.298378 60.632195 4.473178
v -53.028069 60.632469 3.626459
v -53.028069 67.984634 3.626458
v -53.298374 67.984367 4.473177
v -54.036877 60.631458 5.093020
v -53.298378 60.632195 4.473178
v -53.298374 67.984367 4.473177
v -54.036873 67.983627 5.093019
v -55.045681 60.630440 5.319896
v -54.036877 60.631458 5.093020
v -54.036873 67.983627 5.093019
v -55.045681 67.982613 5.319896
v -56.054493 60.629425 5.093020
v -55.045681 60.630440 5.319896
v -55.045681 67.982613 5.319896
v -56.054493 67.981598 5.093019
v -56.792988 60.628685 4.473177
v -56.054493 60.629425 5.093020
v -56.054493 67.981598 5.093019
v -56.792988 67.980858 4.473176
v -57.063297 60.628414 3.626459
v -56.792988 60.628685 4.473177
v -56.792988 67.980858 4.473176
v -57.063297 67.980591 3.626458
v -56.792988 60.628685 2.779742
v -57.063297 60.628414 3.626459
v -57.063297 67.980591 3.626458
v -56.792988 67.980858 2.779741
v -56.054493 60.629425 2.159900
v -56.792988 60.628685 2.779742
v -56.792988 67.980858 2.779741
v -56.054489 67.981598 2.159899
v -55.045689 60.630440 1.933023
v -56.054493 60.629425 2.159900
v -56.054489 67.981598 2.159899
v -55.045681 67.982613 1.933022
v -55.045685 69.448944 1.933022
v -54.036877 69.449951 2.159899
v -53.534180 69.463631 1.637128
v -55.045479 69.462585 1.297148
v -54.036877 69.449951 2.159899
v -53.298378 69.450699 2.779741
v -52.501297 69.464378 2.504146
v -53.534180 69.463631 1.637128
v -53.298378 69.450699 2.779741
v -53.028069 69.450966 3.626458
v -52.143040 69.464653 3.626458
v -52.501297 69.464378 2.504146
v -53.028069 69.450966 3.626458
v -53.298378 69.450699 4.473177
v -52.501328 69.464378 4.748760
v -52.143040 69.464653 3.626458
v -53.298378 69.450699 4.473177
v -54.036877 69.449951 5.093019
v -53.534229 69.463631 5.615739
v -52.501328 69.464378 4.748760
v -54.036877 69.449951 5.093019
v -55.045681 69.448944 5.319896
v -55.045467 69.462593 5.955675
v -53.534229 69.463631 5.615739
v -55.045681 69.448944 5.319896
v -56.054493 69.447929 5.093019
v -56.556877 69.461563 5.615860
v -55.045467 69.462593 5.955675
v -56.054493 69.447929 5.093019
v -56.792988 69.447189 4.473176
v -57.589970 69.460808 4.748850
v -56.556877 69.461563 5.615860
v -56.792988 69.447189 4.473176
v -57.063297 69.446915 3.626458
v -57.948322 69.460526 3.626458
v -57.589970 69.460808 4.748850
v -57.063297 69.446915 3.626458
v -56.792988 69.447189 2.779741
v -57.590000 69.460808 2.504054
v -57.948322 69.460526 3.626458
v -56.792988 69.447189 2.779741
v -56.054493 69.447929 2.159899
v -56.556934 69.461563 1.637009
v -57.590000 69.460808 2.504054
v -56.054493 69.447929 2.159899
v -55.045685 69.448944 1.933022
v -55.045479 69.462585 1.297148
v -56.556934 69.461563 1.637009
v -54.036877 67.983627 2.159899
v -55.045681 67.982613 1.933022
v -55.045895 67.968948 1.297148
v -53.534435 67.969986 1.637008
v -55.045681 67.982613 1.933022
v -56.054489 67.981598 2.159899
v -56.557190 67.967926 1.637129
v -55.045895 67.968948 1.297148
v -56.054489 67.981598 2.159899
v -56.792988 67.980858 2.779741
v -57.590065 67.967155 2.504146
v -56.557190 67.967926 1.637129
v -56.792988 67.980858 2.779741
v -57.063297 67.980591 3.626458
v -57.948322 67.966888 3.626458
v -57.590065 67.967155 2.504146
v -57.063297 67.980591 3.626458
v -56.792988 67.980858 4.473176
v -57.590065 67.967163 4.748769
v -57.948322 67.966888 3.626458
v -56.792988 67.980858 4.473176
v -56.054493 67.981598 5.093019
v -56.557186 67.967926 5.615792
v -57.590065 67.967163 4.748769
v -56.054493 67.981598 5.093019
v -55.045681 67.982613 5.319896
v -55.045887 67.968948 5.955769
v -56.557186 67.967926 5.615792
v -55.045681 67.982613 5.319896
v -54.036873 67.983627 5.093019
v -53.534431 67.969994 5.615911
v -55.045887 67.968948 5.955769
v -54.036873 67.983627 5.093019
v -53.298374 67.984367 4.473177
v -52.501358 67.970749 4.748861
v -53.534431 67.969994 5.615911
v -53.298374 67.984367 4.473177
v -53.028069 67.984634 3.626458
v -52.143040 67.971024 3.626458
v -52.501358 67.970749 4.748861
v -53.028069 67.984634 3.626458
v -53.298374 67.984367 2.779741
v -52.501358 67.970749 2.504056
v -52.143040 67.971024 3.626458
v -53.298374 67.984367 2.779741
v -54.036877 67.983627 2.159899
v -53.534435 67.969986 1.637008
v -52.501358 67.970749 2.504056
v 11.450009 144.752136 12.902029
v 27.597635 144.590057 12.923306
v 27.569206 143.419342 12.483477
v 11.450009 143.690125 12.532824
v 11.450009 145.192032 13.793373
v 27.312815 145.074966 13.891132
v 27.597635 144.590057 12.923306
v 11.450009 144.752136 12.902029
v 11.450009 144.752136 14.684714
v 26.881556 144.590057 14.820012
v 27.312815 145.074966 13.891132
v 11.450009 145.192032 13.793373
v 11.450009 143.690125 15.053925
v 26.556477 143.419342 15.165825
v 26.881556 144.590057 14.820012
v 11.450009 144.752136 14.684714
v 11.450009 142.628128 14.684715
v 26.528027 142.248627 14.725997
v 26.556477 143.419342 15.165825
v 11.450009 143.690125 15.053925
v 11.450009 142.188232 13.793374
v 26.812860 141.763702 13.758171
v 26.528027 142.248627 14.725997
v 11.450009 142.628128 14.684715
v 11.450009 142.628128 12.902030
v 27.244125 142.248627 12.829288
v 26.812860 141.763702 13.758171
v 11.450009 142.188232 13.793374
v 11.450009 143.690125 12.532824
v 27.569206 143.419342 12.483477
v 27.244125 142.248627 12.829288
v 11.450009 142.628128 12.902030
v 32.010529 140.079010 13.542375
v 31.834827 138.709473 13.089666
v 27.569206 143.419342 12.483477
v 27.597635 144.590057 12.923306
v 32.434708 140.646301 14.635315
v 32.010529 140.079010 13.542375
v 27.597635 144.590057 12.923306
v 27.312815 145.074966 13.891132
v 32.858902 140.079010 15.728255
v 32.434708 140.646301 14.635315
v 27.312815 145.074966 13.891132
v 26.881556 144.590057 14.820012
v 33.034615 138.709473 16.180969
v 32.858902 140.079010 15.728255
v 26.881556 144.590057 14.820012
v 26.556477 143.419342 15.165825
v 32.858902 137.339935 15.728255
v 33.034615 138.709473 16.180969
v 26.556477 143.419342 15.165825
v 26.528027 142.248627 14.725997
v 32.434708 136.772644 14.635316
v 32.858902 137.339935 15.728255
v 26.528027 142.248627 14.725997
v 26.812860 141.763702 13.758171
v 32.010529 137.339935 13.542375
v 32.434708 136.772644 14.635316
v 26.812860 141.763702 13.758171
v 27.244125 142.248627 12.829288
v 31.834827 138.709473 13.089666
v 32.010529 137.339935 13.542375
v 27.244125 142.248627 12.829288
v 27.569206 143.419342 12.483477
v 35.317230 139.390900 12.997644
v 35.030041 138.185059 12.654655
v 31.834827 138.709473 13.089666
v 32.010529 140.079010 13.542375
v 36.010571 139.890381 13.825687
v 35.317230 139.390900 12.997644
v 32.010529 140.079010 13.542375
v 32.434708 140.646301 14.635315
v 36.703918 139.390900 14.653733
v 36.010571 139.890381 13.825687
v 32.434708 140.646301 14.635315
v 32.858902 140.079010 15.728255
v 36.991112 138.185059 14.996723
v 36.703918 139.390900 14.653733
v 32.858902 140.079010 15.728255
v 33.034615 138.709473 16.180969
v 36.703911 136.979202 14.653734
v 36.991112 138.185059 14.996723
v 33.034615 138.709473 16.180969
v 32.858902 137.339935 15.728255
v 36.010571 136.479721 13.825688
v 36.703911 136.979202 14.653734
v 32.858902 137.339935 15.728255
v 32.434708 136.772644 14.635316
v 35.317230 136.979202 12.997645
v 36.010571 136.479721 13.825688
v 32.434708 136.772644 14.635316
v 32.010529 137.339935 13.542375
v 35.030041 138.185059 12.654655
v 35.317230 136.979202 12.997645
v 32.010529 137.339935 13.542375
v 31.834827 138.709473 13.089666
v 36.299702 139.996399 10.005182
v 35.911392 139.442429 10.739221
v 36.370281 140.673157 10.754346
v 36.793449 141.188416 10.007280
v 36.793449 141.188416 10.007280
v 36.370281 140.673157 10.754346
v 37.491730 141.234222 10.790863
v 37.985447 141.682159 10.012345
v 37.985447 141.682159 10.012345
v 37.491730 141.234222 10.790863
v 38.626411 140.787979 10.827381
v 39.177441 141.188416 10.017412
v 39.671177 139.996399 10.019510
v 39.177441 141.188416 10.017412
v 38.626411 140.787979 10.827381
v 39.099144 139.609787 10.842506
v 39.177441 138.804398 10.017412
v 39.671177 139.996399 10.019510
v 39.099144 139.609787 10.842506
v 38.626411 138.397797 10.827381
v 37.985447 138.310638 10.012345
v 39.177441 138.804398 10.017412
v 38.626411 138.397797 10.827381
v 37.491722 137.852905 10.790863
v 36.793449 138.804398 10.007280
v 37.985447 138.310638 10.012345
v 37.491722 137.852905 10.790863
v 36.370281 138.281189 10.754346
v 36.793449 138.804398 10.007280
v 36.370281 138.281189 10.754346
v 35.911392 139.442429 10.739221
v 36.299702 139.996399 10.005182
v 35.517109 138.879929 12.109983
v 35.030041 138.185059 12.654655
v 35.317230 139.390900 12.997644
v 35.942562 140.152344 12.132069
v 35.317230 139.390900 12.997644
v 36.010571 139.890381 13.825687
v 36.998013 140.786270 12.185378
v 35.942562 140.152344 12.132069
v 36.010571 139.890381 13.825687
v 36.703918 139.390900 14.653733
v 38.081051 140.391663 12.238691
v 36.998013 140.786270 12.185378
v 36.703918 139.390900 14.653733
v 36.991112 138.185059 14.996723
v 38.535351 139.228745 12.260777
v 38.081051 140.391663 12.238691
v 36.991112 138.185059 14.996723
v 36.703911 136.979202 14.653734
v 38.081036 137.995377 12.238691
v 38.535351 139.228745 12.260777
v 38.081036 137.995377 12.238691
v 36.703911 136.979202 14.653734
v 36.010571 136.479721 13.825688
v 36.998013 137.395187 12.185378
v 36.998013 137.395187 12.185378
v 36.010571 136.479721 13.825688
v 35.317230 136.979202 12.997645
v 35.942562 137.752365 12.132069
v 35.942562 137.752365 12.132069
v 35.317230 136.979202 12.997645
v 35.030041 138.185059 12.654655
v 35.517109 138.879929 12.109983
v 35.501442 139.362000 10.959291
v 35.153873 138.910278 11.739951
v 35.668537 140.469742 11.836929
v 36.012688 140.870270 11.072594
v 36.012688 140.870270 11.072594
v 35.668537 140.469742 11.836929
v 37.025692 141.204376 11.974341
v 37.414570 141.575317 11.176826
v 37.025692 141.204376 11.974341
v 38.353992 140.651093 12.082768
v 38.831554 141.019470 11.241149
v 37.414570 141.575317 11.176826
v 38.353992 140.651093 12.082768
v 38.928391 139.279297 12.077718
v 39.430622 139.586639 11.240715
v 38.831554 141.019470 11.241149
v 38.928391 139.279297 12.077718
v 38.447861 137.794357 11.961410
v 38.872261 138.080353 11.153493
v 39.430622 139.586639 11.240715
v 38.447861 137.794357 11.961410
v 37.092052 137.051453 11.805345
v 37.450199 137.441635 10.996081
v 38.872261 138.080353 11.153493
v 37.450199 137.441635 10.996081
v 37.092052 137.051453 11.805345
v 35.733482 137.515869 11.718024
v 36.115803 138.009827 10.905179
v 36.115803 138.009827 10.905179
v 35.733482 137.515869 11.718024
v 35.153873 138.910278 11.739951
v 35.501442 139.362000 10.959291
v 35.517109 138.879929 12.109983
v 35.942562 140.152344 12.132069
v 35.668537 140.469742 11.836929
v 35.153873 138.910278 11.739951
v 35.942562 140.152344 12.132069
v 36.998013 140.786270 12.185378
v 37.025692 141.204376 11.974341
v 35.668537 140.469742 11.836929
v 36.998013 140.786270 12.185378
v 38.081051 140.391663 12.238691
v 38.353992 140.651093 12.082768
v 37.025692 141.204376 11.974341
v 38.081051 140.391663 12.238691
v 38.535351 139.228745 12.260777
v 38.928391 139.279297 12.077718
v 38.353992 140.651093 12.082768
v 38.535351 139.228745 12.260777
v 38.081036 137.995377 12.238691
v 38.447861 137.794357 11.961410
v 38.928391 139.279297 12.077718
v 38.081036 137.995377 12.238691
v 36.998013 137.395187 12.185378
v 37.092052 137.051453 11.805345
v 38.447861 137.794357 11.961410
v 36.998013 137.395187 12.185378
v 35.942562 137.752365 12.132069
v 35.733482 137.515869 11.718024
v 37.092052 137.051453 11.805345
v 35.942562 137.752365 12.132069
v 35.517109 138.879929 12.109983
v 35.153873 138.910278 11.739951
v 35.733482 137.515869 11.718024
v 36.370281 140.673157 10.754346
v 35.911392 139.442429 10.739221
v 35.501442 139.362000 10.959291
v 36.012688 140.870270 11.072594
v 35.911392 139.442429 10.739221
v 36.370281 138.281189 10.754346
v 36.115803 138.009827 10.905179
v 35.501442 139.362000 10.959291
v 36.370281 138.281189 10.754346
v 37.491722 137.852905 10.790863
v 37.450199 137.441635 10.996081
v 36.115803 138.009827 10.905179
v 37.491722 137.852905 10.790863
v 38.626411 138.397797 10.827381
v 38.872261 138.080353 11.153493
v 37.450199 137.441635 10.996081
v 38.626411 138.397797 10.827381
v 39.099144 139.609787 10.842506
v 39.430622 139.586639 11.240715
v 38.872261 138.080353 11.153493
v 39.099144 139.609787 10.842506
v 38.626411 140.787979 10.827381
v 38.831554 141.019470 11.241149
v 39.430622 139.586639 11.240715
v 38.626411 140.787979 10.827381
v 37.491730 141.234222 10.790863
v 37.414570 141.575317 11.176826
v 38.831554 141.019470 11.241149
v 37.491730 141.234222 10.790863
v 36.370281 140.673157 10.754346
v 36.012688 140.870270 11.072594
v 37.414570 141.575317 11.176826
v 36.299702 139.996399 10.005182
v 36.793449 141.188416 10.007280
v 36.066490 141.915375 10.007280
v 35.271641 139.996399 10.005182
v 36.793449 141.188416 10.007280
v 37.985447 141.682159 10.012345
v 37.985447 142.710236 10.012345
v 36.066490 141.915375 10.007280
v 37.985447 141.682159 10.012345
v 39.177441 141.188416 10.017412
v 39.904385 141.915375 10.017412
v 37.985447 142.710236 10.012345
v 39.177441 141.188416 10.017412
v 39.671177 139.996399 10.019510
v 40.699234 139.996399 10.019510
v 39.904385 141.915375 10.017412
v 39.671177 139.996399 10.019510
v 39.177441 138.804398 10.017412
v 39.904385 138.077438 10.017412
v 40.699234 139.996399 10.019510
v 39.177441 138.804398 10.017412
v 37.985447 138.310638 10.012345
v 37.985447 137.282578 10.012345
v 39.904385 138.077438 10.017412
v 37.985447 138.310638 10.012345
v 36.793449 138.804398 10.007280
v 36.066490 138.077438 10.007280
v 37.985447 137.282578 10.012345
v 36.793449 138.804398 10.007280
v 36.299702 139.996399 10.005182
v 35.271641 139.996399 10.005182
v 36.066490 138.077438 10.007280
v 35.271641 139.996399 10.005182
v 36.066490 141.915375 10.007280
v 36.066490 141.915375 9.027645
v 35.271641 139.996399 9.025547
v 36.066490 141.915375 10.007280
v 37.985447 142.710236 10.012345
v 37.985447 142.710236 9.032710
v 36.066490 141.915375 9.027645
v 37.985447 142.710236 10.012345
v 39.904385 141.915375 10.017412
v 39.904385 141.915375 9.037777
v 37.985447 142.710236 9.032710
v 39.904385 141.915375 10.017412
v 40.699234 139.996399 10.019510
v 40.699234 139.996399 9.039875
v 39.904385 141.915375 9.037777
v 40.699234 139.996399 10.019510
v 39.904385 138.077438 10.017412
v 39.904385 138.077438 9.037777
v 40.699234 139.996399 9.039875
v 39.904385 138.077438 10.017412
v 37.985447 137.282578 10.012345
v 37.985447 137.282578 9.032710
v 39.904385 138.077438 9.037777
v 37.985447 137.282578 10.012345
v 36.066490 138.077438 10.007280
v 36.066490 138.077438 9.027645
v 37.985447 137.282578 9.032710
v 36.066490 138.077438 10.007280
v 35.271641 139.996399 10.005182
v 35.271641 139.996399 9.025547
v 36.066490 138.077438 9.027645
v -10.070698 138.731583 -52.814163
v -26.218330 138.569489 -52.835438
v -26.189898 137.398788 -52.395611
v -10.070698 137.669586 -52.444958
v -10.070698 139.171478 -53.705505
v -25.933506 139.054413 -53.803265
v -26.218330 138.569489 -52.835438
v -10.070698 138.731583 -52.814163
v -10.070698 138.731583 -54.596851
v -25.502249 138.569489 -54.732147
v -25.933506 139.054413 -53.803265
v -10.070698 139.171478 -53.705505
v -10.070698 137.669586 -54.966057
v -25.177172 137.398788 -55.077961
v -25.502249 138.569489 -54.732147
v -10.070698 138.731583 -54.596851
v -10.070698 136.607590 -54.596851
v -25.148722 136.228088 -54.638134
v -25.177172 137.398788 -55.077961
v -10.070698 137.669586 -54.966057
v -10.070698 136.167694 -53.705505
v -25.433548 135.743164 -53.670307
v -25.148722 136.228088 -54.638134
v -10.070698 136.607590 -54.596851
v -10.070698 136.607590 -52.814163
v -25.864819 136.228088 -52.741421
v -25.433548 135.743164 -53.670307
v -10.070698 136.167694 -53.705505
v -10.070698 137.669586 -52.444958
v -26.189898 137.398788 -52.395611
v -25.864819 136.228088 -52.741421
v -10.070698 136.607590 -52.814163
v -30.631222 134.058456 -53.454510
v -30.455519 132.688904 -53.001801
v -26.189898 137.398788 -52.395611
v -26.218330 138.569489 -52.835438
v -31.055405 134.625748 -54.547447
v -30.631222 134.058456 -53.454510
v -26.218330 138.569489 -52.835438
v -25.933506 139.054413 -53.803265
v -31.479593 134.058456 -55.640385
v -31.055405 134.625748 -54.547447
v -25.933506 139.054413 -53.803265
v -25.502249 138.569489 -54.732147
v -31.655304 132.688904 -56.093098
v -31.479593 134.058456 -55.640385
v -25.502249 138.569489 -54.732147
v -25.177172 137.398788 -55.077961
v -31.479593 131.319366 -55.640385
v -31.655304 132.688904 -56.093098
v -25.177172 137.398788 -55.077961
v -25.148722 136.228088 -54.638134
v -31.055405 130.752106 -54.547447
v -31.479593 131.319366 -55.640385
v -25.148722 136.228088 -54.638134
v -25.433548 135.743164 -53.670307
v -30.631222 131.319366 -53.454510
v -31.055405 130.752106 -54.547447
v -25.433548 135.743164 -53.670307
v -25.864819 136.228088 -52.741421
v -30.455519 132.688904 -53.001801
v -30.631222 131.319366 -53.454510
v -25.864819 136.228088 -52.741421
v -26.189898 137.398788 -52.395611
v -33.937923 133.370346 -52.909779
v -33.650726 132.164505 -52.566788
v -30.455519 132.688904 -53.001801
v -30.631222 134.058456 -53.454510
v -34.631268 133.869827 -53.737820
v -33.937923 133.370346 -52.909779
v -30.631222 134.058456 -53.454510
v -31.055405 134.625748 -54.547447
v -35.324608 133.370346 -54.565868
v -34.631268 133.869827 -53.737820
v -31.055405 134.625748 -54.547447
v -31.479593 134.058456 -55.640385
v -35.611805 132.164505 -54.908852
v -35.324608 133.370346 -54.565868
v -31.479593 134.058456 -55.640385
v -31.655304 132.688904 -56.093098
v -35.324600 130.958649 -54.565868
v -35.611805 132.164505 -54.908852
v -31.655304 132.688904 -56.093098
v -31.479593 131.319366 -55.640385
v -34.631268 130.459183 -53.737820
v -35.324600 130.958649 -54.565868
v -31.479593 131.319366 -55.640385
v -31.055405 130.752106 -54.547447
v -33.937923 130.958649 -52.909779
v -34.631268 130.459183 -53.737820
v -31.055405 130.752106 -54.547447
v -30.631222 131.319366 -53.454510
v -33.650726 132.164505 -52.566788
v -33.937923 130.958649 -52.909779
v -30.631222 131.319366 -53.454510
v -30.455519 132.688904 -53.001801
v -34.990978 134.652588 -50.666473
v -35.414135 135.167862 -49.919411
v -34.920399 133.975861 -49.917320
v -34.532082 133.421875 -50.651352
v -36.112427 135.213669 -50.702991
v -36.606140 135.661621 -49.924473
v -35.414135 135.167862 -49.919411
v -34.990978 134.652588 -50.666473
v -37.247105 134.767426 -50.739513
v -37.798130 135.167862 -49.929546
v -36.606140 135.661621 -49.924473
v -36.112427 135.213669 -50.702991
v -38.291874 133.975861 -49.931641
v -37.798130 135.167862 -49.929546
v -37.247105 134.767426 -50.739513
v -37.719841 133.589249 -50.754635
v -37.798130 132.783844 -49.929546
v -38.291874 133.975861 -49.931641
v -37.719841 133.589249 -50.754635
v -37.247105 132.377243 -50.739513
v -36.606140 132.290100 -49.924473
v -37.798130 132.783844 -49.929546
v -37.247105 132.377243 -50.739513
v -36.112419 131.832367 -50.702991
v -35.414135 132.783844 -49.919411
v -36.606140 132.290100 -49.924473
v -36.112419 131.832367 -50.702991
v -34.990978 132.260651 -50.666473
v -34.532082 133.421875 -50.651352
v -34.920399 133.975861 -49.917320
v -35.414135 132.783844 -49.919411
v -34.990978 132.260651 -50.666473
v -34.137806 132.859375 -52.022118
v -33.650726 132.164505 -52.566788
v -33.937923 133.370346 -52.909779
v -34.563259 134.131805 -52.044201
v -35.618702 134.765717 -52.097515
v -34.563259 134.131805 -52.044201
v -33.937923 133.370346 -52.909779
v -34.631268 133.869827 -53.737820
v -36.701740 134.371124 -52.150822
v -35.618702 134.765717 -52.097515
v -34.631268 133.869827 -53.737820
v -35.324608 133.370346 -54.565868
v -37.156048 133.208206 -52.172905
v -36.701740 134.371124 -52.150822
v -35.324608 133.370346 -54.565868
v -35.611805 132.164505 -54.908852
v -36.701733 131.974823 -52.150822
v -37.156048 133.208206 -52.172905
v -35.611805 132.164505 -54.908852
v -35.324600 130.958649 -54.565868
v -36.701733 131.974823 -52.150822
v -35.324600 130.958649 -54.565868
v -34.631268 130.459183 -53.737820
v -35.618702 131.374634 -52.097515
v -35.618702 131.374634 -52.097515
v -34.631268 130.459183 -53.737820
v -33.937923 130.958649 -52.909779
v -34.563259 131.731812 -52.044201
v -34.563259 131.731812 -52.044201
v -33.937923 130.958649 -52.909779
v -33.650726 132.164505 -52.566788
v -34.137806 132.859375 -52.022118
v -34.122139 133.341461 -50.871422
v -33.774563 132.889725 -51.652092
v -34.289230 134.449188 -51.749062
v -34.633381 134.849716 -50.984726
v -34.633381 134.849716 -50.984726
v -34.289230 134.449188 -51.749062
v -35.646381 135.183823 -51.886471
v -36.035259 135.554749 -51.088959
v -37.452244 134.998917 -51.153282
v -36.035259 135.554749 -51.088959
v -35.646381 135.183823 -51.886471
v -36.974682 134.630539 -51.994904
v -38.051311 133.566101 -51.152847
v -37.452244 134.998917 -51.153282
v -36.974682 134.630539 -51.994904
v -37.549080 133.258743 -51.989853
v -37.492947 132.059799 -51.065628
v -38.051311 133.566101 -51.152847
v -37.549080 133.258743 -51.989853
v -37.068554 131.773804 -51.873543
v -36.070885 131.421082 -50.908211
v -37.492947 132.059799 -51.065628
v -37.068554 131.773804 -51.873543
v -35.712742 131.030899 -51.717476
v -36.070885 131.421082 -50.908211
v -35.712742 131.030899 -51.717476
v -34.354176 131.495316 -51.630154
v -34.736496 131.989273 -50.817310
v -34.736496 131.989273 -50.817310
v -34.354176 131.495316 -51.630154
v -33.774563 132.889725 -51.652092
v -34.122139 133.341461 -50.871422
v -34.137806 132.859375 -52.022118
v -34.563259 134.131805 -52.044201
v -34.289230 134.449188 -51.749062
v -33.774563 132.889725 -51.652092
v -34.563259 134.131805 -52.044201
v -35.618702 134.765717 -52.097515
v -35.646381 135.183823 -51.886471
v -34.289230 134.449188 -51.749062
v -35.618702 134.765717 -52.097515
v -36.701740 134.371124 -52.150822
v -36.974682 134.630539 -51.994904
v -35.646381 135.183823 -51.886471
v -36.701740 134.371124 -52.150822
v -37.156048 133.208206 -52.172905
v -37.549080 133.258743 -51.989853
v -36.974682 134.630539 -51.994904
v -37.156048 133.208206 -52.172905
v -36.701733 131.974823 -52.150822
v -37.068554 131.773804 -51.873543
v -37.549080 133.258743 -51.989853
v -36.701733 131.974823 -52.150822
v -35.618702 131.374634 -52.097515
v -35.712742 131.030899 -51.717476
v -37.068554 131.773804 -51.873543
v -35.618702 131.374634 -52.097515
v -34.563259 131.731812 -52.044201
v -34.354176 131.495316 -51.630154
v -35.712742 131.030899 -51.717476
v -34.563259 131.731812 -52.044201
v -34.137806 132.859375 -52.022118
v -33.774563 132.889725 -51.652092
v -34.354176 131.495316 -51.630154
v -34.990978 134.652588 -50.666473
v -34.532082 133.421875 -50.651352
v -34.122139 133.341461 -50.871422
v -34.633381 134.849716 -50.984726
v -34.532082 133.421875 -50.651352
v -34.990978 132.260651 -50.666473
v -34.736496 131.989273 -50.817310
v -34.122139 133.341461 -50.871422
v -34.990978 132.260651 -50.666473
v -36.112419 131.832367 -50.702991
v -36.070885 131.421082 -50.908211
v -34.736496 131.989273 -50.817310
v -36.112419 131.832367 -50.702991
v -37.247105 132.377243 -50.739513
v -37.492947 132.059799 -51.065628
v -36.070885 131.421082 -50.908211
v -37.247105 132.377243 -50.739513
v -37.719841 133.589249 -50.754635
v -38.051311 133.566101 -51.152847
v -37.492947 132.059799 -51.065628
v -37.719841 133.589249 -50.754635
v -37.247105 134.767426 -50.739513
v -37.452244 134.998917 -51.153282
v -38.051311 133.566101 -51.152847
v -37.247105 134.767426 -50.739513
v -36.112427 135.213669 -50.702991
v -36.035259 135.554749 -51.088959
v -37.452244 134.998917 -51.153282
v -36.112427 135.213669 -50.702991
v -34.990978 134.652588 -50.666473
v -34.633381 134.849716 -50.984726
v -36.035259 135.554749 -51.088959
v -34.920399 133.975861 -49.917320
v -35.414135 135.167862 -49.919411
v -34.687183 135.894821 -49.919411
v -33.892338 133.975861 -49.917320
v -35.414135 135.167862 -49.919411
v -36.606140 135.661621 -49.924473
v -36.606140 136.689667 -49.924473
v -34.687183 135.894821 -49.919411
v -36.606140 135.661621 -49.924473
v -37.798130 135.167862 -49.929546
v -38.525078 135.894821 -49.929546
v -36.606140 136.689667 -49.924473
v -37.798130 135.167862 -49.929546
v -38.291874 133.975861 -49.931641
v -39.319923 133.975861 -49.931641
v -38.525078 135.894821 -49.929546
v -38.291874 133.975861 -49.931641
v -37.798130 132.783844 -49.929546
v -38.525078 132.056885 -49.929546
v -39.319923 133.975861 -49.931641
v -37.798130 132.783844 -49.929546
v -36.606140 132.290100 -49.924473
v -36.606140 131.262024 -49.924473
v -38.525078 132.056885 -49.929546
v -36.606140 132.290100 -49.924473
v -35.414135 132.783844 -49.919411
v -34.687183 132.056885 -49.919411
v -36.606140 131.262024 -49.924473
v -35.414135 132.783844 -49.919411
v -34.920399 133.975861 -49.917320
v -33.892338 133.975861 -49.917320
v -34.687183 132.056885 -49.919411
v -33.892338 133.975861 -49.917320
v -34.687183 135.894821 -49.919411
v -34.687183 135.894821 -48.939777
v -33.892338 133.975861 -48.937679
v -34.687183 135.894821 -49.919411
v -36.606140 136.689667 -49.924473
v -36.606140 136.689667 -48.944843
v -34.687183 135.894821 -48.939777
v -36.606140 136.689667 -49.924473
v -38.525078 135.894821 -49.929546
v -38.525078 135.894821 -48.949909
v -36.606140 136.689667 -48.944843
v -38.525078 135.894821 -49.929546
v -39.319923 133.975861 -49.931641
v -39.319923 133.975861 -48.952011
v -38.525078 135.894821 -48.949909
v -39.319923 133.975861 -49.931641
v -38.525078 132.056885 -49.929546
v -38.525078 132.056885 -48.949909
v -39.319923 133.975861 -48.952011
v -38.525078 132.056885 -49.929546
v -36.606140 131.262024 -49.924473
v -36.606140 131.262024 -48.944843
v -38.525078 132.056885 -48.949909
v -36.606140 131.262024 -49.924473
v -34.687183 132.056885 -49.919411
v -34.687183 132.056885 -48.939777
v -36.606140 131.262024 -48.944843
v -34.687183 132.056885 -49.919411
v -33.892338 133.975861 -49.917320
v -33.892338 133.975861 -48.937679
v -34.687183 132.056885 -48.939777
v -11.449985 144.752136 -53.529339
v -27.597618 144.590027 -53.550621
v -27.569183 143.419342 -53.110786
v -11.449985 143.690125 -53.160133
v -11.449985 145.192017 -54.420685
v -27.312798 145.074951 -54.518448
v -27.597618 144.590027 -53.550621
v -11.449985 144.752136 -53.529339
v -11.449985 144.752136 -55.312027
v -26.881538 144.590027 -55.447323
v -27.312798 145.074951 -54.518448
v -11.449985 145.192017 -54.420685
v -11.449985 143.690125 -55.681240
v -26.556459 143.419342 -55.793137
v -26.881538 144.590027 -55.447323
v -11.449985 144.752136 -55.312027
v -11.449985 142.628128 -55.312027
v -26.528009 142.248627 -55.353310
v -26.556459 143.419342 -55.793137
v -11.449985 143.690125 -55.681240
v -11.449985 142.188232 -54.420685
v -26.812840 141.763702 -54.385483
v -26.528009 142.248627 -55.353310
v -11.449985 142.628128 -55.312027
v -11.449985 142.628128 -53.529339
v -27.244104 142.248627 -53.456600
v -26.812840 141.763702 -54.385483
v -11.449985 142.188232 -54.420685
v -11.449985 143.690125 -53.160133
v -27.569183 143.419342 -53.110786
v -27.244104 142.248627 -53.456600
v -11.449985 142.628128 -53.529339
v -32.010509 140.079010 -54.169685
v -31.834805 138.709457 -53.716976
v -27.569183 143.419342 -53.110786
v -27.597618 144.590027 -53.550621
v -32.434692 140.646301 -55.262623
v -32.010509 140.079010 -54.169685
v -27.597618 144.590027 -53.550621
v -27.312798 145.074951 -54.518448
v -32.858883 140.079010 -56.355568
v -32.434692 140.646301 -55.262623
v -27.312798 145.074951 -54.518448
v -26.881538 144.590027 -55.447323
v -33.034592 138.709457 -56.808273
v -32.858883 140.079010 -56.355568
v -26.881538 144.590027 -55.447323
v -26.556459 143.419342 -55.793137
v -32.858883 137.339920 -56.355568
v -33.034592 138.709457 -56.808273
v -26.556459 143.419342 -55.793137
v -26.528009 142.248627 -55.353310
v -32.434692 136.772629 -55.262623
v -32.858883 137.339920 -56.355568
v -26.528009 142.248627 -55.353310
v -26.812840 141.763702 -54.385483
v -32.010509 137.339920 -54.169685
v -32.434692 136.772629 -55.262623
v -26.812840 141.763702 -54.385483
v -27.244104 142.248627 -53.456600
v -31.834805 138.709457 -53.716976
v -32.010509 137.339920 -54.169685
v -27.244104 142.248627 -53.456600
v -27.569183 143.419342 -53.110786
v -35.317211 139.390884 -53.624954
v -35.030018 138.185028 -53.281967
v -31.834805 138.709457 -53.716976
v -32.010509 140.079010 -54.169685
v -36.010555 139.890381 -54.452995
v -35.317211 139.390884 -53.624954
v -32.010509 140.079010 -54.169685
v -32.434692 140.646301 -55.262623
v -36.703899 139.390884 -55.281040
v -36.010555 139.890381 -54.452995
v -32.434692 140.646301 -55.262623
v -32.858883 140.079010 -56.355568
v -36.991093 138.185028 -55.624035
v -36.703899 139.390884 -55.281040
v -32.858883 140.079010 -56.355568
v -33.034592 138.709457 -56.808273
v -36.703892 136.979187 -55.281040
v -36.991093 138.185028 -55.624035
v -33.034592 138.709457 -56.808273
v -32.858883 137.339920 -56.355568
v -36.010555 136.479706 -54.452995
v -36.703892 136.979187 -55.281040
v -32.858883 137.339920 -56.355568
v -32.434692 136.772629 -55.262623
v -35.317211 136.979187 -53.624954
v -36.010555 136.479706 -54.452995
v -32.434692 136.772629 -55.262623
v -32.010509 137.339920 -54.169685
v -35.030018 138.185028 -53.281967
v -35.317211 136.979187 -53.624954
v -32.010509 137.339920 -54.169685
v -31.834805 138.709457 -53.716976
v -36.370262 140.673141 -51.381657
v -36.793423 141.188416 -50.634594
v -36.299683 139.996399 -50.632488
v -35.911373 139.442429 -51.366528
v -37.491714 141.234222 -51.418171
v -37.985428 141.682159 -50.639656
v -36.793423 141.188416 -50.634594
v -36.370262 140.673141 -51.381657
v -38.626392 140.787979 -51.454689
v -39.177418 141.188416 -50.644722
v -37.985428 141.682159 -50.639656
v -37.491714 141.234222 -51.418171
v -39.671162 139.996399 -50.646820
v -39.177418 141.188416 -50.644722
v -38.626392 140.787979 -51.454689
v -39.099129 139.609772 -51.469814
v -39.177418 138.804382 -50.644722
v -39.671162 139.996399 -50.646820
v -39.099129 139.609772 -51.469814
v -38.626392 138.397781 -51.454689
v -37.985428 138.310638 -50.639656
v -39.177418 138.804382 -50.644722
v -38.626392 138.397781 -51.454689
v -37.491703 137.852905 -51.418171
v -36.793423 138.804382 -50.634594
v -37.985428 138.310638 -50.639656
v -37.491703 137.852905 -51.418171
v -36.370262 138.281189 -51.381657
v -35.911373 139.442429 -51.366528
v -36.299683 139.996399 -50.632488
v -36.793423 138.804382 -50.634594
v -36.370262 138.281189 -51.381657
v -35.517090 138.879913 -52.737297
v -35.030018 138.185028 -53.281967
v -35.317211 139.390884 -53.624954
v -35.942547 140.152344 -52.759377
v -36.997993 140.786255 -52.812691
v -35.942547 140.152344 -52.759377
v -35.317211 139.390884 -53.624954
v -36.010555 139.890381 -54.452995
v -38.081028 140.391663 -52.866001
v -36.997993 140.786255 -52.812691
v -36.010555 139.890381 -54.452995
v -36.703899 139.390884 -55.281040
v -38.535336 139.228729 -52.888088
v -38.081028 140.391663 -52.866001
v -36.703899 139.390884 -55.281040
v -36.991093 138.185028 -55.624035
v -38.081017 137.995377 -52.866001
v -38.535336 139.228729 -52.888088
v -36.991093 138.185028 -55.624035
v -36.703892 136.979187 -55.281040
v -38.081017 137.995377 -52.866001
v -36.703892 136.979187 -55.281040
v -36.010555 136.479706 -54.452995
v -36.997993 137.395172 -52.812691
v -36.997993 137.395172 -52.812691
v -36.010555 136.479706 -54.452995
v -35.317211 136.979187 -53.624954
v -35.942547 137.752365 -52.759377
v -35.942547 137.752365 -52.759377
v -35.317211 136.979187 -53.624954
v -35.030018 138.185028 -53.281967
v -35.517090 138.879913 -52.737297
v -35.501423 139.362000 -51.586601
v -35.153854 138.910278 -52.367260
v -35.668518 140.469727 -52.464237
v -36.012669 140.870270 -51.699909
v -36.012669 140.870270 -51.699909
v -35.668518 140.469727 -52.464237
v -37.025673 141.204346 -52.601654
v -37.414547 141.575302 -51.804134
v -38.831535 141.019440 -51.868458
v -37.414547 141.575302 -51.804134
v -37.025673 141.204346 -52.601654
v -38.353970 140.651077 -52.710079
v -39.430603 139.586639 -51.868031
v -38.831535 141.019440 -51.868458
v -38.353970 140.651077 -52.710079
v -38.928368 139.279297 -52.705029
v -38.872238 138.080353 -51.780807
v -39.430603 139.586639 -51.868031
v -38.928368 139.279297 -52.705029
v -38.447842 137.794357 -52.588722
v -37.450176 137.441635 -51.623394
v -38.872238 138.080353 -51.780807
v -38.447842 137.794357 -52.588722
v -37.092030 137.051453 -52.432652
v -37.450176 137.441635 -51.623394
v -37.092030 137.051453 -52.432652
v -35.733463 137.515869 -52.345337
v -36.115784 138.009811 -51.532486
v -36.115784 138.009811 -51.532486
v -35.733463 137.515869 -52.345337
v -35.153854 138.910278 -52.367260
v -35.501423 139.362000 -51.586601
v -35.517090 138.879913 -52.737297
v -35.942547 140.152344 -52.759377
v -35.668518 140.469727 -52.464237
v -35.153854 138.910278 -52.367260
v -35.942547 140.152344 -52.759377
v -36.997993 140.786255 -52.812691
v -37.025673 141.204346 -52.601654
v -35.668518 140.469727 -52.464237
v -36.997993 140.786255 -52.812691
v -38.081028 140.391663 -52.866001
v -38.353970 140.651077 -52.710079
v -37.025673 141.204346 -52.601654
v -38.081028 140.391663 -52.866001
v -38.535336 139.228729 -52.888088
v -38.928368 139.279297 -52.705029
v -38.353970 140.651077 -52.710079
v -38.535336 139.228729 -52.888088
v -38.081017 137.995377 -52.866001
v -38.447842 137.794357 -52.588722
v -38.928368 139.279297 -52.705029
v -38.081017 137.995377 -52.866001
v -36.997993 137.395172 -52.812691
v -37.092030 137.051453 -52.432652
v -38.447842 137.794357 -52.588722
v -36.997993 137.395172 -52.812691
v -35.942547 137.752365 -52.759377
v -35.733463 137.515869 -52.345337
v -37.092030 137.051453 -52.432652
v -35.942547 137.752365 -52.759377
v -35.517090 138.879913 -52.737297
v -35.153854 138.910278 -52.367260
v -35.733463 137.515869 -52.345337
v -36.370262 140.673141 -51.381657
v -35.911373 139.442429 -51.366528
v -35.501423 139.362000 -51.586601
v -36.012669 140.870270 -51.699909
v -35.911373 139.442429 -51.366528
v -36.370262 138.281189 -51.381657
v -36.115784 138.009811 -51.532486
v -35.501423 139.362000 -51.586601
v -36.370262 138.281189 -51.381657
v -37.491703 137.852905 -51.418171
v -37.450176 137.441635 -51.623394
v -36.115784 138.009811 -51.532486
v -37.491703 137.852905 -51.418171
v -38.626392 138.397781 -51.454689
v -38.872238 138.080353 -51.780807
v -37.450176 137.441635 -51.623394
v -38.626392 138.397781 -51.454689
v -39.099129 139.609772 -51.469814
v -39.430603 139.586639 -51.868031
v -38.872238 138.080353 -51.780807
v -39.099129 139.609772 -51.469814
v -38.626392 140.787979 -51.454689
v -38.831535 141.019440 -51.868458
v -39.430603 139.586639 -51.868031
v -38.626392 140.787979 -51.454689
v -37.491714 141.234222 -51.418171
v -37.414547 141.575302 -51.804134
v -38.831535 141.019440 -51.868458
v -37.491714 141.234222 -51.418171
v -36.370262 140.673141 -51.381657
v -36.012669 140.870270 -51.699909
v -37.414547 141.575302 -51.804134
v -36.299683 139.996399 -50.632488
v -36.793423 141.188416 -50.634594
v -36.066467 141.915375 -50.634594
v -35.271622 139.996399 -50.632488
v -36.793423 141.188416 -50.634594
v -37.985428 141.682159 -50.639656
v -37.985428 142.710220 -50.639656
v -36.066467 141.915375 -50.634594
v -37.985428 141.682159 -50.639656
v -39.177418 141.188416 -50.644722
v -39.904362 141.915344 -50.644722
v -37.985428 142.710220 -50.639656
v -39.177418 141.188416 -50.644722
v -39.671162 139.996399 -50.646820
v -40.699211 139.996399 -50.646820
v -39.904362 141.915344 -50.644722
v -39.671162 139.996399 -50.646820
v -39.177418 138.804382 -50.644722
v -39.904362 138.077438 -50.644722
v -40.699211 139.996399 -50.646820
v -39.177418 138.804382 -50.644722
v -37.985428 138.310638 -50.639656
v -37.985428 137.282562 -50.639656
v -39.904362 138.077438 -50.644722
v -37.985428 138.310638 -50.639656
v -36.793423 138.804382 -50.634594
v -36.066467 138.077438 -50.634594
v -37.985428 137.282562 -50.639656
v -36.793423 138.804382 -50.634594
v -36.299683 139.996399 -50.632488
v -35.271622 139.996399 -50.632488
v -36.066467 138.077438 -50.634594
v -35.271622 139.996399 -50.632488
v -36.066467 141.915375 -50.634594
v -36.066467 141.915375 -49.654957
v -35.271622 139.996399 -49.652859
v -36.066467 141.915375 -50.634594
v -37.985428 142.710220 -50.639656
v -37.985428 142.710220 -49.660019
v -36.066467 141.915375 -49.654957
v -37.985428 142.710220 -50.639656
v -39.904362 141.915344 -50.644722
v -39.904362 141.915344 -49.665089
v -37.985428 142.710220 -49.660019
v -39.904362 141.915344 -50.644722
v -40.699211 139.996399 -50.646820
v -40.699211 139.996399 -49.667187
v -39.904362 141.915344 -49.665089
v -40.699211 139.996399 -50.646820
v -39.904362 138.077438 -50.644722
v -39.904362 138.077438 -49.665089
v -40.699211 139.996399 -49.667187
v -39.904362 138.077438 -50.644722
v -37.985428 137.282562 -50.639656
v -37.985428 137.282562 -49.660019
v -39.904362 138.077438 -49.665089
v -37.985428 137.282562 -50.639656
v -36.066467 138.077438 -50.634594
v -36.066467 138.077438 -49.654957
v -37.985428 137.282562 -49.660019
v -36.066467 138.077438 -50.634594
v -35.271622 139.996399 -50.632488
v -35.271622 139.996399 -49.652859
v -36.066467 138.077438 -49.654957
v 10.070719 138.731583 -52.814163
v 10.070719 137.669586 -52.444958
v 26.189915 137.398788 -52.395611
v 26.218351 138.569489 -52.835438
v 10.070719 139.171478 -53.705505
v 10.070719 138.731583 -52.814163
v 26.218351 138.569489 -52.835438
v 25.933531 139.054413 -53.803265
v 10.070719 138.731583 -54.596851
v 10.070719 139.171478 -53.705505
v 25.933531 139.054413 -53.803265
v 25.502274 138.569489 -54.732147
v 10.070719 137.669586 -54.966057
v 10.070719 138.731583 -54.596851
v 25.502274 138.569489 -54.732147
v 25.177195 137.398788 -55.077961
v 10.070719 136.607590 -54.596851
v 10.070719 137.669586 -54.966057
v 25.177195 137.398788 -55.077961
v 25.148743 136.228088 -54.638134
v 10.070719 136.167694 -53.705505
v 10.070719 136.607590 -54.596851
v 25.148743 136.228088 -54.638134
v 25.433571 135.743164 -53.670307
v 10.070719 136.607590 -52.814163
v 10.070719 136.167694 -53.705505
v 25.433571 135.743164 -53.670307
v 25.864836 136.228088 -52.741421
v 10.070719 137.669586 -52.444958
v 10.070719 136.607590 -52.814163
v 25.864836 136.228088 -52.741421
v 26.189915 137.398788 -52.395611
v 30.631247 134.058456 -53.454510
v 26.218351 138.569489 -52.835438
v 26.189915 137.398788 -52.395611
v 30.455544 132.688904 -53.001801
v 31.055426 134.625748 -54.547447
v 25.933531 139.054413 -53.803265
v 26.218351 138.569489 -52.835438
v 30.631247 134.058456 -53.454510
v 31.479612 134.058456 -55.640385
v 25.502274 138.569489 -54.732147
v 25.933531 139.054413 -53.803265
v 31.055426 134.625748 -54.547447
v 31.655329 132.688904 -56.093098
v 25.177195 137.398788 -55.077961
v 25.502274 138.569489 -54.732147
v 31.479612 134.058456 -55.640385
v 31.479612 131.319366 -55.640385
v 25.148743 136.228088 -54.638134
v 25.177195 137.398788 -55.077961
v 31.655329 132.688904 -56.093098
v 31.055426 130.752106 -54.547447
v 25.433571 135.743164 -53.670307
v 25.148743 136.228088 -54.638134
v 31.479612 131.319366 -55.640385
v 30.631247 131.319366 -53.454510
v 25.864836 136.228088 -52.741421
v 25.433571 135.743164 -53.670307
v 31.055426 130.752106 -54.547447
v 30.455544 132.688904 -53.001801
v 26.189915 137.398788 -52.395611
v 25.864836 136.228088 -52.741421
v 30.631247 131.319366 -53.454510
v 33.937939 133.370346 -52.909779
v 30.631247 134.058456 -53.454510
v 30.455544 132.688904 -53.001801
v 33.650749 132.164505 -52.566788
v 34.631287 133.869827 -53.737820
v 31.055426 134.625748 -54.547447
v 30.631247 134.058456 -53.454510
v 33.937939 133.370346 -52.909779
v 35.324627 133.370346 -54.565868
v 31.479612 134.058456 -55.640385
v 31.055426 134.625748 -54.547447
v 34.631287 133.869827 -53.737820
v 35.611828 132.164505 -54.908852
v 31.655329 132.688904 -56.093098
v 31.479612 134.058456 -55.640385
v 35.324627 133.370346 -54.565868
v 35.324623 130.958649 -54.565868
v 31.479612 131.319366 -55.640385
v 31.655329 132.688904 -56.093098
v 35.611828 132.164505 -54.908852
v 34.631287 130.459183 -53.737820
v 31.055426 130.752106 -54.547447
v 31.479612 131.319366 -55.640385
v 35.324623 130.958649 -54.565868
v 33.937939 130.958649 -52.909779
v 30.631247 131.319366 -53.454510
v 31.055426 130.752106 -54.547447
v 34.631287 130.459183 -53.737820
v 33.650749 132.164505 -52.566788
v 30.455544 132.688904 -53.001801
v 30.631247 131.319366 -53.454510
v 33.937939 130.958649 -52.909779
v 34.920418 133.975861 -49.917320
v 35.414158 135.167862 -49.919411
v 34.990997 134.652588 -50.666473
v 34.532104 133.421875 -50.651352
v 35.414158 135.167862 -49.919411
v 36.606155 135.661621 -49.924473
v 36.112446 135.213669 -50.702991
v 34.990997 134.652588 -50.666473
v 36.606155 135.661621 -49.924473
v 37.798149 135.167862 -49.929546
v 37.247128 134.767426 -50.739513
v 36.112446 135.213669 -50.702991
v 38.291893 133.975861 -49.931641
v 37.719860 133.589249 -50.754635
v 37.247128 134.767426 -50.739513
v 37.798149 135.167862 -49.929546
v 37.798149 132.783844 -49.929546
v 37.247128 132.377243 -50.739513
v 37.719860 133.589249 -50.754635
v 38.291893 133.975861 -49.931641
v 36.606155 132.290100 -49.924473
v 36.112438 131.832367 -50.702991
v 37.247128 132.377243 -50.739513
v 37.798149 132.783844 -49.929546
v 35.414158 132.783844 -49.919411
v 34.990997 132.260651 -50.666473
v 36.112438 131.832367 -50.702991
v 36.606155 132.290100 -49.924473
v 35.414158 132.783844 -49.919411
v 34.920418 133.975861 -49.917320
v 34.532104 133.421875 -50.651352
v 34.990997 132.260651 -50.666473
v 34.137825 132.859375 -52.022118
v 34.563278 134.131805 -52.044201
v 33.937939 133.370346 -52.909779
v 33.650749 132.164505 -52.566788
v 33.937939 133.370346 -52.909779
v 34.563278 134.131805 -52.044201
v 35.618721 134.765717 -52.097515
v 34.631287 133.869827 -53.737820
v 34.631287 133.869827 -53.737820
v 35.618721 134.765717 -52.097515
v 36.701759 134.371124 -52.150822
v 35.324627 133.370346 -54.565868
v 35.324627 133.370346 -54.565868
v 36.701759 134.371124 -52.150822
v 37.156067 133.208206 -52.172905
v 35.611828 132.164505 -54.908852
v 35.611828 132.164505 -54.908852
v 37.156067 133.208206 -52.172905
v 36.701752 131.974823 -52.150822
v 35.324623 130.958649 -54.565868
v 36.701752 131.974823 -52.150822
v 35.618721 131.374634 -52.097515
v 34.631287 130.459183 -53.737820
v 35.324623 130.958649 -54.565868
v 35.618721 131.374634 -52.097515
v 34.563278 131.731812 -52.044201
v 33.937939 130.958649 -52.909779
v 34.631287 130.459183 -53.737820
v 34.563278 131.731812 -52.044201
v 34.137825 132.859375 -52.022118
v 33.650749 132.164505 -52.566788
v 33.937939 130.958649 -52.909779
v 34.122158 133.341461 -50.871422
v 34.633396 134.849716 -50.984726
v 34.289249 134.449188 -51.749062
v 33.774582 132.889725 -51.652092
v 34.633396 134.849716 -50.984726
v 36.035278 135.554749 -51.088959
v 35.646400 135.183823 -51.886471
v 34.289249 134.449188 -51.749062
v 35.646400 135.183823 -51.886471
v 36.035278 135.554749 -51.088959
v 37.452263 134.998917 -51.153282
v 36.974701 134.630539 -51.994904
v 36.974701 134.630539 -51.994904
v 37.452263 134.998917 -51.153282
v 38.051334 133.566101 -51.152847
v 37.549099 133.258743 -51.989853
v 37.549099 133.258743 -51.989853
v 38.051334 133.566101 -51.152847
v 37.492970 132.059799 -51.065628
v 37.068569 131.773804 -51.873543
v 37.068569 131.773804 -51.873543
v 37.492970 132.059799 -51.065628
v 36.070908 131.421082 -50.908211
v 35.712761 131.030899 -51.717476
v 36.070908 131.421082 -50.908211
v 34.736519 131.989273 -50.817310
v 34.354198 131.495316 -51.630154
v 35.712761 131.030899 -51.717476
v 34.736519 131.989273 -50.817310
v 34.122158 133.341461 -50.871422
v 33.774582 132.889725 -51.652092
v 34.354198 131.495316 -51.630154
v 34.137825 132.859375 -52.022118
v 33.774582 132.889725 -51.652092
v 34.289249 134.449188 -51.749062
v 34.563278 134.131805 -52.044201
v 34.563278 134.131805 -52.044201
v 34.289249 134.449188 -51.749062
v 35.646400 135.183823 -51.886471
v 35.618721 134.765717 -52.097515
v 35.618721 134.765717 -52.097515
v 35.646400 135.183823 -51.886471
v 36.974701 134.630539 -51.994904
v 36.701759 134.371124 -52.150822
v 36.701759 134.371124 -52.150822
v 36.974701 134.630539 -51.994904
v 37.549099 133.258743 -51.989853
v 37.156067 133.208206 -52.172905
v 37.156067 133.208206 -52.172905
v 37.549099 133.258743 -51.989853
v 37.068569 131.773804 -51.873543
v 36.701752 131.974823 -52.150822
v 36.701752 131.974823 -52.150822
v 37.068569 131.773804 -51.873543
v 35.712761 131.030899 -51.717476
v 35.618721 131.374634 -52.097515
v 35.618721 131.374634 -52.097515
v 35.712761 131.030899 -51.717476
v 34.354198 131.495316 -51.630154
v 34.563278 131.731812 -52.044201
v 34.563278 131.731812 -52.044201
v 34.354198 131.495316 -51.630154
v 33.774582 132.889725 -51.652092
v 34.137825 132.859375 -52.022118
v 34.990997 134.652588 -50.666473
v 34.633396 134.849716 -50.984726
v 34.122158 133.341461 -50.871422
v 34.532104 133.421875 -50.651352
v 34.532104 133.421875 -50.651352
v 34.122158 133.341461 -50.871422
v 34.736519 131.989273 -50.817310
v 34.990997 132.260651 -50.666473
v 34.990997 132.260651 -50.666473
v 34.736519 131.989273 -50.817310
v 36.070908 131.421082 -50.908211
v 36.112438 131.832367 -50.702991
v 36.112438 131.832367 -50.702991
v 36.070908 131.421082 -50.908211
v 37.492970 132.059799 -51.065628
v 37.247128 132.377243 -50.739513
v 37.247128 132.377243 -50.739513
v 37.492970 132.059799 -51.065628
v 38.051334 133.566101 -51.152847
v 37.719860 133.589249 -50.754635
v 37.719860 133.589249 -50.754635
v 38.051334 133.566101 -51.152847
v 37.452263 134.998917 -51.153282
v 37.247128 134.767426 -50.739513
v 37.247128 134.767426 -50.739513
v 37.452263 134.998917 -51.153282
v 36.035278 135.554749 -51.088959
v 36.112446 135.213669 -50.702991
v 36.112446 135.213669 -50.702991
v 36.035278 135.554749 -51.088959
v 34.633396 134.849716 -50.984726
v 34.990997 134.652588 -50.666473
v 34.920418 133.975861 -49.917320
v 33.892357 133.975861 -49.917320
v 34.687206 135.894821 -49.919411
v 35.414158 135.167862 -49.919411
v 35.414158 135.167862 -49.919411
v 34.687206 135.894821 -49.919411
v 36.606155 136.689667 -49.924473
v 36.606155 135.661621 -49.924473
v 36.606155 135.661621 -49.924473
v 36.606155 136.689667 -49.924473
v 38.525101 135.894821 -49.929546
v 37.798149 135.167862 -49.929546
v 37.798149 135.167862 -49.929546
v 38.525101 135.894821 -49.929546
v 39.319942 133.975861 -49.931641
v 38.291893 133.975861 -49.931641
v 38.291893 133.975861 -49.931641
v 39.319942 133.975861 -49.931641
v 38.525101 132.056885 -49.929546
v 37.798149 132.783844 -49.929546
v 37.798149 132.783844 -49.929546
v 38.525101 132.056885 -49.929546
v 36.606155 131.262024 -49.924473
v 36.606155 132.290100 -49.924473
v 36.606155 132.290100 -49.924473
v 36.606155 131.262024 -49.924473
v 34.687206 132.056885 -49.919411
v 35.414158 132.783844 -49.919411
v 35.414158 132.783844 -49.919411
v 34.687206 132.056885 -49.919411
v 33.892357 133.975861 -49.917320
v 34.920418 133.975861 -49.917320
v 33.892357 133.975861 -49.917320
v 33.892357 133.975861 -48.937679
v 34.687206 135.894821 -48.939777
v 34.687206 135.894821 -49.919411
v 34.687206 135.894821 -49.919411
v 34.687206 135.894821 -48.939777
v 36.606155 136.689667 -48.944843
v 36.606155 136.689667 -49.924473
v 36.606155 136.689667 -49.924473
v 36.606155 136.689667 -48.944843
v 38.525101 135.894821 -48.949909
v 38.525101 135.894821 -49.929546
v 38.525101 135.894821 -49.929546
v 38.525101 135.894821 -48.949909
v 39.319942 133.975861 -48.952011
v 39.319942 133.975861 -49.931641
v 39.319942 133.975861 -49.931641
v 39.319942 133.975861 -48.952011
v 38.525101 132.056885 -48.949909
v 38.525101 132.056885 -49.929546
v 38.525101 132.056885 -49.929546
v 38.525101 132.056885 -48.949909
v 36.606155 131.262024 -48.944843
v 36.606155 131.262024 -49.924473
v 36.606155 131.262024 -49.924473
v 36.606155 131.262024 -48.944843
v 34.687206 132.056885 -48.939777
v 34.687206 132.056885 -49.919411
v 34.687206 132.056885 -49.919411
v 34.687206 132.056885 -48.939777
v 33.892357 133.975861 -48.937679
v 33.892357 133.975861 -49.917320
v 85.996231 55.370674 -49.018028
v 85.996231 55.370670 -50.051529
v 85.840508 55.951885 -50.051529
v 85.840492 55.951889 -49.018028
v 85.840492 55.951889 -49.018028
v 85.840508 55.951885 -50.051529
v 85.415024 56.377373 -50.051529
v 85.415024 56.377377 -49.018028
v 85.415024 56.377377 -49.018028
v 85.415024 56.377373 -50.051529
v 84.833786 56.533100 -50.051529
v 84.833786 56.533104 -49.018028
v 84.833786 56.533104 -49.018028
v 84.833786 56.533100 -50.051529
v 84.252579 56.377373 -50.051529
v 84.252579 56.377377 -49.018028
v 84.252579 56.377377 -49.018028
v 84.252579 56.377373 -50.051529
v 83.827095 55.951885 -50.051529
v 83.827095 55.951889 -49.018028
v 83.827095 55.951889 -49.018028
v 83.827095 55.951885 -50.051529
v 83.671356 55.370670 -50.051529
v 83.671356 55.370674 -49.018028
v 83.671356 55.370674 -49.018028
v 83.671356 55.370670 -50.051529
v 83.827095 54.789455 -50.051529
v 83.827095 54.789459 -49.018028
v 83.827095 54.789459 -49.018028
v 83.827095 54.789455 -50.051529
v 84.252579 54.363968 -50.051529
v 84.252579 54.363968 -49.018028
v 84.252579 54.363968 -49.018028
v 84.252579 54.363968 -50.051529
v 84.833786 54.208241 -50.051529
v 84.833786 54.208244 -49.018028
v 84.833786 54.208244 -49.018028
v 84.833786 54.208241 -50.051529
v 85.415024 54.363968 -50.051529
v 85.415024 54.363968 -49.018028
v 85.415024 54.363968 -49.018028
v 85.415024 54.363968 -50.051529
v 85.840492 54.789455 -50.051529
v 85.840492 54.789459 -49.018028
v 85.840492 54.789459 -49.018028
v 85.840492 54.789455 -50.051529
v 85.996231 55.370670 -50.051529
v 85.996231 55.370674 -49.018028
v 85.996231 55.370670 -50.051529
v 85.996231 55.095264 -51.017132
v 85.840508 55.631054 -51.206196
v 85.840508 55.951885 -50.051529
v 85.840508 55.951885 -50.051529
v 85.840508 55.631054 -51.206196
v 85.415024 56.023285 -51.344604
v 85.415024 56.377373 -50.051529
v 85.415024 56.377373 -50.051529
v 85.415024 56.023285 -51.344604
v 84.833786 56.166840 -51.395264
v 84.833786 56.533100 -50.051529
v 84.833786 56.533100 -50.051529
v 84.833786 56.166840 -51.395264
v 84.252579 56.023285 -51.344604
v 84.252579 56.377373 -50.051529
v 84.252579 56.377373 -50.051529
v 84.252579 56.023285 -51.344604
v 83.827095 55.631058 -51.206196
v 83.827095 55.951885 -50.051529
v 83.827095 55.951885 -50.051529
v 83.827095 55.631058 -51.206196
v 83.671356 55.095264 -51.017132
v 83.671356 55.370670 -50.051529
v 83.671356 55.370670 -50.051529
v 83.671356 55.095264 -51.017132
v 83.827095 54.559479 -50.828072
v 83.827095 54.789455 -50.051529
v 83.827095 54.789455 -50.051529
v 83.827095 54.559479 -50.828072
v 84.252579 54.167244 -50.689671
v 84.252579 54.363968 -50.051529
v 84.252579 54.363968 -50.051529
v 84.252579 54.167244 -50.689671
v 84.833786 54.023689 -50.639015
v 84.833786 54.208241 -50.051529
v 84.833786 54.208241 -50.051529
v 84.833786 54.023689 -50.639015
v 85.415024 54.167244 -50.689671
v 85.415024 54.363968 -50.051529
v 85.415024 54.363968 -50.051529
v 85.415024 54.167244 -50.689671
v 85.840508 54.559464 -50.828072
v 85.840492 54.789455 -50.051529
v 85.840492 54.789455 -50.051529
v 85.840508 54.559464 -50.828072
v 85.996231 55.095264 -51.017132
v 85.996231 55.370670 -50.051529
v 85.996231 55.095264 -51.017132
v 85.996231 53.706787 -52.056660
v 85.840508 53.997437 -52.479111
v 85.840508 55.631054 -51.206196
v 85.840508 55.631054 -51.206196
v 85.840508 53.997437 -52.479111
v 85.415024 54.210201 -52.788361
v 85.415024 56.023285 -51.344604
v 85.415024 56.023285 -51.344604
v 85.415024 54.210201 -52.788361
v 84.833786 54.288071 -52.901558
v 84.833786 56.166840 -51.395264
v 84.833786 56.166840 -51.395264
v 84.833786 54.288071 -52.901558
v 84.252579 54.210201 -52.788361
v 84.252579 56.023285 -51.344604
v 84.252579 56.023285 -51.344604
v 84.252579 54.210201 -52.788361
v 83.827095 53.997437 -52.479103
v 83.827095 55.631058 -51.206196
v 83.827095 55.631058 -51.206196
v 83.827095 53.997437 -52.479103
v 83.671356 53.706787 -52.056660
v 83.671356 55.095264 -51.017132
v 83.671356 55.095264 -51.017132
v 83.671356 53.706787 -52.056660
v 83.827095 53.416130 -51.634220
v 83.827095 54.559479 -50.828072
v 83.827095 54.559479 -50.828072
v 83.827095 53.416130 -51.634220
v 84.252579 53.203369 -51.324963
v 84.252579 54.167244 -50.689671
v 84.252579 54.167244 -50.689671
v 84.252579 53.203369 -51.324963
v 84.833786 53.125500 -51.211769
v 84.833786 54.023689 -50.639015
v 84.833786 54.023689 -50.639015
v 84.833786 53.125500 -51.211769
v 85.415024 53.203369 -51.324963
v 85.415024 54.167244 -50.689671
v 85.415024 54.167244 -50.689671
v 85.415024 53.203369 -51.324963
v 85.840492 53.416130 -51.634220
v 85.840508 54.559464 -50.828072
v 85.840508 54.559464 -50.828072
v 85.840492 53.416130 -51.634220
v 85.996231 53.706787 -52.056660
v 85.996231 55.095264 -51.017132
v 85.840492 55.951889 -49.018028
v 86.113205 56.109341 -49.018028
v 86.311134 55.370674 -49.018028
v 85.996231 55.370674 -49.018028
v 85.415024 56.377377 -49.018028
v 85.572464 56.650085 -49.018028
v 84.833786 56.533104 -49.018028
v 84.833786 56.848015 -49.018028
v 84.252579 56.377377 -49.018028
v 84.095123 56.650085 -49.018028
v 83.827095 55.951889 -49.018028
v 83.554382 56.109341 -49.018028
v 83.671356 55.370674 -49.018028
v 83.356468 55.370674 -49.018028
v 83.827095 54.789459 -49.018028
v 83.554382 54.632004 -49.018028
v 84.252579 54.363968 -49.018028
v 84.095123 54.091259 -49.018028
v 84.833786 54.208244 -49.018028
v 84.833786 53.893326 -49.018028
v 85.415024 54.363968 -49.018028
v 85.572464 54.091259 -49.018028
v 85.840492 54.789459 -49.018028
v 86.113205 54.632004 -49.018028
v 86.113205 56.109341 -49.018028
v 86.113205 56.109341 -47.589790
v 86.311134 55.370674 -47.589790
v 86.311134 55.370674 -49.018028
v 85.572464 56.650085 -49.018028
v 85.572464 56.650085 -47.589790
v 86.113205 56.109341 -47.589790
v 86.113205 56.109341 -49.018028
v 84.833786 56.848015 -49.018028
v 84.833786 56.848015 -47.589790
v 85.572464 56.650085 -47.589790
v 85.572464 56.650085 -49.018028
v 84.095123 56.650085 -49.018028
v 84.095123 56.650085 -47.589790
v 84.833786 56.848015 -47.589790
v 84.833786 56.848015 -49.018028
v 83.554382 56.109341 -49.018028
v 83.554382 56.109341 -47.589790
v 84.095123 56.650085 -47.589790
v 84.095123 56.650085 -49.018028
v 83.356468 55.370674 -49.018028
v 83.356468 55.370674 -47.589790
v 83.554382 56.109341 -47.589790
v 83.554382 56.109341 -49.018028
v 83.554382 54.632004 -49.018028
v 83.554382 54.632004 -47.589790
v 83.356468 55.370674 -47.589790
v 83.356468 55.370674 -49.018028
v 84.095123 54.091259 -49.018028
v 84.095123 54.091259 -47.589790
v 83.554382 54.632004 -47.589790
v 83.554382 54.632004 -49.018028
v 84.833786 53.893326 -49.018028
v 84.833786 53.893326 -47.589790
v 84.095123 54.091259 -47.589790
v 84.095123 54.091259 -49.018028
v 85.572464 54.091259 -49.018028
v 85.572464 54.091259 -47.589790
v 84.833786 53.893326 -47.589790
v 84.833786 53.893326 -49.018028
v 86.113205 54.632004 -49.018028
v 86.113205 54.632004 -47.589790
v 85.572464 54.091259 -47.589790
v 85.572464 54.091259 -49.018028
v 86.311134 55.370674 -49.018028
v 86.311134 55.370674 -47.589790
v 86.113205 54.632004 -47.589790
v 86.113205 54.632004 -49.018028
v 85.996231 53.706787 -52.056660
v 85.996231 52.035072 -52.299324
v 85.840508 52.035660 -52.787128
v 85.840508 53.997437 -52.479111
v 85.840508 53.997437 -52.479111
v 85.840508 52.035660 -52.787128
v 85.415024 52.036087 -53.144234
v 85.415024 54.210201 -52.788361
v 85.415024 54.210201 -52.788361
v 85.415024 52.036087 -53.144234
v 84.833786 52.036247 -53.274933
v 84.833786 54.288071 -52.901558
v 84.833786 54.288071 -52.901558
v 84.833786 52.036247 -53.274933
v 84.252579 52.036087 -53.144234
v 84.252579 54.210201 -52.788361
v 84.252579 54.210201 -52.788361
v 84.252579 52.036087 -53.144234
v 83.827095 52.035660 -52.787128
v 83.827095 53.997437 -52.479103
v 83.827095 53.997437 -52.479103
v 83.827095 52.035660 -52.787128
v 83.671356 52.035072 -52.299324
v 83.671356 53.706787 -52.056660
v 83.671356 53.706787 -52.056660
v 83.671356 52.035072 -52.299324
v 83.827095 52.034496 -51.811512
v 83.827095 53.416130 -51.634220
v 83.827095 53.416130 -51.634220
v 83.827095 52.034496 -51.811512
v 84.252579 52.034065 -51.454414
v 84.252579 53.203369 -51.324963
v 84.252579 53.203369 -51.324963
v 84.252579 52.034065 -51.454414
v 84.833786 52.033905 -51.323704
v 84.833786 53.125500 -51.211769
v 84.833786 53.125500 -51.211769
v 84.833786 52.033905 -51.323704
v 85.415024 52.034065 -51.454414
v 85.415024 53.203369 -51.324963
v 85.415024 53.203369 -51.324963
v 85.415024 52.034065 -51.454414
v 85.840492 52.034496 -51.811512
v 85.840492 53.416130 -51.634220
v 85.840492 53.416130 -51.634220
v 85.840492 52.034496 -51.811512
v 85.996231 52.035072 -52.299324
v 85.996231 53.706787 -52.056660
v 85.840508 52.035660 -52.787128
v 85.996231 52.035072 -52.299324
v 85.996231 51.305725 -52.299324
v 85.840508 51.306297 -52.787128
v 85.415024 52.036087 -53.144234
v 85.840508 52.035660 -52.787128
v 85.840508 51.306297 -52.787128
v 85.415024 51.306725 -53.144234
v 84.833786 52.036247 -53.274933
v 85.415024 52.036087 -53.144234
v 85.415024 51.306725 -53.144234
v 84.833786 51.306885 -53.274933
v 84.252579 52.036087 -53.144234
v 84.833786 52.036247 -53.274933
v 84.833786 51.306885 -53.274933
v 84.252579 51.306725 -53.144234
v 83.827095 52.035660 -52.787128
v 84.252579 52.036087 -53.144234
v 84.252579 51.306725 -53.144234
v 83.827095 51.306297 -52.787128
v 83.671356 52.035072 -52.299324
v 83.827095 52.035660 -52.787128
v 83.827095 51.306297 -52.787128
v 83.671356 51.305725 -52.299324
v 83.827095 52.034496 -51.811512
v 83.671356 52.035072 -52.299324
v 83.671356 51.305725 -52.299324
v 83.827095 51.305130 -51.811512
v 84.252579 52.034065 -51.454414
v 83.827095 52.034496 -51.811512
v 83.827095 51.305130 -51.811512
v 84.252579 51.304699 -51.454414
v 84.833786 52.033905 -51.323704
v 84.252579 52.034065 -51.454414
v 84.252579 51.304699 -51.454414
v 84.833786 51.304550 -51.323704
v 85.415024 52.034065 -51.454414
v 84.833786 52.033905 -51.323704
v 84.833786 51.304550 -51.323704
v 85.415024 51.304699 -51.454414
v 85.840492 52.034496 -51.811512
v 85.415024 52.034065 -51.454414
v 85.415024 51.304699 -51.454414
v 85.840508 51.305130 -51.811512
v 85.996231 52.035072 -52.299324
v 85.840492 52.034496 -51.811512
v 85.840508 51.305130 -51.811512
v 85.996231 51.305725 -52.299324
v 85.996231 46.225113 -52.299324
v 86.524826 46.225113 -52.299324
v 86.298264 46.225971 -53.008945
v 85.840508 46.225700 -52.787128
v 85.840508 46.225700 -52.787128
v 86.298264 46.225971 -53.008945
v 85.679314 46.226578 -53.528435
v 85.415024 46.226135 -53.144234
v 85.415024 46.226135 -53.144234
v 85.679314 46.226578 -53.528435
v 84.833786 46.226814 -53.718575
v 84.833786 46.226295 -53.274933
v 84.833786 46.226295 -53.274933
v 84.833786 46.226814 -53.718575
v 83.988274 46.226578 -53.528435
v 84.252579 46.226135 -53.144234
v 84.252579 46.226135 -53.144234
v 83.988274 46.226578 -53.528435
v 83.369324 46.225971 -53.008949
v 83.827095 46.225700 -52.787128
v 83.827095 46.225700 -52.787128
v 83.369324 46.225971 -53.008949
v 83.142776 46.225113 -52.299324
v 83.671356 46.225113 -52.299324
v 83.671356 46.225113 -52.299324
v 83.142776 46.225113 -52.299324
v 83.369324 46.224274 -51.589691
v 83.827095 46.224541 -51.811512
v 83.827095 46.224541 -51.811512
v 83.369324 46.224274 -51.589691
v 83.988289 46.223640 -51.070213
v 84.252579 46.224110 -51.454414
v 84.252579 46.224110 -51.454414
v 83.988289 46.223640 -51.070213
v 84.833786 46.223423 -50.880074
v 84.833786 46.223946 -51.323704
v 84.833786 46.223946 -51.323704
v 84.833786 46.223423 -50.880074
v 85.679314 46.223640 -51.070213
v 85.415024 46.224110 -51.454414
v 85.415024 46.224110 -51.454414
v 85.679314 46.223640 -51.070213
v 86.298264 46.224274 -51.589691
v 85.840508 46.224541 -51.811512
v 85.840508 46.224541 -51.811512
v 86.298264 46.224274 -51.589691
v 86.524826 46.225113 -52.299324
v 85.996231 46.225113 -52.299324
v 86.524826 46.225113 -52.299324
v 86.524826 45.395939 -52.299324
v 86.298264 45.396797 -53.008945
v 86.298264 46.225971 -53.008945
v 86.298264 46.225971 -53.008945
v 86.298264 45.396797 -53.008945
v 85.679314 45.397419 -53.528435
v 85.679314 46.226578 -53.528435
v 85.679314 46.226578 -53.528435
v 85.679314 45.397419 -53.528435
v 84.833786 45.397636 -53.718575
v 84.833786 46.226814 -53.718575
v 84.833786 46.226814 -53.718575
v 84.833786 45.397636 -53.718575
v 83.988274 45.397419 -53.528435
v 83.988274 46.226578 -53.528435
v 83.988274 46.226578 -53.528435
v 83.988274 45.397419 -53.528435
v 83.369324 45.396797 -53.008949
v 83.369324 46.225971 -53.008949
v 83.369324 46.225971 -53.008949
v 83.369324 45.396797 -53.008949
v 83.142761 45.395939 -52.299324
v 83.142776 46.225113 -52.299324
v 83.142776 46.225113 -52.299324
v 83.142761 45.395939 -52.299324
v 83.369324 45.395088 -51.589691
v 83.369324 46.224274 -51.589691
v 83.369324 46.224274 -51.589691
v 83.369324 45.395088 -51.589691
v 83.988289 45.394466 -51.070213
v 83.988289 46.223640 -51.070213
v 83.988289 46.223640 -51.070213
v 83.988289 45.394466 -51.070213
v 84.833786 45.394249 -50.880074
v 84.833786 46.223423 -50.880074
v 84.833786 46.223423 -50.880074
v 84.833786 45.394249 -50.880074
v 85.679314 45.394466 -51.070213
v 85.679314 46.223640 -51.070213
v 85.679314 46.223640 -51.070213
v 85.679314 45.394466 -51.070213
v 86.298264 45.395096 -51.589691
v 86.298264 46.224274 -51.589691
v 86.298264 46.224274 -51.589691
v 86.298264 45.395096 -51.589691
v 86.524826 45.395939 -52.299324
v 86.524826 46.225113 -52.299324
v 86.524826 45.395939 -52.299324
v 85.973251 45.395939 -52.299324
v 85.820595 45.396523 -52.777485
v 86.298264 45.396797 -53.008945
v 86.298264 45.396797 -53.008945
v 85.820595 45.396523 -52.777485
v 85.403526 45.396931 -53.127533
v 85.679314 45.397419 -53.528435
v 85.679314 45.397419 -53.528435
v 85.403526 45.396931 -53.127533
v 84.833786 45.397087 -53.255653
v 84.833786 45.397636 -53.718575
v 84.833786 45.397636 -53.718575
v 84.833786 45.397087 -53.255653
v 84.264061 45.396931 -53.127533
v 83.988274 45.397419 -53.528435
v 83.988274 45.397419 -53.528435
v 84.264061 45.396931 -53.127533
v 83.846992 45.396515 -52.777485
v 83.369324 45.396797 -53.008949
v 83.369324 45.396797 -53.008949
v 83.846992 45.396515 -52.777485
v 83.694336 45.395939 -52.299324
v 83.142761 45.395939 -52.299324
v 83.142761 45.395939 -52.299324
v 83.694336 45.395939 -52.299324
v 83.846992 45.395367 -51.821163
v 83.369324 45.395088 -51.589691
v 83.369324 45.395088 -51.589691
v 83.846992 45.395367 -51.821163
v 84.264061 45.394955 -51.471111
v 83.988289 45.394466 -51.070213
v 83.988289 45.394466 -51.070213
v 84.264061 45.394955 -51.471111
v 84.833786 45.394791 -51.342987
v 84.833786 45.394249 -50.880074
v 84.833786 45.394249 -50.880074
v 84.833786 45.394791 -51.342987
v 85.403526 45.394955 -51.471111
v 85.679314 45.394466 -51.070213
v 85.679314 45.394466 -51.070213
v 85.403526 45.394955 -51.471111
v 85.820595 45.395367 -51.821156
v 86.298264 45.395096 -51.589691
v 86.298264 45.395096 -51.589691
v 85.820595 45.395367 -51.821156
v 85.973251 45.395939 -52.299324
v 86.524826 45.395939 -52.299324
v 85.973251 45.395939 -52.299324
v 86.028366 34.308346 -52.180946
v 85.868340 34.225075 -52.677345
v 85.820595 45.396523 -52.777485
v 85.820595 45.396523 -52.777485
v 85.868340 34.225075 -52.677345
v 85.431091 34.164104 -53.040733
v 85.403526 45.396931 -53.127533
v 85.403526 45.396931 -53.127533
v 85.431091 34.164104 -53.040733
v 84.833786 34.141804 -53.173748
v 84.833786 45.397087 -53.255653
v 84.833786 45.397087 -53.255653
v 84.833786 34.141804 -53.173748
v 84.236511 34.164104 -53.040733
v 84.264061 45.396931 -53.127533
v 84.264061 45.396931 -53.127533
v 84.236511 34.164104 -53.040733
v 83.799263 34.225075 -52.677345
v 83.846992 45.396515 -52.777485
v 83.846992 45.396515 -52.777485
v 83.799263 34.225075 -52.677345
v 83.639221 34.308334 -52.180946
v 83.694336 45.395939 -52.299324
v 83.694336 45.395939 -52.299324
v 83.639221 34.308334 -52.180946
v 83.799263 34.391613 -51.684544
v 83.846992 45.395367 -51.821163
v 83.846992 45.395367 -51.821163
v 83.799263 34.391613 -51.684544
v 84.236511 34.452576 -51.321148
v 84.264061 45.394955 -51.471111
v 84.264061 45.394955 -51.471111
v 84.236511 34.452576 -51.321148
v 84.833786 34.474895 -51.188141
v 84.833786 45.394791 -51.342987
v 84.833786 45.394791 -51.342987
v 84.833786 34.474895 -51.188141
v 85.431091 34.452576 -51.321148
v 85.403526 45.394955 -51.471111
v 85.403526 45.394955 -51.471111
v 85.431091 34.452576 -51.321148
v 85.868324 34.391624 -51.684544
v 85.820595 45.395367 -51.821156
v 85.820595 45.395367 -51.821156
v 85.868324 34.391624 -51.684544
v 86.028366 34.308346 -52.180946
v 85.973251 45.395939 -52.299324
v 86.028366 34.308346 -52.180946
v 85.973251 32.520897 -51.487514
v 85.820595 32.213394 -51.890045
v 85.868340 34.225075 -52.677345
v 85.868340 34.225075 -52.677345
v 85.820595 32.213394 -51.890045
v 85.403526 31.988277 -52.184719
v 85.431091 34.164104 -53.040733
v 85.431091 34.164104 -53.040733
v 85.403526 31.988277 -52.184719
v 84.833786 31.905880 -52.292572
v 84.833786 34.141804 -53.173748
v 84.833786 34.141804 -53.173748
v 84.833786 31.905880 -52.292572
v 84.264061 31.988277 -52.184715
v 84.236511 34.164104 -53.040733
v 84.236511 34.164104 -53.040733
v 84.264061 31.988277 -52.184715
v 83.846992 32.213387 -51.890045
v 83.799263 34.225075 -52.677345
v 83.799263 34.225075 -52.677345
v 83.846992 32.213387 -51.890045
v 83.694336 32.520897 -51.487507
v 83.639221 34.308334 -52.180946
v 83.639221 34.308334 -52.180946
v 83.694336 32.520897 -51.487507
v 83.846992 32.828400 -51.084980
v 83.799263 34.391613 -51.684544
v 83.799263 34.391613 -51.684544
v 83.846992 32.828400 -51.084980
v 84.264061 33.053505 -50.790306
v 84.236511 34.452576 -51.321148
v 84.236511 34.452576 -51.321148
v 84.264061 33.053505 -50.790306
v 84.833786 33.135906 -50.682453
v 84.833786 34.474895 -51.188141
v 84.833786 34.474895 -51.188141
v 84.833786 33.135906 -50.682453
v 85.403526 33.053520 -50.790306
v 85.431091 34.452576 -51.321148
v 85.431091 34.452576 -51.321148
v 85.403526 33.053520 -50.790306
v 85.820595 32.828403 -51.084980
v 85.868324 34.391624 -51.684544
v 85.868324 34.391624 -51.684544
v 85.820595 32.828403 -51.084980
v 85.973251 32.520897 -51.487514
v 86.028366 34.308346 -52.180946
v 85.973251 32.520897 -51.487514
v 85.973251 31.371796 -50.545322
v 85.820595 31.014584 -50.917835
v 85.820595 32.213394 -51.890045
v 85.820595 32.213394 -51.890045
v 85.820595 31.014584 -50.917835
v 85.403526 30.753098 -51.190525
v 85.403526 31.988277 -52.184719
v 85.403526 31.988277 -52.184719
v 85.403526 30.753098 -51.190525
v 84.833786 30.657387 -51.290333
v 84.833786 31.905880 -52.292572
v 84.833786 31.905880 -52.292572
v 84.833786 30.657387 -51.290333
v 84.264061 30.753098 -51.190525
v 84.264061 31.988277 -52.184715
v 84.264061 31.988277 -52.184715
v 84.264061 30.753098 -51.190525
v 83.846992 31.014584 -50.917828
v 83.846992 32.213387 -51.890045
v 83.846992 32.213387 -51.890045
v 83.846992 31.014584 -50.917828
v 83.694336 31.371777 -50.545311
v 83.694336 32.520897 -51.487507
v 83.694336 32.520897 -51.487507
v 83.694336 31.371777 -50.545311
v 83.846992 31.728985 -50.172810
v 83.846992 32.828400 -51.084980
v 83.846992 32.828400 -51.084980
v 83.846992 31.728985 -50.172810
v 84.264076 31.990482 -49.900108
v 84.264061 33.053505 -50.790306
v 84.264061 33.053505 -50.790306
v 84.264076 31.990482 -49.900108
v 84.833786 32.086197 -49.800304
v 84.833786 33.135906 -50.682453
v 84.833786 33.135906 -50.682453
v 84.833786 32.086197 -49.800304
v 85.403526 31.990482 -49.900116
v 85.403526 33.053520 -50.790306
v 85.403526 33.053520 -50.790306
v 85.403526 31.990482 -49.900116
v 85.820595 31.728985 -50.172813
v 85.820595 32.828403 -51.084980
v 85.820595 32.828403 -51.084980
v 85.820595 31.728985 -50.172813
v 85.973251 31.371796 -50.545322
v 85.973251 32.520897 -51.487514
v 85.973251 31.371796 -50.545322
v 86.667793 31.371796 -50.545319
v 86.422081 30.796867 -51.144882
v 85.820595 31.014584 -50.917835
v 85.820595 31.014584 -50.917835
v 86.422081 30.796867 -51.144882
v 85.750801 30.375980 -51.583794
v 85.403526 30.753098 -51.190525
v 85.403526 30.753098 -51.190525
v 85.750801 30.375980 -51.583794
v 84.833786 30.221939 -51.744442
v 84.833786 30.657387 -51.290333
v 84.833786 30.657387 -51.290333
v 84.833786 30.221939 -51.744442
v 83.916801 30.375980 -51.583790
v 84.264061 30.753098 -51.190525
v 84.264061 30.753098 -51.190525
v 83.916801 30.375980 -51.583790
v 83.245522 30.796860 -51.144882
v 83.846992 31.014584 -50.917828
v 83.846992 31.014584 -50.917828
v 83.245522 30.796860 -51.144882
v 82.999809 31.371777 -50.545311
v 83.694336 31.371777 -50.545311
v 83.694336 31.371777 -50.545311
v 82.999809 31.371777 -50.545311
v 83.245506 31.946705 -49.945751
v 83.846992 31.728985 -50.172810
v 83.846992 31.728985 -50.172810
v 83.245506 31.946705 -49.945751
v 83.916801 32.367584 -49.506847
v 84.264076 31.990482 -49.900108
v 84.264076 31.990482 -49.900108
v 83.916801 32.367584 -49.506847
v 84.833786 32.521641 -49.346195
v 84.833786 32.086197 -49.800304
v 84.833786 32.086197 -49.800304
v 84.833786 32.521641 -49.346195
v 85.750801 32.367584 -49.506851
v 85.403526 31.990482 -49.900116
v 85.403526 31.990482 -49.900116
v 85.750801 32.367584 -49.506851
v 86.422081 31.946716 -49.945766
v 85.820595 31.728985 -50.172813
v 85.820595 31.728985 -50.172813
v 86.422081 31.946716 -49.945766
v 86.667793 31.371796 -50.545319
v 85.973251 31.371796 -50.545322
v 86.667793 31.371796 -50.545319
v 86.667793 29.562180 -48.951149
v 86.422081 29.101311 -49.616512
v 86.422081 30.796867 -51.144882
v 86.422081 30.796867 -51.144882
v 86.422081 29.101311 -49.616512
v 85.750801 28.763908 -50.103584
v 85.750801 30.375980 -51.583794
v 85.750801 30.375980 -51.583794
v 85.750801 28.763908 -50.103584
v 84.833786 28.640434 -50.281853
v 84.833786 30.221939 -51.744442
v 84.833786 30.221939 -51.744442
v 84.833786 28.640434 -50.281853
v 83.916801 28.763908 -50.103584
v 83.916801 30.375980 -51.583790
v 83.916801 30.375980 -51.583790
v 83.916801 28.763908 -50.103584
v 83.245522 29.101284 -49.616505
v 83.245522 30.796860 -51.144882
v 83.245522 30.796860 -51.144882
v 83.245522 29.101284 -49.616505
v 82.999809 29.562145 -48.951149
v 82.999809 31.371777 -50.545311
v 82.999809 31.371777 -50.545311
v 82.999809 29.562145 -48.951149
v 83.245506 30.023022 -48.285801
v 83.245506 31.946705 -49.945751
v 83.245506 31.946705 -49.945751
v 83.245506 30.023022 -48.285801
v 83.916801 30.360413 -47.798729
v 83.916801 32.367584 -49.506847
v 83.916801 32.367584 -49.506847
v 83.916801 30.360413 -47.798729
v 84.833786 30.483906 -47.620453
v 84.833786 32.521641 -49.346195
v 84.833786 32.521641 -49.346195
v 84.833786 30.483906 -47.620453
v 85.750801 30.360420 -47.798733
v 85.750801 32.367584 -49.506851
v 85.750801 32.367584 -49.506851
v 85.750801 30.360420 -47.798733
v 86.422081 30.023052 -48.285809
v 86.422081 31.946716 -49.945766
v 86.422081 31.946716 -49.945766
v 86.422081 30.023052 -48.285809
v 86.667793 29.562180 -48.951149
v 86.667793 31.371796 -50.545319
v 86.199432 50.453651 -53.030083
v 86.199341 51.314178 -53.030209
v 86.432724 51.313591 -52.299419
v 86.432724 50.453056 -52.299217
v 85.604263 50.454079 -53.529625
v 85.604187 51.314610 -53.529659
v 86.199341 51.314178 -53.030209
v 86.199432 50.453651 -53.030083
v 84.833786 50.454247 -53.702892
v 84.833786 51.314774 -53.702892
v 85.604187 51.314610 -53.529659
v 85.604263 50.454079 -53.529625
v 84.063339 50.454079 -53.529629
v 84.063408 51.314610 -53.529648
v 84.833786 51.314774 -53.702892
v 84.833786 50.454247 -53.702892
v 83.468170 50.453651 -53.030083
v 83.468285 51.314178 -53.030186
v 84.063408 51.314610 -53.529648
v 84.063339 50.454079 -53.529629
v 83.234871 50.453056 -52.299225
v 83.234932 51.313591 -52.299427
v 83.468285 51.314178 -53.030186
v 83.468170 50.453651 -53.030083
v 83.468246 50.452461 -51.568436
v 83.468201 51.312988 -51.568588
v 83.234932 51.313591 -52.299427
v 83.234871 50.453056 -52.299225
v 84.063400 50.452019 -51.068989
v 84.063354 51.312557 -51.069038
v 83.468201 51.312988 -51.568588
v 83.468246 50.452461 -51.568436
v 84.833786 50.451859 -50.895760
v 84.833786 51.312393 -50.895760
v 84.063354 51.312557 -51.069038
v 84.063400 50.452019 -51.068989
v 85.604187 50.452019 -51.068989
v 85.604263 51.312557 -51.069019
v 84.833786 51.312393 -50.895760
v 84.833786 50.451859 -50.895760
v 86.199341 50.452461 -51.568436
v 86.199432 51.312988 -51.568565
v 85.604263 51.312557 -51.069019
v 85.604187 50.452019 -51.068989
v 86.432724 50.453056 -52.299217
v 86.432724 51.313591 -52.299419
v 86.199432 51.312988 -51.568565
v 86.199341 50.452461 -51.568436
v 85.840508 46.225700 -52.787128
v 85.840508 50.461510 -52.787128
v 85.996231 50.460926 -52.299324
v 85.996231 46.225113 -52.299324
v 85.415024 46.226135 -53.144234
v 85.415024 50.461937 -53.144234
v 85.840508 50.461510 -52.787128
v 85.840508 46.225700 -52.787128
v 84.833786 46.226295 -53.274933
v 84.833786 50.462090 -53.274933
v 85.415024 50.461937 -53.144234
v 85.415024 46.226135 -53.144234
v 84.252579 46.226135 -53.144234
v 84.252579 50.461937 -53.144234
v 84.833786 50.462090 -53.274933
v 84.833786 46.226295 -53.274933
v 83.827095 46.225700 -52.787128
v 83.827095 50.461510 -52.787136
v 84.252579 50.461937 -53.144234
v 84.252579 46.226135 -53.144234
v 83.671356 46.225113 -52.299324
v 83.671356 50.460926 -52.299324
v 83.827095 50.461510 -52.787136
v 83.827095 46.225700 -52.787128
v 83.827095 46.224541 -51.811512
v 83.827095 50.460335 -51.811512
v 83.671356 50.460926 -52.299324
v 83.671356 46.225113 -52.299324
v 84.252579 46.224110 -51.454414
v 84.252579 50.459915 -51.454414
v 83.827095 50.460335 -51.811512
v 83.827095 46.224541 -51.811512
v 84.833786 46.223946 -51.323704
v 84.833786 50.459759 -51.323704
v 84.252579 50.459915 -51.454414
v 84.252579 46.224110 -51.454414
v 85.415024 46.224110 -51.454414
v 85.415024 50.459915 -51.454414
v 84.833786 50.459759 -51.323704
v 84.833786 46.223946 -51.323704
v 85.840508 46.224541 -51.811512
v 85.840508 50.460335 -51.811512
v 85.415024 50.459915 -51.454414
v 85.415024 46.224110 -51.454414
v 85.996231 46.225113 -52.299324
v 85.996231 50.460926 -52.299324
v 85.840508 50.460335 -51.811512
v 85.840508 46.224541 -51.811512
v 85.996231 51.305725 -52.299324
v 86.432724 51.313591 -52.299419
v 86.199341 51.314178 -53.030209
v 85.840508 51.306297 -52.787128
v 85.840508 51.306297 -52.787128
v 86.199341 51.314178 -53.030209
v 85.604187 51.314610 -53.529659
v 85.415024 51.306725 -53.144234
v 85.415024 51.306725 -53.144234
v 85.604187 51.314610 -53.529659
v 84.833786 51.314774 -53.702892
v 84.833786 51.306885 -53.274933
v 84.833786 51.306885 -53.274933
v 84.833786 51.314774 -53.702892
v 84.063408 51.314610 -53.529648
v 84.252579 51.306725 -53.144234
v 84.252579 51.306725 -53.144234
v 84.063408 51.314610 -53.529648
v 83.468285 51.314178 -53.030186
v 83.827095 51.306297 -52.787128
v 83.827095 51.306297 -52.787128
v 83.468285 51.314178 -53.030186
v 83.234932 51.313591 -52.299427
v 83.671356 51.305725 -52.299324
v 83.671356 51.305725 -52.299324
v 83.234932 51.313591 -52.299427
v 83.468201 51.312988 -51.568588
v 83.827095 51.305130 -51.811512
v 83.827095 51.305130 -51.811512
v 83.468201 51.312988 -51.568588
v 84.063354 51.312557 -51.069038
v 84.252579 51.304699 -51.454414
v 84.252579 51.304699 -51.454414
v 84.063354 51.312557 -51.069038
v 84.833786 51.312393 -50.895760
v 84.833786 51.304550 -51.323704
v 84.833786 51.304550 -51.323704
v 84.833786 51.312393 -50.895760
v 85.604263 51.312557 -51.069019
v 85.415024 51.304699 -51.454414
v 85.415024 51.304699 -51.454414
v 85.604263 51.312557 -51.069019
v 86.199432 51.312988 -51.568565
v 85.840508 51.305130 -51.811512
v 85.840508 51.305130 -51.811512
v 86.199432 51.312988 -51.568565
v 86.432724 51.313591 -52.299419
v 85.996231 51.305725 -52.299324
v 85.840508 50.461510 -52.787128
v 86.199432 50.453651 -53.030083
v 86.432724 50.453056 -52.299217
v 85.996231 50.460926 -52.299324
v 85.996231 50.460926 -52.299324
v 86.432724 50.453056 -52.299217
v 86.199341 50.452461 -51.568436
v 85.840508 50.460335 -51.811512
v 85.840508 50.460335 -51.811512
v 86.199341 50.452461 -51.568436
v 85.604187 50.452019 -51.068989
v 85.415024 50.459915 -51.454414
v 85.415024 50.459915 -51.454414
v 85.604187 50.452019 -51.068989
v 84.833786 50.451859 -50.895760
v 84.833786 50.459759 -51.323704
v 84.833786 50.459759 -51.323704
v 84.833786 50.451859 -50.895760
v 84.063400 50.452019 -51.068989
v 84.252579 50.459915 -51.454414
v 84.252579 50.459915 -51.454414
v 84.063400 50.452019 -51.068989
v 83.468246 50.452461 -51.568436
v 83.827095 50.460335 -51.811512
v 83.827095 50.460335 -51.811512
v 83.468246 50.452461 -51.568436
v 83.234871 50.453056 -52.299225
v 83.671356 50.460926 -52.299324
v 83.671356 50.460926 -52.299324
v 83.234871 50.453056 -52.299225
v 83.468170 50.453651 -53.030083
v 83.827095 50.461510 -52.787136
v 83.827095 50.461510 -52.787136
v 83.468170 50.453651 -53.030083
v 84.063339 50.454079 -53.529629
v 84.252579 50.461937 -53.144234
v 84.252579 50.461937 -53.144234
v 84.063339 50.454079 -53.529629
v 84.833786 50.454247 -53.702892
v 84.833786 50.462090 -53.274933
v 84.833786 50.462090 -53.274933
v 84.833786 50.454247 -53.702892
v 85.604263 50.454079 -53.529625
v 85.415024 50.461937 -53.144234
v 85.415024 50.461937 -53.144234
v 85.604263 50.454079 -53.529625
v 86.199432 50.453651 -53.030083
v 85.840508 50.461510 -52.787128
v 92.534088 60.707550 -49.784351
v 92.534088 60.707550 -50.817848
v 92.378342 61.288765 -50.817848
v 92.378342 61.288765 -49.784351
v 92.378342 61.288765 -49.784351
v 92.378342 61.288765 -50.817848
v 91.952866 61.714256 -50.817848
v 91.952866 61.714256 -49.784351
v 91.952866 61.714256 -49.784351
v 91.952866 61.714256 -50.817848
v 91.371658 61.869980 -50.817848
v 91.371658 61.869980 -49.784351
v 91.371658 61.869980 -49.784351
v 91.371658 61.869980 -50.817848
v 90.790421 61.714256 -50.817848
v 90.790421 61.714256 -49.784351
v 90.790421 61.714256 -49.784351
v 90.790421 61.714256 -50.817848
v 90.364952 61.288765 -50.817848
v 90.364952 61.288765 -49.784351
v 90.364952 61.288765 -49.784351
v 90.364952 61.288765 -50.817848
v 90.209198 60.707550 -50.817848
v 90.209198 60.707550 -49.784351
v 90.209198 60.707550 -49.784351
v 90.209198 60.707550 -50.817848
v 90.364952 60.126335 -50.817848
v 90.364952 60.126335 -49.784351
v 90.364952 60.126335 -49.784351
v 90.364952 60.126335 -50.817848
v 90.790421 59.700848 -50.817848
v 90.790421 59.700848 -49.784351
v 90.790421 59.700848 -49.784351
v 90.790421 59.700848 -50.817848
v 91.371658 59.545120 -50.817848
v 91.371658 59.545120 -49.784351
v 91.371658 59.545120 -49.784351
v 91.371658 59.545120 -50.817848
v 91.952866 59.700848 -50.817848
v 91.952866 59.700848 -49.784351
v 91.952866 59.700848 -49.784351
v 91.952866 59.700848 -50.817848
v 92.378342 60.126335 -50.817848
v 92.378342 60.126335 -49.784351
v 92.378342 60.126335 -49.784351
v 92.378342 60.126335 -50.817848
v 92.534088 60.707550 -50.817848
v 92.534088 60.707550 -49.784351
v 92.534088 60.707550 -50.817848
v 92.534088 60.432144 -51.783459
v 92.378342 60.967934 -51.972515
v 92.378342 61.288765 -50.817848
v 92.378342 61.288765 -50.817848
v 92.378342 60.967934 -51.972515
v 91.952866 61.360168 -52.110920
v 91.952866 61.714256 -50.817848
v 91.952866 61.714256 -50.817848
v 91.952866 61.360168 -52.110920
v 91.371658 61.503723 -52.161583
v 91.371658 61.869980 -50.817848
v 91.371658 61.869980 -50.817848
v 91.371658 61.503723 -52.161583
v 90.790421 61.360168 -52.110920
v 90.790421 61.714256 -50.817848
v 90.790421 61.714256 -50.817848
v 90.790421 61.360168 -52.110920
v 90.364952 60.967941 -51.972515
v 90.364952 61.288765 -50.817848
v 90.364952 61.288765 -50.817848
v 90.364952 60.967941 -51.972515
v 90.209198 60.432144 -51.783459
v 90.209198 60.707550 -50.817848
v 90.209198 60.707550 -50.817848
v 90.209198 60.432144 -51.783459
v 90.364952 59.896355 -51.594398
v 90.364952 60.126335 -50.817848
v 90.364952 60.126335 -50.817848
v 90.364952 59.896355 -51.594398
v 90.790421 59.504128 -51.455990
v 90.790421 59.700848 -50.817848
v 90.790421 59.700848 -50.817848
v 90.790421 59.504128 -51.455990
v 91.371658 59.360569 -51.405334
v 91.371658 59.545120 -50.817848
v 91.371658 59.545120 -50.817848
v 91.371658 59.360569 -51.405334
v 91.952866 59.504128 -51.455990
v 91.952866 59.700848 -50.817848
v 91.952866 59.700848 -50.817848
v 91.952866 59.504128 -51.455990
v 92.378342 59.896351 -51.594398
v 92.378342 60.126335 -50.817848
v 92.378342 60.126335 -50.817848
v 92.378342 59.896351 -51.594398
v 92.534088 60.432144 -51.783459
v 92.534088 60.707550 -50.817848
v 92.534088 60.432144 -51.783459
v 92.534088 59.043667 -52.822987
v 92.378342 59.334320 -53.245430
v 92.378342 60.967934 -51.972515
v 92.378342 60.967934 -51.972515
v 92.378342 59.334320 -53.245430
v 91.952866 59.547081 -53.554684
v 91.952866 61.360168 -52.110920
v 91.952866 61.360168 -52.110920
v 91.952866 59.547081 -53.554684
v 91.371658 59.624954 -53.667877
v 91.371658 61.503723 -52.161583
v 91.371658 61.503723 -52.161583
v 91.371658 59.624954 -53.667877
v 90.790421 59.547081 -53.554684
v 90.790421 61.360168 -52.110920
v 90.790421 61.360168 -52.110920
v 90.790421 59.547081 -53.554684
v 90.364952 59.334320 -53.245430
v 90.364952 60.967941 -51.972515
v 90.364952 60.967941 -51.972515
v 90.364952 59.334320 -53.245430
v 90.209198 59.043667 -52.822987
v 90.209198 60.432144 -51.783459
v 90.209198 60.432144 -51.783459
v 90.209198 59.043667 -52.822987
v 90.364952 58.753014 -52.400539
v 90.364952 59.896355 -51.594398
v 90.364952 59.896355 -51.594398
v 90.364952 58.753014 -52.400539
v 90.790421 58.540253 -52.091290
v 90.790421 59.504128 -51.455990
v 90.790421 59.504128 -51.455990
v 90.790421 58.540253 -52.091290
v 91.371658 58.462379 -51.978088
v 91.371658 59.360569 -51.405334
v 91.371658 59.360569 -51.405334
v 91.371658 58.462379 -51.978088
v 91.952866 58.540253 -52.091290
v 91.952866 59.504128 -51.455990
v 91.952866 59.504128 -51.455990
v 91.952866 58.540253 -52.091290
v 92.378342 58.753014 -52.400539
v 92.378342 59.896351 -51.594398
v 92.378342 59.896351 -51.594398
v 92.378342 58.753014 -52.400539
v 92.534088 59.043667 -52.822987
v 92.534088 60.432144 -51.783459
v 92.378342 61.288765 -49.784351
v 92.651062 61.446228 -49.784351
v 92.848991 60.707550 -49.784351
v 92.534088 60.707550 -49.784351
v 91.952866 61.714256 -49.784351
v 92.110313 61.986973 -49.784351
v 91.371658 61.869980 -49.784351
v 91.371658 62.184895 -49.784351
v 90.790421 61.714256 -49.784351
v 90.632965 61.986973 -49.784351
v 90.364952 61.288765 -49.784351
v 90.092224 61.446228 -49.784351
v 90.209198 60.707550 -49.784351
v 89.894302 60.707550 -49.784351
v 90.364952 60.126335 -49.784351
v 90.092224 59.968884 -49.784351
v 90.790421 59.700848 -49.784351
v 90.632965 59.428139 -49.784351
v 91.371658 59.545120 -49.784351
v 91.371658 59.230209 -49.784351
v 91.952866 59.700848 -49.784351
v 92.110313 59.428139 -49.784351
v 92.378342 60.126335 -49.784351
v 92.651062 59.968884 -49.784351
v 92.651062 61.446228 -49.784351
v 92.651062 61.446228 -48.356113
v 92.848991 60.707554 -48.356113
v 92.848991 60.707550 -49.784351
v 92.110313 61.986973 -49.784351
v 92.110313 61.986973 -48.356113
v 92.651062 61.446228 -48.356113
v 92.651062 61.446228 -49.784351
v 91.371658 62.184895 -49.784351
v 91.371658 62.184895 -48.356113
v 92.110313 61.986973 -48.356113
v 92.110313 61.986973 -49.784351
v 90.632965 61.986973 -49.784351
v 90.632965 61.986973 -48.356113
v 91.371658 62.184895 -48.356113
v 91.371658 62.184895 -49.784351
v 90.092224 61.446228 -49.784351
v 90.092224 61.446228 -48.356113
v 90.632965 61.986973 -48.356113
v 90.632965 61.986973 -49.784351
v 89.894302 60.707550 -49.784351
v 89.894302 60.707554 -48.356113
v 90.092224 61.446228 -48.356113
v 90.092224 61.446228 -49.784351
v 90.092224 59.968884 -49.784351
v 90.092224 59.968887 -48.356113
v 89.894302 60.707554 -48.356113
v 89.894302 60.707550 -49.784351
v 90.632965 59.428139 -49.784351
v 90.632965 59.428139 -48.356113
v 90.092224 59.968887 -48.356113
v 90.092224 59.968884 -49.784351
v 91.371658 59.230209 -49.784351
v 91.371658 59.230209 -48.356113
v 90.632965 59.428139 -48.356113
v 90.632965 59.428139 -49.784351
v 92.110313 59.428139 -49.784351
v 92.110313 59.428139 -48.356113
v 91.371658 59.230209 -48.356113
v 91.371658 59.230209 -49.784351
v 92.651062 59.968884 -49.784351
v 92.651062 59.968887 -48.356113
v 92.110313 59.428139 -48.356113
v 92.110313 59.428139 -49.784351
v 92.848991 60.707550 -49.784351
v 92.848991 60.707554 -48.356113
v 92.651062 59.968887 -48.356113
v 92.651062 59.968884 -49.784351
v 92.534088 59.043667 -52.822987
v 92.534088 57.371952 -53.065643
v 92.378342 57.372540 -53.553448
v 92.378342 59.334320 -53.245430
v 92.378342 59.334320 -53.245430
v 92.378342 57.372540 -53.553448
v 91.952866 57.372971 -53.910553
v 91.952866 59.547081 -53.554684
v 91.952866 59.547081 -53.554684
v 91.952866 57.372971 -53.910553
v 91.371658 57.373127 -54.041260
v 91.371658 59.624954 -53.667877
v 91.371658 59.624954 -53.667877
v 91.371658 57.373127 -54.041260
v 90.790421 57.372971 -53.910553
v 90.790421 59.547081 -53.554684
v 90.790421 59.547081 -53.554684
v 90.790421 57.372971 -53.910553
v 90.364952 57.372540 -53.553448
v 90.364952 59.334320 -53.245430
v 90.364952 59.334320 -53.245430
v 90.364952 57.372540 -53.553448
v 90.209198 57.371952 -53.065643
v 90.209198 59.043667 -52.822987
v 90.209198 59.043667 -52.822987
v 90.209198 57.371952 -53.065643
v 90.364952 57.371376 -52.577839
v 90.364952 58.753014 -52.400539
v 90.364952 58.753014 -52.400539
v 90.364952 57.371376 -52.577839
v 90.790436 57.370949 -52.220741
v 90.790421 58.540253 -52.091290
v 90.790421 58.540253 -52.091290
v 90.790436 57.370949 -52.220741
v 91.371658 57.370781 -52.090027
v 91.371658 58.462379 -51.978088
v 91.371658 58.462379 -51.978088
v 91.371658 57.370781 -52.090027
v 91.952866 57.370949 -52.220741
v 91.952866 58.540253 -52.091290
v 91.952866 58.540253 -52.091290
v 91.952866 57.370949 -52.220741
v 92.378342 57.371376 -52.577839
v 92.378342 58.753014 -52.400539
v 92.378342 58.753014 -52.400539
v 92.378342 57.371376 -52.577839
v 92.534088 57.371952 -53.065643
v 92.534088 59.043667 -52.822987
v 92.378342 57.372540 -53.553448
v 92.534088 57.371952 -53.065643
v 92.534088 56.642609 -53.065643
v 92.378342 56.643181 -53.553448
v 91.952866 57.372971 -53.910553
v 92.378342 57.372540 -53.553448
v 92.378342 56.643181 -53.553448
v 91.952866 56.643612 -53.910553
v 91.371658 57.373127 -54.041260
v 91.952866 57.372971 -53.910553
v 91.952866 56.643612 -53.910553
v 91.371658 56.643768 -54.041260
v 90.790421 57.372971 -53.910553
v 91.371658 57.373127 -54.041260
v 91.371658 56.643768 -54.041260
v 90.790421 56.643612 -53.910553
v 90.364952 57.372540 -53.553448
v 90.790421 57.372971 -53.910553
v 90.790421 56.643612 -53.910553
v 90.364952 56.643181 -53.553448
v 90.209198 57.371952 -53.065643
v 90.364952 57.372540 -53.553448
v 90.364952 56.643181 -53.553448
v 90.209198 56.642609 -53.065651
v 90.364952 57.371376 -52.577839
v 90.209198 57.371952 -53.065643
v 90.209198 56.642609 -53.065651
v 90.364952 56.642014 -52.577839
v 90.790436 57.370949 -52.220741
v 90.364952 57.371376 -52.577839
v 90.364952 56.642014 -52.577839
v 90.790436 56.641586 -52.220741
v 91.371658 57.370781 -52.090027
v 90.790436 57.370949 -52.220741
v 90.790436 56.641586 -52.220741
v 91.371658 56.641434 -52.090027
v 91.952866 57.370949 -52.220741
v 91.371658 57.370781 -52.090027
v 91.371658 56.641434 -52.090027
v 91.952866 56.641586 -52.220741
v 92.378342 57.371376 -52.577839
v 91.952866 57.370949 -52.220741
v 91.952866 56.641586 -52.220741
v 92.378342 56.642014 -52.577839
v 92.534088 57.371952 -53.065643
v 92.378342 57.371376 -52.577839
v 92.378342 56.642014 -52.577839
v 92.534088 56.642609 -53.065643
v 92.534088 51.561996 -53.065643
v 93.062683 51.561996 -53.065643
v 92.836105 51.562851 -53.775269
v 92.378342 51.562584 -53.553448
v 92.378342 51.562584 -53.553448
v 92.836105 51.562851 -53.775269
v 92.217171 51.563461 -54.294762
v 91.952866 51.563015 -53.910553
v 91.952866 51.563015 -53.910553
v 92.217171 51.563461 -54.294762
v 91.371658 51.563694 -54.484898
v 91.371658 51.563179 -54.041260
v 91.371658 51.563179 -54.041260
v 91.371658 51.563694 -54.484898
v 90.526146 51.563461 -54.294762
v 90.790421 51.563015 -53.910553
v 90.790421 51.563015 -53.910553
v 90.526146 51.563461 -54.294762
v 89.907173 51.562851 -53.775269
v 90.364952 51.562584 -53.553448
v 90.364952 51.562584 -53.553448
v 89.907173 51.562851 -53.775269
v 89.680626 51.561996 -53.065651
v 90.209198 51.561996 -53.065643
v 90.209198 51.561996 -53.065643
v 89.680626 51.561996 -53.065651
v 89.907173 51.561153 -52.356018
v 90.364952 51.561424 -52.577839
v 90.364952 51.561424 -52.577839
v 89.907173 51.561153 -52.356018
v 90.526146 51.560524 -51.836540
v 90.790436 51.560989 -52.220741
v 90.790436 51.560989 -52.220741
v 90.526146 51.560524 -51.836540
v 91.371658 51.560303 -51.646400
v 91.371658 51.560829 -52.090027
v 91.371658 51.560829 -52.090027
v 91.371658 51.560303 -51.646400
v 92.217171 51.560524 -51.836540
v 91.952866 51.560989 -52.220741
v 91.952866 51.560989 -52.220741
v 92.217171 51.560524 -51.836540
v 92.836105 51.561153 -52.356018
v 92.378342 51.561424 -52.577839
v 92.378342 51.561424 -52.577839
v 92.836105 51.561153 -52.356018
v 93.062683 51.561996 -53.065643
v 92.534088 51.561996 -53.065643
v 93.062683 51.561996 -53.065643
v 93.062683 50.732819 -53.065643
v 92.836105 50.733677 -53.775269
v 92.836105 51.562851 -53.775269
v 92.836105 51.562851 -53.775269
v 92.836105 50.733677 -53.775269
v 92.217171 50.734299 -54.294762
v 92.217171 51.563461 -54.294762
v 92.217171 51.563461 -54.294762
v 92.217171 50.734299 -54.294762
v 91.371658 50.734520 -54.484898
v 91.371658 51.563694 -54.484898
v 91.371658 51.563694 -54.484898
v 91.371658 50.734520 -54.484898
v 90.526146 50.734299 -54.294762
v 90.526146 51.563461 -54.294762
v 90.526146 51.563461 -54.294762
v 90.526146 50.734299 -54.294762
v 89.907173 50.733677 -53.775269
v 89.907173 51.562851 -53.775269
v 89.907173 51.562851 -53.775269
v 89.907173 50.733677 -53.775269
v 89.680626 50.732819 -53.065651
v 89.680626 51.561996 -53.065651
v 89.680626 51.561996 -53.065651
v 89.680626 50.732819 -53.065651
v 89.907173 50.731972 -52.356018
v 89.907173 51.561153 -52.356018
v 89.907173 51.561153 -52.356018
v 89.907173 50.731972 -52.356018
v 90.526146 50.731346 -51.836540
v 90.526146 51.560524 -51.836540
v 90.526146 51.560524 -51.836540
v 90.526146 50.731346 -51.836540
v 91.371658 50.731129 -51.646400
v 91.371658 51.560303 -51.646400
v 91.371658 51.560303 -51.646400
v 91.371658 50.731129 -51.646400
v 92.217171 50.731346 -51.836540
v 92.217171 51.560524 -51.836540
v 92.217171 51.560524 -51.836540
v 92.217171 50.731346 -51.836540
v 92.836105 50.731979 -52.356018
v 92.836105 51.561153 -52.356018
v 92.836105 51.561153 -52.356018
v 92.836105 50.731979 -52.356018
v 93.062683 50.732819 -53.065643
v 93.062683 51.561996 -53.065643
v 93.062683 50.732819 -53.065643
v 92.511093 50.732819 -53.065643
v 92.358452 50.733402 -53.543812
v 92.836105 50.733677 -53.775269
v 92.836105 50.733677 -53.775269
v 92.358452 50.733402 -53.543812
v 91.941383 50.733810 -53.893852
v 92.217171 50.734299 -54.294762
v 92.217171 50.734299 -54.294762
v 91.941383 50.733810 -53.893852
v 91.371658 50.733967 -54.021973
v 91.371658 50.734520 -54.484898
v 91.371658 50.734520 -54.484898
v 91.371658 50.733967 -54.021973
v 90.801918 50.733810 -53.893852
v 90.526146 50.734299 -54.294762
v 90.526146 50.734299 -54.294762
v 90.801918 50.733810 -53.893852
v 90.384857 50.733395 -53.543812
v 89.907173 50.733677 -53.775269
v 89.907173 50.733677 -53.775269
v 90.384857 50.733395 -53.543812
v 90.232193 50.732819 -53.065651
v 89.680626 50.732819 -53.065651
v 89.680626 50.732819 -53.065651
v 90.232193 50.732819 -53.065651
v 90.384827 50.732246 -52.587482
v 89.907173 50.731972 -52.356018
v 89.907173 50.731972 -52.356018
v 90.384827 50.732246 -52.587482
v 90.801918 50.731834 -52.237438
v 90.526146 50.731346 -51.836540
v 90.526146 50.731346 -51.836540
v 90.801918 50.731834 -52.237438
v 91.371658 50.731674 -52.109314
v 91.371658 50.731129 -51.646400
v 91.371658 50.731129 -51.646400
v 91.371658 50.731674 -52.109314
v 91.941383 50.731834 -52.237438
v 92.217171 50.731346 -51.836540
v 92.217171 50.731346 -51.836540
v 91.941383 50.731834 -52.237438
v 92.358452 50.732246 -52.587475
v 92.836105 50.731979 -52.356018
v 92.836105 50.731979 -52.356018
v 92.358452 50.732246 -52.587475
v 92.511093 50.732819 -53.065643
v 93.062683 50.732819 -53.065643
v 92.511093 50.732819 -53.065643
v 92.566223 39.645229 -52.947266
v 92.406181 39.561958 -53.443672
v 92.358452 50.733402 -53.543812
v 92.358452 50.733402 -53.543812
v 92.406181 39.561958 -53.443672
v 91.968933 39.500984 -53.807056
v 91.941383 50.733810 -53.893852
v 91.941383 50.733810 -53.893852
v 91.968933 39.500984 -53.807056
v 91.371658 39.478687 -53.940071
v 91.371658 50.733967 -54.021973
v 91.371658 50.733967 -54.021973
v 91.371658 39.478687 -53.940071
v 90.774353 39.500984 -53.807056
v 90.801918 50.733810 -53.893852
v 90.801918 50.733810 -53.893852
v 90.774353 39.500984 -53.807056
v 90.337105 39.561958 -53.443668
v 90.384857 50.733395 -53.543812
v 90.384857 50.733395 -53.543812
v 90.337105 39.561958 -53.443668
v 90.177055 39.645214 -52.947273
v 90.232193 50.732819 -53.065651
v 90.232193 50.732819 -53.065651
v 90.177055 39.645214 -52.947273
v 90.337105 39.728493 -52.450871
v 90.384827 50.732246 -52.587482
v 90.384827 50.732246 -52.587482
v 90.337105 39.728493 -52.450871
v 90.774353 39.789459 -52.087475
v 90.801918 50.731834 -52.237438
v 90.801918 50.731834 -52.237438
v 90.774353 39.789459 -52.087475
v 91.371658 39.811779 -51.954468
v 91.371658 50.731674 -52.109314
v 91.371658 50.731674 -52.109314
v 91.371658 39.811779 -51.954468
v 91.968933 39.789459 -52.087475
v 91.941383 50.731834 -52.237438
v 91.941383 50.731834 -52.237438
v 91.968933 39.789459 -52.087475
v 92.406181 39.728508 -52.450871
v 92.358452 50.732246 -52.587475
v 92.358452 50.732246 -52.587475
v 92.406181 39.728508 -52.450871
v 92.566223 39.645229 -52.947266
v 92.511093 50.732819 -53.065643
v 92.566223 39.645229 -52.947266
v 92.511124 37.857777 -52.253838
v 92.358452 37.550278 -52.656376
v 92.406181 39.561958 -53.443672
v 92.406181 39.561958 -53.443672
v 92.358452 37.550278 -52.656376
v 91.941383 37.325161 -52.951046
v 91.968933 39.500984 -53.807056
v 91.968933 39.500984 -53.807056
v 91.941383 37.325161 -52.951046
v 91.371658 37.242760 -53.058899
v 91.371658 39.478687 -53.940071
v 91.371658 39.478687 -53.940071
v 91.371658 37.242760 -53.058899
v 90.801918 37.325161 -52.951038
v 90.774353 39.500984 -53.807056
v 90.774353 39.500984 -53.807056
v 90.801918 37.325161 -52.951038
v 90.384857 37.550270 -52.656376
v 90.337105 39.561958 -53.443668
v 90.337105 39.561958 -53.443668
v 90.384857 37.550270 -52.656376
v 90.232193 37.857777 -52.253838
v 90.177055 39.645214 -52.947273
v 90.177055 39.645214 -52.947273
v 90.232193 37.857777 -52.253838
v 90.384827 38.165279 -51.851311
v 90.337105 39.728493 -52.450871
v 90.337105 39.728493 -52.450871
v 90.384827 38.165279 -51.851311
v 90.801918 38.390388 -51.556633
v 90.774353 39.789459 -52.087475
v 90.774353 39.789459 -52.087475
v 90.801918 38.390388 -51.556633
v 91.371658 38.472794 -51.448784
v 91.371658 39.811779 -51.954468
v 91.371658 39.811779 -51.954468
v 91.371658 38.472794 -51.448784
v 91.941383 38.390404 -51.556633
v 91.968933 39.789459 -52.087475
v 91.968933 39.789459 -52.087475
v 91.941383 38.390404 -51.556633
v 92.358452 38.165287 -51.851311
v 92.406181 39.728508 -52.450871
v 92.406181 39.728508 -52.450871
v 92.358452 38.165287 -51.851311
v 92.511124 37.857777 -52.253838
v 92.566223 39.645229 -52.947266
v 92.511124 37.857777 -52.253838
v 92.511124 36.708679 -51.311642
v 92.358452 36.351467 -51.684151
v 92.358452 37.550278 -52.656376
v 92.358452 37.550278 -52.656376
v 92.358452 36.351467 -51.684151
v 91.941383 36.089977 -51.956848
v 91.941383 37.325161 -52.951046
v 91.941383 37.325161 -52.951046
v 91.941383 36.089977 -51.956848
v 91.371658 35.994270 -52.056660
v 91.371658 37.242760 -53.058899
v 91.371658 37.242760 -53.058899
v 91.371658 35.994270 -52.056660
v 90.801918 36.089977 -51.956848
v 90.801918 37.325161 -52.951038
v 90.801918 37.325161 -52.951038
v 90.801918 36.089977 -51.956848
v 90.384857 36.351467 -51.684151
v 90.384857 37.550270 -52.656376
v 90.384857 37.550270 -52.656376
v 90.384857 36.351467 -51.684151
v 90.232193 36.708656 -51.311642
v 90.232193 37.857777 -52.253838
v 90.232193 37.857777 -52.253838
v 90.232193 36.708656 -51.311642
v 90.384827 37.065868 -50.939133
v 90.384827 38.165279 -51.851311
v 90.384827 38.165279 -51.851311
v 90.384827 37.065868 -50.939133
v 90.801918 37.327362 -50.666439
v 90.801918 38.390388 -51.556633
v 90.801918 38.390388 -51.556633
v 90.801918 37.327362 -50.666439
v 91.371658 37.423080 -50.566635
v 91.371658 38.472794 -51.448784
v 91.371658 38.472794 -51.448784
v 91.371658 37.423080 -50.566635
v 91.941383 37.327362 -50.666439
v 91.941383 38.390404 -51.556633
v 91.941383 38.390404 -51.556633
v 91.941383 37.327362 -50.666439
v 92.358452 37.065868 -50.939144
v 92.358452 38.165287 -51.851311
v 92.358452 38.165287 -51.851311
v 92.358452 37.065868 -50.939144
v 92.511124 36.708679 -51.311642
v 92.511124 37.857777 -52.253838
v 92.511124 36.708679 -51.311642
v 93.205635 36.708679 -51.311642
v 92.959938 36.133747 -51.911213
v 92.358452 36.351467 -51.684151
v 92.358452 36.351467 -51.684151
v 92.959938 36.133747 -51.911213
v 92.288651 35.712860 -52.350117
v 91.941383 36.089977 -51.956848
v 91.941383 36.089977 -51.956848
v 92.288651 35.712860 -52.350117
v 91.371658 35.558819 -52.510765
v 91.371658 35.994270 -52.056660
v 91.371658 35.994270 -52.056660
v 91.371658 35.558819 -52.510765
v 90.454659 35.712860 -52.350113
v 90.801918 36.089977 -51.956848
v 90.801918 36.089977 -51.956848
v 90.454659 35.712860 -52.350113
v 89.783348 36.133743 -51.911205
v 90.384857 36.351467 -51.684151
v 90.384857 36.351467 -51.684151
v 89.783348 36.133743 -51.911205
v 89.537643 36.708656 -51.311642
v 90.232193 36.708656 -51.311642
v 90.232193 36.708656 -51.311642
v 89.537643 36.708656 -51.311642
v 89.783348 37.283585 -50.712082
v 90.384827 37.065868 -50.939133
v 90.384827 37.065868 -50.939133
v 89.783348 37.283585 -50.712082
v 90.454659 37.704472 -50.273170
v 90.801918 37.327362 -50.666439
v 90.801918 37.327362 -50.666439
v 90.454659 37.704472 -50.273170
v 91.371658 37.858521 -50.112522
v 91.371658 37.423080 -50.566635
v 91.371658 37.423080 -50.566635
v 91.371658 37.858521 -50.112522
v 92.288651 37.704472 -50.273174
v 91.941383 37.327362 -50.666439
v 91.941383 37.327362 -50.666439
v 92.288651 37.704472 -50.273174
v 92.959938 37.283600 -50.712090
v 92.358452 37.065868 -50.939144
v 92.358452 37.065868 -50.939144
v 92.959938 37.283600 -50.712090
v 93.205635 36.708679 -51.311642
v 92.511124 36.708679 -51.311642
v 93.205635 36.708679 -51.311642
v 93.205635 34.899063 -49.717480
v 92.959938 34.438183 -50.382839
v 92.959938 36.133747 -51.911213
v 92.959938 36.133747 -51.911213
v 92.959938 34.438183 -50.382839
v 92.288651 34.100788 -50.869907
v 92.288651 35.712860 -52.350117
v 92.288651 35.712860 -52.350117
v 92.288651 34.100788 -50.869907
v 91.371658 33.977314 -51.048180
v 91.371658 35.558819 -52.510765
v 91.371658 35.558819 -52.510765
v 91.371658 33.977314 -51.048180
v 90.454659 34.100788 -50.869896
v 90.454659 35.712860 -52.350113
v 90.454659 35.712860 -52.350113
v 90.454659 34.100788 -50.869896
v 89.783348 34.438171 -50.382839
v 89.783348 36.133743 -51.911205
v 89.783348 36.133743 -51.911205
v 89.783348 34.438171 -50.382839
v 89.537643 34.899025 -49.717480
v 89.537643 36.708656 -51.311642
v 89.537643 36.708656 -51.311642
v 89.537643 34.899025 -49.717480
v 89.783348 35.359905 -49.052124
v 89.783348 37.283585 -50.712082
v 89.783348 37.283585 -50.712082
v 89.783348 35.359905 -49.052124
v 90.454659 35.697292 -48.565056
v 90.454659 37.704472 -50.273170
v 90.454659 37.704472 -50.273170
v 90.454659 35.697292 -48.565056
v 91.371658 35.820789 -48.386780
v 91.371658 37.858521 -50.112522
v 91.371658 37.858521 -50.112522
v 91.371658 35.820789 -48.386780
v 92.288651 35.697300 -48.565060
v 92.288651 37.704472 -50.273174
v 92.288651 37.704472 -50.273174
v 92.288651 35.697300 -48.565060
v 92.959938 35.359932 -49.052132
v 92.959938 37.283600 -50.712090
v 92.959938 37.283600 -50.712090
v 92.959938 35.359932 -49.052132
v 93.205635 34.899063 -49.717480
v 93.205635 36.708679 -51.311642
v 92.737267 55.790531 -53.796410
v 92.737198 56.651058 -53.796528
v 92.970566 56.650471 -53.065746
v 92.970566 55.789936 -53.065544
v 92.142105 55.790962 -54.295948
v 92.142044 56.651489 -54.295986
v 92.737198 56.651058 -53.796528
v 92.737267 55.790531 -53.796410
v 91.371658 55.791126 -54.469215
v 91.371658 56.651653 -54.469215
v 92.142044 56.651489 -54.295986
v 92.142105 55.790962 -54.295948
v 90.601181 55.790962 -54.295948
v 90.601265 56.651489 -54.295967
v 91.371658 56.651653 -54.469215
v 91.371658 55.791126 -54.469215
v 90.006012 55.790531 -53.796410
v 90.006126 56.651058 -53.796505
v 90.601265 56.651489 -54.295967
v 90.601181 55.790962 -54.295948
v 89.772728 55.789936 -53.065544
v 89.772789 56.650471 -53.065746
v 90.006126 56.651058 -53.796505
v 90.006012 55.790531 -53.796410
v 90.006081 55.789341 -52.334759
v 90.006058 56.649872 -52.334908
v 89.772789 56.650471 -53.065746
v 89.772728 55.789936 -53.065544
v 90.601234 55.788902 -51.835316
v 90.601181 56.649437 -51.835361
v 90.006058 56.649872 -52.334908
v 90.006081 55.789341 -52.334759
v 91.371658 55.788742 -51.662071
v 91.371658 56.649284 -51.662071
v 90.601181 56.649437 -51.835361
v 90.601234 55.788902 -51.835316
v 92.142044 55.788902 -51.835316
v 92.142105 56.649437 -51.835339
v 91.371658 56.649284 -51.662071
v 91.371658 55.788742 -51.662071
v 92.737198 55.789341 -52.334759
v 92.737267 56.649872 -52.334885
v 92.142105 56.649437 -51.835339
v 92.142044 55.788902 -51.835316
v 92.970566 55.789936 -53.065544
v 92.970566 56.650471 -53.065746
v 92.737267 56.649872 -52.334885
v 92.737198 55.789341 -52.334759
v 92.378342 51.562584 -53.553448
v 92.378342 55.798389 -53.553448
v 92.534088 55.797806 -53.065643
v 92.534088 51.561996 -53.065643
v 91.952866 51.563015 -53.910553
v 91.952866 55.798820 -53.910557
v 92.378342 55.798389 -53.553448
v 92.378342 51.562584 -53.553448
v 91.371658 51.563179 -54.041260
v 91.371658 55.798969 -54.041260
v 91.952866 55.798820 -53.910557
v 91.952866 51.563015 -53.910553
v 90.790421 51.563015 -53.910553
v 90.790421 55.798820 -53.910557
v 91.371658 55.798969 -54.041260
v 91.371658 51.563179 -54.041260
v 90.364952 51.562584 -53.553448
v 90.364952 55.798389 -53.553455
v 90.790421 55.798820 -53.910557
v 90.790421 51.563015 -53.910553
v 90.209198 51.561996 -53.065643
v 90.209198 55.797806 -53.065643
v 90.364952 55.798389 -53.553455
v 90.364952 51.562584 -53.553448
v 90.364952 51.561424 -52.577839
v 90.364952 55.797215 -52.577839
v 90.209198 55.797806 -53.065643
v 90.209198 51.561996 -53.065643
v 90.790436 51.560989 -52.220741
v 90.790436 55.796799 -52.220741
v 90.364952 55.797215 -52.577839
v 90.364952 51.561424 -52.577839
v 91.371658 51.560829 -52.090027
v 91.371658 55.796638 -52.090027
v 90.790436 55.796799 -52.220741
v 90.790436 51.560989 -52.220741
v 91.952866 51.560989 -52.220741
v 91.952866 55.796799 -52.220741
v 91.371658 55.796638 -52.090027
v 91.371658 51.560829 -52.090027
v 92.378342 51.561424 -52.577839
v 92.378342 55.797215 -52.577839
v 91.952866 55.796799 -52.220741
v 91.952866 51.560989 -52.220741
v 92.534088 51.561996 -53.065643
v 92.534088 55.797806 -53.065643
v 92.378342 55.797215 -52.577839
v 92.378342 51.561424 -52.577839
v 92.534088 56.642609 -53.065643
v 92.970566 56.650471 -53.065746
v 92.737198 56.651058 -53.796528
v 92.378342 56.643181 -53.553448
v 92.378342 56.643181 -53.553448
v 92.737198 56.651058 -53.796528
v 92.142044 56.651489 -54.295986
v 91.952866 56.643612 -53.910553
v 91.952866 56.643612 -53.910553
v 92.142044 56.651489 -54.295986
v 91.371658 56.651653 -54.469215
v 91.371658 56.643768 -54.041260
v 91.371658 56.643768 -54.041260
v 91.371658 56.651653 -54.469215
v 90.601265 56.651489 -54.295967
v 90.790421 56.643612 -53.910553
v 90.790421 56.643612 -53.910553
v 90.601265 56.651489 -54.295967
v 90.006126 56.651058 -53.796505
v 90.364952 56.643181 -53.553448
v 90.364952 56.643181 -53.553448
v 90.006126 56.651058 -53.796505
v 89.772789 56.650471 -53.065746
v 90.209198 56.642609 -53.065651
v 90.209198 56.642609 -53.065651
v 89.772789 56.650471 -53.065746
v 90.006058 56.649872 -52.334908
v 90.364952 56.642014 -52.577839
v 90.364952 56.642014 -52.577839
v 90.006058 56.649872 -52.334908
v 90.601181 56.649437 -51.835361
v 90.790436 56.641586 -52.220741
v 90.790436 56.641586 -52.220741
v 90.601181 56.649437 -51.835361
v 91.371658 56.649284 -51.662071
v 91.371658 56.641434 -52.090027
v 91.371658 56.641434 -52.090027
v 91.371658 56.649284 -51.662071
v 92.142105 56.649437 -51.835339
v 91.952866 56.641586 -52.220741
v 91.952866 56.641586 -52.220741
v 92.142105 56.649437 -51.835339
v 92.737267 56.649872 -52.334885
v 92.378342 56.642014 -52.577839
v 92.378342 56.642014 -52.577839
v 92.737267 56.649872 -52.334885
v 92.970566 56.650471 -53.065746
v 92.534088 56.642609 -53.065643
v 92.378342 55.798389 -53.553448
v 92.737267 55.790531 -53.796410
v 92.970566 55.789936 -53.065544
v 92.534088 55.797806 -53.065643
v 92.534088 55.797806 -53.065643
v 92.970566 55.789936 -53.065544
v 92.737198 55.789341 -52.334759
v 92.378342 55.797215 -52.577839
v 92.378342 55.797215 -52.577839
v 92.737198 55.789341 -52.334759
v 92.142044 55.788902 -51.835316
v 91.952866 55.796799 -52.220741
v 91.952866 55.796799 -52.220741
v 92.142044 55.788902 -51.835316
v 91.371658 55.788742 -51.662071
v 91.371658 55.796638 -52.090027
v 91.371658 55.796638 -52.090027
v 91.371658 55.788742 -51.662071
v 90.601234 55.788902 -51.835316
v 90.790436 55.796799 -52.220741
v 90.790436 55.796799 -52.220741
v 90.601234 55.788902 -51.835316
v 90.006081 55.789341 -52.334759
v 90.364952 55.797215 -52.577839
v 90.364952 55.797215 -52.577839
v 90.006081 55.789341 -52.334759
v 89.772728 55.789936 -53.065544
v 90.209198 55.797806 -53.065643
v 90.209198 55.797806 -53.065643
v 89.772728 55.789936 -53.065544
v 90.006012 55.790531 -53.796410
v 90.364952 55.798389 -53.553455
v 90.364952 55.798389 -53.553455
v 90.006012 55.790531 -53.796410
v 90.601181 55.790962 -54.295948
v 90.790421 55.798820 -53.910557
v 90.790421 55.798820 -53.910557
v 90.601181 55.790962 -54.295948
v 91.371658 55.791126 -54.469215
v 91.371658 55.798969 -54.041260
v 91.371658 55.798969 -54.041260
v 91.371658 55.791126 -54.469215
v 92.142105 55.790962 -54.295948
v 91.952866 55.798820 -53.910557
v 91.952866 55.798820 -53.910557
v 92.142105 55.790962 -54.295948
v 92.737267 55.790531 -53.796410
v 92.378342 55.798389 -53.553448
v -61.831539 76.504547 -42.560318
v -59.694225 76.504547 -42.560318
v -59.694225 77.513382 -42.787193
v -61.831539 77.513382 -42.787193
v -61.831539 77.513382 -42.787193
v -59.694225 77.513382 -42.787193
v -59.694225 78.251900 -43.407036
v -61.831539 78.251900 -43.407036
v -61.831539 78.251900 -43.407036
v -59.694225 78.251900 -43.407036
v -59.694225 78.522209 -44.253754
v -61.831539 78.522209 -44.253754
v -61.831539 78.522209 -44.253754
v -59.694225 78.522209 -44.253754
v -59.694225 78.251900 -45.100471
v -61.831539 78.251900 -45.100471
v -61.831539 78.251900 -45.100471
v -59.694225 78.251900 -45.100471
v -59.694225 77.513382 -45.720314
v -61.831539 77.513382 -45.720314
v -61.831539 77.513382 -45.720314
v -59.694225 77.513382 -45.720314
v -59.694225 76.504547 -45.947189
v -61.831539 76.504547 -45.947189
v -61.831539 76.504547 -45.947189
v -59.694225 76.504547 -45.947189
v -59.694225 75.495712 -45.720314
v -61.831539 75.495712 -45.720314
v -61.831539 75.495712 -45.720314
v -59.694225 75.495712 -45.720314
v -59.694225 74.757202 -45.100471
v -61.831539 74.757202 -45.100471
v -61.831539 74.757202 -45.100471
v -59.694225 74.757202 -45.100471
v -59.694225 74.486885 -44.253754
v -61.831539 74.486885 -44.253754
v -61.831539 74.486885 -44.253754
v -59.694225 74.486885 -44.253754
v -59.694225 74.757195 -43.407036
v -61.831539 74.757202 -43.407036
v -61.831539 74.757202 -43.407036
v -59.694225 74.757195 -43.407036
v -59.694225 75.495712 -42.787193
v -61.831539 75.495712 -42.787193
v -61.831539 75.495712 -42.787193
v -59.694225 75.495712 -42.787193
v -59.694225 76.504547 -42.560318
v -61.831539 76.504547 -42.560318
v -59.694225 76.504547 -42.560318
v -57.697300 76.026520 -42.560318
v -57.306313 76.956505 -42.787193
v -59.694225 77.513382 -42.787193
v -59.694225 77.513382 -42.787193
v -57.306313 76.956505 -42.787193
v -57.020092 77.637306 -43.407036
v -59.694225 78.251900 -43.407036
v -59.694225 78.251900 -43.407036
v -57.020092 77.637306 -43.407036
v -56.915325 77.886497 -44.253754
v -59.694225 78.522209 -44.253754
v -59.694225 78.522209 -44.253754
v -56.915325 77.886497 -44.253754
v -57.020092 77.637306 -45.100471
v -59.694225 78.251900 -45.100471
v -59.694225 78.251900 -45.100471
v -57.020092 77.637306 -45.100471
v -57.306313 76.956505 -45.720314
v -59.694225 77.513382 -45.720314
v -59.694225 77.513382 -45.720314
v -57.306313 76.956505 -45.720314
v -57.697304 76.026527 -45.947189
v -59.694225 76.504547 -45.947189
v -59.694225 76.504547 -45.947189
v -57.697304 76.026527 -45.947189
v -58.088291 75.096535 -45.720310
v -59.694225 75.495712 -45.720314
v -59.694225 75.495712 -45.720314
v -58.088291 75.096535 -45.720310
v -58.374516 74.415741 -45.100471
v -59.694225 74.757202 -45.100471
v -59.694225 74.757202 -45.100471
v -58.374516 74.415741 -45.100471
v -58.479279 74.166557 -44.253754
v -59.694225 74.486885 -44.253754
v -59.694225 74.486885 -44.253754
v -58.479279 74.166557 -44.253754
v -58.374516 74.415741 -43.407036
v -59.694225 74.757195 -43.407036
v -59.694225 74.757195 -43.407036
v -58.374516 74.415741 -43.407036
v -58.088295 75.096542 -42.787193
v -59.694225 75.495712 -42.787193
v -59.694225 75.495712 -42.787193
v -58.088295 75.096542 -42.787193
v -57.697300 76.026520 -42.560318
v -59.694225 76.504547 -42.560318
v -57.697300 76.026520 -42.560318
v -55.547516 73.616516 -42.560318
v -54.673878 74.120987 -42.787193
v -57.306313 76.956505 -42.787193
v -57.306313 76.956505 -42.787193
v -54.673878 74.120987 -42.787193
v -54.034332 74.490295 -43.407036
v -57.020092 77.637306 -43.407036
v -57.020092 77.637306 -43.407036
v -54.034332 74.490295 -43.407036
v -53.800240 74.625465 -44.253754
v -56.915325 77.886497 -44.253754
v -56.915325 77.886497 -44.253754
v -53.800240 74.625465 -44.253754
v -54.034332 74.490295 -45.100471
v -57.020092 77.637306 -45.100471
v -57.020092 77.637306 -45.100471
v -54.034332 74.490295 -45.100471
v -54.673882 74.120987 -45.720314
v -57.306313 76.956505 -45.720314
v -57.306313 76.956505 -45.720314
v -54.673882 74.120987 -45.720314
v -55.547516 73.616508 -45.947189
v -57.697304 76.026527 -45.947189
v -57.697304 76.026527 -45.947189
v -55.547516 73.616508 -45.947189
v -56.421154 73.112030 -45.720314
v -58.088291 75.096535 -45.720310
v -58.088291 75.096535 -45.720310
v -56.421154 73.112030 -45.720314
v -57.060696 72.742722 -45.100471
v -58.374516 74.415741 -45.100471
v -58.374516 74.415741 -45.100471
v -57.060696 72.742722 -45.100471
v -57.294788 72.607552 -44.253754
v -58.479279 74.166557 -44.253754
v -58.479279 74.166557 -44.253754
v -57.294788 72.607552 -44.253754
v -57.060696 72.742722 -43.407036
v -58.374516 74.415741 -43.407036
v -58.374516 74.415741 -43.407036
v -57.060696 72.742722 -43.407036
v -56.421154 73.112030 -42.787193
v -58.088295 75.096542 -42.787193
v -58.088295 75.096542 -42.787193
v -56.421154 73.112030 -42.787193
v -55.547516 73.616516 -42.560318
v -57.697300 76.026520 -42.560318
v -61.831539 77.513382 -42.787193
v -61.831539 77.786674 -42.389900
v -61.831539 76.504547 -42.101566
v -61.831539 76.504547 -42.560318
v -61.831539 78.251900 -43.407036
v -61.831539 78.725258 -43.177658
v -61.831539 78.522209 -44.253754
v -61.831539 79.068794 -44.253754
v -61.831539 78.251900 -45.100471
v -61.831539 78.725258 -45.329849
v -61.831539 77.513382 -45.720314
v -61.831539 77.786674 -46.117603
v -61.831539 76.504547 -45.947189
v -61.831539 76.504547 -46.405941
v -61.831539 75.495712 -45.720314
v -61.831539 75.222427 -46.117603
v -61.831539 74.757202 -45.100471
v -61.831539 74.283844 -45.329849
v -61.831539 74.486885 -44.253754
v -61.831539 73.940300 -44.253754
v -61.831539 74.757202 -43.407036
v -61.831539 74.283844 -43.177658
v -61.831539 75.495712 -42.787193
v -61.831539 75.222427 -42.389900
v -61.831539 77.786674 -42.389900
v -64.785194 77.786674 -42.389900
v -64.785194 76.504547 -42.101566
v -61.831539 76.504547 -42.101566
v -61.831539 78.725258 -43.177658
v -64.785194 78.725258 -43.177658
v -64.785194 77.786674 -42.389900
v -61.831539 77.786674 -42.389900
v -61.831539 79.068794 -44.253754
v -64.785194 79.068794 -44.253754
v -64.785194 78.725258 -43.177658
v -61.831539 78.725258 -43.177658
v -61.831539 78.725258 -45.329849
v -64.785194 78.725258 -45.329849
v -64.785194 79.068794 -44.253754
v -61.831539 79.068794 -44.253754
v -61.831539 77.786674 -46.117603
v -64.785194 77.786674 -46.117603
v -64.785194 78.725258 -45.329849
v -61.831539 78.725258 -45.329849
v -61.831539 76.504547 -46.405941
v -64.785194 76.504547 -46.405941
v -64.785194 77.786674 -46.117603
v -61.831539 77.786674 -46.117603
v -61.831539 75.222427 -46.117603
v -64.785194 75.222427 -46.117603
v -64.785194 76.504547 -46.405941
v -61.831539 76.504547 -46.405941
v -61.831539 74.283844 -45.329849
v -64.785194 74.283844 -45.329849
v -64.785194 75.222427 -46.117603
v -61.831539 75.222427 -46.117603
v -61.831539 73.940300 -44.253754
v -64.785194 73.940300 -44.253754
v -64.785194 74.283844 -45.329849
v -61.831539 74.283844 -45.329849
v -61.831539 74.283844 -43.177658
v -64.785194 74.283844 -43.177658
v -64.785194 73.940300 -44.253754
v -61.831539 73.940300 -44.253754
v -61.831539 75.222427 -42.389900
v -64.785194 75.222427 -42.389900
v -64.785194 74.283844 -43.177658
v -61.831539 74.283844 -43.177658
v -61.831539 76.504547 -42.101566
v -64.785194 76.504547 -42.101566
v -64.785194 75.222427 -42.389900
v -61.831539 75.222427 -42.389900
v -55.547516 73.616516 -42.560318
v -55.045685 70.714890 -42.560318
v -54.036877 70.715904 -42.787193
v -54.673878 74.120987 -42.787193
v -54.673878 74.120987 -42.787193
v -54.036877 70.715904 -42.787193
v -53.298378 70.716644 -43.407036
v -54.034332 74.490295 -43.407036
v -54.034332 74.490295 -43.407036
v -53.298378 70.716644 -43.407036
v -53.028065 70.716911 -44.253754
v -53.800240 74.625465 -44.253754
v -53.800240 74.625465 -44.253754
v -53.028065 70.716911 -44.253754
v -53.298378 70.716644 -45.100471
v -54.034332 74.490295 -45.100471
v -54.034332 74.490295 -45.100471
v -53.298378 70.716644 -45.100471
v -54.036877 70.715904 -45.720314
v -54.673882 74.120987 -45.720314
v -54.673882 74.120987 -45.720314
v -54.036877 70.715904 -45.720314
v -55.045681 70.714890 -45.947189
v -55.547516 73.616508 -45.947189
v -55.547516 73.616508 -45.947189
v -55.045681 70.714890 -45.947189
v -56.054489 70.713875 -45.720314
v -56.421154 73.112030 -45.720314
v -56.421154 73.112030 -45.720314
v -56.054489 70.713875 -45.720314
v -56.792988 70.713135 -45.100468
v -57.060696 72.742722 -45.100471
v -57.060696 72.742722 -45.100471
v -56.792988 70.713135 -45.100468
v -57.063297 70.712868 -44.253754
v -57.294788 72.607552 -44.253754
v -57.294788 72.607552 -44.253754
v -57.063297 70.712868 -44.253754
v -56.792988 70.713135 -43.407036
v -57.060696 72.742722 -43.407036
v -57.060696 72.742722 -43.407036
v -56.792988 70.713135 -43.407036
v -56.054493 70.713875 -42.787193
v -56.421154 73.112030 -42.787193
v -56.421154 73.112030 -42.787193
v -56.054493 70.713875 -42.787193
v -55.045685 70.714890 -42.560318
v -55.547516 73.616516 -42.560318
v -54.036877 70.715904 -42.787193
v -55.045685 70.714890 -42.560318
v -55.045685 69.448936 -42.560318
v -54.036877 69.449944 -42.787193
v -53.298378 70.716644 -43.407036
v -54.036877 70.715904 -42.787193
v -54.036877 69.449944 -42.787193
v -53.298378 69.450691 -43.407036
v -53.028065 70.716911 -44.253754
v -53.298378 70.716644 -43.407036
v -53.298378 69.450691 -43.407036
v -53.028069 69.450958 -44.253754
v -53.298378 70.716644 -45.100471
v -53.028065 70.716911 -44.253754
v -53.028069 69.450958 -44.253754
v -53.298378 69.450691 -45.100471
v -54.036877 70.715904 -45.720314
v -53.298378 70.716644 -45.100471
v -53.298378 69.450691 -45.100471
v -54.036877 69.449944 -45.720314
v -55.045681 70.714890 -45.947189
v -54.036877 70.715904 -45.720314
v -54.036877 69.449944 -45.720314
v -55.045681 69.448936 -45.947189
v -56.054489 70.713875 -45.720314
v -55.045681 70.714890 -45.947189
v -55.045681 69.448936 -45.947189
v -56.054493 69.447922 -45.720314
v -56.792988 70.713135 -45.100468
v -56.054489 70.713875 -45.720314
v -56.054493 69.447922 -45.720314
v -56.792988 69.447182 -45.100468
v -57.063297 70.712868 -44.253754
v -56.792988 70.713135 -45.100468
v -56.792988 69.447182 -45.100468
v -57.063297 69.446907 -44.253754
v -56.792988 70.713135 -43.407036
v -57.063297 70.712868 -44.253754
v -57.063297 69.446907 -44.253754
v -56.792988 69.447182 -43.407036
v -56.054493 70.713875 -42.787193
v -56.792988 70.713135 -43.407036
v -56.792988 69.447182 -43.407036
v -56.054493 69.447922 -42.787193
v -55.045685 70.714890 -42.560318
v -56.054493 70.713875 -42.787193
v -56.054493 69.447922 -42.787193
v -55.045685 69.448936 -42.560318
v -55.045689 60.630432 -42.560314
v -55.045689 60.630432 -41.790260
v -53.578148 60.631912 -42.120308
v -54.036877 60.631454 -42.787189
v -54.036877 60.631454 -42.787189
v -53.578148 60.631912 -42.120308
v -52.503830 60.632988 -43.022003
v -53.298378 60.632195 -43.407032
v -53.298378 60.632195 -43.407032
v -52.503830 60.632988 -43.022003
v -52.110611 60.633377 -44.253750
v -53.028069 60.632465 -44.253750
v -53.028069 60.632465 -44.253750
v -52.110611 60.633377 -44.253750
v -52.503830 60.632988 -45.485493
v -53.298378 60.632187 -45.100468
v -53.298378 60.632187 -45.100468
v -52.503830 60.632988 -45.485493
v -53.578144 60.631912 -46.387192
v -54.036877 60.631454 -45.720310
v -54.036877 60.631454 -45.720310
v -53.578144 60.631912 -46.387192
v -55.045681 60.630432 -46.717232
v -55.045681 60.630432 -45.947186
v -55.045681 60.630432 -45.947186
v -55.045681 60.630432 -46.717232
v -56.513222 60.628952 -46.387192
v -56.054493 60.629421 -45.720310
v -56.054493 60.629421 -45.720310
v -56.513222 60.628952 -46.387192
v -57.587528 60.627876 -45.485489
v -56.792988 60.628677 -45.100464
v -56.792988 60.628677 -45.100464
v -57.587528 60.627876 -45.485489
v -57.980755 60.627487 -44.253750
v -57.063297 60.628410 -44.253750
v -57.063297 60.628410 -44.253750
v -57.980755 60.627487 -44.253750
v -57.587528 60.627876 -43.022003
v -56.792988 60.628677 -43.407032
v -56.792988 60.628677 -43.407032
v -57.587528 60.627876 -43.022003
v -56.513222 60.628952 -42.120308
v -56.054493 60.629421 -42.787189
v -56.054493 60.629421 -42.787189
v -56.513222 60.628952 -42.120308
v -55.045689 60.630432 -41.790260
v -55.045689 60.630432 -42.560314
v -55.045689 60.630432 -41.790260
v -55.045689 59.191216 -41.790260
v -53.578148 59.192703 -42.120308
v -53.578148 60.631912 -42.120308
v -53.578148 60.631912 -42.120308
v -53.578148 59.192703 -42.120308
v -52.503830 59.193779 -43.022003
v -52.503830 60.632988 -43.022003
v -52.503830 60.632988 -43.022003
v -52.503830 59.193779 -43.022003
v -52.110611 59.194168 -44.253750
v -52.110611 60.633377 -44.253750
v -52.110611 60.633377 -44.253750
v -52.110611 59.194168 -44.253750
v -52.503830 59.193779 -45.485493
v -52.503830 60.632988 -45.485493
v -52.503830 60.632988 -45.485493
v -52.503830 59.193779 -45.485493
v -53.578144 59.192696 -46.387192
v -53.578144 60.631912 -46.387192
v -53.578144 60.631912 -46.387192
v -53.578144 59.192696 -46.387192
v -55.045681 59.191216 -46.717236
v -55.045681 60.630432 -46.717232
v -55.045681 60.630432 -46.717232
v -55.045681 59.191216 -46.717236
v -56.513222 59.189735 -46.387192
v -56.513222 60.628952 -46.387192
v -56.513222 60.628952 -46.387192
v -56.513222 59.189735 -46.387192
v -57.587528 59.188660 -45.485489
v -57.587528 60.627876 -45.485489
v -57.587528 60.627876 -45.485489
v -57.587528 59.188660 -45.485489
v -57.980755 59.188263 -44.253750
v -57.980755 60.627487 -44.253750
v -57.980755 60.627487 -44.253750
v -57.980755 59.188263 -44.253750
v -57.587528 59.188660 -43.022003
v -57.587528 60.627876 -43.022003
v -57.587528 60.627876 -43.022003
v -57.587528 59.188660 -43.022003
v -56.513222 59.189743 -42.120308
v -56.513222 60.628952 -42.120308
v -56.513222 60.628952 -42.120308
v -56.513222 59.189743 -42.120308
v -55.045689 59.191216 -41.790260
v -55.045689 60.630432 -41.790260
v -55.045689 59.191216 -41.790260
v -55.045681 59.191216 -42.593781
v -54.056808 59.192223 -42.816174
v -53.578148 59.192703 -42.120308
v -53.578148 59.192703 -42.120308
v -54.056808 59.192223 -42.816174
v -53.332909 59.192940 -43.423763
v -52.503830 59.193779 -43.022003
v -52.503830 59.193779 -43.022003
v -53.332909 59.192940 -43.423763
v -53.067947 59.193207 -44.253750
v -52.110611 59.194168 -44.253750
v -52.110611 59.194168 -44.253750
v -53.067947 59.193207 -44.253750
v -53.332909 59.192940 -45.083733
v -52.503830 59.193779 -45.485493
v -52.503830 59.193779 -45.485493
v -53.332909 59.192940 -45.083733
v -54.056808 59.192207 -45.691319
v -53.578144 59.192696 -46.387192
v -53.578144 59.192696 -46.387192
v -54.056808 59.192207 -45.691319
v -55.045681 59.191208 -45.913712
v -55.045681 59.191216 -46.717236
v -55.045681 59.191216 -46.717236
v -55.045681 59.191208 -45.913712
v -56.034550 59.190220 -45.691322
v -56.513222 59.189735 -46.387192
v -56.513222 59.189735 -46.387192
v -56.034550 59.190220 -45.691322
v -56.758450 59.189499 -45.083733
v -57.587528 59.188660 -45.485489
v -57.587528 59.188660 -45.485489
v -56.758450 59.189499 -45.083733
v -57.023418 59.189228 -44.253750
v -57.980755 59.188263 -44.253750
v -57.980755 59.188263 -44.253750
v -57.023418 59.189228 -44.253750
v -56.758450 59.189499 -43.423763
v -57.587528 59.188660 -43.022003
v -57.587528 59.188660 -43.022003
v -56.758450 59.189499 -43.423763
v -56.034550 59.190220 -42.816177
v -56.513222 59.189743 -42.120308
v -56.513222 59.189743 -42.120308
v -56.034550 59.190220 -42.816177
v -55.045681 59.191216 -42.593781
v -55.045689 59.191216 -41.790260
v -55.045681 59.191216 -42.593781
v -55.290493 39.946262 -42.513477
v -54.263912 39.801727 -42.746632
v -54.056808 59.192223 -42.816174
v -54.056808 59.192223 -42.816174
v -54.263912 39.801727 -42.746632
v -53.512405 39.695908 -43.383614
v -53.332909 59.192940 -43.423763
v -53.332909 59.192940 -43.423763
v -53.512405 39.695908 -43.383614
v -53.237339 39.657169 -44.253750
v -53.067947 59.193207 -44.253750
v -53.067947 59.193207 -44.253750
v -53.237339 39.657169 -44.253750
v -53.512405 39.695900 -45.123882
v -53.332909 59.192940 -45.083733
v -53.332909 59.192940 -45.083733
v -53.512405 39.695900 -45.123882
v -54.263916 39.801712 -45.760864
v -54.056808 59.192207 -45.691319
v -54.056808 59.192207 -45.691319
v -54.263916 39.801712 -45.760864
v -55.290493 39.946239 -45.994019
v -55.045681 59.191208 -45.913712
v -55.045681 59.191208 -45.913712
v -55.290493 39.946239 -45.994019
v -56.317074 40.090786 -45.760864
v -56.034550 59.190220 -45.691322
v -56.034550 59.190220 -45.691322
v -56.317074 40.090786 -45.760864
v -57.068581 40.196598 -45.123878
v -56.758450 59.189499 -45.083733
v -56.758450 59.189499 -45.083733
v -57.068581 40.196598 -45.123878
v -57.343655 40.235336 -44.253750
v -57.023418 59.189228 -44.253750
v -57.023418 59.189228 -44.253750
v -57.343655 40.235336 -44.253750
v -57.068581 40.196598 -43.383614
v -56.758450 59.189499 -43.423763
v -56.758450 59.189499 -43.423763
v -57.068581 40.196598 -43.383614
v -56.317074 40.090801 -42.746632
v -56.034550 59.190220 -42.816177
v -56.034550 59.190220 -42.816177
v -56.317074 40.090801 -42.746632
v -55.290493 39.946262 -42.513477
v -55.045681 59.191216 -42.593781
v -55.290493 39.946262 -42.513477
v -56.724533 36.843746 -42.593777
v -55.892075 36.310005 -42.816174
v -54.263912 39.801727 -42.746632
v -54.263912 39.801727 -42.746632
v -55.892075 36.310005 -42.816174
v -55.282684 35.919266 -43.423763
v -53.512405 39.695908 -43.383614
v -53.512405 39.695908 -43.383614
v -55.282684 35.919266 -43.423763
v -55.059635 35.776249 -44.253750
v -53.237339 39.657169 -44.253750
v -53.237339 39.657169 -44.253750
v -55.059635 35.776249 -44.253750
v -55.282684 35.919266 -45.083733
v -53.512405 39.695900 -45.123882
v -53.512405 39.695900 -45.123882
v -55.282684 35.919266 -45.083733
v -55.892082 36.309990 -45.691319
v -54.263916 39.801712 -45.760864
v -54.263916 39.801712 -45.760864
v -55.892082 36.309990 -45.691319
v -56.724537 36.843731 -45.913712
v -55.290493 39.946239 -45.994019
v -55.290493 39.946239 -45.994019
v -56.724537 36.843731 -45.913712
v -57.556992 37.377483 -45.691322
v -56.317074 40.090786 -45.760864
v -56.317074 40.090786 -45.760864
v -57.556992 37.377483 -45.691322
v -58.166382 37.768211 -45.083733
v -57.068581 40.196598 -45.123878
v -57.068581 40.196598 -45.123878
v -58.166382 37.768211 -45.083733
v -58.389435 37.911240 -44.253750
v -57.343655 40.235336 -44.253750
v -57.343655 40.235336 -44.253750
v -58.389435 37.911240 -44.253750
v -58.166378 37.768227 -43.423763
v -57.068581 40.196598 -43.383614
v -57.068581 40.196598 -43.383614
v -58.166378 37.768227 -43.423763
v -57.556980 37.377502 -42.816174
v -56.317074 40.090801 -42.746632
v -56.317074 40.090801 -42.746632
v -57.556980 37.377502 -42.816174
v -56.724533 36.843746 -42.593777
v -55.290493 39.946262 -42.513477
v -56.724533 36.843746 -42.593777
v -58.673031 34.849216 -42.593777
v -57.902664 34.229210 -42.816170
v -55.892075 36.310005 -42.816174
v -55.892075 36.310005 -42.816174
v -57.902664 34.229210 -42.816170
v -57.338722 33.775349 -43.423759
v -55.282684 35.919266 -43.423763
v -55.282684 35.919266 -43.423763
v -57.338722 33.775349 -43.423759
v -57.132305 33.609207 -44.253746
v -55.059635 35.776249 -44.253750
v -55.059635 35.776249 -44.253750
v -57.132305 33.609207 -44.253746
v -57.338722 33.775333 -45.083729
v -55.282684 35.919266 -45.083733
v -55.282684 35.919266 -45.083733
v -57.338722 33.775333 -45.083729
v -57.902668 34.229202 -45.691315
v -55.892082 36.309990 -45.691319
v -55.892082 36.309990 -45.691319
v -57.902668 34.229202 -45.691315
v -58.673035 34.849197 -45.913719
v -56.724537 36.843731 -45.913712
v -56.724537 36.843731 -45.913712
v -58.673035 34.849197 -45.913719
v -59.443398 35.469204 -45.691322
v -57.556992 37.377483 -45.691322
v -57.556992 37.377483 -45.691322
v -59.443398 35.469204 -45.691322
v -60.007339 35.923088 -45.083733
v -58.166382 37.768211 -45.083733
v -58.166382 37.768211 -45.083733
v -60.007339 35.923088 -45.083733
v -60.213753 36.089230 -44.253750
v -58.389435 37.911240 -44.253750
v -58.389435 37.911240 -44.253750
v -60.213753 36.089230 -44.253750
v -60.007332 35.923088 -43.423763
v -58.166378 37.768227 -43.423763
v -58.166378 37.768227 -43.423763
v -60.007332 35.923088 -43.423763
v -59.443386 35.469219 -42.816174
v -57.556980 37.377502 -42.816174
v -57.556980 37.377502 -42.816174
v -59.443386 35.469219 -42.816174
v -58.673031 34.849216 -42.593777
v -56.724533 36.843746 -42.593777
v -58.673031 34.849216 -42.593777
v -58.673031 34.849220 -41.581985
v -57.433102 33.851311 -41.939926
v -57.902664 34.229210 -42.816170
v -57.902664 34.229210 -42.816170
v -57.433102 33.851311 -41.939926
v -56.525429 33.120777 -42.917866
v -57.338722 33.775349 -43.423759
v -57.338722 33.775349 -43.423759
v -56.525429 33.120777 -42.917866
v -56.193195 32.853401 -44.253746
v -57.132305 33.609207 -44.253746
v -57.132305 33.609207 -44.253746
v -56.193195 32.853401 -44.253746
v -56.525433 33.120766 -45.589622
v -57.338722 33.775333 -45.083729
v -57.338722 33.775333 -45.083729
v -56.525433 33.120766 -45.589622
v -57.433113 33.851292 -46.567554
v -57.902668 34.229202 -45.691315
v -57.902668 34.229202 -45.691315
v -57.433113 33.851292 -46.567554
v -58.673038 34.849182 -46.925507
v -58.673035 34.849197 -45.913719
v -58.673035 34.849197 -45.913719
v -58.673038 34.849182 -46.925507
v -59.912964 35.847103 -46.567566
v -59.443398 35.469204 -45.691322
v -59.443398 35.469204 -45.691322
v -59.912964 35.847103 -46.567566
v -60.820637 36.577637 -45.589626
v -60.007339 35.923088 -45.083733
v -60.007339 35.923088 -45.083733
v -60.820637 36.577637 -45.589626
v -61.152866 36.845036 -44.253750
v -60.213753 36.089230 -44.253750
v -60.213753 36.089230 -44.253750
v -61.152866 36.845036 -44.253750
v -60.820629 36.577644 -42.917870
v -60.007332 35.923088 -43.423763
v -60.007332 35.923088 -43.423763
v -60.820629 36.577644 -42.917870
v -59.912941 35.847126 -41.939934
v -59.443386 35.469219 -42.816174
v -59.443386 35.469219 -42.816174
v -59.912941 35.847126 -41.939934
v -58.673031 34.849220 -41.581985
v -58.673031 34.849216 -42.593777
v -58.673031 34.849220 -41.581985
v -61.969830 31.708241 -41.581982
v -60.593845 30.908291 -41.939926
v -57.433102 33.851311 -41.939926
v -57.433102 33.851311 -41.939926
v -60.593845 30.908291 -41.939926
v -59.586567 30.322674 -42.917866
v -56.525429 33.120777 -42.917866
v -56.525429 33.120777 -42.917866
v -59.586567 30.322674 -42.917866
v -59.217880 30.108341 -44.253746
v -56.193195 32.853401 -44.253746
v -56.193195 32.853401 -44.253746
v -59.217880 30.108341 -44.253746
v -59.586567 30.322659 -45.589622
v -56.525433 33.120766 -45.589622
v -56.525433 33.120766 -45.589622
v -59.586567 30.322659 -45.589622
v -60.593849 30.908257 -46.567554
v -57.433113 33.851292 -46.567554
v -57.433113 33.851292 -46.567554
v -60.593849 30.908257 -46.567554
v -61.969837 31.708187 -46.925503
v -58.673038 34.849182 -46.925507
v -58.673038 34.849182 -46.925507
v -61.969837 31.708187 -46.925503
v -63.345814 32.508141 -46.567562
v -59.912964 35.847103 -46.567566
v -59.912964 35.847103 -46.567566
v -63.345814 32.508141 -46.567562
v -64.353088 33.093742 -45.589622
v -60.820637 36.577637 -45.589626
v -60.820637 36.577637 -45.589626
v -64.353088 33.093742 -45.589622
v -64.721779 33.308113 -44.253746
v -61.152866 36.845036 -44.253750
v -61.152866 36.845036 -44.253750
v -64.721779 33.308113 -44.253746
v -64.353088 33.093765 -42.917866
v -60.820629 36.577644 -42.917870
v -60.820629 36.577644 -42.917870
v -64.353088 33.093765 -42.917866
v -63.345798 32.508179 -41.939930
v -59.912941 35.847126 -41.939934
v -59.912941 35.847126 -41.939934
v -63.345798 32.508179 -41.939930
v -61.969830 31.708241 -41.581982
v -58.673031 34.849220 -41.581985
v -53.534435 67.969986 -42.264301
v -53.534180 69.463623 -42.264423
v -55.045479 69.462585 -41.924442
v -55.045895 67.968941 -41.924442
v -52.501358 67.970741 -43.131351
v -52.501297 69.464371 -43.131439
v -53.534180 69.463623 -42.264423
v -53.534435 67.969986 -42.264301
v -52.143040 67.971016 -44.253754
v -52.143040 69.464653 -44.253754
v -52.501297 69.464371 -43.131439
v -52.501358 67.970741 -43.131351
v -52.501358 67.970741 -45.376156
v -52.501328 69.464371 -45.376057
v -52.143040 69.464653 -44.253754
v -52.143040 67.971016 -44.253754
v -53.534431 67.969986 -46.243202
v -53.534229 69.463623 -46.243034
v -52.501328 69.464371 -45.376057
v -52.501358 67.970741 -45.376156
v -55.045887 67.968941 -46.583065
v -55.045467 69.462585 -46.582970
v -53.534229 69.463623 -46.243034
v -53.534431 67.969986 -46.243202
v -56.557186 67.967918 -46.243084
v -56.556877 69.461555 -46.243156
v -55.045467 69.462585 -46.582970
v -55.045887 67.968941 -46.583065
v -57.590065 67.967155 -45.376060
v -57.589970 69.460800 -45.376144
v -56.556877 69.461555 -46.243156
v -56.557186 67.967918 -46.243084
v -57.948322 67.966881 -44.253754
v -57.948322 69.460526 -44.253754
v -57.589970 69.460800 -45.376144
v -57.590065 67.967155 -45.376060
v -57.590065 67.967155 -43.131439
v -57.590000 69.460800 -43.131348
v -57.948322 69.460526 -44.253754
v -57.948322 67.966881 -44.253754
v -56.557190 67.967918 -42.264423
v -56.556934 69.461555 -42.264305
v -57.590000 69.460800 -43.131348
v -57.590065 67.967155 -43.131439
v -55.045895 67.968941 -41.924442
v -55.045479 69.462585 -41.924442
v -56.556934 69.461555 -42.264305
v -56.557190 67.967918 -42.264423
v -54.036877 60.631454 -42.787189
v -54.036877 67.983620 -42.787193
v -55.045681 67.982605 -42.560318
v -55.045689 60.630432 -42.560314
v -53.298378 60.632195 -43.407032
v -53.298374 67.984360 -43.407036
v -54.036877 67.983620 -42.787193
v -54.036877 60.631454 -42.787189
v -53.028069 60.632465 -44.253750
v -53.028069 67.984634 -44.253754
v -53.298374 67.984360 -43.407036
v -53.298378 60.632195 -43.407032
v -53.298378 60.632187 -45.100468
v -53.298374 67.984360 -45.100471
v -53.028069 67.984634 -44.253754
v -53.028069 60.632465 -44.253750
v -54.036877 60.631454 -45.720310
v -54.036873 67.983620 -45.720314
v -53.298374 67.984360 -45.100471
v -53.298378 60.632187 -45.100468
v -55.045681 60.630432 -45.947186
v -55.045681 67.982605 -45.947189
v -54.036873 67.983620 -45.720314
v -54.036877 60.631454 -45.720310
v -56.054493 60.629421 -45.720310
v -56.054493 67.981598 -45.720314
v -55.045681 67.982605 -45.947189
v -55.045681 60.630432 -45.947186
v -56.792988 60.628677 -45.100464
v -56.792988 67.980850 -45.100468
v -56.054493 67.981598 -45.720314
v -56.054493 60.629421 -45.720310
v -57.063297 60.628410 -44.253750
v -57.063297 67.980583 -44.253754
v -56.792988 67.980850 -45.100468
v -56.792988 60.628677 -45.100464
v -56.792988 60.628677 -43.407032
v -56.792988 67.980850 -43.407036
v -57.063297 67.980583 -44.253754
v -57.063297 60.628410 -44.253750
v -56.054493 60.629421 -42.787189
v -56.054489 67.981598 -42.787193
v -56.792988 67.980850 -43.407036
v -56.792988 60.628677 -43.407032
v -55.045689 60.630432 -42.560314
v -55.045681 67.982605 -42.560318
v -56.054489 67.981598 -42.787193
v -56.054493 60.629421 -42.787189
v -55.045685 69.448936 -42.560318
v -55.045479 69.462585 -41.924442
v -53.534180 69.463623 -42.264423
v -54.036877 69.449944 -42.787193
v -54.036877 69.449944 -42.787193
v -53.534180 69.463623 -42.264423
v -52.501297 69.464371 -43.131439
v -53.298378 69.450691 -43.407036
v -53.298378 69.450691 -43.407036
v -52.501297 69.464371 -43.131439
v -52.143040 69.464653 -44.253754
v -53.028069 69.450958 -44.253754
v -53.028069 69.450958 -44.253754
v -52.143040 69.464653 -44.253754
v -52.501328 69.464371 -45.376057
v -53.298378 69.450691 -45.100471
v -53.298378 69.450691 -45.100471
v -52.501328 69.464371 -45.376057
v -53.534229 69.463623 -46.243034
v -54.036877 69.449944 -45.720314
v -54.036877 69.449944 -45.720314
v -53.534229 69.463623 -46.243034
v -55.045467 69.462585 -46.582970
v -55.045681 69.448936 -45.947189
v -55.045681 69.448936 -45.947189
v -55.045467 69.462585 -46.582970
v -56.556877 69.461555 -46.243156
v -56.054493 69.447922 -45.720314
v -56.054493 69.447922 -45.720314
v -56.556877 69.461555 -46.243156
v -57.589970 69.460800 -45.376144
v -56.792988 69.447182 -45.100468
v -56.792988 69.447182 -45.100468
v -57.589970 69.460800 -45.376144
v -57.948322 69.460526 -44.253754
v -57.063297 69.446907 -44.253754
v -57.063297 69.446907 -44.253754
v -57.948322 69.460526 -44.253754
v -57.590000 69.460800 -43.131348
v -56.792988 69.447182 -43.407036
v -56.792988 69.447182 -43.407036
v -57.590000 69.460800 -43.131348
v -56.556934 69.461555 -42.264305
v -56.054493 69.447922 -42.787193
v -56.054493 69.447922 -42.787193
v -56.556934 69.461555 -42.264305
v -55.045479 69.462585 -41.924442
v -55.045685 69.448936 -42.560318
v -54.036877 67.983620 -42.787193
v -53.534435 67.969986 -42.264301
v -55.045895 67.968941 -41.924442
v -55.045681 67.982605 -42.560318
v -55.045681 67.982605 -42.560318
v -55.045895 67.968941 -41.924442
v -56.557190 67.967918 -42.264423
v -56.054489 67.981598 -42.787193
v -56.054489 67.981598 -42.787193
v -56.557190 67.967918 -42.264423
v -57.590065 67.967155 -43.131439
v -56.792988 67.980850 -43.407036
v -56.792988 67.980850 -43.407036
v -57.590065 67.967155 -43.131439
v -57.948322 67.966881 -44.253754
v -57.063297 67.980583 -44.253754
v -57.063297 67.980583 -44.253754
v -57.948322 67.966881 -44.253754
v -57.590065 67.967155 -45.376060
v -56.792988 67.980850 -45.100468
v -56.792988 67.980850 -45.100468
v -57.590065 67.967155 -45.376060
v -56.557186 67.967918 -46.243084
v -56.054493 67.981598 -45.720314
v -56.054493 67.981598 -45.720314
v -56.557186 67.967918 -46.243084
v -55.045887 67.968941 -46.583065
v -55.045681 67.982605 -45.947189
v -55.045681 67.982605 -45.947189
v -55.045887 67.968941 -46.583065
v -53.534431 67.969986 -46.243202
v -54.036873 67.983620 -45.720314
v -54.036873 67.983620 -45.720314
v -53.534431 67.969986 -46.243202
v -52.501358 67.970741 -45.376156
v -53.298374 67.984360 -45.100471
v -53.298374 67.984360 -45.100471
v -52.501358 67.970741 -45.376156
v -52.143040 67.971016 -44.253754
v -53.028069 67.984634 -44.253754
v -53.028069 67.984634 -44.253754
v -52.143040 67.971016 -44.253754
v -52.501358 67.970741 -43.131351
v -53.298374 67.984360 -43.407036
v -53.298374 67.984360 -43.407036
v -52.501358 67.970741 -43.131351
v -53.534435 67.969986 -42.264301
v -54.036877 67.983620 -42.787193
v 11.450009 144.752136 -53.529339
v 11.450009 143.690125 -53.160133
v 27.569206 143.419342 -53.110786
v 27.597635 144.590027 -53.550621
v 11.450009 145.192017 -54.420685
v 11.450009 144.752136 -53.529339
v 27.597635 144.590027 -53.550621
v 27.312815 145.074951 -54.518448
v 11.450009 144.752136 -55.312027
v 11.450009 145.192017 -54.420685
v 27.312815 145.074951 -54.518448
v 26.881556 144.590027 -55.447323
v 11.450009 143.690125 -55.681240
v 11.450009 144.752136 -55.312027
v 26.881556 144.590027 -55.447323
v 26.556477 143.419342 -55.793137
v 11.450009 142.628128 -55.312027
v 11.450009 143.690125 -55.681240
v 26.556477 143.419342 -55.793137
v 26.528027 142.248627 -55.353310
v 11.450009 142.188232 -54.420685
v 11.450009 142.628128 -55.312027
v 26.528027 142.248627 -55.353310
v 26.812860 141.763702 -54.385483
v 11.450009 142.628128 -53.529339
v 11.450009 142.188232 -54.420685
v 26.812860 141.763702 -54.385483
v 27.244125 142.248627 -53.456600
v 11.450009 143.690125 -53.160133
v 11.450009 142.628128 -53.529339
v 27.244125 142.248627 -53.456600
v 27.569206 143.419342 -53.110786
v 32.010529 140.079010 -54.169685
v 27.597635 144.590027 -53.550621
v 27.569206 143.419342 -53.110786
v 31.834827 138.709457 -53.716976
v 32.434708 140.646301 -55.262623
v 27.312815 145.074951 -54.518448
v 27.597635 144.590027 -53.550621
v 32.010529 140.079010 -54.169685
v 32.858902 140.079010 -56.355568
v 26.881556 144.590027 -55.447323
v 27.312815 145.074951 -54.518448
v 32.434708 140.646301 -55.262623
v 33.034615 138.709457 -56.808273
v 26.556477 143.419342 -55.793137
v 26.881556 144.590027 -55.447323
v 32.858902 140.079010 -56.355568
v 32.858902 137.339920 -56.355568
v 26.528027 142.248627 -55.353310
v 26.556477 143.419342 -55.793137
v 33.034615 138.709457 -56.808273
v 32.434708 136.772629 -55.262623
v 26.812860 141.763702 -54.385483
v 26.528027 142.248627 -55.353310
v 32.858902 137.339920 -56.355568
v 32.010529 137.339920 -54.169685
v 27.244125 142.248627 -53.456600
v 26.812860 141.763702 -54.385483
v 32.434708 136.772629 -55.262623
v 31.834827 138.709457 -53.716976
v 27.569206 143.419342 -53.110786
v 27.244125 142.248627 -53.456600
v 32.010529 137.339920 -54.169685
v 35.317230 139.390884 -53.624954
v 32.010529 140.079010 -54.169685
v 31.834827 138.709457 -53.716976
v 35.030041 138.185028 -53.281967
v 36.010571 139.890381 -54.452995
v 32.434708 140.646301 -55.262623
v 32.010529 140.079010 -54.169685
v 35.317230 139.390884 -53.624954
v 36.703918 139.390884 -55.281040
v 32.858902 140.079010 -56.355568
v 32.434708 140.646301 -55.262623
v 36.010571 139.890381 -54.452995
v 36.991112 138.185028 -55.624035
v 33.034615 138.709457 -56.808273
v 32.858902 140.079010 -56.355568
v 36.703918 139.390884 -55.281040
v 36.703911 136.979187 -55.281040
v 32.858902 137.339920 -56.355568
v 33.034615 138.709457 -56.808273
v 36.991112 138.185028 -55.624035
v 36.010571 136.479706 -54.452995
v 32.434708 136.772629 -55.262623
v 32.858902 137.339920 -56.355568
v 36.703911 136.979187 -55.281040
v 35.317230 136.979187 -53.624954
v 32.010529 137.339920 -54.169685
v 32.434708 136.772629 -55.262623
v 36.010571 136.479706 -54.452995
v 35.030041 138.185028 -53.281967
v 31.834827 138.709457 -53.716976
v 32.010529 137.339920 -54.169685
v 35.317230 136.979187 -53.624954
v 36.299702 139.996399 -50.632488
v 36.793449 141.188416 -50.634594
v 36.370281 140.673141 -51.381657
v 35.911392 139.442429 -51.366528
v 36.793449 141.188416 -50.634594
v 37.985447 141.682159 -50.639656
v 37.491730 141.234222 -51.418171
v 36.370281 140.673141 -51.381657
v 37.985447 141.682159 -50.639656
v 39.177441 141.188416 -50.644722
v 38.626411 140.787979 -51.454689
v 37.491730 141.234222 -51.418171
v 39.671177 139.996399 -50.646820
v 39.099144 139.609772 -51.469814
v 38.626411 140.787979 -51.454689
v 39.177441 141.188416 -50.644722
v 39.177441 138.804382 -50.644722
v 38.626411 138.397781 -51.454689
v 39.099144 139.609772 -51.469814
v 39.671177 139.996399 -50.646820
v 37.985447 138.310638 -50.639656
v 37.491722 137.852905 -51.418171
v 38.626411 138.397781 -51.454689
v 39.177441 138.804382 -50.644722
v 36.793449 138.804382 -50.634594
v 36.370281 138.281189 -51.381657
v 37.491722 137.852905 -51.418171
v 37.985447 138.310638 -50.639656
v 36.793449 138.804382 -50.634594
v 36.299702 139.996399 -50.632488
v 35.911392 139.442429 -51.366528
v 36.370281 138.281189 -51.381657
v 35.517109 138.879913 -52.737297
v 35.942562 140.152344 -52.759377
v 35.317230 139.390884 -53.624954
v 35.030041 138.185028 -53.281967
v 35.317230 139.390884 -53.624954
v 35.942562 140.152344 -52.759377
v 36.998013 140.786255 -52.812691
v 36.010571 139.890381 -54.452995
v 36.010571 139.890381 -54.452995
v 36.998013 140.786255 -52.812691
v 38.081051 140.391663 -52.866001
v 36.703918 139.390884 -55.281040
v 36.703918 139.390884 -55.281040
v 38.081051 140.391663 -52.866001
v 38.535351 139.228729 -52.888088
v 36.991112 138.185028 -55.624035
v 36.991112 138.185028 -55.624035
v 38.535351 139.228729 -52.888088
v 38.081036 137.995377 -52.866001
v 36.703911 136.979187 -55.281040
v 38.081036 137.995377 -52.866001
v 36.998013 137.395172 -52.812691
v 36.010571 136.479706 -54.452995
v 36.703911 136.979187 -55.281040
v 36.998013 137.395172 -52.812691
v 35.942562 137.752365 -52.759377
v 35.317230 136.979187 -53.624954
v 36.010571 136.479706 -54.452995
v 35.942562 137.752365 -52.759377
v 35.517109 138.879913 -52.737297
v 35.030041 138.185028 -53.281967
v 35.317230 136.979187 -53.624954
v 35.501442 139.362000 -51.586601
v 36.012688 140.870270 -51.699909
v 35.668537 140.469727 -52.464237
v 35.153873 138.910278 -52.367260
v 36.012688 140.870270 -51.699909
v 37.414570 141.575302 -51.804134
v 37.025692 141.204346 -52.601654
v 35.668537 140.469727 -52.464237
v 37.025692 141.204346 -52.601654
v 37.414570 141.575302 -51.804134
v 38.831554 141.019440 -51.868458
v 38.353992 140.651077 -52.710079
v 38.353992 140.651077 -52.710079
v 38.831554 141.019440 -51.868458
v 39.430622 139.586639 -51.868031
v 38.928391 139.279297 -52.705029
v 38.928391 139.279297 -52.705029
v 39.430622 139.586639 -51.868031
v 38.872261 138.080353 -51.780807
v 38.447861 137.794357 -52.588722
v 38.447861 137.794357 -52.588722
v 38.872261 138.080353 -51.780807
v 37.450199 137.441635 -51.623394
v 37.092052 137.051453 -52.432652
v 37.450199 137.441635 -51.623394
v 36.115803 138.009811 -51.532486
v 35.733482 137.515869 -52.345337
v 37.092052 137.051453 -52.432652
v 36.115803 138.009811 -51.532486
v 35.501442 139.362000 -51.586601
v 35.153873 138.910278 -52.367260
v 35.733482 137.515869 -52.345337
v 35.517109 138.879913 -52.737297
v 35.153873 138.910278 -52.367260
v 35.668537 140.469727 -52.464237
v 35.942562 140.152344 -52.759377
v 35.942562 140.152344 -52.759377
v 35.668537 140.469727 -52.464237
v 37.025692 141.204346 -52.601654
v 36.998013 140.786255 -52.812691
v 36.998013 140.786255 -52.812691
v 37.025692 141.204346 -52.601654
v 38.353992 140.651077 -52.710079
v 38.081051 140.391663 -52.866001
v 38.081051 140.391663 -52.866001
v 38.353992 140.651077 -52.710079
v 38.928391 139.279297 -52.705029
v 38.535351 139.228729 -52.888088
v 38.535351 139.228729 -52.888088
v 38.928391 139.279297 -52.705029
v 38.447861 137.794357 -52.588722
v 38.081036 137.995377 -52.866001
v 38.081036 137.995377 -52.866001
v 38.447861 137.794357 -52.588722
v 37.092052 137.051453 -52.432652
v 36.998013 137.395172 -52.812691
v 36.998013 137.395172 -52.812691
v 37.092052 137.051453 -52.432652
v 35.733482 137.515869 -52.345337
v 35.942562 137.752365 -52.759377
v 35.942562 137.752365 -52.759377
v 35.733482 137.515869 -52.345337
v 35.153873 138.910278 -52.367260
v 35.517109 138.879913 -52.737297
v 36.370281 140.673141 -51.381657
v 36.012688 140.870270 -51.699909
v 35.501442 139.362000 -51.586601
v 35.911392 139.442429 -51.366528
v 35.911392 139.442429 -51.366528
v 35.501442 139.362000 -51.586601
v 36.115803 138.009811 -51.532486
v 36.370281 138.281189 -51.381657
v 36.370281 138.281189 -51.381657
v 36.115803 138.009811 -51.532486
v 37.450199 137.441635 -51.623394
v 37.491722 137.852905 -51.418171
v 37.491722 137.852905 -51.418171
v 37.450199 137.441635 -51.623394
v 38.872261 138.080353 -51.780807
v 38.626411 138.397781 -51.454689
v 38.626411 138.397781 -51.454689
v 38.872261 138.080353 -51.780807
v 39.430622 139.586639 -51.868031
v 39.099144 139.609772 -51.469814
v 39.099144 139.609772 -51.469814
v 39.430622 139.586639 -51.868031
v 38.831554 141.019440 -51.868458
v 38.626411 140.787979 -51.454689
v 38.626411 140.787979 -51.454689
v 38.831554 141.019440 -51.868458
v 37.414570 141.575302 -51.804134
v 37.491730 141.234222 -51.418171
v 37.491730 141.234222 -51.418171
v 37.414570 141.575302 -51.804134
v 36.012688 140.870270 -51.699909
v 36.370281 140.673141 -51.381657
v 36.299702 139.996399 -50.632488
v 35.271641 139.996399 -50.632488
v 36.066490 141.915375 -50.634594
v 36.793449 141.188416 -50.634594
v 36.793449 141.188416 -50.634594
v 36.066490 141.915375 -50.634594
v 37.985447 142.710220 -50.639656
v 37.985447 141.682159 -50.639656
v 37.985447 141.682159 -50.639656
v 37.985447 142.710220 -50.639656
v 39.904385 141.915344 -50.644722
v 39.177441 141.188416 -50.644722
v 39.177441 141.188416 -50.644722
v 39.904385 141.915344 -50.644722
v 40.699234 139.996399 -50.646820
v 39.671177 139.996399 -50.646820
v 39.671177 139.996399 -50.646820
v 40.699234 139.996399 -50.646820
v 39.904385 138.077438 -50.644722
v 39.177441 138.804382 -50.644722
v 39.177441 138.804382 -50.644722
v 39.904385 138.077438 -50.644722
v 37.985447 137.282562 -50.639656
v 37.985447 138.310638 -50.639656
v 37.985447 138.310638 -50.639656
v 37.985447 137.282562 -50.639656
v 36.066490 138.077438 -50.634594
v 36.793449 138.804382 -50.634594
v 36.793449 138.804382 -50.634594
v 36.066490 138.077438 -50.634594
v 35.271641 139.996399 -50.632488
v 36.299702 139.996399 -50.632488
v 35.271641 139.996399 -50.632488
v 35.271641 139.996399 -49.652859
v 36.066490 141.915375 -49.654957
v 36.066490 141.915375 -50.634594
v 36.066490 141.915375 -50.634594
v 36.066490 141.915375 -49.654957
v 37.985447 142.710220 -49.660019
v 37.985447 142.710220 -50.639656
v 37.985447 142.710220 -50.639656
v 37.985447 142.710220 -49.660019
v 39.904385 141.915344 -49.665089
v 39.904385 141.915344 -50.644722
v 39.904385 141.915344 -50.644722
v 39.904385 141.915344 -49.665089
v 40.699234 139.996399 -49.667187
v 40.699234 139.996399 -50.646820
v 40.699234 139.996399 -50.646820
v 40.699234 139.996399 -49.667187
v 39.904385 138.077438 -49.665089
v 39.904385 138.077438 -50.644722
v 39.904385 138.077438 -50.644722
v 39.904385 138.077438 -49.665089
v 37.985447 137.282562 -49.660019
v 37.985447 137.282562 -50.639656
v 37.985447 137.282562 -50.639656
v 37.985447 137.282562 -49.660019
v 36.066490 138.077438 -49.654957
v 36.066490 138.077438 -50.634594
v 36.066490 138.077438 -50.634594
v 36.066490 138.077438 -49.654957
v 35.271641 139.996399 -49.652859
v 35.271641 139.996399 -50.632488
vn -0.0038 0.3406 -0.9402
vn -0.0038 0.3407 -0.9402
vn -0.0095 0.8959 -0.4442
vn -0.0046 0.8911 0.4538
vn 0.0034 0.3054 0.9522
vn 0.0121 -0.3405 0.9402
vn 0.0238 -0.8965 0.4424
vn 0.0238 -0.8966 0.4422
vn 0.0245 -0.8889 -0.4575
vn 0.0245 -0.8889 -0.4574
vn 0.0098 -0.3037 -0.9527
vn -0.4121 0.2724 -0.8695
vn -0.4122 0.2724 -0.8694
vn -0.6618 0.6486 -0.3760
vn -0.6619 0.6486 -0.3758
vn -0.6618 0.6486 -0.3759
vn -0.5419 0.7448 0.3895
vn -0.5418 0.7448 0.3895
vn -0.0715 0.2953 0.9527
vn 0.3540 -0.2846 0.8909
vn 0.6232 -0.6786 0.3887
vn 0.6232 -0.6787 0.3886
vn 0.6117 -0.7009 -0.3668
vn 0.6117 -0.7008 -0.3669
vn 0.6118 -0.7009 -0.3668
vn 0.1675 -0.2867 -0.9433
vn 0.0853 0.3081 -0.9475
vn -0.0769 0.8520 -0.5178
vn -0.0769 0.8520 -0.5179
vn -0.2632 0.9003 0.3468
vn -0.2632 0.9002 0.3468
vn -0.3095 0.3311 0.8914
vn -0.3095 0.3310 0.8914
vn -0.2289 -0.3247 0.9177
vn -0.0407 -0.8834 0.4669
vn 0.1651 -0.8997 -0.4041
vn 0.1649 -0.8999 -0.4037
vn 0.1648 -0.9000 -0.4035
vn 0.1836 -0.3201 -0.9294
vn 0.1836 -0.3202 -0.9294
vn 0.9035 0.3569 -0.2373
vn 0.3996 0.8643 0.3055
vn 0.3995 0.8643 0.3055
vn -0.2925 0.7502 0.5930
vn -0.7145 0.2959 0.6340
vn -0.7145 0.2960 0.6340
vn -0.8436 -0.3421 0.4140
vn -0.8436 -0.3421 0.4139
vn -0.4009 -0.8892 -0.2202
vn -0.4009 -0.8893 -0.2202
vn 0.2771 -0.7238 -0.6319
vn 0.7282 -0.2992 -0.6166
vn 0.7282 -0.2993 -0.6166
vn 0.8753 0.3069 -0.3737
vn 0.8754 0.3068 -0.3737
vn 0.8753 0.3068 -0.3737
vn 0.5890 0.7948 0.1466
vn 0.5890 0.7948 0.1465
vn -0.1783 0.8473 0.5003
vn -0.1783 0.8474 0.5002
vn -0.7615 0.3248 0.5608
vn -0.7616 0.3248 0.5608
vn -0.8732 -0.3204 0.3671
vn -0.8733 -0.3204 0.3671
vn -0.5513 -0.8310 -0.0744
vn -0.5513 -0.8310 -0.0743
vn 0.0905 -0.7979 -0.5960
vn 0.0905 -0.7979 -0.5959
vn 0.5764 -0.2952 -0.7620
vn 0.9174 0.3227 -0.2327
vn 0.9174 0.3228 -0.2327
vn 0.4668 0.8601 0.2057
vn 0.4668 0.8601 0.2058
vn -0.2924 0.8042 0.5174
vn -0.2924 0.8043 0.5173
vn -0.2924 0.8044 0.5172
vn -0.2923 0.8044 0.5172
vn -0.7584 0.3161 0.5701
vn -0.7584 0.3162 0.5700
vn -0.7584 0.3163 0.5698
vn -0.7584 0.3163 0.5699
vn -0.8689 -0.3271 0.3715
vn -0.4538 -0.8788 -0.1479
vn 0.2664 -0.7900 -0.5522
vn 0.7741 -0.3214 -0.5453
vn 0.7741 -0.3214 -0.5454
vn 0.6583 0.1879 0.7289
vn 0.3259 0.4595 0.8262
vn 0.3260 0.4595 0.8262
vn -0.1110 0.4348 0.8937
vn -0.3863 0.1629 0.9079
vn -0.4765 -0.2074 0.8544
vn -0.2851 -0.6301 0.7222
vn -0.2851 -0.6302 0.7222
vn 0.2904 -0.7521 0.5916
vn 0.7341 -0.2925 0.6128
vn 0.5357 0.2279 -0.8131
vn 0.5356 0.2278 -0.8131
vn 0.4138 -0.1628 -0.8957
vn 0.1223 -0.4168 -0.9007
vn 0.1224 -0.4167 -0.9008
vn 0.1224 -0.4168 -0.9007
vn 0.1224 -0.4167 -0.9007
vn -0.2962 -0.5071 -0.8094
vn -0.7010 -0.2402 -0.6715
vn -0.7007 -0.2405 -0.6717
vn -0.7008 -0.2405 -0.6716
vn -0.7559 0.3070 -0.5783
vn -0.3164 0.7467 -0.5852
vn -0.3163 0.7466 -0.5852
vn 0.2943 0.6630 -0.6884
vn 0.2943 0.6630 -0.6883
vn 0.0003 -0.0011 1.0000
vn 0.0007 -0.0012 1.0000
vn 0.0005 -0.0012 1.0000
vn 0.0027 -0.0012 1.0000
vn 0.0028 -0.0012 1.0000
vn 0.0028 -0.0011 1.0000
vn 0.0028 0.0012 1.0000
vn 0.0028 0.0011 1.0000
vn 0.0005 0.0012 1.0000
vn 0.0004 -0.0011 1.0000
vn 0.0008 0.0008 1.0000
vn 0.0006 0.0010 1.0000
vn 0.0004 0.0013 1.0000
vn 0.9239 0.3827 -0.0000
vn 0.3827 0.9239 -0.0000
vn -0.3827 0.9239 -0.0000
vn -0.9239 0.3827 -0.0000
vn -0.9239 -0.3827 -0.0000
vn -0.3827 -0.9239 -0.0000
vn 0.3827 -0.9239 -0.0000
vn 0.9239 -0.3827 -0.0000
vn -0.0095 0.8959 -0.4441
vn -0.4122 0.2724 -0.8695
vn -0.6619 0.6486 -0.3759
vn 0.6118 -0.7008 -0.3668
vn 0.1649 -0.8999 -0.4038
vn 0.9035 0.3570 -0.2373
vn 0.3996 0.8643 0.3056
vn -0.2924 0.7502 0.5931
vn -0.2924 0.7502 0.5930
vn 0.7281 -0.2992 -0.6167
vn 0.5889 0.7948 0.1466
vn -0.1782 0.8474 0.5002
vn -0.1783 0.8473 0.5002
vn 0.5764 -0.2953 -0.7620
vn -0.7585 0.3164 0.5698
vn -0.7584 0.3162 0.5699
vn -0.8689 -0.3270 0.3715
vn 0.7741 -0.3215 -0.5453
vn 0.3259 0.4594 0.8262
vn 0.3259 0.4594 0.8263
vn -0.4766 -0.2074 0.8543
vn -0.0000 -0.0011 1.0000
vn 0.0005 0.0011 1.0000
vn 0.0003 0.0013 1.0000
vn 0.0004 0.0012 1.0000
vn 0.0038 0.3406 -0.9402
vn 0.0038 0.3407 -0.9402
vn 0.0095 0.8959 -0.4442
vn 0.0095 0.8959 -0.4441
vn 0.0046 0.8911 0.4538
vn -0.0034 0.3054 0.9522
vn -0.0121 -0.3405 0.9402
vn -0.0238 -0.8966 0.4422
vn -0.0238 -0.8965 0.4424
vn -0.0245 -0.8889 -0.4575
vn -0.0245 -0.8889 -0.4574
vn -0.0098 -0.3037 -0.9527
vn 0.4121 0.2724 -0.8695
vn 0.4122 0.2724 -0.8694
vn 0.6618 0.6486 -0.3760
vn 0.6618 0.6486 -0.3759
vn 0.5419 0.7448 0.3895
vn 0.5418 0.7448 0.3895
vn 0.0715 0.2953 0.9527
vn -0.3540 -0.2846 0.8909
vn -0.6232 -0.6787 0.3887
vn -0.6232 -0.6786 0.3887
vn -0.6232 -0.6787 0.3886
vn -0.6117 -0.7009 -0.3668
vn -0.6117 -0.7008 -0.3669
vn -0.1675 -0.2867 -0.9433
vn -0.0853 0.3081 -0.9475
vn 0.0769 0.8520 -0.5178
vn 0.0769 0.8520 -0.5179
vn 0.2632 0.9002 0.3468
vn 0.2632 0.9003 0.3468
vn 0.3095 0.3310 0.8914
vn 0.3095 0.3311 0.8914
vn 0.2289 -0.3247 0.9177
vn 0.0407 -0.8834 0.4669
vn -0.1649 -0.8999 -0.4037
vn -0.1649 -0.8998 -0.4038
vn -0.1650 -0.8998 -0.4039
vn -0.1648 -0.9000 -0.4036
vn -0.1836 -0.3201 -0.9294
vn -0.1836 -0.3202 -0.9294
vn -0.9035 0.3569 -0.2373
vn -0.9035 0.3570 -0.2373
vn -0.3996 0.8643 0.3055
vn 0.2924 0.7502 0.5931
vn 0.2925 0.7502 0.5930
vn 0.7145 0.2959 0.6340
vn 0.7145 0.2960 0.6340
vn 0.8436 -0.3421 0.4140
vn 0.8435 -0.3422 0.4141
vn 0.4009 -0.8892 -0.2202
vn 0.4009 -0.8893 -0.2202
vn -0.2771 -0.7238 -0.6319
vn -0.7282 -0.2993 -0.6166
vn -0.7282 -0.2996 -0.6164
vn -0.8753 0.3069 -0.3737
vn -0.8753 0.3068 -0.3737
vn -0.8754 0.3068 -0.3737
vn -0.5890 0.7948 0.1466
vn 0.1783 0.8473 0.5002
vn 0.1783 0.8474 0.5002
vn 0.1783 0.8473 0.5003
vn 0.7615 0.3248 0.5608
vn 0.8733 -0.3204 0.3671
vn 0.8732 -0.3204 0.3671
vn 0.5513 -0.8310 -0.0744
vn 0.5513 -0.8310 -0.0743
vn -0.0905 -0.7979 -0.5960
vn -0.0906 -0.7980 -0.5959
vn -0.0905 -0.7979 -0.5959
vn -0.0906 -0.7979 -0.5960
vn -0.5764 -0.2952 -0.7620
vn -0.9175 0.3227 -0.2327
vn -0.9174 0.3228 -0.2327
vn -0.9174 0.3227 -0.2327
vn -0.4668 0.8601 0.2057
vn -0.4668 0.8601 0.2058
vn 0.2924 0.8044 0.5172
vn 0.2924 0.8042 0.5174
vn 0.2923 0.8044 0.5172
vn 0.7584 0.3163 0.5698
vn 0.7584 0.3162 0.5700
vn 0.7584 0.3161 0.5701
vn 0.7584 0.3162 0.5699
vn 0.8689 -0.3271 0.3715
vn 0.4538 -0.8788 -0.1479
vn -0.2664 -0.7900 -0.5522
vn -0.7741 -0.3214 -0.5453
vn -0.7741 -0.3214 -0.5454
vn -0.6583 0.1879 0.7289
vn -0.3259 0.4595 0.8262
vn -0.3259 0.4594 0.8262
vn -0.3260 0.4595 0.8262
vn 0.1110 0.4348 0.8937
vn 0.3863 0.1629 0.9079
vn 0.4765 -0.2074 0.8544
vn 0.2851 -0.6302 0.7222
vn -0.2904 -0.7521 0.5916
vn -0.7341 -0.2925 0.6128
vn -0.5357 0.2279 -0.8131
vn -0.5356 0.2278 -0.8131
vn -0.4138 -0.1628 -0.8957
vn -0.1224 -0.4167 -0.9008
vn -0.1223 -0.4167 -0.9008
vn 0.2962 -0.5071 -0.8094
vn 0.7007 -0.2405 -0.6717
vn 0.7008 -0.2405 -0.6716
vn 0.7559 0.3070 -0.5783
vn 0.3164 0.7467 -0.5852
vn 0.3163 0.7466 -0.5852
vn -0.2943 0.6630 -0.6884
vn -0.0003 -0.0011 1.0000
vn -0.0005 -0.0012 1.0000
vn -0.0007 -0.0012 1.0000
vn -0.0028 -0.0011 1.0000
vn -0.0027 -0.0012 1.0000
vn -0.0028 0.0012 1.0000
vn -0.0028 0.0011 1.0000
vn -0.0005 0.0012 1.0000
vn -0.0004 0.0012 1.0000
vn -0.0004 -0.0011 1.0000
vn -0.0004 0.0013 1.0000
vn -0.0008 0.0008 1.0000
vn -0.0006 0.0010 1.0000
vn 0.9659 0.2588 -0.0000
vn 0.7071 0.7071 -0.0000
vn 0.2588 0.9659 -0.0000
vn -0.2588 0.9659 -0.0000
vn -0.7071 0.7071 -0.0000
vn -0.9659 0.2588 -0.0000
vn -0.9659 -0.2588 -0.0000
vn -0.7071 -0.7071 -0.0000
vn -0.2588 -0.9659 -0.0000
vn 0.2588 -0.9659 -0.0000
vn 0.7071 -0.7071 -0.0000
vn 0.9659 -0.2588 -0.0000
vn 0.9638 0.2566 0.0721
vn 0.9638 0.2565 0.0721
vn 0.9639 0.2564 0.0722
vn 0.6961 0.6921 0.1908
vn 0.2514 0.9337 0.2550
vn 0.2515 0.9336 0.2551
vn 0.2515 0.9337 0.2551
vn -0.2513 0.9337 0.2551
vn -0.2515 0.9336 0.2551
vn -0.2516 0.9336 0.2550
vn -0.6961 0.6921 0.1908
vn -0.9639 0.2565 0.0721
vn -0.9638 0.2566 0.0721
vn -0.9638 0.2566 0.0722
vn -0.9638 0.2565 0.0721
vn -0.9638 -0.2562 -0.0743
vn -0.9638 -0.2561 -0.0742
vn -0.6951 -0.6883 -0.2077
vn -0.6951 -0.6883 -0.2076
vn -0.6951 -0.6882 -0.2076
vn -0.2504 -0.9244 -0.2877
vn -0.2505 -0.9244 -0.2876
vn -0.2509 -0.9244 -0.2872
vn -0.2506 -0.9244 -0.2875
vn 0.2504 -0.9245 -0.2875
vn 0.2505 -0.9244 -0.2876
vn 0.6951 -0.6883 -0.2076
vn 0.6952 -0.6882 -0.2076
vn 0.9638 -0.2562 -0.0743
vn 0.9638 -0.2560 -0.0744
vn 0.9537 0.1827 0.2388
vn 0.6491 0.4709 0.5975
vn 0.2232 0.6085 0.7615
vn 0.2233 0.6085 0.7615
vn -0.2232 0.6085 0.7615
vn -0.2233 0.6085 0.7615
vn -0.6491 0.4709 0.5975
vn -0.9537 0.1827 0.2388
vn -0.9531 -0.1783 -0.2446
vn -0.9531 -0.1783 -0.2445
vn -0.6412 -0.4333 -0.6334
vn -0.6412 -0.4332 -0.6334
vn -0.2166 -0.5313 -0.8190
vn -0.2167 -0.5313 -0.8190
vn 0.2167 -0.5313 -0.8190
vn 0.2166 -0.5313 -0.8190
vn 0.6412 -0.4333 -0.6334
vn 0.6412 -0.4332 -0.6333
vn 0.9531 -0.1783 -0.2445
vn 0.9531 -0.1782 -0.2445
vn -0.0000 -0.0000 1.0000
vn 0.9496 0.0470 0.3099
vn 0.6308 0.1230 0.7662
vn 0.2129 0.1589 0.9641
vn 0.2129 0.1588 0.9641
vn -0.2129 0.1588 0.9641
vn -0.2130 0.1589 0.9641
vn -0.6308 0.1230 0.7662
vn -0.9496 0.0470 0.3099
vn -0.9494 -0.0428 -0.3112
vn -0.6282 -0.0929 -0.7725
vn -0.2109 -0.1038 -0.9720
vn 0.2109 -0.1038 -0.9720
vn 0.6282 -0.0929 -0.7725
vn 0.9494 -0.0428 -0.3112
vn 0.9526 -0.0000 0.3041
vn 0.6429 -0.0000 0.7660
vn 0.2194 -0.0000 0.9756
vn -0.2194 -0.0000 0.9756
vn -0.6429 -0.0000 0.7660
vn -0.9526 -0.0000 0.3041
vn -0.9526 -0.0000 -0.3041
vn -0.6429 -0.0000 -0.7660
vn -0.2194 -0.0000 -0.9756
vn 0.2194 -0.0000 -0.9756
vn 0.6429 -0.0000 -0.7660
vn 0.9526 -0.0000 -0.3041
vn -0.0000 1.0000 -0.0012
vn -0.0000 -1.0000 0.0012
vn 0.9522 0.0014 0.3056
vn 0.9522 0.0014 0.3055
vn 0.6412 -0.0043 0.7674
vn 0.6412 -0.0042 0.7674
vn 0.6411 -0.0042 0.7674
vn 0.2185 -0.0071 0.9758
vn 0.2186 -0.0071 0.9758
vn -0.2185 -0.0071 0.9758
vn -0.2184 -0.0071 0.9758
vn -0.6412 -0.0042 0.7674
vn -0.9522 0.0014 0.3055
vn -0.9522 0.0014 0.3056
vn -0.9521 0.0014 0.3056
vn -0.9524 0.0079 -0.3047
vn -0.9524 0.0079 -0.3048
vn -0.9523 0.0080 -0.3049
vn -0.9523 0.0080 -0.3050
vn -0.6414 0.0122 -0.7671
vn -0.2186 0.0139 -0.9757
vn -0.2187 0.0139 -0.9757
vn 0.2188 0.0139 -0.9757
vn 0.2187 0.0139 -0.9757
vn 0.2186 0.0139 -0.9757
vn 0.2185 0.0139 -0.9757
vn 0.6415 0.0122 -0.7671
vn 0.6415 0.0122 -0.7670
vn 0.6414 0.0122 -0.7671
vn 0.9524 0.0080 -0.3047
vn 0.9524 0.0080 -0.3048
vn 0.9523 0.0080 -0.3050
vn 0.9524 0.0080 -0.3049
vn 0.9526 -0.1325 0.2738
vn 0.6431 -0.2898 0.7089
vn 0.6430 -0.2898 0.7089
vn 0.2194 -0.3586 0.9073
vn 0.2195 -0.3586 0.9073
vn -0.2194 -0.3586 0.9073
vn -0.2195 -0.3586 0.9073
vn -0.6431 -0.2897 0.7089
vn -0.6430 -0.2898 0.7089
vn -0.6431 -0.2898 0.7089
vn -0.9526 -0.1325 0.2738
vn -0.9519 0.0844 -0.2944
vn -0.9519 0.0844 -0.2945
vn -0.6424 0.2589 -0.7213
vn -0.6423 0.2589 -0.7214
vn -0.6423 0.2589 -0.7213
vn -0.2193 0.3435 -0.9132
vn 0.2193 0.3435 -0.9132
vn 0.6423 0.2589 -0.7214
vn 0.6423 0.2589 -0.7213
vn 0.6424 0.2589 -0.7213
vn 0.9520 0.0844 -0.2943
vn 0.9519 0.0844 -0.2945
vn 0.9581 -0.1811 0.2221
vn 0.9580 -0.1811 0.2221
vn 0.6672 -0.4681 0.5794
vn 0.6672 -0.4681 0.5795
vn 0.2334 -0.6092 0.7579
vn 0.2333 -0.6092 0.7579
vn -0.2333 -0.6092 0.7579
vn -0.2334 -0.6092 0.7579
vn -0.6672 -0.4681 0.5794
vn -0.9581 -0.1811 0.2221
vn -0.9580 -0.1811 0.2221
vn -0.9581 0.1824 -0.2211
vn -0.9581 0.1823 -0.2211
vn -0.9581 0.1823 -0.2210
vn -0.9581 0.1822 -0.2210
vn -0.6673 0.4769 -0.5721
vn -0.6673 0.4768 -0.5721
vn -0.2334 0.6250 -0.7450
vn -0.2335 0.6249 -0.7450
vn -0.2336 0.6249 -0.7450
vn 0.2334 0.6249 -0.7450
vn 0.2335 0.6249 -0.7450
vn 0.6673 0.4768 -0.5721
vn 0.6674 0.4768 -0.5721
vn 0.9581 0.1823 -0.2210
vn 0.9581 0.1823 -0.2211
vn -0.0000 0.7218 0.6921
vn 0.9576 -0.1916 0.2151
vn 0.6650 -0.5026 0.5525
vn 0.6649 -0.5026 0.5525
vn 0.6649 -0.5026 0.5526
vn 0.2319 -0.6592 0.7153
vn -0.2319 -0.6592 0.7153
vn -0.6649 -0.5026 0.5525
vn -0.9576 -0.1916 0.2151
vn -0.9576 -0.1917 0.2151
vn -0.9576 0.1892 -0.2171
vn -0.6653 0.4857 -0.5669
vn -0.6654 0.4857 -0.5669
vn -0.2323 0.6295 -0.7415
vn 0.2323 0.6295 -0.7415
vn 0.6653 0.4857 -0.5669
vn 0.9576 0.1892 -0.2171
vn 0.9526 -0.0001 0.3041
vn 0.9526 0.0001 0.3042
vn 0.6428 -0.0000 0.7660
vn -0.9526 0.0001 0.3041
vn -0.9526 -0.0000 0.3042
vn -0.9526 0.0001 -0.3042
vn -0.9527 -0.0000 -0.3041
vn -0.6428 0.0001 -0.7660
vn -0.6429 -0.0000 -0.7659
vn 0.6428 -0.0000 -0.7660
vn 0.9526 -0.0000 -0.3042
vn 0.9526 0.0001 -0.3041
vn -0.0177 0.9998 -0.0066
vn -0.0179 0.9998 -0.0066
vn -0.0180 0.9998 -0.0066
vn -0.0115 0.9998 -0.0148
vn -0.0115 0.9998 -0.0149
vn -0.0118 0.9998 -0.0149
vn -0.0039 0.9998 -0.0184
vn -0.0040 0.9998 -0.0185
vn 0.0039 0.9998 -0.0185
vn 0.0039 0.9998 -0.0184
vn 0.0117 0.9998 -0.0151
vn 0.0116 0.9998 -0.0147
vn 0.0180 0.9998 -0.0069
vn 0.0176 0.9998 -0.0064
vn 0.0178 0.9998 -0.0067
vn 0.0187 0.9998 0.0048
vn 0.0180 0.9998 0.0049
vn 0.0128 0.9998 0.0141
vn 0.0124 0.9998 0.0140
vn 0.0044 0.9998 0.0183
vn 0.0043 0.9998 0.0183
vn -0.0044 0.9998 0.0182
vn -0.0043 0.9998 0.0183
vn -0.0126 0.9998 0.0141
vn -0.0127 0.9998 0.0143
vn -0.0126 0.9998 0.0139
vn -0.0126 0.9998 0.0138
vn -0.0183 0.9998 0.0048
vn -0.0180 0.9998 0.0045
vn -0.0185 0.9998 0.0051
vn -0.0180 -0.9998 -0.0046
vn -0.0182 -0.9998 -0.0048
vn -0.0180 -0.9998 0.0066
vn -0.0179 -0.9998 0.0066
vn -0.0115 -0.9998 0.0148
vn -0.0118 -0.9998 0.0149
vn -0.0039 -0.9998 0.0185
vn -0.0040 -0.9998 0.0185
vn 0.0039 -0.9998 0.0186
vn 0.0039 -0.9998 0.0185
vn 0.0117 -0.9998 0.0151
vn 0.0116 -0.9998 0.0148
vn 0.0178 -0.9998 0.0067
vn 0.0187 -0.9998 -0.0048
vn 0.0180 -0.9998 -0.0049
vn 0.0128 -0.9998 -0.0141
vn 0.0125 -0.9998 -0.0140
vn 0.0124 -0.9998 -0.0140
vn 0.0044 -0.9998 -0.0183
vn 0.0043 -0.9998 -0.0183
vn -0.0044 -0.9998 -0.0182
vn -0.0043 -0.9998 -0.0183
vn -0.0126 -0.9998 -0.0138
vn -0.0126 -0.9998 -0.0142
vn -0.0125 -0.9998 -0.0136
vn -0.9659 0.2589 -0.0000
vn -0.9659 -0.2589 -0.0000
vn 0.9638 0.2565 0.0722
vn 0.2516 0.9336 0.2551
vn -0.2514 0.9337 0.2551
vn -0.6961 0.6921 0.1909
vn -0.6962 0.6921 0.1908
vn -0.6952 -0.6882 -0.2076
vn 0.2502 -0.9246 -0.2873
vn 0.2506 -0.9244 -0.2876
vn 0.6951 -0.6882 -0.2076
vn -0.6491 0.4709 0.5974
vn -0.9537 0.1828 0.2389
vn -0.9537 0.1828 0.2388
vn -0.6412 -0.4332 -0.6333
vn 0.6412 -0.4332 -0.6334
vn 0.9531 -0.1783 -0.2446
vn 0.2130 0.1588 0.9641
vn -0.6308 0.1230 0.7661
vn -0.9496 0.0470 0.3100
vn -0.9494 -0.0428 -0.3113
vn 0.9494 -0.0428 -0.3111
vn -0.9526 -0.0000 -0.3042
vn 0.9526 -0.0000 0.3042
vn 0.9521 0.0014 0.3056
vn 0.2184 -0.0070 0.9758
vn -0.2185 -0.0070 0.9758
vn -0.6411 -0.0042 0.7674
vn -0.6411 -0.0043 0.7674
vn -0.9521 0.0014 0.3057
vn -0.9524 0.0080 -0.3049
vn -0.6415 0.0122 -0.7671
vn -0.2185 0.0139 -0.9757
vn 0.9523 0.0079 -0.3051
vn 0.6431 -0.2897 0.7089
vn 0.6430 -0.2897 0.7089
vn -0.9520 0.0844 -0.2944
vn 0.9519 0.0844 -0.2944
vn 0.9519 0.0844 -0.2946
vn 0.9580 -0.1811 0.2222
vn 0.2320 -0.6592 0.7153
vn -0.2320 -0.6592 0.7153
vn -0.6653 0.4858 -0.5669
vn 0.6429 -0.0001 0.7660
vn -0.6429 0.0001 0.7660
vn -0.6428 -0.0000 0.7660
vn 0.6429 0.0001 -0.7660
vn -0.0119 0.9998 -0.0150
vn -0.0114 0.9998 -0.0148
vn -0.0039 0.9998 -0.0185
vn 0.0117 0.9998 -0.0153
vn 0.0182 0.9998 0.0049
vn 0.0184 0.9998 0.0048
vn 0.0183 0.9998 0.0048
vn 0.0125 0.9998 0.0140
vn -0.0126 0.9998 0.0142
vn -0.0185 -0.9998 -0.0051
vn -0.0177 -0.9998 0.0067
vn -0.0178 -0.9998 0.0066
vn 0.0117 -0.9998 0.0149
vn 0.0116 -0.9998 0.0147
vn 0.0117 -0.9998 0.0150
vn 0.0117 -0.9998 0.0152
vn 0.0180 -0.9998 0.0070
vn 0.0176 -0.9998 0.0064
vn 0.0183 -0.9998 -0.0049
vn 0.0182 -0.9998 -0.0049
vn 0.0123 -0.9998 -0.0139
vn 0.0124 -0.9998 -0.0139
vn -0.0000 0.2194 -0.9756
vn -0.0000 0.6429 -0.7660
vn -0.0000 0.9526 -0.3041
vn -0.0000 0.9526 0.3041
vn -0.0000 0.6429 0.7660
vn -0.0000 0.2194 0.9756
vn -0.0000 -0.2194 0.9756
vn -0.0000 -0.6429 0.7660
vn -0.0000 -0.9526 0.3041
vn -0.0000 -0.9526 -0.3041
vn -0.0000 -0.6429 -0.7660
vn -0.0000 -0.2194 -0.9756
vn 0.0514 0.2178 -0.9746
vn 0.0514 0.2177 -0.9747
vn 0.1467 0.6338 -0.7594
vn 0.1467 0.6338 -0.7595
vn 0.1467 0.6337 -0.7595
vn 0.2133 0.9303 -0.2985
vn 0.2133 0.9302 -0.2986
vn 0.2133 0.9302 -0.2988
vn 0.2133 0.9302 -0.2987
vn 0.2133 0.9303 0.2985
vn 0.2133 0.9302 0.2986
vn 0.2133 0.9302 0.2987
vn 0.1467 0.6338 0.7595
vn 0.0515 0.2179 0.9746
vn 0.0514 0.2177 0.9747
vn 0.0513 0.2177 0.9747
vn -0.0530 -0.2174 0.9746
vn -0.0529 -0.2174 0.9746
vn -0.0529 -0.2174 0.9747
vn -0.1597 -0.6309 0.7592
vn -0.2412 -0.9235 0.2982
vn -0.2411 -0.9235 0.2983
vn -0.2411 -0.9235 0.2982
vn -0.2412 -0.9235 -0.2983
vn -0.2411 -0.9235 -0.2982
vn -0.2412 -0.9234 -0.2984
vn -0.1597 -0.6309 -0.7592
vn -0.1597 -0.6309 -0.7593
vn -0.0529 -0.2174 -0.9746
vn -0.0530 -0.2173 -0.9747
vn -0.0530 -0.2174 -0.9747
vn 0.1716 0.1564 -0.9727
vn 0.4845 0.4550 -0.7472
vn 0.6934 0.6602 -0.2886
vn 0.6935 0.6602 0.2886
vn 0.6934 0.6602 0.2886
vn 0.4845 0.4550 0.7472
vn 0.1716 0.1564 0.9727
vn -0.1758 -0.1527 0.9725
vn -0.5178 -0.4220 0.7442
vn -0.7584 -0.5862 0.2848
vn -0.7584 -0.5863 -0.2848
vn -0.7584 -0.5862 -0.2848
vn -0.5178 -0.4220 -0.7442
vn -0.1758 -0.1527 -0.9725
vn 1.0000 -0.0000 -0.0000
vn 0.2239 0.0404 -0.9738
vn 0.2238 0.0404 -0.9738
vn 0.6452 0.1234 -0.7540
vn 0.9379 0.1841 -0.2941
vn 0.9379 0.1841 0.2941
vn 0.6452 0.1234 0.7540
vn 0.2239 0.0404 0.9738
vn 0.2238 0.0404 0.9738
vn -0.2248 -0.0368 0.9737
vn -0.6519 -0.0934 0.7525
vn -0.9487 -0.1207 0.2922
vn -0.9487 -0.1207 -0.2922
vn -0.9487 -0.1207 -0.2923
vn -0.6519 -0.0934 -0.7525
vn -0.2248 -0.0368 -0.9737
vn -0.0010 1.0000 -0.0000
vn 0.0010 -1.0000 -0.0000
vn 0.2205 0.0012 -0.9754
vn 0.2206 0.0012 -0.9754
vn 0.6446 -0.0043 -0.7645
vn 0.6446 -0.0042 -0.7645
vn 0.9529 -0.0082 -0.3031
vn 0.9530 -0.0082 -0.3029
vn 0.9530 -0.0082 -0.3028
vn 0.9530 -0.0082 0.3029
vn 0.9530 -0.0082 0.3028
vn 0.6446 -0.0043 0.7645
vn 0.6446 -0.0042 0.7645
vn 0.2205 0.0012 0.9754
vn 0.2206 0.0012 0.9754
vn -0.2201 0.0068 0.9755
vn -0.2200 0.0068 0.9755
vn -0.6442 0.0122 0.7648
vn -0.6442 0.0122 0.7647
vn -0.6443 0.0122 0.7647
vn -0.9528 0.0161 0.3031
vn -0.9529 0.0162 0.3028
vn -0.9528 0.0161 0.3030
vn -0.9529 0.0161 -0.3030
vn -0.9528 0.0161 -0.3030
vn -0.9528 0.0162 -0.3031
vn -0.6442 0.0122 -0.7648
vn -0.6442 0.0122 -0.7647
vn -0.6443 0.0122 -0.7647
vn -0.2199 0.0068 -0.9755
vn -0.2198 0.0068 -0.9755
vn -0.2201 0.0068 -0.9754
vn -0.2201 0.0068 -0.9755
vn 0.1972 -0.1137 -0.9738
vn 0.1971 -0.1137 -0.9738
vn 0.5877 -0.2862 -0.7568
vn 0.8640 -0.4069 -0.2966
vn 0.8640 -0.4069 -0.2967
vn 0.8640 -0.4069 0.2966
vn 0.5877 -0.2862 0.7568
vn 0.1971 -0.1137 0.9738
vn -0.2123 0.0725 0.9745
vn -0.2124 0.0726 0.9745
vn -0.5997 0.2565 0.7580
vn -0.5996 0.2564 0.7581
vn -0.8714 0.3905 0.2970
vn -0.8714 0.3905 0.2971
vn -0.8714 0.3905 -0.2970
vn -0.5997 0.2565 -0.7580
vn -0.2123 0.0725 -0.9745
vn -0.2124 0.0725 -0.9745
vn 0.1593 -0.1547 -0.9750
vn 0.1592 -0.1547 -0.9750
vn 0.1592 -0.1547 -0.9751
vn 0.4663 -0.4489 -0.7623
vn 0.6887 -0.6596 -0.3010
vn 0.6887 -0.6596 -0.3011
vn 0.6887 -0.6596 0.3010
vn 0.6887 -0.6596 0.3011
vn 0.4663 -0.4489 0.7622
vn 0.4663 -0.4489 0.7623
vn 0.4663 -0.4488 0.7623
vn 0.1592 -0.1547 0.9751
vn 0.1592 -0.1547 0.9750
vn -0.1585 0.1557 0.9750
vn -0.1585 0.1558 0.9750
vn -0.4599 0.4567 0.7615
vn -0.6747 0.6743 0.3002
vn -0.6747 0.6743 0.3001
vn -0.6747 0.6743 -0.3001
vn -0.6747 0.6743 -0.3002
vn -0.4599 0.4567 -0.7615
vn -0.1585 0.1557 -0.9750
vn -0.1584 0.1557 -0.9750
vn 0.6270 0.7790 -0.0000
vn 0.1542 -0.1636 -0.9744
vn 0.1542 -0.1637 -0.9744
vn 0.4431 -0.4802 -0.7570
vn 0.6432 -0.7062 -0.2961
vn 0.6432 -0.7062 -0.2960
vn 0.6432 -0.7062 0.2960
vn 0.6432 -0.7062 0.2961
vn 0.4431 -0.4802 0.7570
vn 0.1542 -0.1637 0.9744
vn 0.1542 -0.1636 0.9744
vn -0.1556 0.1616 0.9745
vn -0.4556 0.4651 0.7590
vn -0.6710 0.6787 0.2984
vn -0.6710 0.6787 0.2985
vn -0.6710 0.6787 -0.2984
vn -0.4556 0.4651 -0.7590
vn -0.1556 0.1616 -0.9745
vn 0.2194 -0.0001 -0.9756
vn 0.2195 -0.0000 -0.9756
vn 0.6429 -0.0000 -0.7659
vn 0.6429 -0.0000 0.7659
vn 0.2194 0.0001 0.9756
vn 0.2195 -0.0000 0.9756
vn -0.2195 0.0001 0.9756
vn -0.6429 0.0001 0.7659
vn -0.2195 -0.0000 -0.9756
vn -0.2194 0.0001 -0.9756
vn -0.0056 0.9998 0.0213
vn -0.0056 0.9998 0.0211
vn -0.0125 0.9998 0.0140
vn -0.0125 0.9998 0.0136
vn -0.0124 0.9998 0.0135
vn -0.0125 0.9998 0.0137
vn -0.0155 0.9999 0.0046
vn -0.0155 0.9999 0.0047
vn -0.0156 0.9999 -0.0046
vn -0.0155 0.9999 -0.0047
vn -0.0122 0.9998 -0.0138
vn -0.0124 0.9998 -0.0139
vn -0.0128 0.9998 -0.0140
vn -0.0127 0.9998 -0.0139
vn -0.0058 0.9998 -0.0215
vn -0.0054 0.9998 -0.0210
vn 0.0040 0.9997 -0.0222
vn 0.0041 0.9998 -0.0215
vn 0.0118 0.9998 -0.0153
vn 0.0118 0.9998 -0.0152
vn 0.0117 0.9998 -0.0148
vn 0.0154 0.9999 -0.0052
vn 0.0153 0.9999 -0.0051
vn 0.0153 0.9999 0.0052
vn 0.0154 0.9999 0.0052
vn 0.0119 0.9998 0.0150
vn 0.0116 0.9998 0.0150
vn 0.0042 0.9998 0.0219
vn 0.0040 0.9998 0.0217
vn 0.0043 0.9997 0.0220
vn -0.0041 -0.9998 0.0218
vn -0.0043 -0.9997 0.0220
vn 0.0056 -0.9998 0.0213
vn 0.0055 -0.9998 0.0214
vn 0.0055 -0.9998 0.0215
vn 0.0056 -0.9998 0.0211
vn 0.0125 -0.9998 0.0140
vn 0.0125 -0.9998 0.0136
vn 0.0125 -0.9998 0.0137
vn 0.0126 -0.9998 0.0141
vn 0.0155 -0.9999 0.0046
vn 0.0155 -0.9999 0.0047
vn 0.0156 -0.9999 -0.0047
vn 0.0155 -0.9999 -0.0047
vn 0.0127 -0.9998 -0.0139
vn 0.0058 -0.9998 -0.0215
vn 0.0056 -0.9998 -0.0212
vn 0.0054 -0.9998 -0.0210
vn -0.0040 -0.9997 -0.0222
vn -0.0041 -0.9998 -0.0215
vn -0.0118 -0.9998 -0.0153
vn -0.0117 -0.9998 -0.0149
vn -0.0117 -0.9998 -0.0148
vn -0.0154 -0.9999 -0.0052
vn -0.0153 -0.9999 -0.0051
vn -0.0153 -0.9999 0.0052
vn -0.0154 -0.9999 0.0052
vn -0.0119 -0.9998 0.0150
vn -0.0116 -0.9998 0.0150
vn -0.1651 -0.8997 -0.4041
vn -0.1649 -0.8999 -0.4038
vn -0.3995 0.8643 0.3055
vn -0.3996 0.8643 0.3056
vn 0.2924 0.7502 0.5930
vn 0.2926 0.7502 0.5930
vn 0.8435 -0.3421 0.4140
vn -0.7282 -0.2992 -0.6166
vn -0.8754 0.3067 -0.3737
vn -0.5890 0.7948 0.1465
vn -0.5889 0.7948 0.1466
vn 0.7616 0.3248 0.5608
vn 0.2924 0.8043 0.5173
vn 0.7584 0.3163 0.5699
vn 0.8689 -0.3270 0.3715
vn -0.7341 -0.2926 0.6127
vn -0.5356 0.2279 -0.8131
vn -0.1224 -0.4168 -0.9007
vn -0.0005 0.0011 1.0000
vn -0.0028 -0.0012 1.0000
vn -0.0003 0.0013 1.0000
vn -0.0038 0.3406 0.9402
vn -0.0038 0.3407 0.9402
vn -0.0095 0.8959 0.4442
vn -0.0095 0.8959 0.4443
vn -0.0046 0.8911 -0.4538
vn 0.0034 0.3054 -0.9522
vn 0.0121 -0.3405 -0.9402
vn 0.0238 -0.8966 -0.4422
vn 0.0238 -0.8965 -0.4424
vn 0.0245 -0.8889 0.4575
vn 0.0245 -0.8889 0.4574
vn 0.0098 -0.3037 0.9527
vn -0.4121 0.2724 0.8695
vn -0.4122 0.2724 0.8694
vn -0.6618 0.6485 0.3760
vn -0.6618 0.6486 0.3760
vn -0.6618 0.6486 0.3759
vn -0.5419 0.7448 -0.3895
vn -0.5418 0.7448 -0.3895
vn -0.0715 0.2953 -0.9527
vn 0.3540 -0.2846 -0.8909
vn 0.6232 -0.6786 -0.3887
vn 0.6232 -0.6787 -0.3886
vn 0.6117 -0.7009 0.3668
vn 0.6117 -0.7008 0.3669
vn 0.1675 -0.2867 0.9433
vn 0.0853 0.3081 0.9475
vn -0.0769 0.8520 0.5179
vn -0.0769 0.8520 0.5178
vn -0.2632 0.9002 -0.3468
vn -0.3095 0.3310 -0.8914
vn -0.3095 0.3311 -0.8914
vn -0.2289 -0.3247 -0.9177
vn -0.0407 -0.8834 -0.4669
vn 0.1649 -0.8999 0.4038
vn 0.1650 -0.8998 0.4039
vn 0.1836 -0.3201 0.9294
vn 0.1836 -0.3202 0.9294
vn 0.9035 0.3569 0.2373
vn 0.9035 0.3570 0.2373
vn 0.3996 0.8643 -0.3056
vn 0.3996 0.8643 -0.3055
vn -0.2924 0.7502 -0.5931
vn -0.2925 0.7502 -0.5930
vn -0.2924 0.7502 -0.5930
vn -0.7145 0.2959 -0.6340
vn -0.7145 0.2960 -0.6340
vn -0.8436 -0.3420 -0.4139
vn -0.8436 -0.3421 -0.4140
vn -0.8435 -0.3422 -0.4141
vn -0.4009 -0.8892 0.2202
vn -0.4009 -0.8893 0.2202
vn 0.2771 -0.7238 0.6319
vn 0.7282 -0.2992 0.6166
vn 0.7282 -0.2993 0.6166
vn 0.8754 0.3067 0.3737
vn 0.8753 0.3069 0.3737
vn 0.8754 0.3068 0.3737
vn 0.5890 0.7948 -0.1466
vn 0.5889 0.7948 -0.1466
vn 0.5890 0.7948 -0.1465
vn -0.1783 0.8473 -0.5003
vn -0.1783 0.8473 -0.5002
vn -0.1783 0.8474 -0.5002
vn -0.7615 0.3248 -0.5608
vn -0.8732 -0.3204 -0.3671
vn -0.8733 -0.3204 -0.3671
vn -0.5513 -0.8310 0.0744
vn -0.5513 -0.8310 0.0743
vn 0.0905 -0.7979 0.5960
vn 0.0906 -0.7980 0.5959
vn 0.0905 -0.7979 0.5959
vn 0.0906 -0.7979 0.5960
vn 0.5764 -0.2952 0.7620
vn 0.9174 0.3227 0.2327
vn 0.9174 0.3228 0.2327
vn 0.4668 0.8601 -0.2057
vn 0.4668 0.8601 -0.2058
vn -0.2924 0.8042 -0.5174
vn -0.2924 0.8043 -0.5173
vn -0.2924 0.8044 -0.5172
vn -0.2924 0.8042 -0.5175
vn -0.7585 0.3164 -0.5698
vn -0.7584 0.3162 -0.5700
vn -0.7584 0.3163 -0.5698
vn -0.8689 -0.3270 -0.3715
vn -0.8689 -0.3271 -0.3715
vn -0.4538 -0.8788 0.1479
vn 0.2664 -0.7900 0.5522
vn 0.7741 -0.3214 0.5453
vn 0.7741 -0.3214 0.5454
vn 0.6583 0.1879 -0.7289
vn 0.3259 0.4595 -0.8262
vn 0.3260 0.4595 -0.8262
vn -0.1110 0.4348 -0.8937
vn -0.3863 0.1629 -0.9079
vn -0.4765 -0.2074 -0.8544
vn -0.2851 -0.6302 -0.7222
vn 0.2904 -0.7521 -0.5916
vn 0.7341 -0.2925 -0.6128
vn 0.5357 0.2279 0.8131
vn 0.5356 0.2279 0.8131
vn 0.5356 0.2278 0.8131
vn 0.4138 -0.1628 0.8957
vn 0.1224 -0.4167 0.9008
vn 0.1224 -0.4168 0.9007
vn -0.2962 -0.5071 0.8094
vn -0.7007 -0.2405 0.6717
vn -0.7008 -0.2405 0.6716
vn -0.7559 0.3070 0.5783
vn -0.3164 0.7467 0.5852
vn -0.3163 0.7466 0.5852
vn 0.2943 0.6630 0.6884
vn 0.2943 0.6630 0.6883
vn 0.0003 -0.0011 -1.0000
vn 0.0005 -0.0012 -1.0000
vn 0.0007 -0.0012 -1.0000
vn 0.0028 -0.0011 -1.0000
vn 0.0028 0.0012 -1.0000
vn 0.0028 0.0011 -1.0000
vn 0.0028 0.0013 -1.0000
vn 0.0004 0.0012 -1.0000
vn 0.0006 0.0010 -1.0000
vn 0.0008 0.0008 -1.0000
vn 0.0005 -0.0011 -1.0000
vn 0.0027 -0.0012 -1.0000
vn 0.0029 -0.0011 -1.0000
vn 0.0028 -0.0012 -1.0000
vn 0.0005 0.0012 -1.0000
vn -0.0095 0.8959 0.4441
vn 0.0121 -0.3405 -0.9401
vn -0.4121 0.2723 0.8695
vn 0.6232 -0.6787 -0.3887
vn 0.1651 -0.8997 0.4041
vn 0.1648 -0.8999 0.4037
vn 0.1648 -0.9000 0.4035
vn 0.1649 -0.8999 0.4037
vn 0.3995 0.8643 -0.3055
vn -0.7144 0.2959 -0.6340
vn 0.7281 -0.2989 0.6169
vn 0.8753 0.3068 0.3737
vn -0.7616 0.3248 -0.5608
vn 0.9175 0.3227 0.2327
vn -0.2923 0.8044 -0.5172
vn -0.7584 0.3161 -0.5701
vn -0.7584 0.3162 -0.5699
vn -0.4537 -0.8788 0.1478
vn 0.7741 -0.3215 0.5453
vn 0.1223 -0.4167 0.9008
vn -0.2961 -0.5071 0.8094
vn -0.7007 -0.2405 0.6716
vn 0.0004 -0.0011 -1.0000
vn 0.0004 0.0013 -1.0000
vn 0.0005 0.0011 -1.0000
vn 0.0038 0.3406 0.9402
vn 0.0038 0.3407 0.9402
vn 0.0095 0.8959 0.4442
vn 0.0095 0.8959 0.4441
vn 0.0095 0.8959 0.4443
vn 0.0046 0.8911 -0.4538
vn 0.0046 0.8911 -0.4539
vn -0.0034 0.3054 -0.9522
vn -0.0121 -0.3405 -0.9402
vn -0.0238 -0.8965 -0.4424
vn -0.0238 -0.8966 -0.4422
vn -0.0245 -0.8889 0.4575
vn -0.0245 -0.8889 0.4574
vn -0.0098 -0.3037 0.9527
vn 0.4121 0.2724 0.8695
vn 0.4122 0.2724 0.8694
vn 0.4121 0.2723 0.8695
vn 0.6618 0.6486 0.3760
vn 0.6619 0.6486 0.3758
vn 0.6618 0.6486 0.3759
vn 0.5419 0.7448 -0.3895
vn 0.5418 0.7448 -0.3895
vn 0.0715 0.2953 -0.9527
vn -0.3540 -0.2846 -0.8909
vn -0.6232 -0.6787 -0.3887
vn -0.6232 -0.6787 -0.3886
vn -0.6232 -0.6786 -0.3887
vn -0.6117 -0.7009 0.3668
vn -0.6117 -0.7008 0.3669
vn -0.1675 -0.2867 0.9433
vn -0.0853 0.3081 0.9475
vn 0.0769 0.8520 0.5179
vn 0.0769 0.8520 0.5178
vn 0.2632 0.9002 -0.3468
vn 0.3095 0.3310 -0.8914
vn 0.3095 0.3311 -0.8914
vn 0.2289 -0.3247 -0.9177
vn 0.0407 -0.8834 -0.4669
vn -0.1649 -0.8999 0.4037
vn -0.1649 -0.8999 0.4038
vn -0.1648 -0.9000 0.4035
vn -0.1836 -0.3201 0.9294
vn -0.1836 -0.3202 0.9294
vn -0.9035 0.3569 0.2373
vn -0.9035 0.3570 0.2373
vn -0.3996 0.8643 -0.3055
vn -0.3996 0.8643 -0.3056
vn 0.2924 0.7502 -0.5930
vn 0.2925 0.7502 -0.5930
vn 0.2924 0.7502 -0.5931
vn 0.7145 0.2959 -0.6340
vn 0.7145 0.2960 -0.6340
vn 0.8437 -0.3420 -0.4139
vn 0.8436 -0.3421 -0.4140
vn 0.8436 -0.3421 -0.4139
vn 0.4009 -0.8892 0.2202
vn 0.4009 -0.8893 0.2202
vn -0.2771 -0.7238 0.6319
vn -0.7282 -0.2993 0.6166
vn -0.7282 -0.2992 0.6166
vn -0.8754 0.3067 0.3737
vn -0.8754 0.3068 0.3737
vn -0.8753 0.3069 0.3737
vn -0.5890 0.7948 -0.1466
vn -0.5890 0.7948 -0.1465
vn 0.1783 0.8473 -0.5002
vn 0.1783 0.8473 -0.5003
vn 0.1783 0.8474 -0.5002
vn 0.7615 0.3248 -0.5608
vn 0.7615 0.3249 -0.5608
vn 0.8733 -0.3204 -0.3671
vn 0.8732 -0.3204 -0.3671
vn 0.5513 -0.8310 0.0744
vn 0.5513 -0.8310 0.0743
vn -0.0905 -0.7979 0.5960
vn -0.0905 -0.7979 0.5959
vn -0.5764 -0.2952 0.7620
vn -0.9174 0.3227 0.2327
vn -0.9174 0.3228 0.2327
vn -0.4668 0.8601 -0.2058
vn -0.4668 0.8601 -0.2057
vn 0.2924 0.8044 -0.5172
vn 0.2924 0.8042 -0.5174
vn 0.2924 0.8043 -0.5173
vn 0.7584 0.3163 -0.5698
vn 0.7584 0.3162 -0.5700
vn 0.7584 0.3161 -0.5701
vn 0.7584 0.3161 -0.5700
vn 0.8689 -0.3271 -0.3715
vn 0.4538 -0.8788 0.1479
vn -0.2664 -0.7900 0.5522
vn -0.7741 -0.3214 0.5453
vn -0.7741 -0.3214 0.5454
vn -0.6583 0.1879 -0.7289
vn -0.6583 0.1879 -0.7290
vn -0.3259 0.4595 -0.8262
vn -0.3259 0.4594 -0.8262
vn -0.3259 0.4594 -0.8263
vn 0.1110 0.4348 -0.8937
vn 0.3863 0.1629 -0.9079
vn 0.4765 -0.2074 -0.8544
vn 0.2851 -0.6301 -0.7222
vn 0.2851 -0.6302 -0.7222
vn 0.2851 -0.6303 -0.7221
vn -0.2904 -0.7521 -0.5916
vn -0.7341 -0.2925 -0.6128
vn -0.5357 0.2279 0.8131
vn -0.5356 0.2278 0.8131
vn -0.5356 0.2279 0.8131
vn -0.4138 -0.1628 0.8957
vn -0.1223 -0.4168 0.9007
vn -0.1224 -0.4168 0.9007
vn -0.1224 -0.4167 0.9008
vn 0.2962 -0.5071 0.8094
vn 0.7010 -0.2402 0.6715
vn 0.7007 -0.2405 0.6717
vn 0.7008 -0.2405 0.6716
vn 0.7558 0.3070 0.5783
vn 0.7559 0.3070 0.5783
vn 0.3163 0.7466 0.5852
vn -0.2943 0.6630 0.6884
vn -0.0003 -0.0011 -1.0000
vn -0.0007 -0.0012 -1.0000
vn -0.0005 -0.0012 -1.0000
vn -0.0028 -0.0011 -1.0000
vn -0.0028 0.0012 -1.0000
vn -0.0028 0.0011 -1.0000
vn -0.0006 0.0010 -1.0000
vn -0.0003 0.0013 -1.0000
vn -0.0004 0.0012 -1.0000
vn -0.0027 -0.0012 -1.0000
vn -0.0028 -0.0012 -1.0000
vn -0.0029 -0.0011 -1.0000
vn -0.0008 0.0008 -1.0000
vn -0.0005 0.0012 -1.0000
vn 0.9639 0.2565 -0.0722
vn 0.9638 0.2566 -0.0721
vn 0.9638 0.2565 -0.0721
vn 0.6961 0.6921 -0.1908
vn 0.2514 0.9337 -0.2550
vn 0.2515 0.9336 -0.2551
vn 0.2517 0.9336 -0.2551
vn 0.2516 0.9336 -0.2551
vn -0.2514 0.9337 -0.2551
vn -0.2515 0.9336 -0.2550
vn -0.2517 0.9336 -0.2550
vn -0.2516 0.9336 -0.2550
vn -0.6961 0.6921 -0.1908
vn -0.9638 0.2566 -0.0722
vn -0.9638 0.2565 -0.0721
vn -0.9638 0.2566 -0.0721
vn -0.9638 -0.2562 0.0743
vn -0.6951 -0.6883 0.2076
vn -0.6952 -0.6882 0.2075
vn -0.2505 -0.9244 0.2876
vn -0.2506 -0.9244 0.2875
vn 0.2505 -0.9244 0.2876
vn 0.2506 -0.9244 0.2876
vn 0.6951 -0.6883 0.2076
vn 0.6952 -0.6882 0.2076
vn 0.9638 -0.2562 0.0743
vn 0.9638 -0.2561 0.0743
vn 0.9638 -0.2560 0.0744
vn 0.9537 0.1827 -0.2388
vn 0.6491 0.4709 -0.5975
vn 0.6491 0.4709 -0.5974
vn 0.2232 0.6085 -0.7615
vn 0.2233 0.6085 -0.7615
vn -0.2233 0.6085 -0.7615
vn -0.2232 0.6085 -0.7615
vn -0.6491 0.4709 -0.5975
vn -0.6491 0.4709 -0.5974
vn -0.9537 0.1827 -0.2388
vn -0.9531 -0.1783 0.2446
vn -0.9531 -0.1783 0.2445
vn -0.6412 -0.4333 0.6334
vn -0.6412 -0.4332 0.6333
vn -0.6412 -0.4332 0.6334
vn -0.2166 -0.5313 0.8190
vn -0.2167 -0.5313 0.8190
vn 0.2166 -0.5313 0.8190
vn 0.2167 -0.5313 0.8190
vn 0.6412 -0.4333 0.6334
vn 0.9531 -0.1783 0.2445
vn -0.0000 -0.0000 -1.0000
vn 0.9496 0.0470 -0.3099
vn 0.6308 0.1230 -0.7662
vn 0.6307 0.1230 -0.7662
vn 0.2129 0.1588 -0.9641
vn -0.2129 0.1588 -0.9641
vn -0.6308 0.1230 -0.7662
vn -0.9496 0.0470 -0.3099
vn -0.9494 -0.0428 0.3112
vn -0.6282 -0.0929 0.7725
vn -0.2109 -0.1038 0.9720
vn 0.2109 -0.1038 0.9720
vn 0.6282 -0.0929 0.7725
vn 0.9494 -0.0428 0.3112
vn -0.0000 1.0000 0.0012
vn -0.0000 -1.0000 -0.0012
vn 0.9522 0.0014 -0.3056
vn 0.9522 0.0014 -0.3055
vn 0.6412 -0.0043 -0.7674
vn 0.6412 -0.0042 -0.7674
vn 0.6411 -0.0042 -0.7674
vn 0.2185 -0.0071 -0.9758
vn -0.2184 -0.0071 -0.9758
vn -0.2185 -0.0071 -0.9758
vn -0.2186 -0.0070 -0.9758
vn -0.6412 -0.0042 -0.7674
vn -0.6411 -0.0043 -0.7674
vn -0.6411 -0.0042 -0.7674
vn -0.9522 0.0014 -0.3056
vn -0.9522 0.0014 -0.3055
vn -0.9524 0.0079 0.3048
vn -0.9523 0.0080 0.3051
vn -0.9524 0.0080 0.3049
vn -0.6415 0.0122 0.7671
vn -0.6414 0.0122 0.7671
vn -0.2187 0.0139 0.9757
vn -0.2186 0.0139 0.9757
vn 0.2186 0.0139 0.9757
vn 0.6415 0.0122 0.7670
vn 0.6415 0.0122 0.7671
vn 0.9524 0.0080 0.3047
vn 0.9524 0.0080 0.3049
vn 0.9523 0.0079 0.3051
vn 0.9524 0.0080 0.3046
vn 0.9526 -0.1325 -0.2738
vn 0.6431 -0.2898 -0.7089
vn 0.6430 -0.2898 -0.7089
vn 0.2195 -0.3586 -0.9073
vn 0.2194 -0.3586 -0.9073
vn -0.2194 -0.3586 -0.9073
vn -0.2195 -0.3586 -0.9073
vn -0.6431 -0.2897 -0.7089
vn -0.6430 -0.2898 -0.7089
vn -0.9526 -0.1325 -0.2738
vn -0.9526 -0.1325 -0.2737
vn -0.9520 0.0844 0.2944
vn -0.9519 0.0844 0.2944
vn -0.9519 0.0844 0.2945
vn -0.6423 0.2589 0.7213
vn -0.6423 0.2590 0.7214
vn -0.2193 0.3435 0.9132
vn 0.2193 0.3435 0.9132
vn 0.6424 0.2589 0.7213
vn 0.6423 0.2589 0.7214
vn 0.6423 0.2589 0.7213
vn 0.9519 0.0844 0.2945
vn 0.9519 0.0844 0.2944
vn 0.9581 -0.1811 -0.2221
vn 0.9580 -0.1811 -0.2222
vn 0.9580 -0.1811 -0.2221
vn 0.6672 -0.4681 -0.5794
vn 0.2333 -0.6092 -0.7579
vn 0.2334 -0.6092 -0.7579
vn -0.2334 -0.6092 -0.7579
vn -0.2333 -0.6092 -0.7579
vn -0.6672 -0.4681 -0.5794
vn -0.9580 -0.1812 -0.2222
vn -0.9581 -0.1811 -0.2221
vn -0.9581 -0.1810 -0.2221
vn -0.9581 0.1824 0.2211
vn -0.9581 0.1823 0.2210
vn -0.9581 0.1823 0.2211
vn -0.6673 0.4769 0.5721
vn -0.6673 0.4768 0.5721
vn -0.2334 0.6250 0.7450
vn -0.2335 0.6249 0.7450
vn 0.2335 0.6249 0.7449
vn 0.2334 0.6249 0.7450
vn 0.6673 0.4768 0.5721
vn 0.6674 0.4768 0.5721
vn 0.9581 0.1823 0.2210
vn 0.9581 0.1823 0.2211
vn -0.0000 0.7218 -0.6921
vn 0.9576 -0.1916 -0.2151
vn 0.6650 -0.5026 -0.5525
vn 0.6649 -0.5026 -0.5525
vn 0.2320 -0.6592 -0.7153
vn 0.2319 -0.6592 -0.7153
vn -0.2319 -0.6592 -0.7153
vn -0.2320 -0.6592 -0.7153
vn -0.6649 -0.5026 -0.5525
vn -0.9576 -0.1916 -0.2151
vn -0.9576 0.1892 0.2171
vn -0.9577 0.1892 0.2171
vn -0.6653 0.4857 0.5669
vn -0.2323 0.6295 0.7415
vn 0.2323 0.6295 0.7415
vn 0.6654 0.4857 0.5669
vn 0.6653 0.4857 0.5669
vn 0.9576 0.1892 0.2170
vn 0.9576 0.1892 0.2171
vn 0.9526 0.0001 -0.3042
vn 0.9526 -0.0001 -0.3041
vn -0.9526 0.0001 -0.3041
vn -0.9527 -0.0000 0.3041
vn -0.9526 0.0001 0.3042
vn -0.6429 -0.0000 0.7659
vn -0.6428 0.0001 0.7660
vn 0.9526 0.0001 0.3041
vn -0.0180 0.9998 0.0066
vn -0.0177 0.9998 0.0066
vn -0.0174 0.9998 0.0067
vn -0.0115 0.9998 0.0149
vn -0.0118 0.9998 0.0149
vn -0.0040 0.9998 0.0185
vn -0.0039 0.9998 0.0184
vn 0.0039 0.9998 0.0184
vn 0.0039 0.9998 0.0185
vn 0.0117 0.9998 0.0151
vn 0.0116 0.9998 0.0147
vn 0.0176 0.9998 0.0064
vn 0.0178 0.9998 0.0067
vn 0.0180 0.9998 0.0069
vn 0.0180 0.9998 -0.0049
vn 0.0184 0.9998 -0.0048
vn 0.0187 0.9998 -0.0048
vn 0.0124 0.9998 -0.0140
vn 0.0128 0.9998 -0.0141
vn 0.0043 0.9998 -0.0183
vn 0.0044 0.9998 -0.0183
vn -0.0043 0.9998 -0.0183
vn -0.0044 0.9998 -0.0182
vn -0.0126 0.9998 -0.0138
vn -0.0126 0.9998 -0.0142
vn -0.0185 0.9998 -0.0051
vn -0.0184 0.9998 -0.0050
vn -0.0182 -0.9998 0.0048
vn -0.0180 -0.9998 0.0046
vn -0.0180 -0.9998 -0.0066
vn -0.0178 -0.9998 -0.0066
vn -0.0179 -0.9998 -0.0066
vn -0.0118 -0.9998 -0.0149
vn -0.0115 -0.9998 -0.0148
vn -0.0040 -0.9998 -0.0185
vn -0.0039 -0.9998 -0.0185
vn 0.0039 -0.9998 -0.0185
vn 0.0039 -0.9998 -0.0186
vn 0.0116 -0.9998 -0.0148
vn 0.0117 -0.9998 -0.0151
vn 0.0178 -0.9998 -0.0067
vn 0.0179 -0.9998 -0.0068
vn 0.0177 -0.9998 -0.0066
vn 0.0180 -0.9998 0.0049
vn 0.0187 -0.9998 0.0048
vn 0.0124 -0.9998 0.0140
vn 0.0124 -0.9998 0.0139
vn 0.0043 -0.9998 0.0183
vn 0.0044 -0.9998 0.0183
vn -0.0043 -0.9998 0.0183
vn -0.0044 -0.9998 0.0182
vn -0.0125 -0.9998 0.0136
vn -0.0126 -0.9998 0.0138
vn -0.0126 -0.9998 0.0142
vn 0.9638 0.2567 -0.0721
vn 0.9638 0.2565 -0.0722
vn 0.2512 0.9337 -0.2550
vn -0.6952 -0.6882 0.2076
vn -0.6951 -0.6882 0.2076
vn 0.2504 -0.9245 0.2875
vn 0.9638 -0.2563 0.0743
vn -0.9537 0.1828 -0.2389
vn -0.9537 0.1828 -0.2388
vn 0.6412 -0.4332 0.6334
vn 0.9531 -0.1783 0.2446
vn 0.2129 0.1589 -0.9641
vn -0.2129 0.1589 -0.9641
vn -0.2130 0.1589 -0.9641
vn -0.6308 0.1230 -0.7661
vn -0.9496 0.0470 -0.3100
vn 0.9521 0.0014 -0.3056
vn 0.2184 -0.0071 -0.9758
vn -0.9521 0.0014 -0.3056
vn -0.9524 0.0079 0.3047
vn -0.6415 0.0122 0.7670
vn -0.2185 0.0139 0.9757
vn 0.6414 0.0122 0.7671
vn 0.9523 0.0079 0.3052
vn 0.9524 0.0080 0.3048
vn 0.6430 -0.2897 -0.7089
vn 0.6431 -0.2897 -0.7089
vn -0.6431 -0.2898 -0.7089
vn -0.6423 0.2589 0.7214
vn 0.9519 0.0844 0.2946
vn 0.9519 0.0844 0.2947
vn 0.9520 0.0844 0.2944
vn -0.9580 -0.1811 -0.2221
vn -0.2334 0.6249 0.7450
vn 0.2335 0.6249 0.7450
vn 0.9580 0.1823 0.2211
vn 0.9576 -0.1916 -0.2152
vn -0.6654 0.4857 0.5669
vn -0.6653 0.4858 0.5669
vn -0.6428 -0.0000 -0.7660
vn -0.6429 0.0001 -0.7660
vn 0.6429 0.0001 0.7660
vn -0.0118 0.9998 0.0150
vn -0.0119 0.9998 0.0150
vn -0.0039 0.9998 0.0185
vn 0.0117 0.9998 0.0153
vn 0.0116 0.9998 0.0148
vn 0.0178 0.9998 0.0066
vn 0.0183 0.9998 -0.0048
vn 0.0182 0.9998 -0.0049
vn 0.0125 0.9998 -0.0140
vn -0.0180 0.9998 -0.0045
vn -0.0185 -0.9998 0.0051
vn -0.0177 -0.9998 -0.0067
vn 0.0117 -0.9998 -0.0152
vn 0.0116 -0.9998 -0.0147
vn 0.0176 -0.9998 -0.0064
vn 0.0180 -0.9998 -0.0070
vn 0.0183 -0.9998 0.0049
vn 0.0182 -0.9998 0.0049
vn 0.0128 -0.9998 0.0141
vn 0.0514 0.2178 0.9746
vn 0.1467 0.6337 0.7595
vn 0.2133 0.9303 0.2986
vn 0.2133 0.9303 -0.2984
vn 0.1466 0.6337 -0.7595
vn -0.0529 -0.2174 -0.9747
vn -0.0530 -0.2175 -0.9746
vn -0.2412 -0.9235 -0.2982
vn -0.2410 -0.9235 -0.2983
vn -0.2412 -0.9235 0.2983
vn -0.1597 -0.6310 0.7592
vn -0.0529 -0.2175 0.9746
vn -0.7584 -0.5863 0.2848
vn -0.2249 -0.0368 -0.9737
vn -0.9487 -0.1207 0.2923
vn 0.9530 -0.0082 0.3030
vn -0.2200 0.0068 -0.9755
vn -0.9528 0.0161 -0.3031
vn -0.9529 0.0162 -0.3030
vn -0.9529 0.0161 0.3030
vn -0.9528 0.0162 0.3031
vn -0.2199 0.0068 0.9755
vn -0.2201 0.0068 0.9754
vn 0.1972 -0.1137 0.9738
vn 0.8640 -0.4069 0.2967
vn 0.8639 -0.4069 0.2967
vn -0.2124 0.0726 -0.9745
vn -0.8714 0.3905 -0.2971
vn -0.8713 0.3905 0.2971
vn -0.5996 0.2565 0.7581
vn -0.2124 0.0725 0.9745
vn 0.1593 -0.1547 0.9750
vn 0.6887 -0.6595 -0.3012
vn -0.6747 0.6743 -0.3003
vn -0.6747 0.6743 0.3000
vn 0.6432 -0.7061 -0.2961
vn 0.2194 -0.0001 0.9756
vn 0.2194 0.0001 -0.9756
vn -0.2195 0.0001 -0.9756
vn -0.6429 0.0001 -0.7659
vn -0.2194 0.0001 0.9756
vn -0.2195 -0.0000 0.9756
vn -0.0056 0.9998 -0.0211
vn -0.0056 0.9998 -0.0213
vn -0.0125 0.9998 -0.0137
vn -0.0124 0.9998 -0.0135
vn -0.0125 0.9998 -0.0136
vn -0.0155 0.9999 -0.0046
vn -0.0156 0.9999 0.0046
vn -0.0128 0.9998 0.0140
vn -0.0127 0.9998 0.0139
vn -0.0054 0.9998 0.0210
vn -0.0058 0.9998 0.0215
vn 0.0041 0.9998 0.0219
vn 0.0040 0.9997 0.0222
vn 0.0117 0.9998 0.0148
vn 0.0118 0.9998 0.0153
vn 0.0153 0.9999 0.0051
vn 0.0153 0.9999 -0.0052
vn 0.0116 0.9998 -0.0150
vn 0.0119 0.9998 -0.0150
vn 0.0040 0.9998 -0.0217
vn 0.0043 0.9997 -0.0220
vn 0.0042 0.9998 -0.0219
vn -0.0043 -0.9997 -0.0220
vn -0.0038 -0.9998 -0.0215
vn -0.0041 -0.9998 -0.0218
vn 0.0055 -0.9998 -0.0215
vn 0.0056 -0.9998 -0.0213
vn 0.0126 -0.9998 -0.0141
vn 0.0125 -0.9998 -0.0137
vn 0.0125 -0.9998 -0.0136
vn 0.0155 -0.9999 -0.0046
vn 0.0156 -0.9999 0.0047
vn 0.0127 -0.9998 0.0139
vn 0.0054 -0.9998 0.0210
vn 0.0056 -0.9998 0.0212
vn 0.0058 -0.9998 0.0215
vn -0.0041 -0.9998 0.0215
vn -0.0040 -0.9997 0.0222
vn -0.0117 -0.9998 0.0148
vn -0.0117 -0.9998 0.0147
vn -0.0153 -0.9999 0.0051
vn -0.0153 -0.9999 -0.0052
vn -0.0119 -0.9998 -0.0150
vn -0.0116 -0.9998 -0.0150
vn -0.0121 -0.3405 -0.9401
vn 0.6619 0.6486 0.3759
vn -0.6118 -0.7008 0.3668
vn 0.2632 0.9003 -0.3468
vn -0.1648 -0.9000 0.4036
vn -0.1650 -0.8998 0.4039
vn 0.7144 0.2959 -0.6340
vn 0.8435 -0.3421 -0.4140
vn 0.8437 -0.3419 -0.4138
vn -0.7281 -0.2992 0.6167
vn -0.8753 0.3068 0.3737
vn -0.5889 0.7948 -0.1467
vn 0.2923 0.8044 -0.5172
vn 0.2924 0.8042 -0.5175
vn 0.7583 0.3160 -0.5702
vn -0.3260 0.4595 -0.8262
vn -0.7341 -0.2925 -0.6127
vn -0.1223 -0.4167 0.9008
vn 0.2962 -0.5072 0.8094
vn 0.3164 0.7467 0.5852
vn -0.0004 0.0013 -1.0000
vn -0.0004 -0.0011 -1.0000
vn -0.0006 -0.0012 -1.0000
vn -0.0005 0.0011 -1.0000
vt 0.224155 0.246478
vt 0.222691 0.242535
vt 0.275048 0.217235
vt 0.276177 0.221563
vt 0.211396 0.219782
vt 0.209492 0.216044
vt 0.260382 0.186452
vt 0.260849 0.191091
vt 0.213297 0.223600
vt 0.261437 0.195942
vt 0.215479 0.227291
vt 0.262965 0.200682
vt 0.217770 0.230892
vt 0.265784 0.205062
vt 0.219838 0.234557
vt 0.269431 0.209152
vt 0.221441 0.238450
vt 0.272818 0.213156
vt 0.295953 0.209738
vt 0.294938 0.204859
vt 0.284318 0.181800
vt 0.282821 0.176779
vt 0.286555 0.185826
vt 0.289015 0.189216
vt 0.291482 0.192813
vt 0.293494 0.196679
vt 0.294577 0.200666
vt 0.307795 0.203844
vt 0.306455 0.199192
vt 0.298772 0.177239
vt 0.296814 0.173030
vt 0.300420 0.180837
vt 0.301816 0.183846
vt 0.303062 0.186828
vt 0.304204 0.190323
vt 0.305301 0.194489
vt 0.321334 0.203294
vt 0.319016 0.199036
vt 0.323040 0.199230
vt 0.325414 0.203364
vt 0.314944 0.169663
vt 0.311589 0.166143
vt 0.315551 0.165292
vt 0.318998 0.168456
vt 0.318130 0.173769
vt 0.322124 0.172296
vt 0.323942 0.177410
vt 0.320003 0.178934
vt 0.323783 0.183094
vt 0.319881 0.184486
vt 0.322521 0.188647
vt 0.318577 0.189560
vt 0.321973 0.194186
vt 0.317994 0.194343
vt 0.310869 0.200069
vt 0.312962 0.204684
vt 0.307324 0.172987
vt 0.303209 0.170546
vt 0.311188 0.175949
vt 0.313730 0.180272
vt 0.313813 0.185407
vt 0.312001 0.190258
vt 0.310526 0.195021
vt 0.317231 0.199683
vt 0.319431 0.204835
vt 0.315203 0.204875
vt 0.313147 0.199587
vt 0.309271 0.166594
vt 0.312992 0.170550
vt 0.309033 0.171920
vt 0.304984 0.168182
vt 0.316320 0.174286
vt 0.312441 0.175643
vt 0.318324 0.179006
vt 0.314789 0.180175
vt 0.318368 0.184451
vt 0.315071 0.185420
vt 0.317132 0.189699
vt 0.313486 0.190327
vt 0.316603 0.194657
vt 0.312488 0.194813
vt 0.662960 0.116765
vt 0.659393 0.120147
vt 0.655961 0.111191
vt 0.660875 0.111324
vt 0.659867 0.102435
vt 0.663247 0.106003
vt 0.668816 0.099006
vt 0.668684 0.103919
vt 0.677567 0.102909
vt 0.674001 0.106290
vt 0.680998 0.111855
vt 0.676085 0.111727
vt 0.677103 0.120612
vt 0.673718 0.117049
vt 0.668153 0.124051
vt 0.668281 0.119137
vt 0.655637 0.123709
vt 0.650787 0.111063
vt 0.656298 0.098690
vt 0.668945 0.093837
vt 0.681318 0.099352
vt 0.686167 0.112001
vt 0.680654 0.124374
vt 0.668007 0.129224
vt 0.808052 0.149446
vt 0.807011 0.155018
vt 0.818115 0.156144
vt 0.819558 0.150802
vt 0.805825 0.161202
vt 0.816655 0.161610
vt 0.805561 0.168114
vt 0.816233 0.167078
vt 0.806955 0.175119
vt 0.817340 0.172370
vt 0.809720 0.181373
vt 0.819821 0.177390
vt 0.813030 0.186549
vt 0.823130 0.182179
vt 0.816008 0.190791
vt 0.826484 0.186981
vt 0.818023 0.194486
vt 0.829017 0.192066
vt 0.818752 0.198001
vt 0.830021 0.197465
vt 0.818141 0.201660
vt 0.829270 0.202868
vt 0.816570 0.205800
vt 0.827277 0.207998
vt 0.814971 0.210658
vt 0.825152 0.213003
vt 0.831141 0.156069
vt 0.832111 0.151060
vt 0.830250 0.160825
vt 0.829960 0.165360
vt 0.830448 0.169865
vt 0.831676 0.174554
vt 0.833415 0.179599
vt 0.835264 0.185107
vt 0.836702 0.191089
vt 0.837253 0.197375
vt 0.836745 0.203612
vt 0.835443 0.209461
vt 0.833951 0.214801
vt 0.851610 0.155913
vt 0.851603 0.150890
vt 0.851952 0.160661
vt 0.852083 0.165246
vt 0.851798 0.169851
vt 0.851111 0.174652
vt 0.850198 0.179794
vt 0.849294 0.185367
vt 0.848617 0.191339
vt 0.848302 0.197537
vt 0.848359 0.203713
vt 0.848631 0.209629
vt 0.848723 0.215140
vt 0.970164 0.320707
vt 0.974944 0.319427
vt 0.974944 0.316837
vt 0.968869 0.318464
vt 0.966664 0.324206
vt 0.964421 0.322911
vt 0.965382 0.328987
vt 0.962792 0.328987
vt 0.966663 0.333768
vt 0.964420 0.335063
vt 0.970163 0.337268
vt 0.968868 0.339512
vt 0.974944 0.338550
vt 0.974944 0.341140
vt 0.979725 0.337269
vt 0.981020 0.339512
vt 0.983225 0.333769
vt 0.985468 0.335064
vt 0.984506 0.328988
vt 0.987096 0.328988
vt 0.983224 0.324208
vt 0.985467 0.322913
vt 0.979725 0.320708
vt 0.981020 0.318465
vt 0.856422 0.113704
vt 0.844218 0.113704
vt 0.844218 0.140863
vt 0.856423 0.140863
vt 0.868627 0.113704
vt 0.868628 0.140863
vt 0.880832 0.113703
vt 0.880832 0.140863
vt 0.893037 0.113703
vt 0.893037 0.140863
vt 0.905242 0.113703
vt 0.905242 0.140862
vt 0.917447 0.113703
vt 0.917447 0.140862
vt 0.929652 0.113703
vt 0.929653 0.140863
vt 0.941857 0.113703
vt 0.941858 0.140862
vt 0.954063 0.113703
vt 0.954063 0.140862
vt 0.966268 0.113702
vt 0.966269 0.140862
vt 0.978474 0.113702
vt 0.978474 0.140861
vt 0.990680 0.113702
vt 0.990680 0.140861
vt 0.869856 0.156477
vt 0.868502 0.151067
vt 0.871328 0.162016
vt 0.871771 0.167592
vt 0.870713 0.173022
vt 0.868307 0.178136
vt 0.865137 0.182969
vt 0.861985 0.187757
vt 0.859640 0.192734
vt 0.858691 0.197931
vt 0.859270 0.203176
vt 0.860932 0.208321
vt 0.862711 0.213452
vt 0.876402 0.155461
vt 0.875212 0.149979
vt 0.877714 0.161472
vt 0.878073 0.168109
vt 0.876809 0.174783
vt 0.874158 0.180799
vt 0.870951 0.185908
vt 0.868044 0.190301
vt 0.866053 0.194320
vt 0.865297 0.198264
vt 0.865796 0.202360
vt 0.867215 0.206830
vt 0.868812 0.211794
vt 0.961292 0.335079
vt 0.959899 0.327564
vt 0.953222 0.327047
vt 0.955166 0.337445
vt 0.962449 0.320348
vt 0.956781 0.317039
vt 0.968261 0.315376
vt 0.965030 0.309958
vt 0.975834 0.313935
vt 0.976262 0.307804
vt 0.983069 0.316412
vt 0.986983 0.311590
vt 0.988041 0.322143
vt 0.994107 0.319918
vt 0.989481 0.329757
vt 0.996113 0.330227
vt 0.987004 0.337084
vt 0.992653 0.340070
vt 0.981274 0.342048
vt 0.984439 0.347195
vt 0.973690 0.343441
vt 0.973287 0.349383
vt 0.966310 0.340891
vt 0.962280 0.345659
vt 0.991359 0.093964
vt 0.975682 0.093964
vt 0.975682 0.108859
vt 0.991359 0.108859
vt 0.960534 0.093964
vt 0.960534 0.108859
vt 0.946385 0.093964
vt 0.946385 0.108859
vt 0.932542 0.093964
vt 0.932543 0.108859
vt 0.917698 0.093964
vt 0.917698 0.108859
vt 0.901780 0.093964
vt 0.901780 0.108859
vt 0.885860 0.093964
vt 0.885860 0.108859
vt 0.871138 0.093964
vt 0.871138 0.108859
vt 0.856929 0.093964
vt 0.856929 0.108859
vt 0.842719 0.093964
vt 0.842719 0.108859
vt 0.827938 0.093964
vt 0.827938 0.108859
vt 0.812260 0.093964
vt 0.812262 0.108859
vt 0.990368 0.303306
vt 0.990368 0.297080
vt 0.883110 0.297080
vt 0.883110 0.303306
vt 0.990368 0.291389
vt 0.883110 0.291389
vt 0.990368 0.285699
vt 0.883110 0.285699
vt 0.990368 0.280009
vt 0.883110 0.280009
vt 0.990368 0.274318
vt 0.883110 0.274318
vt 0.990368 0.268627
vt 0.883110 0.268627
vt 0.990368 0.262870
vt 0.883110 0.262870
vt 0.990368 0.257247
vt 0.883110 0.257247
vt 0.990368 0.251556
vt 0.883110 0.251556
vt 0.990368 0.245803
vt 0.883110 0.245803
vt 0.990368 0.240047
vt 0.883110 0.240047
vt 0.990368 0.235232
vt 0.883110 0.235232
vt 0.863972 0.297080
vt 0.863972 0.303306
vt 0.863972 0.291389
vt 0.863972 0.285699
vt 0.863972 0.280009
vt 0.863972 0.274318
vt 0.863972 0.268627
vt 0.863972 0.262870
vt 0.863972 0.257247
vt 0.863972 0.251556
vt 0.863972 0.245803
vt 0.863972 0.240047
vt 0.863972 0.235232
vt 0.848548 0.297080
vt 0.848548 0.303306
vt 0.848548 0.291389
vt 0.848548 0.285699
vt 0.848548 0.280009
vt 0.848548 0.274318
vt 0.848548 0.268627
vt 0.848548 0.262870
vt 0.848548 0.257247
vt 0.848548 0.251556
vt 0.848548 0.245803
vt 0.848548 0.240047
vt 0.848548 0.235232
vt 0.991655 0.147230
vt 0.983157 0.147230
vt 0.983157 0.154067
vt 0.991655 0.154067
vt 0.974562 0.147230
vt 0.974562 0.154067
vt 0.966181 0.147230
vt 0.966181 0.154067
vt 0.957568 0.147230
vt 0.957568 0.154067
vt 0.948467 0.147230
vt 0.948467 0.154067
vt 0.938850 0.147230
vt 0.938850 0.154067
vt 0.929118 0.147230
vt 0.929118 0.154067
vt 0.919618 0.147230
vt 0.919618 0.154067
vt 0.910547 0.147230
vt 0.910547 0.154067
vt 0.902063 0.147230
vt 0.902063 0.154067
vt 0.894127 0.147230
vt 0.894127 0.154067
vt 0.886909 0.147230
vt 0.886909 0.154067
vt 0.983157 0.182008
vt 0.991655 0.182008
vt 0.974562 0.182008
vt 0.966181 0.182008
vt 0.957568 0.182008
vt 0.948467 0.182008
vt 0.938850 0.182008
vt 0.929118 0.182008
vt 0.919618 0.182008
vt 0.910547 0.182008
vt 0.902063 0.182008
vt 0.894127 0.182008
vt 0.886909 0.182008
vt 0.932540 0.108859
vt 0.985430 0.229885
vt 0.991642 0.229891
vt 0.991642 0.186158
vt 0.985430 0.186152
vt 0.979217 0.229880
vt 0.979217 0.186147
vt 0.973005 0.229879
vt 0.973005 0.186146
vt 0.966792 0.229880
vt 0.966792 0.186147
vt 0.960580 0.229885
vt 0.960580 0.186152
vt 0.954368 0.229891
vt 0.954367 0.186158
vt 0.948155 0.229897
vt 0.948155 0.186164
vt 0.941943 0.229901
vt 0.941943 0.186168
vt 0.935730 0.229903
vt 0.935730 0.186170
vt 0.929518 0.229901
vt 0.929518 0.186168
vt 0.923305 0.229897
vt 0.923305 0.186164
vt 0.917093 0.229891
vt 0.917093 0.186158
s 1
usemtl TUBE
f 843/196/229 844/197/229 845/198/229
f 843/196/229 845/198/229 846/199/230
f 847/200/231 848/201/231 849/202/231
f 847/200/231 849/202/231 850/203/231
f 851/204/232 852/200/232 853/203/232
f 851/204/232 853/203/232 854/205/232
f 855/206/233 856/204/233 857/205/233
f 855/206/233 857/205/233 858/207/233
f 859/208/234 860/206/234 861/207/234
f 859/208/234 861/207/234 862/209/234
s 0
f 863/210/235 864/208/235 865/209/235
f 863/210/236 865/209/236 866/211/236
s 1
f 867/212/237 868/210/238 869/211/237
f 867/212/237 869/211/237 870/213/238
f 871/197/239 872/212/239 873/213/239
f 871/197/239 873/213/239 874/198/239
f 875/214/240 876/199/240 877/198/241
f 875/214/240 877/198/241 878/215/240
f 879/216/242 880/203/243 881/202/244
f 879/216/242 881/202/244 882/217/244
f 883/218/245 884/205/246 885/203/245
f 883/218/245 885/203/245 886/216/245
f 887/219/247 888/207/247 889/205/247
f 887/219/247 889/205/247 890/218/247
f 891/220/248 892/209/248 893/207/248
f 891/220/248 893/207/248 894/219/248
f 895/221/249 896/211/250 897/209/250
f 895/221/249 897/209/250 898/220/249
f 899/222/251 900/213/252 901/211/252
f 899/222/251 901/211/252 902/221/253
f 903/215/254 904/198/254 905/213/254
f 903/215/254 905/213/254 906/222/254
f 907/223/255 908/214/255 909/215/255
f 907/223/255 909/215/255 910/224/255
f 911/225/256 912/216/256 913/217/256
f 911/225/256 913/217/256 914/226/257
f 915/227/258 916/218/259 917/216/259
f 915/227/258 917/216/259 918/225/258
f 919/228/260 920/219/261 921/218/261
f 919/228/260 921/218/261 922/227/261
f 923/229/262 924/220/262 925/219/262
f 923/229/262 925/219/262 926/228/262
f 927/230/263 928/221/263 929/220/263
f 927/230/263 929/220/263 930/229/263
f 931/231/264 932/222/265 933/221/266
f 931/231/264 933/221/266 934/230/265
f 935/224/267 936/215/267 937/222/268
f 935/224/267 937/222/268 938/231/268
f 939/232/269 940/233/269 941/234/269
f 939/232/269 941/234/269 942/235/269
f 943/236/270 944/237/270 945/238/271
f 943/236/270 945/238/271 946/239/270
f 947/240/272 948/236/272 949/239/272
f 947/240/272 949/239/272 950/241/272
f 951/242/273 952/243/273 953/240/274
f 951/242/273 953/240/274 954/241/273
f 955/244/275 956/245/275 957/243/276
f 955/244/275 957/243/276 958/242/275
f 959/246/277 960/247/278 961/245/278
f 959/246/277 961/245/278 962/244/278
f 963/248/279 964/249/279 965/247/279
f 963/248/279 965/247/279 966/246/279
f 967/233/280 968/249/281 969/248/281
f 967/233/280 969/248/281 970/234/281
f 971/250/282 972/251/283 973/223/282
f 971/250/282 973/223/282 974/224/284
f 975/252/285 976/225/286 977/226/285
f 975/252/285 977/226/285 978/253/285
f 979/254/287 980/227/288 981/225/287
f 979/254/287 981/225/287 982/252/287
f 983/255/289 984/228/289 985/227/290
f 983/255/289 985/227/290 986/254/289
f 987/256/291 988/229/291 989/228/292
f 987/256/291 989/228/292 990/255/291
f 991/256/293 992/257/293 993/230/293
f 991/256/293 993/230/293 994/229/294
f 995/257/295 996/258/295 997/231/296
f 995/257/295 997/231/296 998/230/296
f 999/258/297 1000/250/297 1001/224/297
f 999/258/297 1001/224/297 1002/231/297
f 1003/259/298 1004/260/299 1005/261/298
f 1003/259/298 1005/261/298 1006/262/299
f 1007/263/300 1008/264/301 1009/265/300
f 1007/263/300 1009/265/300 1010/266/300
f 1011/267/302 1012/268/303 1013/265/304
f 1011/267/302 1013/265/304 1014/264/305
f 1015/269/306 1016/270/307 1017/268/308
f 1015/269/306 1017/268/308 1018/267/309
f 1019/271/310 1020/272/310 1021/270/310
f 1019/271/310 1021/270/310 1022/269/310
f 1023/273/311 1024/274/311 1025/272/311
f 1023/273/311 1025/272/311 1026/271/311
f 1027/273/312 1028/275/312 1029/276/312
f 1027/273/312 1029/276/312 1030/274/312
f 1031/275/313 1032/259/313 1033/262/314
f 1031/275/313 1033/262/314 1034/276/314
f 1035/250/315 1036/262/315 1037/261/315
f 1035/250/315 1037/261/315 1038/251/315
f 1039/253/316 1040/266/317 1041/265/316
f 1039/253/316 1041/265/316 1042/252/316
f 1043/252/318 1044/265/318 1045/268/318
f 1043/252/318 1045/268/318 1046/254/318
f 1047/254/319 1048/268/319 1049/270/319
f 1047/254/319 1049/270/319 1050/255/319
f 1051/255/320 1052/270/320 1053/272/320
f 1051/255/320 1053/272/320 1054/256/320
f 1055/256/321 1056/272/322 1057/274/322
f 1055/256/321 1057/274/322 1058/257/322
f 1059/257/323 1060/274/323 1061/276/323
f 1059/257/323 1061/276/323 1062/258/323
f 1063/258/324 1064/276/324 1065/262/324
f 1063/258/324 1065/262/324 1066/250/324
f 1067/232/325 1068/260/325 1069/259/326
f 1067/232/325 1069/259/326 1070/233/326
f 1071/233/327 1072/259/327 1073/275/327
f 1071/233/327 1073/275/327 1074/249/327
f 1075/249/328 1076/275/329 1077/273/330
f 1075/249/328 1077/273/330 1078/247/331
f 1079/247/332 1080/273/332 1081/271/332
f 1079/247/332 1081/271/332 1082/245/332
f 1083/245/333 1084/271/334 1085/269/335
f 1083/245/333 1085/269/335 1086/243/335
f 1087/243/336 1088/269/336 1089/267/336
f 1087/243/336 1089/267/336 1090/240/336
f 1091/240/337 1092/267/337 1093/264/337
f 1091/240/337 1093/264/337 1094/236/338
f 1095/236/339 1096/264/340 1097/263/339
f 1095/236/339 1097/263/339 1098/237/339
f 1099/277/341 1100/278/341 1101/279/342
f 1099/277/341 1101/279/342 1102/280/343
f 1103/280/344 1104/279/345 1105/281/345
f 1103/280/344 1105/281/345 1106/282/346
f 1107/282/347 1108/281/347 1109/283/347
f 1107/282/347 1109/283/347 1110/284/348
s 0
f 1111/284/349 1112/283/349 1113/285/349
s 1
f 1111/284/349 1113/285/349 1114/286/349
f 1115/286/341 1116/285/343 1117/287/342
f 1115/286/341 1117/287/342 1118/288/350
f 1119/288/346 1120/287/344 1121/289/346
f 1119/288/346 1121/289/346 1122/290/346
f 1123/290/347 1124/289/347 1125/291/347
f 1123/290/347 1125/291/347 1126/292/347
s 0
f 1127/292/351 1128/291/352 1129/278/351
s 1
f 1127/292/353 1129/278/353 1130/277/353
s 0
f 1131/278/354 1132/293/354 1133/294/354
f 1131/278/354 1133/294/354 1134/279/354
f 1135/279/355 1136/294/355 1137/295/355
f 1135/279/355 1137/295/355 1138/281/355
f 1139/281/356 1140/295/356 1141/296/356
f 1139/281/356 1141/296/356 1142/283/356
f 1143/283/357 1144/296/357 1145/297/357
f 1143/283/357 1145/297/357 1146/285/357
f 1147/285/358 1148/297/358 1149/298/358
f 1147/285/358 1149/298/358 1150/287/358
f 1151/287/359 1152/298/359 1153/299/359
f 1151/287/359 1153/299/359 1154/289/359
f 1155/289/360 1156/299/360 1157/300/360
f 1155/289/360 1157/300/360 1158/291/360
f 1159/291/361 1160/300/361 1161/293/361
f 1159/291/361 1161/293/361 1162/278/361
s 1
f 1163/196/229 1164/197/229 1165/198/229
f 1163/196/229 1165/198/229 1166/199/229
f 1167/200/231 1168/201/362 1169/202/231
f 1167/200/231 1169/202/231 1170/203/231
f 1171/204/232 1172/200/232 1173/203/232
f 1171/204/232 1173/203/232 1174/205/232
f 1175/206/233 1176/204/233 1177/205/233
f 1175/206/233 1177/205/233 1178/207/233
f 1179/208/234 1180/206/234 1181/207/234
f 1179/208/234 1181/207/234 1182/209/234
s 0
f 1183/210/235 1184/208/235 1185/209/235
f 1183/210/236 1185/209/236 1186/211/236
s 1
f 1187/212/237 1188/210/238 1189/211/237
f 1187/212/237 1189/211/237 1190/213/237
f 1191/197/239 1192/212/239 1193/213/239
f 1191/197/239 1193/213/239 1194/198/239
f 1195/214/240 1196/199/363 1197/198/241
f 1195/214/240 1197/198/241 1198/215/240
f 1199/216/242 1200/203/364 1201/202/244
f 1199/216/242 1201/202/244 1202/217/244
f 1203/218/245 1204/205/245 1205/203/245
f 1203/218/245 1205/203/245 1206/216/245
f 1207/219/247 1208/207/247 1209/205/247
f 1207/219/247 1209/205/247 1210/218/247
f 1211/220/248 1212/209/248 1213/207/248
f 1211/220/248 1213/207/248 1214/219/248
f 1215/221/249 1216/211/250 1217/209/250
f 1215/221/249 1217/209/250 1218/220/249
f 1219/222/251 1220/213/252 1221/211/252
f 1219/222/251 1221/211/252 1222/221/365
f 1223/215/254 1224/198/254 1225/213/254
f 1223/215/254 1225/213/254 1226/222/254
f 1227/223/255 1228/214/255 1229/215/255
f 1227/223/255 1229/215/255 1230/224/255
f 1231/225/257 1232/216/257 1233/217/256
f 1231/225/257 1233/217/256 1234/226/256
f 1235/227/259 1236/218/259 1237/216/259
f 1235/227/259 1237/216/259 1238/225/259
f 1239/228/260 1240/219/261 1241/218/261
f 1239/228/260 1241/218/261 1242/227/261
f 1243/229/262 1244/220/262 1245/219/262
f 1243/229/262 1245/219/262 1246/228/262
f 1247/230/263 1248/221/263 1249/220/263
f 1247/230/263 1249/220/263 1250/229/263
f 1251/231/366 1252/222/265 1253/221/266
f 1251/231/366 1253/221/266 1254/230/366
f 1255/224/267 1256/215/267 1257/222/268
f 1255/224/267 1257/222/268 1258/231/268
f 1259/232/269 1260/233/269 1261/234/269
f 1259/232/269 1261/234/269 1262/235/367
f 1263/236/270 1264/237/270 1265/238/368
f 1263/236/270 1265/238/368 1266/239/271
f 1267/240/369 1268/236/272 1269/239/370
f 1267/240/369 1269/239/370 1270/241/272
f 1271/242/273 1272/243/273 1273/240/274
f 1271/242/273 1273/240/274 1274/241/273
f 1275/244/275 1276/245/275 1277/243/275
f 1275/244/275 1277/243/275 1278/242/275
f 1279/246/278 1280/247/278 1281/245/278
f 1279/246/278 1281/245/278 1282/244/278
f 1283/248/279 1284/249/279 1285/247/279
f 1283/248/279 1285/247/279 1286/246/279
f 1287/233/280 1288/249/281 1289/248/371
f 1287/233/280 1289/248/371 1290/234/281
f 1291/250/284 1292/251/283 1293/223/282
f 1291/250/284 1293/223/282 1294/224/284
f 1295/252/285 1296/225/286 1297/226/285
f 1295/252/285 1297/226/285 1298/253/372
f 1299/254/287 1300/227/373 1301/225/374
f 1299/254/287 1301/225/374 1302/252/287
f 1303/255/289 1304/228/289 1305/227/289
f 1303/255/289 1305/227/289 1306/254/289
f 1307/256/291 1308/229/291 1309/228/291
f 1307/256/291 1309/228/291 1310/255/291
f 1311/256/293 1312/257/293 1313/230/293
f 1311/256/293 1313/230/293 1314/229/294
f 1315/257/295 1316/258/295 1317/231/296
f 1315/257/295 1317/231/296 1318/230/296
f 1319/258/297 1320/250/297 1321/224/297
f 1319/258/297 1321/224/297 1322/231/375
f 1323/259/299 1324/260/299 1325/261/299
f 1323/259/299 1325/261/299 1326/262/299
f 1327/263/300 1328/264/301 1329/265/300
f 1327/263/300 1329/265/300 1330/266/300
f 1331/267/302 1332/268/302 1333/265/304
f 1331/267/302 1333/265/304 1334/264/303
f 1335/269/376 1336/270/309 1337/268/308
f 1335/269/376 1337/268/308 1338/267/377
f 1339/271/378 1340/272/310 1341/270/310
f 1339/271/378 1341/270/310 1342/269/310
f 1343/273/311 1344/274/311 1345/272/311
f 1343/273/311 1345/272/311 1346/271/311
f 1347/273/312 1348/275/312 1349/276/312
f 1347/273/312 1349/276/312 1350/274/312
f 1351/275/314 1352/259/379 1353/262/379
f 1351/275/314 1353/262/379 1354/276/314
f 1355/250/315 1356/262/315 1357/261/315
f 1355/250/315 1357/261/315 1358/251/315
f 1359/253/380 1360/266/317 1361/265/381
f 1359/253/380 1361/265/381 1362/252/316
f 1363/252/318 1364/265/318 1365/268/318
f 1363/252/318 1365/268/318 1366/254/318
f 1367/254/319 1368/268/319 1369/270/319
f 1367/254/319 1369/270/319 1370/255/319
f 1371/255/320 1372/270/320 1373/272/320
f 1371/255/320 1373/272/320 1374/256/382
f 1375/256/322 1376/272/322 1377/274/322
f 1375/256/322 1377/274/322 1378/257/322
f 1379/257/323 1380/274/323 1381/276/323
f 1379/257/323 1381/276/323 1382/258/323
f 1383/258/324 1384/276/324 1385/262/324
f 1383/258/324 1385/262/324 1386/250/324
f 1387/232/325 1388/260/325 1389/259/326
f 1387/232/325 1389/259/326 1390/233/326
f 1391/233/327 1392/259/327 1393/275/327
f 1391/233/327 1393/275/327 1394/249/327
f 1395/249/328 1396/275/329 1397/273/329
f 1395/249/328 1397/273/329 1398/247/330
f 1399/247/332 1400/273/332 1401/271/332
f 1399/247/332 1401/271/332 1402/245/332
f 1403/245/333 1404/271/335 1405/269/335
f 1403/245/333 1405/269/335 1406/243/335
f 1407/243/336 1408/269/336 1409/267/336
f 1407/243/336 1409/267/336 1410/240/336
f 1411/240/338 1412/267/338 1413/264/337
f 1411/240/338 1413/264/337 1414/236/338
f 1415/236/339 1416/264/339 1417/263/339
f 1415/236/339 1417/263/339 1418/237/339
s 0
f 1419/277/341 1420/278/383 1421/279/383
s 1
f 1419/277/343 1421/279/343 1422/280/343
f 1423/280/344 1424/279/346 1425/281/346
f 1423/280/344 1425/281/346 1426/282/346
f 1427/282/347 1428/281/348 1429/283/348
f 1427/282/347 1429/283/348 1430/284/347
f 1431/284/352 1432/283/384 1433/285/384
f 1431/284/352 1433/285/384 1434/286/349
s 0
f 1435/286/343 1436/285/343 1437/287/343
s 1
f 1435/286/343 1437/287/343 1438/288/343
f 1439/288/344 1440/287/344 1441/289/346
f 1439/288/344 1441/289/346 1442/290/346
f 1443/290/347 1444/289/348 1445/291/347
f 1443/290/347 1445/291/347 1446/292/348
f 1447/292/352 1448/291/352 1449/278/385
f 1447/292/352 1449/278/385 1450/277/386
s 0
f 1451/278/354 1452/293/354 1453/294/354
f 1451/278/354 1453/294/354 1454/279/354
f 1455/279/355 1456/294/355 1457/295/355
f 1455/279/355 1457/295/355 1458/281/355
f 1459/281/356 1460/295/356 1461/296/356
f 1459/281/356 1461/296/356 1462/283/356
f 1463/283/357 1464/296/357 1465/297/357
f 1463/283/357 1465/297/357 1466/285/357
f 1467/285/358 1468/297/358 1469/298/358
f 1467/285/358 1469/298/358 1470/287/358
f 1471/287/359 1472/298/359 1473/299/359
f 1471/287/359 1473/299/359 1474/289/359
f 1475/289/360 1476/299/360 1477/300/360
f 1475/289/360 1477/300/360 1478/291/360
f 1479/291/361 1480/300/361 1481/293/361
f 1479/291/361 1481/293/361 1482/278/361
s 1
f 1483/196/387 1484/199/388 1485/198/387
f 1483/196/387 1485/198/387 1486/197/387
f 1487/200/389 1488/203/390 1489/202/390
f 1487/200/389 1489/202/390 1490/201/389
f 1491/204/391 1492/205/391 1493/203/391
f 1491/204/391 1493/203/391 1494/200/391
f 1495/206/392 1496/207/392 1497/205/392
f 1495/206/392 1497/205/392 1498/204/392
f 1499/208/393 1500/209/393 1501/207/393
f 1499/208/393 1501/207/393 1502/206/393
s 0
f 1503/210/394 1504/211/394 1505/209/394
f 1503/210/395 1505/209/395 1506/208/395
s 1
f 1507/212/396 1508/213/397 1509/211/396
f 1507/212/396 1509/211/396 1510/210/397
f 1511/197/398 1512/198/398 1513/213/398
f 1511/197/398 1513/213/398 1514/212/398
f 1515/214/399 1516/215/399 1517/198/400
f 1515/214/399 1517/198/400 1518/199/399
f 1519/216/401 1520/217/402 1521/202/402
f 1519/216/401 1521/202/402 1522/203/402
f 1523/218/403 1524/216/403 1525/203/403
f 1523/218/403 1525/203/403 1526/205/404
f 1527/219/405 1528/218/405 1529/205/405
f 1527/219/405 1529/205/405 1530/207/405
f 1531/220/406 1532/219/406 1533/207/406
f 1531/220/406 1533/207/406 1534/209/406
f 1535/221/407 1536/220/408 1537/209/409
f 1535/221/407 1537/209/409 1538/211/409
f 1539/222/410 1540/221/410 1541/211/411
f 1539/222/410 1541/211/411 1542/213/411
f 1543/215/412 1544/222/412 1545/213/412
f 1543/215/412 1545/213/412 1546/198/412
f 1547/223/413 1548/224/413 1549/215/413
f 1547/223/413 1549/215/413 1550/214/413
f 1551/225/414 1552/226/415 1553/217/414
f 1551/225/414 1553/217/414 1554/216/415
f 1555/227/416 1556/225/417 1557/216/416
f 1555/227/416 1557/216/416 1558/218/416
f 1559/228/418 1560/227/418 1561/218/419
f 1559/228/418 1561/218/419 1562/219/419
f 1563/229/420 1564/228/420 1565/219/420
f 1563/229/420 1565/219/420 1566/220/420
f 1567/230/421 1568/229/421 1569/220/421
f 1567/230/421 1569/220/421 1570/221/421
f 1571/231/422 1572/230/423 1573/221/424
f 1571/231/422 1573/221/424 1574/222/425
f 1575/224/426 1576/231/427 1577/222/427
f 1575/224/426 1577/222/427 1578/215/426
f 1579/234/428 1580/233/429 1581/232/428
f 1579/234/428 1581/232/428 1582/235/429
f 1583/238/430 1584/237/430 1585/236/430
f 1583/238/430 1585/236/430 1586/239/430
f 1587/239/431 1588/236/432 1589/240/432
f 1587/239/431 1589/240/432 1590/241/432
f 1591/242/433 1592/241/434 1593/240/434
f 1591/242/433 1593/240/434 1594/243/433
f 1595/244/435 1596/242/435 1597/243/436
f 1595/244/435 1597/243/436 1598/245/435
f 1599/246/437 1600/244/438 1601/245/438
f 1599/246/437 1601/245/438 1602/247/438
f 1603/248/439 1604/246/439 1605/247/439
f 1603/248/439 1605/247/439 1606/249/439
f 1607/248/440 1608/249/440 1609/233/441
f 1607/248/440 1609/233/441 1610/234/440
f 1611/250/442 1612/224/443 1613/223/442
f 1611/250/442 1613/223/442 1614/251/444
f 1615/226/445 1616/225/445 1617/252/445
f 1615/226/445 1617/252/445 1618/253/445
f 1619/225/446 1620/227/447 1621/254/448
f 1619/225/446 1621/254/448 1622/252/446
f 1623/227/449 1624/228/449 1625/255/449
f 1623/227/449 1625/255/449 1626/254/449
f 1627/228/450 1628/229/451 1629/256/451
f 1627/228/450 1629/256/451 1630/255/451
f 1631/256/452 1632/229/453 1633/230/452
f 1631/256/452 1633/230/452 1634/257/452
f 1635/257/454 1636/230/455 1637/231/456
f 1635/257/454 1637/231/456 1638/258/457
f 1639/258/458 1640/231/458 1641/224/458
f 1639/258/458 1641/224/458 1642/250/458
f 1643/259/459 1644/262/460 1645/261/461
f 1643/259/459 1645/261/461 1646/260/461
f 1647/263/462 1648/266/462 1649/265/463
f 1647/263/462 1649/265/463 1650/264/463
f 1651/265/464 1652/268/465 1653/267/465
f 1651/265/464 1653/267/465 1654/264/466
f 1655/268/467 1656/270/468 1657/269/469
f 1655/268/467 1657/269/469 1658/267/470
f 1659/270/471 1660/272/471 1661/271/471
f 1659/270/471 1661/271/471 1662/269/471
f 1663/272/472 1664/274/472 1665/273/472
f 1663/272/472 1665/273/472 1666/271/472
f 1667/273/473 1668/274/473 1669/276/473
f 1667/273/473 1669/276/473 1670/275/473
f 1671/275/474 1672/276/475 1673/262/475
f 1671/275/474 1673/262/475 1674/259/475
f 1675/250/476 1676/251/476 1677/261/476
f 1675/250/476 1677/261/476 1678/262/476
f 1679/253/477 1680/252/478 1681/265/477
f 1679/253/477 1681/265/477 1682/266/479
f 1683/252/480 1684/254/480 1685/268/480
f 1683/252/480 1685/268/480 1686/265/480
f 1687/254/481 1688/255/481 1689/270/481
f 1687/254/481 1689/270/481 1690/268/481
f 1691/255/482 1692/256/482 1693/272/482
f 1691/255/482 1693/272/482 1694/270/482
f 1695/256/483 1696/257/483 1697/274/483
f 1695/256/483 1697/274/483 1698/272/483
f 1699/257/484 1700/258/484 1701/276/484
f 1699/257/484 1701/276/484 1702/274/484
f 1703/258/485 1704/250/485 1705/262/485
f 1703/258/485 1705/262/485 1706/276/485
f 1707/232/486 1708/233/487 1709/259/487
f 1707/232/486 1709/259/487 1710/260/486
f 1711/233/488 1712/249/488 1713/275/488
f 1711/233/488 1713/275/488 1714/259/488
f 1715/249/489 1716/247/489 1717/273/490
f 1715/249/489 1717/273/490 1718/275/490
f 1719/247/491 1720/245/491 1721/271/491
f 1719/247/491 1721/271/491 1722/273/491
f 1723/245/492 1724/243/493 1725/269/493
f 1723/245/492 1725/269/493 1726/271/492
f 1727/243/494 1728/240/494 1729/267/494
f 1727/243/494 1729/267/494 1730/269/494
f 1731/240/495 1732/236/496 1733/264/495
f 1731/240/495 1733/264/495 1734/267/495
f 1735/236/497 1736/237/497 1737/263/497
f 1735/236/497 1737/263/497 1738/264/497
f 1739/277/498 1740/280/499 1741/279/500
f 1739/277/498 1741/279/500 1742/278/498
f 1743/280/501 1744/282/501 1745/281/501
f 1743/280/501 1745/281/501 1746/279/502
f 1747/282/503 1748/284/504 1749/283/503
f 1747/282/503 1749/283/503 1750/281/503
f 1751/284/505 1752/286/506 1753/285/505
s 0
f 1751/284/505 1753/285/505 1754/283/505
s 1
f 1755/286/498 1756/288/507 1757/287/507
f 1755/286/498 1757/287/507 1758/285/499
f 1759/288/502 1760/290/501 1761/289/501
f 1759/288/502 1761/289/501 1762/287/501
f 1763/290/503 1764/292/504 1765/291/504
f 1763/290/503 1765/291/504 1766/289/503
f 1767/292/508 1768/277/508 1769/278/508
s 0
f 1767/292/509 1769/278/509 1770/291/510
f 1771/278/357 1772/279/357 1773/294/357
f 1771/278/357 1773/294/357 1774/293/357
f 1775/279/356 1776/281/356 1777/295/356
f 1775/279/356 1777/295/356 1778/294/356
f 1779/281/355 1780/283/355 1781/296/355
f 1779/281/355 1781/296/355 1782/295/355
f 1783/283/354 1784/285/354 1785/297/354
f 1783/283/354 1785/297/354 1786/296/354
f 1787/285/361 1788/287/361 1789/298/361
f 1787/285/361 1789/298/361 1790/297/361
f 1791/287/360 1792/289/360 1793/299/360
f 1791/287/360 1793/299/360 1794/298/360
f 1795/289/359 1796/291/359 1797/300/359
f 1795/289/359 1797/300/359 1798/299/359
f 1799/291/358 1800/278/358 1801/293/358
f 1799/291/358 1801/293/358 1802/300/358
f 1803/301/511 1804/302/511 1805/303/511
f 1803/301/511 1805/303/511 1806/304/511
f 1807/302/512 1808/305/512 1809/306/512
f 1807/302/512 1809/306/512 1810/303/512
s 1
f 1811/305/513 1812/307/513 1813/308/513
f 1811/305/513 1813/308/513 1814/306/513
s 0
f 1815/307/514 1816/309/514 1817/310/514
f 1815/307/514 1817/310/514 1818/308/514
f 1819/309/515 1820/311/515 1821/312/515
f 1819/309/515 1821/312/515 1822/310/515
f 1823/311/516 1824/313/516 1825/314/516
f 1823/311/516 1825/314/516 1826/312/516
f 1827/313/517 1828/315/517 1829/316/517
f 1827/313/517 1829/316/517 1830/314/517
f 1831/315/518 1832/317/518 1833/318/518
f 1831/315/518 1833/318/518 1834/316/518
f 1835/317/519 1836/319/519 1837/320/519
f 1835/317/519 1837/320/519 1838/318/519
s 1
f 1839/319/520 1840/321/520 1841/322/520
f 1839/319/520 1841/322/520 1842/320/520
s 0
f 1843/321/521 1844/323/521 1845/324/521
f 1843/321/521 1845/324/521 1846/322/521
f 1847/323/522 1848/325/522 1849/326/522
f 1847/323/522 1849/326/522 1850/324/522
s 1
f 1851/304/523 1852/303/524 1853/327/525
f 1851/304/523 1853/327/525 1854/328/524
f 1855/303/526 1856/306/526 1857/329/526
f 1855/303/526 1857/329/526 1858/327/526
f 1859/306/527 1860/308/528 1861/330/528
f 1859/306/527 1861/330/528 1862/329/529
f 1863/308/530 1864/310/531 1865/331/532
f 1863/308/530 1865/331/532 1866/330/531
f 1867/310/533 1868/312/533 1869/332/533
f 1867/310/533 1869/332/533 1870/331/533
f 1871/312/534 1872/314/535 1873/333/536
f 1871/312/534 1873/333/536 1874/332/537
f 1875/314/538 1876/316/538 1877/334/539
f 1875/314/538 1877/334/539 1878/333/538
f 1879/316/540 1880/318/541 1881/335/542
f 1879/316/540 1881/335/542 1882/334/541
f 1883/318/543 1884/320/544 1885/336/545
f 1883/318/543 1885/336/545 1886/335/546
f 1887/320/547 1888/322/548 1889/337/548
f 1887/320/547 1889/337/548 1890/336/548
f 1891/322/549 1892/324/549 1893/338/550
f 1891/322/549 1893/338/550 1894/337/549
f 1895/324/551 1896/326/551 1897/339/552
f 1895/324/551 1897/339/552 1898/338/551
f 1899/328/553 1900/327/553 1901/340/553
f 1899/328/553 1901/340/553 1902/341/553
f 1903/327/554 1904/329/554 1905/342/554
f 1903/327/554 1905/342/554 1906/340/554
f 1907/329/555 1908/330/555 1909/343/556
f 1907/329/555 1909/343/556 1910/342/556
f 1911/330/557 1912/331/557 1913/344/558
f 1911/330/557 1913/344/558 1914/343/557
f 1915/331/559 1916/332/559 1917/345/559
f 1915/331/559 1917/345/559 1918/344/559
f 1919/332/560 1920/333/560 1921/346/560
f 1919/332/560 1921/346/560 1922/345/560
f 1923/333/561 1924/334/561 1925/347/562
f 1923/333/561 1925/347/562 1926/346/561
f 1927/334/563 1928/335/563 1929/348/563
f 1927/334/563 1929/348/563 1930/347/564
f 1931/335/565 1932/336/566 1933/349/566
f 1931/335/565 1933/349/566 1934/348/566
f 1935/336/567 1936/337/567 1937/350/567
f 1935/336/567 1937/350/567 1938/349/568
f 1939/337/569 1940/338/569 1941/351/569
f 1939/337/569 1941/351/569 1942/350/570
f 1943/338/571 1944/339/571 1945/352/572
f 1943/338/571 1945/352/572 1946/351/571
s 0
f 1947/353/573 1948/354/573 1949/355/573
f 1947/353/573 1949/355/573 1950/356/573
f 1951/357/573 1947/353/573 1950/356/573
f 1951/357/573 1950/356/573 1952/358/573
f 1953/359/573 1951/357/573 1952/358/573
f 1953/359/573 1952/358/573 1954/360/573
f 1955/361/573 1953/359/573 1954/360/573
f 1955/361/573 1954/360/573 1956/362/573
f 1957/363/573 1955/361/573 1956/362/573
f 1957/363/573 1956/362/573 1958/364/573
f 1959/365/573 1957/363/573 1958/364/573
f 1959/365/573 1958/364/573 1960/366/573
f 1961/367/573 1959/365/573 1960/366/573
f 1961/367/573 1960/366/573 1962/368/573
f 1963/369/573 1961/367/573 1962/368/573
f 1963/369/573 1962/368/573 1964/370/573
f 1965/371/573 1963/369/573 1964/370/573
f 1965/371/573 1964/370/573 1966/372/573
f 1967/373/573 1965/371/573 1966/372/573
f 1967/373/573 1966/372/573 1968/374/573
f 1969/375/573 1967/373/573 1968/374/573
f 1969/375/573 1968/374/573 1970/376/573
f 1948/354/573 1969/375/573 1970/376/573
f 1948/354/573 1970/376/573 1949/355/573
f 1971/377/511 1972/378/511 1973/379/511
f 1971/377/511 1973/379/511 1974/380/511
f 1975/381/512 1976/377/512 1977/380/512
f 1975/381/512 1977/380/512 1978/382/512
f 1979/383/513 1980/381/513 1981/382/513
f 1979/383/513 1981/382/513 1982/384/513
f 1983/385/514 1984/383/514 1985/384/514
f 1983/385/514 1985/384/514 1986/386/514
f 1987/387/515 1988/385/515 1989/386/515
f 1987/387/515 1989/386/515 1990/388/515
f 1991/389/516 1992/387/516 1993/388/516
f 1991/389/516 1993/388/516 1994/390/516
f 1995/391/517 1996/389/517 1997/390/517
f 1995/391/517 1997/390/517 1998/392/517
f 1999/393/518 2000/391/518 2001/392/518
f 1999/393/518 2001/392/518 2002/394/518
f 2003/395/519 2004/393/519 2005/394/519
f 2003/395/519 2005/394/519 2006/396/519
f 2007/397/520 2008/395/520 2009/396/520
f 2007/397/520 2009/396/520 2010/398/520
f 2011/399/521 2012/397/521 2013/398/521
f 2011/399/521 2013/398/521 2014/400/521
f 2015/401/522 2016/399/522 2017/400/522
f 2015/401/522 2017/400/522 2018/402/522
s 1
f 2019/341/574 2020/340/574 2021/403/574
f 2019/341/574 2021/403/574 2022/404/574
f 2023/340/575 2024/342/575 2025/405/575
f 2023/340/575 2025/405/575 2026/403/575
f 2027/342/576 2028/343/577 2029/406/577
f 2027/342/576 2029/406/577 2030/405/577
f 2031/343/578 2032/344/579 2033/407/578
f 2031/343/578 2033/407/578 2034/406/579
f 2035/344/580 2036/345/580 2037/408/580
f 2035/344/580 2037/408/580 2038/407/580
f 2039/345/581 2040/346/581 2041/409/581
f 2039/345/581 2041/409/581 2042/408/581
f 2043/346/582 2044/347/582 2045/410/582
f 2043/346/582 2045/410/582 2046/409/582
f 2047/347/583 2048/348/583 2049/411/583
f 2047/347/583 2049/411/583 2050/410/583
f 2051/348/584 2052/349/584 2053/412/584
f 2051/348/584 2053/412/584 2054/411/584
f 2055/349/585 2056/350/585 2057/413/585
f 2055/349/585 2057/413/585 2058/412/585
f 2059/350/586 2060/351/586 2061/414/586
f 2059/350/586 2061/414/586 2062/413/586
f 2063/351/587 2064/352/587 2065/415/587
f 2063/351/587 2065/415/587 2066/414/587
s 0
f 2067/403/588 2068/416/588 2069/417/588
f 2067/403/588 2069/417/588 2070/404/588
f 2071/405/589 2072/418/589 2073/416/589
f 2071/405/589 2073/416/589 2074/403/589
f 2075/406/590 2076/419/590 2077/418/590
f 2075/406/590 2077/418/590 2078/405/590
f 2079/407/591 2080/420/591 2081/419/591
f 2079/407/591 2081/419/591 2082/406/591
f 2083/408/592 2084/421/592 2085/420/592
f 2083/408/592 2085/420/592 2086/407/592
f 2087/409/593 2088/422/593 2089/421/593
f 2087/409/593 2089/421/593 2090/408/593
f 2091/410/594 2092/423/594 2093/422/594
f 2091/410/594 2093/422/594 2094/409/594
f 2095/411/595 2096/424/595 2097/423/595
f 2095/411/595 2097/423/595 2098/410/595
f 2099/412/596 2100/425/596 2101/424/596
f 2099/412/596 2101/424/596 2102/411/596
f 2103/413/597 2104/426/597 2105/425/597
f 2103/413/597 2105/425/597 2106/412/597
f 2107/414/598 2108/427/598 2109/426/598
f 2107/414/598 2109/426/598 2110/413/598
f 2111/415/599 2112/428/599 2113/427/599
f 2111/415/599 2113/427/599 2114/414/599
f 2115/429/600 2116/430/600 2117/431/600
f 2115/429/600 2117/431/600 2118/432/600
f 2119/430/600 2120/433/600 2121/434/600
f 2119/430/600 2121/434/600 2122/431/600
f 2123/433/600 2124/435/600 2125/436/600
f 2123/433/600 2125/436/600 2126/434/600
f 2127/435/600 2128/437/600 2129/438/600
f 2127/435/600 2129/438/600 2130/436/600
f 2131/437/600 2132/439/600 2133/440/600
f 2131/437/600 2133/440/600 2134/438/600
f 2135/439/600 2136/441/600 2137/442/600
f 2135/439/600 2137/442/600 2138/440/600
f 2139/441/600 2140/443/600 2141/444/600
f 2139/441/600 2141/444/600 2142/442/600
f 2143/443/600 2144/445/600 2145/446/600
f 2143/443/600 2145/446/600 2146/444/600
f 2147/445/600 2148/447/600 2149/448/600
f 2147/445/600 2149/448/600 2150/446/600
f 2151/447/600 2152/449/600 2153/450/600
f 2151/447/600 2153/450/600 2154/448/600
f 2155/449/600 2156/451/600 2157/452/600
f 2155/449/600 2157/452/600 2158/450/600
f 2159/451/600 2160/429/600 2161/432/600
f 2159/451/600 2161/432/600 2162/452/600
f 2163/453/588 2164/454/588 2165/455/588
f 2163/453/588 2165/455/588 2166/456/588
f 2167/454/589 2168/457/589 2169/458/589
f 2167/454/589 2169/458/589 2170/455/589
f 2171/457/590 2172/459/590 2173/460/590
f 2171/457/590 2173/460/590 2174/458/590
f 2175/459/591 2176/461/591 2177/462/591
f 2175/459/591 2177/462/591 2178/460/591
f 2179/461/592 2180/463/592 2181/464/592
f 2179/461/592 2181/464/592 2182/462/592
f 2183/463/593 2184/465/593 2185/466/593
f 2183/463/593 2185/466/593 2186/464/593
f 2187/465/594 2188/467/594 2189/468/594
f 2187/465/594 2189/468/594 2190/466/594
f 2191/467/595 2192/469/595 2193/470/595
f 2191/467/595 2193/470/595 2194/468/595
f 2195/469/596 2196/471/596 2197/472/596
f 2195/469/596 2197/472/596 2198/470/596
f 2199/471/597 2200/473/597 2201/474/597
f 2199/471/597 2201/474/597 2202/472/597
f 2203/473/598 2204/475/598 2205/476/598
f 2203/473/598 2205/476/598 2206/474/598
f 2207/475/599 2208/477/599 2209/478/599
f 2207/475/599 2209/478/599 2210/476/599
f 2211/434/601 2212/431/601 2213/430/601
f 2211/434/601 2213/430/601 2214/433/601
f 2215/431/601 2216/432/601 2217/429/601
f 2215/431/601 2217/429/601 2218/430/601
f 2219/432/601 2220/452/601 2221/451/601
f 2219/432/601 2221/451/601 2222/429/601
f 2223/452/601 2224/450/601 2225/449/601
f 2223/452/601 2225/449/601 2226/451/601
f 2227/450/601 2228/448/601 2229/447/601
f 2227/450/601 2229/447/601 2230/449/601
f 2231/448/601 2232/446/601 2233/445/601
f 2231/448/601 2233/445/601 2234/447/601
f 2235/446/601 2236/444/601 2237/443/601
f 2235/446/601 2237/443/601 2238/445/601
f 2239/444/601 2240/442/601 2241/441/601
f 2239/444/601 2241/441/601 2242/443/601
f 2243/442/601 2244/440/601 2245/439/601
f 2243/442/601 2245/439/601 2246/441/601
f 2247/440/601 2248/438/601 2249/437/601
f 2247/440/601 2249/437/601 2250/439/601
f 2251/438/601 2252/436/601 2253/435/601
f 2251/438/601 2253/435/601 2254/437/601
f 2255/436/601 2256/434/601 2257/433/601
f 2255/436/601 2257/433/601 2258/435/601
s 1
f 2259/479/602 2260/480/602 2261/481/602
f 2259/479/602 2261/481/602 2262/482/603
f 2263/480/604 2264/483/605 2265/484/605
f 2263/480/604 2265/484/605 2266/481/606
f 2267/483/607 2268/485/608 2269/486/607
f 2267/483/607 2269/486/607 2270/484/607
f 2271/485/609 2272/487/609 2273/488/610
f 2271/485/609 2273/488/610 2274/486/610
f 2275/487/611 2276/489/611 2277/490/611
f 2275/487/611 2277/490/611 2278/488/611
f 2279/489/612 2280/491/613 2281/492/613
f 2279/489/612 2281/492/613 2282/490/614
f 2283/491/615 2284/493/616 2285/494/617
f 2283/491/615 2285/494/617 2286/492/618
f 2287/493/619 2288/495/619 2289/496/619
f 2287/493/619 2289/496/619 2290/494/619
f 2291/495/620 2292/497/620 2293/498/621
f 2291/495/620 2293/498/621 2294/496/620
f 2295/497/622 2296/499/623 2297/500/624
f 2295/497/622 2297/500/624 2298/498/625
f 2299/499/626 2300/501/627 2301/502/626
f 2299/499/626 2301/502/626 2302/500/628
f 2303/501/629 2304/503/630 2305/504/631
f 2303/501/629 2305/504/631 2306/502/632
f 2307/482/633 2308/481/633 2309/505/633
f 2307/482/633 2309/505/633 2310/506/633
f 2311/481/634 2312/484/635 2313/507/634
f 2311/481/634 2313/507/634 2314/505/634
f 2315/484/636 2316/486/636 2317/508/637
f 2315/484/636 2317/508/637 2318/507/636
f 2319/486/638 2320/488/638 2321/509/639
f 2319/486/638 2321/509/639 2322/508/638
f 2323/488/640 2324/490/641 2325/510/640
f 2323/488/640 2325/510/640 2326/509/642
f 2327/490/643 2328/492/643 2329/511/643
f 2327/490/643 2329/511/643 2330/510/643
f 2331/492/644 2332/494/645 2333/512/645
f 2331/492/644 2333/512/645 2334/511/644
f 2335/494/646 2336/496/646 2337/513/647
f 2335/494/646 2337/513/647 2338/512/648
f 2339/496/649 2340/498/649 2341/514/649
f 2339/496/649 2341/514/649 2342/513/649
f 2343/498/650 2344/500/650 2345/515/650
f 2343/498/650 2345/515/650 2346/514/650
f 2347/500/651 2348/502/652 2349/516/653
f 2347/500/651 2349/516/653 2350/515/653
f 2351/502/654 2352/504/655 2353/517/655
f 2351/502/654 2353/517/655 2354/516/655
f 2355/506/656 2356/505/657 2357/518/656
f 2355/506/656 2357/518/656 2358/519/656
f 2359/505/658 2360/507/659 2361/520/658
f 2359/505/658 2361/520/658 2362/518/658
f 2363/507/660 2364/508/661 2365/521/660
f 2363/507/660 2365/521/660 2366/520/660
f 2367/508/662 2368/509/663 2369/522/663
f 2367/508/662 2369/522/663 2370/521/662
f 2371/509/664 2372/510/664 2373/523/664
f 2371/509/664 2373/523/664 2374/522/664
f 2375/510/665 2376/511/666 2377/524/665
f 2375/510/665 2377/524/665 2378/523/665
f 2379/511/667 2380/512/668 2381/525/669
f 2379/511/667 2381/525/669 2382/524/670
f 2383/512/671 2384/513/671 2385/526/672
f 2383/512/671 2385/526/672 2386/525/672
f 2387/513/673 2388/514/674 2389/527/675
f 2387/513/673 2389/527/675 2390/526/674
f 2391/514/676 2392/515/677 2393/528/676
f 2391/514/676 2393/528/676 2394/527/677
f 2395/515/678 2396/516/678 2397/529/679
f 2395/515/678 2397/529/679 2398/528/678
f 2399/516/680 2400/517/680 2401/530/680
f 2399/516/680 2401/530/680 2402/529/681
s 0
f 2403/531/682 2404/532/682 2405/533/682
f 2403/531/682 2405/533/682 2406/534/682
f 2407/532/682 2408/535/682 2409/536/682
f 2407/532/682 2409/536/682 2410/533/682
f 2411/535/682 2412/537/682 2413/538/682
f 2411/535/682 2413/538/682 2414/536/682
f 2415/537/682 2416/539/682 2417/540/682
f 2415/537/682 2417/540/682 2418/538/682
f 2419/539/682 2420/541/682 2421/542/682
f 2419/539/682 2421/542/682 2422/540/682
f 2423/541/682 2424/543/682 2425/544/682
f 2423/541/682 2425/544/682 2426/542/682
f 2427/543/682 2428/545/682 2429/546/682
f 2427/543/682 2429/546/682 2430/544/682
f 2431/545/682 2432/547/682 2433/548/682
f 2431/545/682 2433/548/682 2434/546/682
f 2435/547/682 2436/549/682 2437/550/682
f 2435/547/682 2437/550/682 2438/548/682
f 2439/549/682 2440/551/682 2441/552/682
f 2439/549/682 2441/552/682 2442/550/682
f 2443/551/682 2444/553/682 2445/554/682
f 2443/551/682 2445/554/682 2446/552/682
f 2447/553/682 2448/555/682 2449/556/682
s 1
f 2447/553/682 2449/556/682 2450/554/682
f 2451/534/683 2452/533/683 2453/557/683
f 2451/534/683 2453/557/683 2454/558/683
f 2455/533/684 2456/536/685 2457/559/686
f 2455/533/684 2457/559/686 2458/557/685
f 2459/536/687 2460/538/687 2461/560/687
f 2459/536/687 2461/560/687 2462/559/687
f 2463/538/688 2464/540/688 2465/561/688
f 2463/538/688 2465/561/688 2466/560/688
f 2467/540/689 2468/542/689 2469/562/689
f 2467/540/689 2469/562/689 2470/561/689
f 2471/542/690 2472/544/690 2473/563/691
f 2471/542/690 2473/563/691 2474/562/691
f 2475/544/692 2476/546/692 2477/564/692
f 2475/544/692 2477/564/692 2478/563/692
f 2479/546/693 2480/548/694 2481/565/693
f 2479/546/693 2481/565/693 2482/564/693
f 2483/548/695 2484/550/695 2485/566/695
f 2483/548/695 2485/566/695 2486/565/695
f 2487/550/696 2488/552/696 2489/567/696
f 2487/550/696 2489/567/696 2490/566/696
f 2491/552/697 2492/554/697 2493/568/697
f 2491/552/697 2493/568/697 2494/567/697
f 2495/554/698 2496/556/698 2497/569/698
f 2495/554/698 2497/569/698 2498/568/698
s 0
f 2499/455/699 2500/456/699 2501/453/699
f 2499/455/700 2501/453/700 2502/454/700
f 2503/458/589 2504/455/589 2505/454/589
s 1
f 2503/458/701 2505/454/701 2506/457/701
s 0
f 2507/460/590 2508/458/590 2509/457/590
f 2507/460/590 2509/457/590 2510/459/590
f 2511/570/591 2512/460/591 2513/459/591
f 2511/570/591 2513/459/591 2514/461/591
f 2515/464/592 2516/570/592 2517/461/592
f 2515/464/592 2517/461/592 2518/463/592
f 2519/466/702 2520/464/702 2521/463/702
f 2519/466/703 2521/463/703 2522/465/703
f 2523/468/704 2524/466/704 2525/465/704
f 2523/468/705 2525/465/705 2526/467/705
s 1
f 2527/470/706 2528/468/706 2529/467/706
s 0
f 2527/470/707 2529/467/707 2530/469/707
f 2531/472/596 2532/470/596 2533/469/596
f 2531/472/596 2533/469/596 2534/471/596
f 2535/474/597 2536/472/597 2537/471/597
f 2535/474/597 2537/471/597 2538/473/597
f 2539/476/708 2540/474/708 2541/473/708
f 2539/476/598 2541/473/598 2542/475/598
f 2543/478/709 2544/476/709 2545/475/709
f 2543/478/710 2545/475/710 2546/477/710
f 2547/571/588 2548/572/588 2549/573/588
f 2547/571/588 2549/573/588 2550/574/588
f 2551/575/589 2552/571/589 2553/574/589
f 2551/575/589 2553/574/589 2554/576/589
f 2555/577/590 2556/575/590 2557/576/590
f 2555/577/590 2557/576/590 2558/578/590
f 2559/579/591 2560/577/591 2561/578/591
f 2559/579/591 2561/578/591 2562/580/591
f 2563/581/592 2564/579/592 2565/580/592
f 2563/581/592 2565/580/592 2566/582/592
f 2567/583/593 2568/581/593 2569/582/593
f 2567/583/593 2569/582/593 2570/584/593
f 2571/585/594 2572/583/594 2573/584/594
f 2571/585/594 2573/584/594 2574/586/594
f 2575/587/595 2576/585/595 2577/586/595
f 2575/587/595 2577/586/595 2578/588/595
f 2579/589/596 2580/587/596 2581/588/596
f 2579/589/596 2581/588/596 2582/590/596
f 2583/591/597 2584/589/597 2585/590/597
f 2583/591/597 2585/590/597 2586/592/597
f 2587/593/598 2588/591/598 2589/592/598
f 2587/593/598 2589/592/598 2590/594/598
f 2591/595/599 2592/593/599 2593/594/599
f 2591/595/599 2593/594/599 2594/596/599
s 1
f 2595/437/711 2596/439/712 2597/440/711
s 0
f 2595/437/713 2597/440/713 2598/438/713
f 2599/439/714 2600/441/714 2601/442/714
f 2599/439/715 2601/442/715 2602/440/716
f 2603/441/717 2604/443/717 2605/444/717
f 2603/441/718 2605/444/718 2606/442/718
f 2607/443/719 2608/445/719 2609/446/719
f 2607/443/720 2609/446/720 2610/444/720
f 2611/445/721 2612/447/721 2613/448/721
f 2611/445/722 2613/448/722 2614/446/722
f 2615/447/723 2616/449/723 2617/450/723
f 2615/447/724 2617/450/725 2618/448/725
f 2619/449/726 2620/451/726 2621/452/726
f 2619/449/727 2621/452/727 2622/450/727
f 2623/451/728 2624/429/728 2625/432/728
f 2623/451/729 2625/432/729 2626/452/729
f 2627/429/730 2628/430/730 2629/431/730
f 2627/429/731 2629/431/731 2630/432/731
f 2631/430/732 2632/433/732 2633/434/732
f 2631/430/733 2633/434/733 2634/431/733
s 1
f 2635/433/734 2636/435/735 2637/436/736
f 2635/433/734 2637/436/736 2638/434/737
s 0
f 2639/435/738 2640/437/739 2641/438/739
f 2639/435/740 2641/438/740 2642/436/740
f 2643/447/741 2644/449/741 2645/450/741
f 2643/447/742 2645/450/742 2646/448/742
s 1
f 2647/449/743 2648/451/744 2649/452/744
s 0
f 2647/449/743 2649/452/743 2650/450/743
f 2651/451/745 2652/429/745 2653/432/745
f 2651/451/746 2653/432/746 2654/452/746
f 2655/429/747 2656/430/747 2657/431/747
f 2655/429/748 2657/431/748 2658/432/748
f 2659/430/749 2660/433/749 2661/434/749
f 2659/430/750 2661/434/750 2662/431/750
f 2663/433/751 2664/435/751 2665/436/751
f 2663/433/752 2665/436/752 2666/434/752
f 2667/435/753 2668/437/753 2669/438/753
f 2667/435/753 2669/438/753 2670/436/753
f 2671/437/754 2672/439/754 2673/440/754
f 2671/437/755 2673/440/755 2674/438/755
f 2675/439/756 2676/441/757 2677/442/757
f 2675/439/758 2677/442/758 2678/440/758
f 2679/441/759 2680/443/759 2681/444/759
f 2679/441/760 2681/444/760 2682/442/760
f 2683/443/761 2684/445/761 2685/446/761
f 2683/443/762 2685/446/762 2686/444/762
f 2687/445/763 2688/447/764 2689/448/763
s 1
f 2687/445/763 2689/448/763 2690/446/765
s 0
f 2691/301/511 2692/302/511 2693/303/511
f 2691/301/511 2693/303/511 2694/304/511
f 2695/302/512 2696/305/512 2697/306/512
f 2695/302/512 2697/306/512 2698/303/512
f 2699/305/513 2700/307/513 2701/308/513
f 2699/305/513 2701/308/513 2702/306/513
f 2703/307/514 2704/309/514 2705/310/514
f 2703/307/514 2705/310/514 2706/308/514
f 2707/309/515 2708/311/515 2709/312/515
f 2707/309/515 2709/312/515 2710/310/515
f 2711/311/766 2712/313/766 2713/314/766
f 2711/311/766 2713/314/766 2714/312/766
f 2715/313/767 2716/315/767 2717/316/767
f 2715/313/767 2717/316/767 2718/314/767
f 2719/315/518 2720/317/518 2721/318/518
f 2719/315/518 2721/318/518 2722/316/518
f 2723/317/519 2724/319/519 2725/320/519
f 2723/317/519 2725/320/519 2726/318/519
f 2727/319/520 2728/321/520 2729/322/520
f 2727/319/520 2729/322/520 2730/320/520
f 2731/321/521 2732/323/521 2733/324/521
f 2731/321/521 2733/324/521 2734/322/521
f 2735/323/522 2736/325/522 2737/326/522
f 2735/323/522 2737/326/522 2738/324/522
s 1
f 2739/304/523 2740/303/768 2741/327/523
f 2739/304/523 2741/327/523 2742/328/768
f 2743/303/526 2744/306/526 2745/329/526
f 2743/303/526 2745/329/526 2746/327/526
f 2747/306/528 2748/308/529 2749/330/769
f 2747/306/528 2749/330/769 2750/329/769
f 2751/308/532 2752/310/531 2753/331/770
f 2751/308/532 2753/331/770 2754/330/531
f 2755/310/771 2756/312/533 2757/332/772
f 2755/310/771 2757/332/772 2758/331/772
f 2759/312/535 2760/314/536 2761/333/534
f 2759/312/535 2761/333/534 2762/332/535
f 2763/314/538 2764/316/538 2765/334/538
f 2763/314/538 2765/334/538 2766/333/538
f 2767/316/541 2768/318/542 2769/335/773
f 2767/316/541 2769/335/773 2770/334/773
f 2771/318/544 2772/320/546 2773/336/546
f 2771/318/544 2773/336/546 2774/335/544
f 2775/320/774 2776/322/548 2777/337/775
f 2775/320/774 2777/337/775 2778/336/548
f 2779/322/776 2780/324/776 2781/338/550
f 2779/322/776 2781/338/550 2782/337/776
f 2783/324/551 2784/326/551 2785/339/551
f 2783/324/551 2785/339/551 2786/338/551
f 2787/328/553 2788/327/553 2789/340/553
f 2787/328/553 2789/340/553 2790/341/553
f 2791/327/554 2792/329/554 2793/342/554
f 2791/327/554 2793/342/554 2794/340/554
f 2795/329/555 2796/330/556 2797/343/556
f 2795/329/555 2797/343/556 2798/342/556
f 2799/330/557 2800/331/557 2801/344/558
f 2799/330/557 2801/344/558 2802/343/557
f 2803/331/559 2804/332/559 2805/345/777
f 2803/331/559 2805/345/777 2806/344/777
f 2807/332/560 2808/333/778 2809/346/779
f 2807/332/560 2809/346/779 2810/345/778
f 2811/333/561 2812/334/561 2813/347/561
f 2811/333/561 2813/347/561 2814/346/561
f 2815/334/780 2816/335/564 2817/348/564
f 2815/334/780 2817/348/564 2818/347/780
f 2819/335/565 2820/336/566 2821/349/565
f 2819/335/565 2821/349/565 2822/348/565
f 2823/336/567 2824/337/568 2825/350/567
f 2823/336/567 2825/350/567 2826/349/568
f 2827/337/569 2828/338/569 2829/351/781
f 2827/337/569 2829/351/781 2830/350/781
f 2831/338/571 2832/339/782 2833/352/571
f 2831/338/571 2833/352/571 2834/351/571
s 0
f 2835/353/573 2836/354/573 2837/355/573
f 2835/353/573 2837/355/573 2838/356/573
f 2839/357/573 2835/353/573 2838/356/573
f 2839/357/573 2838/356/573 2840/358/573
f 2841/359/573 2839/357/573 2840/358/573
f 2841/359/573 2840/358/573 2842/360/573
f 2843/361/573 2841/359/573 2842/360/573
f 2843/361/573 2842/360/573 2844/362/573
f 2845/363/573 2843/361/573 2844/362/573
f 2845/363/573 2844/362/573 2846/364/573
f 2847/365/573 2845/363/573 2846/364/573
f 2847/365/573 2846/364/573 2848/366/573
f 2849/367/573 2847/365/573 2848/366/573
f 2849/367/573 2848/366/573 2850/368/573
f 2851/369/573 2849/367/573 2850/368/573
f 2851/369/573 2850/368/573 2852/370/573
f 2853/371/573 2851/369/573 2852/370/573
f 2853/371/573 2852/370/573 2854/372/573
f 2855/373/573 2853/371/573 2854/372/573
f 2855/373/573 2854/372/573 2856/374/573
f 2857/375/573 2855/373/573 2856/374/573
f 2857/375/573 2856/374/573 2858/376/573
f 2836/354/573 2857/375/573 2858/376/573
f 2836/354/573 2858/376/573 2837/355/573
f 2859/377/511 2860/378/511 2861/379/511
f 2859/377/511 2861/379/511 2862/380/511
f 2863/381/512 2864/377/512 2865/380/512
f 2863/381/512 2865/380/512 2866/382/512
f 2867/383/513 2868/381/513 2869/382/513
f 2867/383/513 2869/382/513 2870/384/513
f 2871/385/514 2872/383/514 2873/384/514
f 2871/385/514 2873/384/514 2874/386/514
f 2875/387/515 2876/385/515 2877/386/515
f 2875/387/515 2877/386/515 2878/388/515
f 2879/389/516 2880/387/516 2881/388/516
f 2879/389/516 2881/388/516 2882/390/516
f 2883/391/517 2884/389/517 2885/390/517
f 2883/391/517 2885/390/517 2886/392/517
f 2887/393/518 2888/391/518 2889/392/518
f 2887/393/518 2889/392/518 2890/394/518
f 2891/395/519 2892/393/519 2893/394/519
f 2891/395/519 2893/394/519 2894/396/519
f 2895/397/520 2896/395/520 2897/396/520
f 2895/397/520 2897/396/520 2898/398/520
f 2899/399/521 2900/397/521 2901/398/521
f 2899/399/521 2901/398/521 2902/400/521
f 2903/401/522 2904/399/522 2905/400/522
f 2903/401/522 2905/400/522 2906/402/522
s 1
f 2907/341/574 2908/340/574 2909/403/574
f 2907/341/574 2909/403/574 2910/404/574
f 2911/340/575 2912/342/575 2913/405/575
f 2911/340/575 2913/405/575 2914/403/575
f 2915/342/783 2916/343/783 2917/406/783
f 2915/342/783 2917/406/783 2918/405/783
f 2919/343/579 2920/344/578 2921/407/578
f 2919/343/579 2921/407/578 2922/406/579
f 2923/344/580 2924/345/784 2925/408/784
f 2923/344/580 2925/408/784 2926/407/580
f 2927/345/785 2928/346/785 2929/409/785
f 2927/345/785 2929/409/785 2930/408/581
f 2931/346/786 2932/347/582 2933/410/582
f 2931/346/786 2933/410/582 2934/409/582
f 2935/347/583 2936/348/583 2937/411/583
f 2935/347/583 2937/411/583 2938/410/583
f 2939/348/584 2940/349/584 2941/412/584
f 2939/348/584 2941/412/584 2942/411/584
f 2943/349/585 2944/350/585 2945/413/585
f 2943/349/585 2945/413/585 2946/412/585
f 2947/350/586 2948/351/586 2949/414/586
f 2947/350/586 2949/414/586 2950/413/586
f 2951/351/587 2952/352/587 2953/415/787
f 2951/351/587 2953/415/787 2954/414/587
s 0
f 2955/403/588 2956/416/588 2957/417/588
f 2955/403/588 2957/417/588 2958/404/588
f 2959/405/589 2960/418/589 2961/416/589
f 2959/405/589 2961/416/589 2962/403/589
f 2963/406/590 2964/419/590 2965/418/590
f 2963/406/590 2965/418/590 2966/405/590
f 2967/407/591 2968/420/591 2969/419/591
f 2967/407/591 2969/419/591 2970/406/591
f 2971/408/592 2972/421/592 2973/420/592
f 2971/408/592 2973/420/592 2974/407/592
f 2975/409/703 2976/422/703 2977/421/703
f 2975/409/703 2977/421/703 2978/408/703
f 2979/410/788 2980/423/788 2981/422/788
f 2979/410/788 2981/422/788 2982/409/788
f 2983/411/595 2984/424/595 2985/423/595
f 2983/411/595 2985/423/595 2986/410/595
f 2987/412/596 2988/425/596 2989/424/596
f 2987/412/596 2989/424/596 2990/411/596
f 2991/413/597 2992/426/597 2993/425/597
f 2991/413/597 2993/425/597 2994/412/597
f 2995/414/598 2996/427/598 2997/426/598
f 2995/414/598 2997/426/598 2998/413/598
f 2999/415/599 3000/428/599 3001/427/599
f 2999/415/599 3001/427/599 3002/414/599
f 3003/429/600 3004/430/600 3005/431/600
f 3003/429/600 3005/431/600 3006/432/600
f 3007/430/600 3008/433/600 3009/434/600
f 3007/430/600 3009/434/600 3010/431/600
f 3011/433/600 3012/435/600 3013/436/600
f 3011/433/600 3013/436/600 3014/434/600
f 3015/435/600 3016/437/600 3017/438/600
f 3015/435/600 3017/438/600 3018/436/600
f 3019/437/600 3020/439/600 3021/440/600
f 3019/437/600 3021/440/600 3022/438/600
s 1
f 3023/439/600 3024/441/600 3025/442/600
s 0
f 3023/439/600 3025/442/600 3026/440/600
f 3027/441/600 3028/443/600 3029/444/600
f 3027/441/600 3029/444/600 3030/442/600
f 3031/443/600 3032/445/600 3033/446/600
f 3031/443/600 3033/446/600 3034/444/600
f 3035/445/600 3036/447/600 3037/448/600
f 3035/445/600 3037/448/600 3038/446/600
f 3039/447/600 3040/449/600 3041/450/600
f 3039/447/600 3041/450/600 3042/448/600
f 3043/449/600 3044/451/600 3045/452/600
f 3043/449/600 3045/452/600 3046/450/600
f 3047/451/600 3048/429/600 3049/432/600
f 3047/451/600 3049/432/600 3050/452/600
f 3051/453/789 3052/454/789 3053/455/789
s 1
f 3051/453/789 3053/455/789 3054/456/789
s 0
f 3055/454/589 3056/457/589 3057/458/589
f 3055/454/589 3057/458/589 3058/455/589
f 3059/457/590 3060/459/590 3061/460/590
f 3059/457/590 3061/460/590 3062/458/590
f 3063/459/591 3064/461/591 3065/462/591
f 3063/459/591 3065/462/591 3066/460/591
f 3067/461/592 3068/463/592 3069/464/592
f 3067/461/592 3069/464/592 3070/462/592
f 3071/463/593 3072/465/593 3073/466/593
f 3071/463/593 3073/466/593 3074/464/593
f 3075/465/594 3076/467/594 3077/468/594
f 3075/465/594 3077/468/594 3078/466/594
f 3079/467/595 3080/469/595 3081/470/595
f 3079/467/595 3081/470/595 3082/468/595
f 3083/469/596 3084/471/596 3085/472/596
f 3083/469/596 3085/472/596 3086/470/596
f 3087/471/597 3088/473/597 3089/474/597
f 3087/471/597 3089/474/597 3090/472/597
s 1
f 3091/473/598 3092/475/598 3093/476/598
s 0
f 3091/473/598 3093/476/598 3094/474/598
f 3095/475/709 3096/477/709 3097/478/709
f 3095/475/709 3097/478/709 3098/476/709
f 3099/434/601 3100/431/601 3101/430/601
f 3099/434/601 3101/430/601 3102/433/601
f 3103/431/601 3104/432/601 3105/429/601
f 3103/431/601 3105/429/601 3106/430/601
f 3107/432/601 3108/452/601 3109/451/601
f 3107/432/601 3109/451/601 3110/429/601
f 3111/452/601 3112/450/601 3113/449/601
f 3111/452/601 3113/449/601 3114/451/601
f 3115/450/601 3116/448/601 3117/447/601
f 3115/450/601 3117/447/601 3118/449/601
f 3119/448/601 3120/446/601 3121/445/601
f 3119/448/601 3121/445/601 3122/447/601
f 3123/446/601 3124/444/601 3125/443/601
f 3123/446/601 3125/443/601 3126/445/601
f 3127/444/601 3128/442/601 3129/441/601
f 3127/444/601 3129/441/601 3130/443/601
f 3131/442/601 3132/440/601 3133/439/601
f 3131/442/601 3133/439/601 3134/441/601
f 3135/440/601 3136/438/601 3137/437/601
f 3135/440/601 3137/437/601 3138/439/601
f 3139/438/601 3140/436/601 3141/435/601
f 3139/438/601 3141/435/601 3142/437/601
f 3143/436/601 3144/434/601 3145/433/601
f 3143/436/601 3145/433/601 3146/435/601
s 1
f 3147/479/602 3148/480/603 3149/481/790
f 3147/479/602 3149/481/790 3150/482/790
f 3151/480/604 3152/483/605 3153/484/606
f 3151/480/604 3153/484/606 3154/481/605
f 3155/483/607 3156/485/607 3157/486/608
f 3155/483/607 3157/486/608 3158/484/791
f 3159/485/610 3160/487/610 3161/488/792
f 3159/485/610 3161/488/792 3162/486/792
f 3163/487/611 3164/489/611 3165/490/793
f 3163/487/611 3165/490/793 3166/488/794
f 3167/489/795 3168/491/795 3169/492/612
f 3167/489/795 3169/492/612 3170/490/614
f 3171/491/796 3172/493/615 3173/494/617
f 3171/491/796 3173/494/617 3174/492/796
f 3175/493/619 3176/495/797 3177/496/619
f 3175/493/619 3177/496/619 3178/494/619
f 3179/495/621 3180/497/621 3181/498/798
f 3179/495/621 3181/498/798 3182/496/620
f 3183/497/624 3184/499/624 3185/500/624
f 3183/497/624 3185/500/624 3186/498/624
f 3187/499/627 3188/501/627 3189/502/627
f 3187/499/627 3189/502/627 3190/500/628
f 3191/501/630 3192/503/629 3193/504/799
f 3191/501/630 3193/504/799 3194/502/799
f 3195/482/633 3196/481/633 3197/505/633
f 3195/482/633 3197/505/633 3198/506/633
f 3199/481/800 3200/484/801 3201/507/800
f 3199/481/800 3201/507/800 3202/505/800
f 3203/484/636 3204/486/636 3205/508/637
f 3203/484/636 3205/508/637 3206/507/637
f 3207/486/638 3208/488/639 3209/509/638
f 3207/486/638 3209/509/638 3210/508/639
f 3211/488/642 3212/490/642 3213/510/640
f 3211/488/642 3213/510/640 3214/509/642
f 3215/490/643 3216/492/643 3217/511/643
f 3215/490/643 3217/511/643 3218/510/643
f 3219/492/645 3220/494/802 3221/512/645
f 3219/492/645 3221/512/645 3222/511/645
f 3223/494/647 3224/496/646 3225/513/647
f 3223/494/647 3225/513/647 3226/512/647
f 3227/496/649 3228/498/649 3229/514/649
f 3227/496/649 3229/514/649 3230/513/649
f 3231/498/650 3232/500/650 3233/515/650
f 3231/498/650 3233/515/650 3234/514/650
f 3235/500/653 3236/502/651 3237/516/653
f 3235/500/653 3237/516/653 3238/515/653
f 3239/502/803 3240/504/655 3241/517/803
f 3239/502/803 3241/517/803 3242/516/804
f 3243/506/657 3244/505/805 3245/518/656
f 3243/506/657 3245/518/656 3246/519/656
f 3247/505/658 3248/507/658 3249/520/658
f 3247/505/658 3249/520/658 3250/518/658
f 3251/507/661 3252/508/661 3253/521/660
f 3251/507/661 3253/521/660 3254/520/660
f 3255/508/662 3256/509/663 3257/522/663
f 3255/508/662 3257/522/663 3258/521/663
f 3259/509/664 3260/510/664 3261/523/664
f 3259/509/664 3261/523/664 3262/522/664
f 3263/510/665 3264/511/666 3265/524/665
f 3263/510/665 3265/524/665 3266/523/666
f 3267/511/669 3268/512/669 3269/525/669
f 3267/511/669 3269/525/669 3270/524/669
f 3271/512/672 3272/513/671 3273/526/672
f 3271/512/672 3273/526/672 3274/525/671
f 3275/513/674 3276/514/674 3277/527/674
f 3275/513/674 3277/527/674 3278/526/674
f 3279/514/676 3280/515/676 3281/528/677
f 3279/514/676 3281/528/677 3282/527/677
f 3283/515/678 3284/516/678 3285/529/678
f 3283/515/678 3285/529/678 3286/528/678
f 3287/516/680 3288/517/681 3289/530/680
f 3287/516/680 3289/530/680 3290/529/681
s 0
f 3291/531/682 3292/532/682 3293/533/682
f 3291/531/682 3293/533/682 3294/534/682
f 3295/532/682 3296/535/682 3297/536/682
f 3295/532/682 3297/536/682 3298/533/682
f 3299/535/682 3300/537/682 3301/538/682
f 3299/535/682 3301/538/682 3302/536/682
f 3303/537/682 3304/539/682 3305/540/682
f 3303/537/682 3305/540/682 3306/538/682
s 1
f 3307/539/682 3308/541/682 3309/542/682
s 0
f 3307/539/682 3309/542/682 3310/540/682
f 3311/541/682 3312/543/682 3313/544/682
f 3311/541/682 3313/544/682 3314/542/682
s 1
f 3315/543/682 3316/545/682 3317/546/682
s 0
f 3315/543/682 3317/546/682 3318/544/682
f 3319/545/682 3320/547/682 3321/548/682
f 3319/545/682 3321/548/682 3322/546/682
f 3323/547/682 3324/549/682 3325/550/682
f 3323/547/682 3325/550/682 3326/548/682
f 3327/549/682 3328/551/682 3329/552/682
f 3327/549/682 3329/552/682 3330/550/682
s 1
f 3331/551/682 3332/553/682 3333/554/682
s 0
f 3331/551/682 3333/554/682 3334/552/682
f 3335/553/682 3336/555/682 3337/556/682
f 3335/553/682 3337/556/682 3338/554/682
s 1
f 3339/534/683 3340/533/683 3341/557/683
f 3339/534/683 3341/557/683 3342/558/683
f 3343/533/684 3344/536/685 3345/559/685
f 3343/533/684 3345/559/685 3346/557/685
f 3347/536/687 3348/538/687 3349/560/806
f 3347/536/687 3349/560/806 3350/559/687
f 3351/538/688 3352/540/688 3353/561/807
f 3351/538/688 3353/561/807 3354/560/688
f 3355/540/689 3356/542/689 3357/562/689
f 3355/540/689 3357/562/689 3358/561/689
f 3359/542/690 3360/544/691 3361/563/690
f 3359/542/690 3361/563/690 3362/562/690
f 3363/544/692 3364/546/692 3365/564/692
f 3363/544/692 3365/564/692 3366/563/692
f 3367/546/808 3368/548/693 3369/565/693
f 3367/546/808 3369/565/693 3370/564/808
f 3371/548/695 3372/550/695 3373/566/695
f 3371/548/695 3373/566/695 3374/565/695
f 3375/550/696 3376/552/696 3377/567/696
f 3375/550/696 3377/567/696 3378/566/696
f 3379/552/697 3380/554/697 3381/568/697
f 3379/552/697 3381/568/697 3382/567/697
f 3383/554/698 3384/556/698 3385/569/698
f 3383/554/698 3385/569/698 3386/568/698
s 0
f 3387/455/699 3388/456/699 3389/453/699
f 3387/455/789 3389/453/789 3390/454/789
f 3391/458/809 3392/455/809 3393/454/809
f 3391/458/701 3393/454/701 3394/457/701
f 3395/460/590 3396/458/590 3397/457/590
f 3395/460/590 3397/457/590 3398/459/590
f 3399/570/591 3400/460/591 3401/459/591
f 3399/570/591 3401/459/591 3402/461/591
f 3403/464/810 3404/570/810 3405/461/810
f 3403/464/811 3405/461/811 3406/463/811
f 3407/466/702 3408/464/702 3409/463/702
f 3407/466/703 3409/463/703 3410/465/703
f 3411/468/704 3412/466/704 3413/465/704
f 3411/468/705 3413/465/705 3414/467/705
f 3415/470/706 3416/468/706 3417/467/706
f 3415/470/707 3417/467/707 3418/469/707
f 3419/472/596 3420/470/596 3421/469/596
f 3419/472/596 3421/469/596 3422/471/596
f 3423/474/597 3424/472/597 3425/471/597
f 3423/474/597 3425/471/597 3426/473/597
f 3427/476/708 3428/474/708 3429/473/708
f 3427/476/812 3429/473/812 3430/475/812
f 3431/478/709 3432/476/709 3433/475/709
f 3431/478/710 3433/475/710 3434/477/710
f 3435/571/588 3436/572/588 3437/573/588
f 3435/571/588 3437/573/588 3438/574/588
f 3439/575/589 3440/571/589 3441/574/589
f 3439/575/589 3441/574/589 3442/576/589
f 3443/577/590 3444/575/590 3445/576/590
s 1
f 3443/577/590 3445/576/590 3446/578/590
s 0
f 3447/579/591 3448/577/591 3449/578/591
f 3447/579/591 3449/578/591 3450/580/591
f 3451/581/592 3452/579/592 3453/580/592
f 3451/581/592 3453/580/592 3454/582/592
f 3455/583/703 3456/581/703 3457/582/703
f 3455/583/703 3457/582/703 3458/584/703
f 3459/585/788 3460/583/788 3461/584/788
f 3459/585/788 3461/584/788 3462/586/788
f 3463/587/595 3464/585/595 3465/586/595
f 3463/587/595 3465/586/595 3466/588/595
f 3467/589/596 3468/587/596 3469/588/596
f 3467/589/596 3469/588/596 3470/590/596
f 3471/591/597 3472/589/597 3473/590/597
f 3471/591/597 3473/590/597 3474/592/597
f 3475/593/598 3476/591/598 3477/592/598
f 3475/593/598 3477/592/598 3478/594/598
f 3479/595/599 3480/593/599 3481/594/599
f 3479/595/599 3481/594/599 3482/596/599
s 1
f 3483/437/712 3484/439/711 3485/440/712
s 0
f 3483/437/713 3485/440/713 3486/438/713
f 3487/439/813 3488/441/716 3489/442/813
f 3487/439/814 3489/442/814 3490/440/814
f 3491/441/717 3492/443/717 3493/444/717
f 3491/441/815 3493/444/815 3494/442/815
f 3495/443/719 3496/445/719 3497/446/719
f 3495/443/720 3497/446/720 3498/444/720
f 3499/445/721 3500/447/721 3501/448/721
s 1
f 3499/445/721 3501/448/721 3502/446/816
s 0
f 3503/447/723 3504/449/723 3505/450/723
f 3503/447/724 3505/450/724 3506/448/724
s 1
f 3507/449/817 3508/451/817 3509/452/818
s 0
f 3507/449/819 3509/452/727 3510/450/727
f 3511/451/728 3512/429/728 3513/432/820
f 3511/451/729 3513/432/728 3514/452/728
f 3515/429/730 3516/430/730 3517/431/730
f 3515/429/731 3517/431/731 3518/432/731
f 3519/430/732 3520/433/732 3521/434/732
f 3519/430/733 3521/434/733 3522/431/733
f 3523/433/737 3524/435/737 3525/436/737
f 3523/433/821 3525/436/821 3526/434/821
f 3527/435/739 3528/437/739 3529/438/739
f 3527/435/740 3529/438/740 3530/436/740
f 3531/447/741 3532/449/741 3533/450/741
f 3531/447/822 3533/450/822 3534/448/822
f 3535/449/823 3536/451/824 3537/452/823
f 3535/449/743 3537/452/743 3538/450/743
f 3539/451/746 3540/429/746 3541/432/746
f 3539/451/746 3541/432/746 3542/452/746
f 3543/429/747 3544/430/747 3545/431/747
f 3543/429/748 3545/431/748 3546/432/748
f 3547/430/749 3548/433/749 3549/434/749
f 3547/430/750 3549/434/750 3550/431/750
s 1
f 3551/433/825 3552/435/826 3553/436/827
f 3551/433/825 3553/436/827 3554/434/828
s 0
f 3555/435/753 3556/437/829 3557/438/753
f 3555/435/753 3557/438/753 3558/436/830
s 1
f 3559/437/831 3560/439/832 3561/440/832
s 0
f 3559/437/755 3561/440/755 3562/438/755
s 1
f 3563/439/833 3564/441/834 3565/442/833
s 0
f 3563/439/758 3565/442/758 3566/440/758
f 3567/441/759 3568/443/759 3569/444/759
f 3567/441/760 3569/444/760 3570/442/760
f 3571/443/761 3572/445/761 3573/446/761
f 3571/443/762 3573/446/762 3574/444/762
f 3575/445/763 3576/447/764 3577/448/763
s 1
f 3575/445/763 3577/448/763 3578/446/765
s 0
f 3579/301/835 3580/302/835 3581/303/835
f 3579/301/835 3581/303/835 3582/304/835
f 3583/302/836 3584/305/836 3585/306/836
f 3583/302/836 3585/306/836 3586/303/836
f 3587/305/837 3588/307/837 3589/308/837
f 3587/305/837 3589/308/837 3590/306/837
f 3591/307/838 3592/309/838 3593/310/838
f 3591/307/838 3593/310/838 3594/308/838
f 3595/309/839 3596/311/839 3597/312/839
f 3595/309/839 3597/312/839 3598/310/839
f 3599/311/840 3600/313/840 3601/314/840
f 3599/311/840 3601/314/840 3602/312/840
f 3603/313/841 3604/315/841 3605/316/841
f 3603/313/841 3605/316/841 3606/314/841
f 3607/315/842 3608/317/842 3609/318/842
f 3607/315/842 3609/318/842 3610/316/842
f 3611/317/843 3612/319/843 3613/320/843
f 3611/317/843 3613/320/843 3614/318/843
f 3615/319/844 3616/321/844 3617/322/844
f 3615/319/844 3617/322/844 3618/320/844
f 3619/321/845 3620/323/845 3621/324/845
f 3619/321/845 3621/324/845 3622/322/845
f 3623/323/846 3624/325/846 3625/326/846
f 3623/323/846 3625/326/846 3626/324/846
s 1
f 3627/304/847 3628/303/847 3629/327/848
f 3627/304/847 3629/327/848 3630/328/848
f 3631/303/849 3632/306/850 3633/329/851
f 3631/303/849 3633/329/851 3634/327/850
f 3635/306/852 3636/308/853 3637/330/854
f 3635/306/852 3637/330/854 3638/329/855
f 3639/308/856 3640/310/856 3641/331/857
f 3639/308/856 3641/331/857 3642/330/858
f 3643/310/859 3644/312/859 3645/332/859
f 3643/310/859 3645/332/859 3646/331/859
f 3647/312/860 3648/314/861 3649/333/862
f 3647/312/860 3649/333/862 3650/332/861
f 3651/314/863 3652/316/864 3653/334/865
f 3651/314/863 3653/334/865 3654/333/865
f 3655/316/866 3656/318/866 3657/335/866
f 3655/316/866 3657/335/866 3658/334/866
f 3659/318/867 3660/320/868 3661/336/869
f 3659/318/867 3661/336/869 3662/335/869
f 3663/320/870 3664/322/871 3665/337/872
f 3663/320/870 3665/337/872 3666/336/871
f 3667/322/873 3668/324/873 3669/338/874
f 3667/322/873 3669/338/874 3670/337/873
f 3671/324/875 3672/326/875 3673/339/876
f 3671/324/875 3673/339/876 3674/338/877
f 3675/328/878 3676/327/878 3677/340/878
f 3675/328/878 3677/340/878 3678/341/878
f 3679/327/879 3680/329/879 3681/342/879
f 3679/327/879 3681/342/879 3682/340/879
f 3683/329/880 3684/330/880 3685/343/880
f 3683/329/880 3685/343/880 3686/342/880
f 3687/330/881 3688/331/882 3689/344/882
f 3687/330/881 3689/344/882 3690/343/882
f 3691/331/883 3692/332/883 3693/345/883
f 3691/331/883 3693/345/883 3694/344/883
f 3695/332/884 3696/333/884 3697/346/884
f 3695/332/884 3697/346/884 3698/345/884
f 3699/333/885 3700/334/885 3701/347/885
f 3699/333/885 3701/347/885 3702/346/885
f 3703/334/886 3704/335/886 3705/348/886
f 3703/334/886 3705/348/886 3706/347/886
f 3707/335/887 3708/336/887 3709/349/887
f 3707/335/887 3709/349/887 3710/348/887
f 3711/336/888 3712/337/888 3713/350/889
f 3711/336/888 3713/350/889 3714/349/889
f 3715/337/890 3716/338/890 3717/351/890
f 3715/337/890 3717/351/890 3718/350/890
f 3719/338/891 3720/339/891 3721/352/891
f 3719/338/891 3721/352/891 3722/351/891
s 0
f 3723/353/892 3724/354/892 3725/355/892
f 3723/353/892 3725/355/892 3726/356/892
f 3727/357/892 3723/353/892 3726/356/892
f 3727/357/892 3726/356/892 3728/358/892
f 3729/359/892 3727/357/892 3728/358/892
f 3729/359/892 3728/358/892 3730/360/892
f 3731/361/892 3729/359/892 3730/360/892
f 3731/361/892 3730/360/892 3732/362/892
f 3733/363/892 3731/361/892 3732/362/892
f 3733/363/892 3732/362/892 3734/364/892
f 3735/365/892 3733/363/892 3734/364/892
f 3735/365/892 3734/364/892 3736/366/892
f 3737/367/892 3735/365/892 3736/366/892
f 3737/367/892 3736/366/892 3738/368/892
f 3739/369/892 3737/367/892 3738/368/892
f 3739/369/892 3738/368/892 3740/370/892
f 3741/371/892 3739/369/892 3740/370/892
f 3741/371/892 3740/370/892 3742/372/892
f 3743/373/892 3741/371/892 3742/372/892
f 3743/373/892 3742/372/892 3744/374/892
f 3745/375/892 3743/373/892 3744/374/892
f 3745/375/892 3744/374/892 3746/376/892
f 3724/354/892 3745/375/892 3746/376/892
f 3724/354/892 3746/376/892 3725/355/892
f 3747/377/835 3748/378/835 3749/379/835
f 3747/377/835 3749/379/835 3750/380/835
f 3751/381/836 3752/377/836 3753/380/836
f 3751/381/836 3753/380/836 3754/382/836
s 1
f 3755/383/837 3756/381/837 3757/382/837
s 0
f 3755/383/837 3757/382/837 3758/384/837
f 3759/385/838 3760/383/838 3761/384/838
f 3759/385/838 3761/384/838 3762/386/838
f 3763/387/839 3764/385/839 3765/386/839
f 3763/387/839 3765/386/839 3766/388/839
f 3767/389/840 3768/387/840 3769/388/840
f 3767/389/840 3769/388/840 3770/390/840
f 3771/391/841 3772/389/841 3773/390/841
f 3771/391/841 3773/390/841 3774/392/841
f 3775/393/842 3776/391/842 3777/392/842
f 3775/393/842 3777/392/842 3778/394/842
f 3779/395/843 3780/393/843 3781/394/843
f 3779/395/843 3781/394/843 3782/396/843
s 1
f 3783/397/844 3784/395/844 3785/396/844
s 0
f 3783/397/844 3785/396/844 3786/398/844
f 3787/399/845 3788/397/845 3789/398/845
f 3787/399/845 3789/398/845 3790/400/845
f 3791/401/846 3792/399/846 3793/400/846
f 3791/401/846 3793/400/846 3794/402/846
s 1
f 3795/341/893 3796/340/893 3797/403/893
f 3795/341/893 3797/403/893 3798/404/894
f 3799/340/895 3800/342/895 3801/405/895
f 3799/340/895 3801/405/895 3802/403/895
f 3803/342/896 3804/343/896 3805/406/896
f 3803/342/896 3805/406/896 3806/405/896
f 3807/343/897 3808/344/897 3809/407/897
f 3807/343/897 3809/407/897 3810/406/897
f 3811/344/898 3812/345/898 3813/408/898
f 3811/344/898 3813/408/898 3814/407/898
f 3815/345/899 3816/346/899 3817/409/899
f 3815/345/899 3817/409/899 3818/408/900
f 3819/346/901 3820/347/901 3821/410/901
f 3819/346/901 3821/410/901 3822/409/901
f 3823/347/902 3824/348/902 3825/411/902
f 3823/347/902 3825/411/902 3826/410/902
f 3827/348/903 3828/349/903 3829/412/903
f 3827/348/903 3829/412/903 3830/411/903
f 3831/349/904 3832/350/904 3833/413/905
f 3831/349/904 3833/413/905 3834/412/904
f 3835/350/906 3836/351/906 3837/414/906
f 3835/350/906 3837/414/906 3838/413/906
f 3839/351/907 3840/352/907 3841/415/907
f 3839/351/907 3841/415/907 3842/414/907
s 0
f 3843/403/597 3844/416/597 3845/417/597
f 3843/403/597 3845/417/597 3846/404/597
f 3847/405/598 3848/418/598 3849/416/598
f 3847/405/598 3849/416/598 3850/403/598
f 3851/406/599 3852/419/599 3853/418/599
f 3851/406/599 3853/418/599 3854/405/599
f 3855/407/588 3856/420/588 3857/419/588
f 3855/407/588 3857/419/588 3858/406/588
f 3859/408/589 3860/421/589 3861/420/589
f 3859/408/589 3861/420/589 3862/407/589
f 3863/409/590 3864/422/590 3865/421/590
f 3863/409/590 3865/421/590 3866/408/590
f 3867/410/591 3868/423/591 3869/422/591
f 3867/410/591 3869/422/591 3870/409/591
f 3871/411/592 3872/424/592 3873/423/592
f 3871/411/592 3873/423/592 3874/410/592
f 3875/412/593 3876/425/593 3877/424/593
f 3875/412/593 3877/424/593 3878/411/593
f 3879/413/594 3880/426/594 3881/425/594
f 3879/413/594 3881/425/594 3882/412/594
f 3883/414/595 3884/427/595 3885/426/595
f 3883/414/595 3885/426/595 3886/413/595
f 3887/415/596 3888/428/596 3889/427/596
f 3887/415/596 3889/427/596 3890/414/596
f 3891/429/908 3892/430/908 3893/431/908
f 3891/429/908 3893/431/908 3894/432/908
f 3895/430/908 3896/433/908 3897/434/908
f 3895/430/908 3897/434/908 3898/431/908
f 3899/433/908 3900/435/908 3901/436/908
f 3899/433/908 3901/436/908 3902/434/908
f 3903/435/908 3904/437/908 3905/438/908
f 3903/435/908 3905/438/908 3906/436/908
f 3907/437/908 3908/439/908 3909/440/908
f 3907/437/908 3909/440/908 3910/438/908
f 3911/439/908 3912/441/908 3913/442/908
f 3911/439/908 3913/442/908 3914/440/908
f 3915/441/908 3916/443/908 3917/444/908
f 3915/441/908 3917/444/908 3918/442/908
f 3919/443/908 3920/445/908 3921/446/908
f 3919/443/908 3921/446/908 3922/444/908
f 3923/445/908 3924/447/908 3925/448/908
f 3923/445/908 3925/448/908 3926/446/908
f 3927/447/908 3928/449/908 3929/450/908
f 3927/447/908 3929/450/908 3930/448/908
f 3931/449/908 3932/451/908 3933/452/908
f 3931/449/908 3933/452/908 3934/450/908
f 3935/451/908 3936/429/908 3937/432/908
f 3935/451/908 3937/432/908 3938/452/908
f 3939/453/597 3940/454/597 3941/455/597
f 3939/453/597 3941/455/597 3942/456/597
f 3943/454/598 3944/457/598 3945/458/598
f 3943/454/598 3945/458/598 3946/455/598
f 3947/457/599 3948/459/599 3949/460/599
f 3947/457/599 3949/460/599 3950/458/599
f 3951/459/588 3952/461/588 3953/462/588
f 3951/459/588 3953/462/588 3954/460/588
f 3955/461/589 3956/463/589 3957/464/589
f 3955/461/589 3957/464/589 3958/462/589
f 3959/463/590 3960/465/590 3961/466/590
f 3959/463/590 3961/466/590 3962/464/590
f 3963/465/591 3964/467/591 3965/468/591
f 3963/465/591 3965/468/591 3966/466/591
f 3967/467/592 3968/469/592 3969/470/592
f 3967/467/592 3969/470/592 3970/468/592
f 3971/469/593 3972/471/593 3973/472/593
f 3971/469/593 3973/472/593 3974/470/593
f 3975/471/594 3976/473/594 3977/474/594
f 3975/471/594 3977/474/594 3978/472/594
f 3979/473/595 3980/475/595 3981/476/595
f 3979/473/595 3981/476/595 3982/474/595
f 3983/475/596 3984/477/596 3985/478/596
f 3983/475/596 3985/478/596 3986/476/596
f 3987/434/909 3988/431/909 3989/430/909
f 3987/434/909 3989/430/909 3990/433/909
f 3991/431/909 3992/432/909 3993/429/909
f 3991/431/909 3993/429/909 3994/430/909
f 3995/432/909 3996/452/909 3997/451/909
f 3995/432/909 3997/451/909 3998/429/909
f 3999/452/909 4000/450/909 4001/449/909
f 3999/452/909 4001/449/909 4002/451/909
f 4003/450/909 4004/448/909 4005/447/909
f 4003/450/909 4005/447/909 4006/449/909
f 4007/448/909 4008/446/909 4009/445/909
f 4007/448/909 4009/445/909 4010/447/909
f 4011/446/909 4012/444/909 4013/443/909
f 4011/446/909 4013/443/909 4014/445/909
f 4015/444/909 4016/442/909 4017/441/909
f 4015/444/909 4017/441/909 4018/443/909
f 4019/442/909 4020/440/909 4021/439/909
f 4019/442/909 4021/439/909 4022/441/909
f 4023/440/909 4024/438/909 4025/437/909
f 4023/440/909 4025/437/909 4026/439/909
f 4027/438/909 4028/436/909 4029/435/909
f 4027/438/909 4029/435/909 4030/437/909
f 4031/436/909 4032/434/909 4033/433/909
f 4031/436/909 4033/433/909 4034/435/909
s 1
f 4035/479/910 4036/480/910 4037/481/911
f 4035/479/910 4037/481/911 4038/482/910
f 4039/480/912 4040/483/912 4041/484/913
f 4039/480/912 4041/484/913 4042/481/912
f 4043/483/914 4044/485/915 4045/486/916
f 4043/483/914 4045/486/916 4046/484/916
f 4047/485/917 4048/487/918 4049/488/918
f 4047/485/917 4049/488/918 4050/486/917
f 4051/487/919 4052/489/919 4053/490/919
f 4051/487/919 4053/490/919 4054/488/920
f 4055/489/921 4056/491/921 4057/492/922
f 4055/489/921 4057/492/922 4058/490/922
f 4059/491/923 4060/493/923 4061/494/924
f 4059/491/923 4061/494/924 4062/492/923
f 4063/493/925 4064/495/926 4065/496/926
f 4063/493/925 4065/496/926 4066/494/927
f 4067/495/928 4068/497/928 4069/498/929
f 4067/495/928 4069/498/929 4070/496/930
f 4071/497/931 4072/499/932 4073/500/933
f 4071/497/931 4073/500/933 4074/498/931
f 4075/499/934 4076/501/934 4077/502/935
f 4075/499/934 4077/502/935 4078/500/936
f 4079/501/937 4080/503/938 4081/504/939
f 4079/501/937 4081/504/939 4082/502/940
f 4083/482/941 4084/481/941 4085/505/941
f 4083/482/941 4085/505/941 4086/506/942
f 4087/481/943 4088/484/943 4089/507/943
f 4087/481/943 4089/507/943 4090/505/943
f 4091/484/944 4092/486/944 4093/508/945
f 4091/484/944 4093/508/945 4094/507/945
f 4095/486/946 4096/488/946 4097/509/946
f 4095/486/946 4097/509/946 4098/508/946
f 4099/488/947 4100/490/947 4101/510/947
f 4099/488/947 4101/510/947 4102/509/947
f 4103/490/948 4104/492/948 4105/511/948
f 4103/490/948 4105/511/948 4106/510/948
f 4107/492/949 4108/494/949 4109/512/950
f 4107/492/949 4109/512/950 4110/511/949
f 4111/494/951 4112/496/951 4113/513/952
f 4111/494/951 4113/513/952 4114/512/951
f 4115/496/953 4116/498/954 4117/514/953
f 4115/496/953 4117/514/953 4118/513/953
f 4119/498/955 4120/500/955 4121/515/955
f 4119/498/955 4121/515/955 4122/514/955
f 4123/500/956 4124/502/956 4125/516/956
f 4123/500/956 4125/516/956 4126/515/956
f 4127/502/957 4128/504/957 4129/517/958
f 4127/502/957 4129/517/958 4130/516/958
f 4131/506/959 4132/505/960 4133/518/961
f 4131/506/959 4133/518/961 4134/519/961
f 4135/505/962 4136/507/962 4137/520/962
f 4135/505/962 4137/520/962 4138/518/962
f 4139/507/963 4140/508/963 4141/521/964
f 4139/507/963 4141/521/964 4142/520/963
f 4143/508/965 4144/509/966 4145/522/966
f 4143/508/965 4145/522/966 4146/521/966
f 4147/509/967 4148/510/968 4149/523/969
f 4147/509/967 4149/523/969 4150/522/968
f 4151/510/970 4152/511/971 4153/524/971
f 4151/510/970 4153/524/971 4154/523/971
f 4155/511/972 4156/512/973 4157/525/972
f 4155/511/972 4157/525/972 4158/524/972
f 4159/512/974 4160/513/974 4161/526/974
f 4159/512/974 4161/526/974 4162/525/974
f 4163/513/975 4164/514/976 4165/527/975
f 4163/513/975 4165/527/975 4166/526/976
f 4167/514/977 4168/515/977 4169/528/978
f 4167/514/977 4169/528/978 4170/527/978
f 4171/515/979 4172/516/979 4173/529/979
f 4171/515/979 4173/529/979 4174/528/979
f 4175/516/980 4176/517/980 4177/530/981
f 4175/516/980 4177/530/981 4178/529/980
s 0
f 4179/531/982 4180/532/982 4181/533/982
f 4179/531/982 4181/533/982 4182/534/982
f 4183/532/982 4184/535/982 4185/536/982
f 4183/532/982 4185/536/982 4186/533/982
f 4187/535/982 4188/537/982 4189/538/982
f 4187/535/982 4189/538/982 4190/536/982
f 4191/537/982 4192/539/982 4193/540/982
f 4191/537/982 4193/540/982 4194/538/982
f 4195/539/982 4196/541/982 4197/542/982
f 4195/539/982 4197/542/982 4198/540/982
f 4199/541/982 4200/543/982 4201/544/982
f 4199/541/982 4201/544/982 4202/542/982
s 1
f 4203/543/982 4204/545/982 4205/546/982
s 0
f 4203/543/982 4205/546/982 4206/544/982
f 4207/545/982 4208/547/982 4209/548/982
f 4207/545/982 4209/548/982 4210/546/982
f 4211/547/982 4212/549/982 4213/550/982
f 4211/547/982 4213/550/982 4214/548/982
f 4215/549/982 4216/551/982 4217/552/982
f 4215/549/982 4217/552/982 4218/550/982
f 4219/551/982 4220/553/982 4221/554/982
f 4219/551/982 4221/554/982 4222/552/982
f 4223/553/982 4224/555/982 4225/556/982
f 4223/553/982 4225/556/982 4226/554/982
s 1
f 4227/534/983 4228/533/984 4229/557/984
f 4227/534/983 4229/557/984 4230/558/984
f 4231/533/985 4232/536/985 4233/559/985
f 4231/533/985 4233/559/985 4234/557/985
f 4235/536/986 4236/538/986 4237/560/987
f 4235/536/986 4237/560/987 4238/559/986
f 4239/538/988 4240/540/989 4241/561/988
f 4239/538/988 4241/561/988 4242/560/988
f 4243/540/990 4244/542/990 4245/562/990
f 4243/540/990 4245/562/990 4246/561/990
f 4247/542/991 4248/544/991 4249/563/992
f 4247/542/991 4249/563/992 4250/562/991
f 4251/544/993 4252/546/993 4253/564/993
f 4251/544/993 4253/564/993 4254/563/993
f 4255/546/994 4256/548/994 4257/565/994
f 4255/546/994 4257/565/994 4258/564/994
f 4259/548/995 4260/550/996 4261/566/995
f 4259/548/995 4261/566/995 4262/565/995
f 4263/550/997 4264/552/997 4265/567/997
f 4263/550/997 4265/567/997 4266/566/997
f 4267/552/998 4268/554/998 4269/568/998
f 4267/552/998 4269/568/998 4270/567/998
f 4271/554/999 4272/556/999 4273/569/999
f 4271/554/999 4273/569/999 4274/568/999
s 0
f 4275/455/1000 4276/456/1000 4277/453/1000
f 4275/455/1001 4277/453/1001 4278/454/1001
f 4279/458/598 4280/455/598 4281/454/598
f 4279/458/1002 4281/454/1002 4282/457/1002
f 4283/460/599 4284/458/599 4285/457/599
f 4283/460/599 4285/457/599 4286/459/599
f 4287/570/588 4288/460/588 4289/459/588
f 4287/570/588 4289/459/588 4290/461/588
f 4291/464/589 4292/570/589 4293/461/589
f 4291/464/1003 4293/461/1003 4294/463/1003
f 4295/466/1004 4296/464/1004 4297/463/1004
f 4295/466/1005 4297/463/1005 4298/465/1005
f 4299/468/1006 4300/466/1006 4301/465/1006
f 4299/468/591 4301/465/591 4302/467/591
f 4303/470/1007 4304/468/1007 4305/467/1007
f 4303/470/811 4305/467/811 4306/469/811
f 4307/472/593 4308/470/593 4309/469/593
f 4307/472/703 4309/469/703 4310/471/703
f 4311/474/594 4312/472/594 4313/471/594
f 4311/474/594 4313/471/594 4314/473/594
f 4315/476/707 4316/474/707 4317/473/707
f 4315/476/595 4317/473/595 4318/475/595
f 4319/478/1008 4320/476/1008 4321/475/1008
f 4319/478/1009 4321/475/1009 4322/477/1009
f 4323/571/597 4324/572/597 4325/573/597
f 4323/571/597 4325/573/597 4326/574/597
f 4327/575/598 4328/571/598 4329/574/598
s 1
f 4327/575/598 4329/574/598 4330/576/598
s 0
f 4331/577/599 4332/575/599 4333/576/599
f 4331/577/599 4333/576/599 4334/578/599
f 4335/579/588 4336/577/588 4337/578/588
f 4335/579/588 4337/578/588 4338/580/588
f 4339/581/589 4340/579/589 4341/580/589
f 4339/581/589 4341/580/589 4342/582/589
f 4343/583/590 4344/581/590 4345/582/590
f 4343/583/590 4345/582/590 4346/584/590
f 4347/585/591 4348/583/591 4349/584/591
f 4347/585/591 4349/584/591 4350/586/591
f 4351/587/592 4352/585/592 4353/586/592
f 4351/587/592 4353/586/592 4354/588/592
f 4355/589/593 4356/587/593 4357/588/593
f 4355/589/593 4357/588/593 4358/590/593
f 4359/591/594 4360/589/594 4361/590/594
f 4359/591/594 4361/590/594 4362/592/594
f 4363/593/595 4364/591/595 4365/592/595
f 4363/593/595 4365/592/595 4366/594/595
f 4367/595/596 4368/593/596 4369/594/596
f 4367/595/596 4369/594/596 4370/596/596
s 1
f 4371/437/1010 4372/439/1010 4373/440/1010
s 0
f 4371/437/1011 4373/440/1011 4374/438/1011
f 4375/439/1012 4376/441/1013 4377/442/1012
f 4375/439/1014 4377/442/1014 4378/440/1015
s 1
f 4379/441/1016 4380/443/1016 4381/444/1016
s 0
f 4379/441/1017 4381/444/1017 4382/442/1017
f 4383/443/1018 4384/445/1018 4385/446/1018
f 4383/443/1019 4385/446/1019 4386/444/1019
f 4387/445/1020 4388/447/1020 4389/448/1021
f 4387/445/1022 4389/448/1023 4390/446/1022
f 4391/447/1024 4392/449/1024 4393/450/1024
f 4391/447/1025 4393/450/1025 4394/448/1025
f 4395/449/1026 4396/451/1026 4397/452/1026
f 4395/449/1027 4397/452/1027 4398/450/1027
f 4399/451/1028 4400/429/1028 4401/432/1028
f 4399/451/1029 4401/432/1029 4402/452/1030
f 4403/429/1031 4404/430/1031 4405/431/1031
f 4403/429/1032 4405/431/1032 4406/432/1032
f 4407/430/1033 4408/433/1033 4409/434/1033
f 4407/430/1034 4409/434/1034 4410/431/1034
f 4411/433/1035 4412/435/1035 4413/436/1035
f 4411/433/1035 4413/436/1035 4414/434/1036
s 1
f 4415/435/1037 4416/437/1037 4417/438/1037
s 0
f 4415/435/1038 4417/438/1039 4418/436/1038
f 4419/447/1040 4420/449/1040 4421/450/1040
f 4419/447/1041 4421/450/1041 4422/448/1041
s 1
f 4423/449/1042 4424/451/1043 4425/452/1042
s 0
f 4423/449/1044 4425/452/1044 4426/450/1045
f 4427/451/1046 4428/429/1047 4429/432/1046
f 4427/451/1048 4429/432/1048 4430/452/1049
f 4431/429/1050 4432/430/1050 4433/431/1050
f 4431/429/1051 4433/431/1051 4434/432/1051
f 4435/430/1052 4436/433/1052 4437/434/1052
f 4435/430/1053 4437/434/1053 4438/431/1053
f 4439/433/1054 4440/435/834 4441/436/834
f 4439/433/834 4441/436/834 4442/434/834
f 4443/435/1055 4444/437/1056 4445/438/1055
f 4443/435/1057 4445/438/1057 4446/436/1057
f 4447/437/1058 4448/439/1058 4449/440/1058
f 4447/437/1059 4449/440/1059 4450/438/1059
f 4451/439/1060 4452/441/1061 4453/442/1061
f 4451/439/1062 4453/442/1062 4454/440/1062
f 4455/441/1063 4456/443/1063 4457/444/1063
f 4455/441/1064 4457/444/1064 4458/442/1064
f 4459/443/1065 4460/445/1065 4461/446/1065
f 4459/443/1066 4461/446/1066 4462/444/1066
f 4463/445/1067 4464/447/1068 4465/448/1067
f 4463/445/1067 4465/448/1067 4466/446/1067
s 1
f 4467/196/387 4468/199/388 4469/198/387
f 4467/196/387 4469/198/387 4470/197/387
f 4471/200/389 4472/203/389 4473/202/389
f 4471/200/389 4473/202/389 4474/201/390
f 4475/204/391 4476/205/391 4477/203/391
f 4475/204/391 4477/203/391 4478/200/391
f 4479/206/392 4480/207/392 4481/205/392
f 4479/206/392 4481/205/392 4482/204/392
f 4483/208/393 4484/209/393 4485/207/393
f 4483/208/393 4485/207/393 4486/206/393
s 0
f 4487/210/394 4488/211/394 4489/209/394
f 4487/210/395 4489/209/395 4490/208/395
s 1
f 4491/212/396 4492/213/396 4493/211/396
f 4491/212/396 4493/211/396 4494/210/397
f 4495/197/398 4496/198/398 4497/213/398
f 4495/197/398 4497/213/398 4498/212/398
f 4499/214/399 4500/215/399 4501/198/400
f 4499/214/399 4501/198/400 4502/199/399
f 4503/216/401 4504/217/402 4505/202/402
f 4503/216/401 4505/202/402 4506/203/402
f 4507/218/403 4508/216/403 4509/203/403
f 4507/218/403 4509/203/403 4510/205/404
f 4511/219/405 4512/218/405 4513/205/405
f 4511/219/405 4513/205/405 4514/207/405
f 4515/220/406 4516/219/406 4517/207/406
f 4515/220/406 4517/207/406 4518/209/406
f 4519/221/408 4520/220/408 4521/209/409
f 4519/221/408 4521/209/409 4522/211/409
f 4523/222/410 4524/221/410 4525/211/411
f 4523/222/410 4525/211/411 4526/213/411
f 4527/215/412 4528/222/412 4529/213/412
f 4527/215/412 4529/213/412 4530/198/412
f 4531/223/413 4532/224/413 4533/215/413
f 4531/223/413 4533/215/413 4534/214/413
f 4535/225/415 4536/226/415 4537/217/414
f 4535/225/415 4537/217/414 4538/216/415
f 4539/227/417 4540/225/416 4541/216/416
f 4539/227/417 4541/216/416 4542/218/416
f 4543/228/418 4544/227/418 4545/218/418
f 4543/228/418 4545/218/418 4546/219/418
f 4547/229/420 4548/228/420 4549/219/420
f 4547/229/420 4549/219/420 4550/220/420
f 4551/230/421 4552/229/421 4553/220/421
f 4551/230/421 4553/220/421 4554/221/421
f 4555/231/1069 4556/230/422 4557/221/1070
f 4555/231/1069 4557/221/1070 4558/222/424
f 4559/224/426 4560/231/427 4561/222/427
f 4559/224/426 4561/222/427 4562/215/426
f 4563/234/428 4564/233/428 4565/232/428
f 4563/234/428 4565/232/428 4566/235/429
f 4567/238/1071 4568/237/1072 4569/236/430
f 4567/238/1071 4569/236/430 4570/239/430
f 4571/239/1073 4572/236/432 4573/240/1074
f 4571/239/1073 4573/240/1074 4574/241/432
f 4575/242/433 4576/241/434 4577/240/434
f 4575/242/433 4577/240/434 4578/243/433
f 4579/244/1075 4580/242/435 4581/243/435
f 4579/244/1075 4581/243/435 4582/245/435
f 4583/246/438 4584/244/438 4585/245/438
f 4583/246/438 4585/245/438 4586/247/438
f 4587/248/439 4588/246/439 4589/247/439
f 4587/248/439 4589/247/439 4590/249/439
f 4591/248/440 4592/249/440 4593/233/1076
f 4591/248/440 4593/233/1076 4594/234/440
f 4595/250/443 4596/224/1077 4597/223/442
f 4595/250/443 4597/223/442 4598/251/444
f 4599/226/445 4600/225/1078 4601/252/445
f 4599/226/445 4601/252/445 4602/253/1079
f 4603/225/446 4604/227/447 4605/254/448
f 4603/225/446 4605/254/448 4606/252/446
f 4607/227/1080 4608/228/449 4609/255/449
f 4607/227/1080 4609/255/449 4610/254/449
f 4611/228/450 4612/229/451 4613/256/451
f 4611/228/450 4613/256/451 4614/255/451
f 4615/256/452 4616/229/453 4617/230/452
f 4615/256/452 4617/230/452 4618/257/452
f 4619/257/454 4620/230/455 4621/231/456
f 4619/257/454 4621/231/456 4622/258/457
f 4623/258/458 4624/231/458 4625/224/458
f 4623/258/458 4625/224/458 4626/250/458
f 4627/259/461 4628/262/460 4629/261/461
f 4627/259/461 4629/261/461 4630/260/460
f 4631/263/462 4632/266/462 4633/265/462
f 4631/263/462 4633/265/462 4634/264/463
f 4635/265/464 4636/268/465 4637/267/465
f 4635/265/464 4637/267/465 4638/264/1081
f 4639/268/467 4640/270/468 4641/269/469
f 4639/268/467 4641/269/469 4642/267/1082
f 4643/270/471 4644/272/471 4645/271/1083
f 4643/270/471 4645/271/1083 4646/269/471
f 4647/272/472 4648/274/472 4649/273/472
f 4647/272/472 4649/273/472 4650/271/472
f 4651/273/473 4652/274/473 4653/276/473
f 4651/273/473 4653/276/473 4654/275/473
f 4655/275/474 4656/276/474 4657/262/474
f 4655/275/474 4657/262/474 4658/259/475
f 4659/250/476 4660/251/476 4661/261/476
f 4659/250/476 4661/261/476 4662/262/476
f 4663/253/477 4664/252/477 4665/265/477
f 4663/253/477 4665/265/477 4666/266/479
f 4667/252/480 4668/254/480 4669/268/480
f 4667/252/480 4669/268/480 4670/265/480
f 4671/254/481 4672/255/481 4673/270/481
f 4671/254/481 4673/270/481 4674/268/481
f 4675/255/482 4676/256/482 4677/272/482
f 4675/255/482 4677/272/482 4678/270/482
f 4679/256/483 4680/257/483 4681/274/483
f 4679/256/483 4681/274/483 4682/272/483
f 4683/257/484 4684/258/484 4685/276/484
f 4683/257/484 4685/276/484 4686/274/484
f 4687/258/485 4688/250/485 4689/262/485
f 4687/258/485 4689/262/485 4690/276/1084
f 4691/232/486 4692/233/1085 4693/259/487
f 4691/232/486 4693/259/487 4694/260/486
f 4695/233/488 4696/249/488 4697/275/488
f 4695/233/488 4697/275/488 4698/259/488
f 4699/249/489 4700/247/1086 4701/273/489
f 4699/249/489 4701/273/489 4702/275/489
f 4703/247/491 4704/245/491 4705/271/491
f 4703/247/491 4705/271/491 4706/273/491
f 4707/245/493 4708/243/493 4709/269/493
f 4707/245/493 4709/269/493 4710/271/493
f 4711/243/494 4712/240/494 4713/267/494
f 4711/243/494 4713/267/494 4714/269/494
f 4715/240/496 4716/236/495 4717/264/496
f 4715/240/496 4717/264/496 4718/267/496
f 4719/236/497 4720/237/497 4721/263/497
f 4719/236/497 4721/263/497 4722/264/497
f 4723/277/499 4724/280/499 4725/279/499
s 0
f 4723/277/498 4725/279/498 4726/278/383
s 1
f 4727/280/501 4728/282/501 4729/281/501
f 4727/280/501 4729/281/501 4730/279/501
f 4731/282/503 4732/284/503 4733/283/504
f 4731/282/503 4733/283/504 4734/281/504
f 4735/284/510 4736/286/505 4737/285/1087
f 4735/284/510 4737/285/1087 4738/283/1087
f 4739/286/498 4740/288/499 4741/287/500
f 4739/286/498 4741/287/500 4742/285/507
f 4743/288/501 4744/290/501 4745/289/501
f 4743/288/501 4745/289/501 4746/287/1088
f 4747/290/504 4748/292/504 4749/291/503
f 4747/290/504 4749/291/503 4750/289/504
f 4751/292/510 4752/277/506 4753/278/1089
f 4751/292/510 4753/278/1089 4754/291/1087
s 0
f 4755/278/357 4756/279/357 4757/294/357
f 4755/278/357 4757/294/357 4758/293/357
f 4759/279/356 4760/281/356 4761/295/356
f 4759/279/356 4761/295/356 4762/294/356
f 4763/281/355 4764/283/355 4765/296/355
f 4763/281/355 4765/296/355 4766/295/355
f 4767/283/354 4768/285/354 4769/297/354
f 4767/283/354 4769/297/354 4770/296/354
f 4771/285/361 4772/287/361 4773/298/361
f 4771/285/361 4773/298/361 4774/297/361
f 4775/287/360 4776/289/360 4777/299/360
f 4775/287/360 4777/299/360 4778/298/360
f 4779/289/359 4780/291/359 4781/300/359
f 4779/289/359 4781/300/359 4782/299/359
f 4783/291/358 4784/278/358 4785/293/358
f 4783/291/358 4785/293/358 4786/300/358
s 1
f 4787/196/1090 4788/199/1091 4789/198/1090
f 4787/196/1090 4789/198/1090 4790/197/1090
f 4791/200/1092 4792/203/1093 4793/202/1092
f 4791/200/1092 4793/202/1092 4794/201/1092
f 4795/204/1094 4796/205/1094 4797/203/1094
f 4795/204/1094 4797/203/1094 4798/200/1094
f 4799/206/1095 4800/207/1095 4801/205/1095
f 4799/206/1095 4801/205/1095 4802/204/1095
f 4803/208/1096 4804/209/1096 4805/207/1096
f 4803/208/1096 4805/207/1096 4806/206/1096
s 0
f 4807/210/1097 4808/211/1097 4809/209/1097
f 4807/210/1098 4809/209/1098 4810/208/1098
s 1
f 4811/212/1099 4812/213/1099 4813/211/1099
f 4811/212/1099 4813/211/1099 4814/210/1100
f 4815/197/1101 4816/198/1101 4817/213/1101
f 4815/197/1101 4817/213/1101 4818/212/1101
f 4819/214/1102 4820/215/1102 4821/198/1103
f 4819/214/1102 4821/198/1103 4822/199/1102
f 4823/216/1104 4824/217/1105 4825/202/1106
f 4823/216/1104 4825/202/1106 4826/203/1106
f 4827/218/1107 4828/216/1107 4829/203/1107
f 4827/218/1107 4829/203/1107 4830/205/1108
f 4831/219/1109 4832/218/1109 4833/205/1109
f 4831/219/1109 4833/205/1109 4834/207/1109
f 4835/220/1110 4836/219/1110 4837/207/1110
f 4835/220/1110 4837/207/1110 4838/209/1110
f 4839/221/1111 4840/220/1111 4841/209/1112
f 4839/221/1111 4841/209/1112 4842/211/1112
f 4843/222/1113 4844/221/1113 4845/211/1114
f 4843/222/1113 4845/211/1114 4846/213/1114
f 4847/215/1115 4848/222/1115 4849/213/1115
f 4847/215/1115 4849/213/1115 4850/198/1115
f 4851/223/1116 4852/224/1116 4853/215/1116
f 4851/223/1116 4853/215/1116 4854/214/1116
f 4855/225/1117 4856/226/1117 4857/217/1118
f 4855/225/1117 4857/217/1118 4858/216/1117
f 4859/227/1119 4860/225/1119 4861/216/1119
f 4859/227/1119 4861/216/1119 4862/218/1119
f 4863/228/1120 4864/227/1120 4865/218/1120
f 4863/228/1120 4865/218/1120 4866/219/1121
f 4867/229/1122 4868/228/1122 4869/219/1122
f 4867/229/1122 4869/219/1122 4870/220/1122
f 4871/230/1123 4872/229/1123 4873/220/1123
f 4871/230/1123 4873/220/1123 4874/221/1123
f 4875/231/1124 4876/230/1125 4877/221/1125
f 4875/231/1124 4877/221/1125 4878/222/1124
f 4879/224/1126 4880/231/1127 4881/222/1127
f 4879/224/1126 4881/222/1127 4882/215/1127
f 4883/232/1128 4884/235/1129 4885/234/1128
f 4883/232/1128 4885/234/1128 4886/233/1129
f 4887/236/1130 4888/239/1131 4889/238/1131
f 4887/236/1130 4889/238/1131 4890/237/1131
f 4891/240/1132 4892/241/1133 4893/239/1134
f 4891/240/1132 4893/239/1134 4894/236/1133
f 4895/242/1135 4896/241/1136 4897/240/1136
f 4895/242/1135 4897/240/1136 4898/243/1135
f 4899/244/1137 4900/242/1138 4901/243/1139
f 4899/244/1137 4901/243/1139 4902/245/1138
f 4903/246/1140 4904/244/1141 4905/245/1141
f 4903/246/1140 4905/245/1141 4906/247/1141
f 4907/248/1142 4908/246/1142 4909/247/1142
f 4907/248/1142 4909/247/1142 4910/249/1142
f 4911/233/1143 4912/234/1144 4913/248/1144
f 4911/233/1143 4913/248/1144 4914/249/1144
f 4915/250/1145 4916/224/1145 4917/223/1146
f 4915/250/1145 4917/223/1146 4918/251/1147
f 4919/252/1148 4920/253/1149 4921/226/1148
f 4919/252/1148 4921/226/1148 4922/225/1150
f 4923/254/1151 4924/252/1152 4925/225/1152
f 4923/254/1151 4925/225/1152 4926/227/1153
f 4927/255/1154 4928/254/1154 4929/227/1154
f 4927/255/1154 4929/227/1154 4930/228/1154
f 4931/256/1155 4932/255/1155 4933/228/1156
f 4931/256/1155 4933/228/1156 4934/229/1155
f 4935/256/1157 4936/229/1158 4937/230/1157
f 4935/256/1157 4937/230/1157 4938/257/1157
f 4939/257/1159 4940/230/1160 4941/231/1161
f 4939/257/1159 4941/231/1161 4942/258/1162
f 4943/258/1163 4944/231/1163 4945/224/1163
f 4943/258/1163 4945/224/1163 4946/250/1163
f 4947/259/1164 4948/262/1165 4949/261/1165
f 4947/259/1164 4949/261/1165 4950/260/1165
f 4951/263/1166 4952/266/1166 4953/265/1167
f 4951/263/1166 4953/265/1167 4954/264/1167
f 4955/267/1168 4956/264/1169 4957/265/1170
f 4955/267/1168 4957/265/1170 4958/268/1171
f 4959/269/1172 4960/267/1173 4961/268/1174
f 4959/269/1172 4961/268/1174 4962/270/1173
f 4963/271/1175 4964/269/1176 4965/270/1176
f 4963/271/1175 4965/270/1176 4966/272/1176
f 4967/273/1177 4968/271/1177 4969/272/1177
f 4967/273/1177 4969/272/1177 4970/274/1177
f 4971/273/1178 4972/274/1178 4973/276/1178
f 4971/273/1178 4973/276/1178 4974/275/1178
f 4975/275/1179 4976/276/1179 4977/262/1180
f 4975/275/1179 4977/262/1180 4978/259/1180
f 4979/250/1181 4980/251/1181 4981/261/1181
f 4979/250/1181 4981/261/1181 4982/262/1181
f 4983/253/1182 4984/252/1182 4985/265/1183
f 4983/253/1182 4985/265/1183 4986/266/1183
f 4987/252/1184 4988/254/1184 4989/268/1184
f 4987/252/1184 4989/268/1184 4990/265/1184
f 4991/254/1185 4992/255/1185 4993/270/1185
f 4991/254/1185 4993/270/1185 4994/268/1185
f 4995/255/1186 4996/256/1186 4997/272/1186
f 4995/255/1186 4997/272/1186 4998/270/1186
f 4999/256/1187 5000/257/1187 5001/274/1187
f 4999/256/1187 5001/274/1187 5002/272/1187
f 5003/257/1188 5004/258/1188 5005/276/1188
f 5003/257/1188 5005/276/1188 5006/274/1188
f 5007/258/1189 5008/250/1189 5009/262/1189
f 5007/258/1189 5009/262/1189 5010/276/1189
f 5011/232/1190 5012/233/1191 5013/259/1192
f 5011/232/1190 5013/259/1192 5014/260/1190
f 5015/233/1193 5016/249/1193 5017/275/1193
f 5015/233/1193 5017/275/1193 5018/259/1193
f 5019/249/1194 5020/247/1195 5021/273/1194
f 5019/249/1194 5021/273/1194 5022/275/1195
f 5023/247/1196 5024/245/1196 5025/271/1196
f 5023/247/1196 5025/271/1196 5026/273/1196
f 5027/245/1197 5028/243/1198 5029/269/1198
f 5027/245/1197 5029/269/1198 5030/271/1197
f 5031/243/1199 5032/240/1199 5033/267/1199
f 5031/243/1199 5033/267/1199 5034/269/1199
f 5035/240/1200 5036/236/1201 5037/264/1200
f 5035/240/1200 5037/264/1200 5038/267/1200
f 5039/236/1202 5040/237/1202 5041/263/1202
f 5039/236/1202 5041/263/1202 5042/264/1203
f 5043/277/1204 5044/280/1205 5045/279/1206
f 5043/277/1204 5045/279/1206 5046/278/1204
f 5047/280/1207 5048/282/1207 5049/281/1207
f 5047/280/1207 5049/281/1207 5050/279/1207
f 5051/282/1208 5052/284/1209 5053/283/1210
f 5051/282/1208 5053/283/1210 5054/281/1208
f 5055/284/1211 5056/286/1211 5057/285/1211
s 0
f 5055/284/1212 5057/285/1213 5058/283/1213
s 1
f 5059/286/1204 5060/288/1214 5061/287/1206
f 5059/286/1204 5061/287/1206 5062/285/1204
f 5063/288/1215 5064/290/1207 5065/289/1216
f 5063/288/1215 5065/289/1216 5066/287/1217
f 5067/290/1208 5068/292/1208 5069/291/1209
f 5067/290/1208 5069/291/1209 5070/289/1208
f 5071/292/1218 5072/277/1218 5073/278/1211
s 0
f 5071/292/1212 5073/278/1213 5074/291/1212
f 5075/278/354 5076/279/354 5077/294/354
f 5075/278/354 5077/294/354 5078/293/354
f 5079/279/355 5080/281/355 5081/295/355
f 5079/279/355 5081/295/355 5082/294/355
f 5083/281/356 5084/283/356 5085/296/356
f 5083/281/356 5085/296/356 5086/295/356
f 5087/283/357 5088/285/357 5089/297/357
f 5087/283/357 5089/297/357 5090/296/357
f 5091/285/358 5092/287/358 5093/298/358
f 5091/285/358 5093/298/358 5094/297/358
s 1
f 5095/287/359 5096/289/359 5097/299/359
f 5095/287/359 5097/299/359 5098/298/359
s 0
f 5099/289/360 5100/291/360 5101/300/360
f 5099/289/360 5101/300/360 5102/299/360
f 5103/291/361 5104/278/361 5105/293/361
f 5103/291/361 5105/293/361 5106/300/361
s 1
f 5107/196/1090 5108/199/1091 5109/198/1090
f 5107/196/1090 5109/198/1090 5110/197/1090
f 5111/200/1092 5112/203/1092 5113/202/1092
f 5111/200/1092 5113/202/1092 5114/201/1219
f 5115/204/1094 5116/205/1094 5117/203/1094
f 5115/204/1094 5117/203/1094 5118/200/1094
f 5119/206/1095 5120/207/1095 5121/205/1095
f 5119/206/1095 5121/205/1095 5122/204/1095
f 5123/208/1096 5124/209/1220 5125/207/1096
f 5123/208/1096 5125/207/1096 5126/206/1096
s 0
f 5127/210/1097 5128/211/1097 5129/209/1097
f 5127/210/1098 5129/209/1098 5130/208/1098
s 1
f 5131/212/1099 5132/213/1099 5133/211/1099
f 5131/212/1099 5133/211/1099 5134/210/1100
f 5135/197/1101 5136/198/1101 5137/213/1101
f 5135/197/1101 5137/213/1101 5138/212/1101
f 5139/214/1102 5140/215/1221 5141/198/1103
f 5139/214/1102 5141/198/1103 5142/199/1102
f 5143/216/1104 5144/217/1105 5145/202/1106
f 5143/216/1104 5145/202/1106 5146/203/1106
f 5147/218/1107 5148/216/1107 5149/203/1107
f 5147/218/1107 5149/203/1107 5150/205/1108
f 5151/219/1109 5152/218/1109 5153/205/1109
f 5151/219/1109 5153/205/1109 5154/207/1109
f 5155/220/1110 5156/219/1110 5157/207/1110
f 5155/220/1110 5157/207/1110 5158/209/1110
f 5159/221/1222 5160/220/1111 5161/209/1112
f 5159/221/1222 5161/209/1112 5162/211/1112
f 5163/222/1113 5164/221/1113 5165/211/1114
f 5163/222/1113 5165/211/1114 5166/213/1114
f 5167/215/1115 5168/222/1115 5169/213/1115
f 5167/215/1115 5169/213/1115 5170/198/1115
f 5171/223/1116 5172/224/1116 5173/215/1116
f 5171/223/1116 5173/215/1116 5174/214/1116
f 5175/225/1117 5176/226/1117 5177/217/1118
f 5175/225/1117 5177/217/1118 5178/216/1117
f 5179/227/1119 5180/225/1119 5181/216/1119
f 5179/227/1119 5181/216/1119 5182/218/1119
f 5183/228/1121 5184/227/1120 5185/218/1120
f 5183/228/1121 5185/218/1120 5186/219/1121
f 5187/229/1122 5188/228/1122 5189/219/1122
f 5187/229/1122 5189/219/1122 5190/220/1122
f 5191/230/1123 5192/229/1123 5193/220/1123
f 5191/230/1123 5193/220/1123 5194/221/1123
f 5195/231/1223 5196/230/1224 5197/221/1225
f 5195/231/1223 5197/221/1225 5198/222/1226
f 5199/224/1126 5200/231/1127 5201/222/1127
f 5199/224/1126 5201/222/1127 5202/215/1127
f 5203/232/1129 5204/235/1129 5205/234/1129
f 5203/232/1129 5205/234/1129 5206/233/1129
f 5207/236/1131 5208/239/1227 5209/238/1131
f 5207/236/1131 5209/238/1131 5210/237/1131
f 5211/240/1133 5212/241/1133 5213/239/1133
f 5211/240/1133 5213/239/1133 5214/236/1133
f 5215/242/1228 5216/241/1136 5217/240/1136
f 5215/242/1228 5217/240/1136 5218/243/1135
f 5219/244/1138 5220/242/1138 5221/243/1139
f 5219/244/1138 5221/243/1139 5222/245/1138
f 5223/246/1141 5224/244/1141 5225/245/1141
f 5223/246/1141 5225/245/1141 5226/247/1141
f 5227/248/1142 5228/246/1142 5229/247/1142
f 5227/248/1142 5229/247/1142 5230/249/1142
f 5231/233/1143 5232/234/1144 5233/248/1229
f 5231/233/1143 5233/248/1229 5234/249/1144
f 5235/250/1145 5236/224/1230 5237/223/1146
f 5235/250/1145 5237/223/1146 5238/251/1147
f 5239/252/1148 5240/253/1149 5241/226/1148
f 5239/252/1148 5241/226/1148 5242/225/1150
f 5243/254/1151 5244/252/1151 5245/225/1153
f 5243/254/1151 5245/225/1153 5246/227/1153
f 5247/255/1154 5248/254/1154 5249/227/1231
f 5247/255/1154 5249/227/1231 5250/228/1154
f 5251/256/1155 5252/255/1156 5253/228/1155
f 5251/256/1155 5253/228/1155 5254/229/1155
f 5255/256/1157 5256/229/1158 5257/230/1157
f 5255/256/1157 5257/230/1157 5258/257/1157
f 5259/257/1159 5260/230/1160 5261/231/1159
f 5259/257/1159 5261/231/1159 5262/258/1162
f 5263/258/1163 5264/231/1163 5265/224/1163
f 5263/258/1163 5265/224/1163 5266/250/1163
f 5267/259/1232 5268/262/1165 5269/261/1165
f 5267/259/1232 5269/261/1165 5270/260/1164
f 5271/263/1166 5272/266/1166 5273/265/1167
f 5271/263/1166 5273/265/1167 5274/264/1166
f 5275/267/1168 5276/264/1233 5277/265/1170
f 5275/267/1168 5277/265/1170 5278/268/1168
f 5279/269/1234 5280/267/1173 5281/268/1234
f 5279/269/1234 5281/268/1234 5282/270/1235
f 5283/271/1176 5284/269/1176 5285/270/1176
f 5283/271/1176 5285/270/1176 5286/272/1176
f 5287/273/1236 5288/271/1177 5289/272/1177
f 5287/273/1236 5289/272/1177 5290/274/1177
f 5291/273/1178 5292/274/1178 5293/276/1178
f 5291/273/1178 5293/276/1178 5294/275/1178
f 5295/275/1179 5296/276/1180 5297/262/1180
f 5295/275/1179 5297/262/1180 5298/259/1237
f 5299/250/1181 5300/251/1181 5301/261/1181
f 5299/250/1181 5301/261/1181 5302/262/1181
f 5303/253/1182 5304/252/1182 5305/265/1182
f 5303/253/1182 5305/265/1182 5306/266/1183
f 5307/252/1184 5308/254/1184 5309/268/1184
f 5307/252/1184 5309/268/1184 5310/265/1184
f 5311/254/1185 5312/255/1185 5313/270/1185
f 5311/254/1185 5313/270/1185 5314/268/1185
f 5315/255/1186 5316/256/1186 5317/272/1186
f 5315/255/1186 5317/272/1186 5318/270/1186
f 5319/256/1187 5320/257/1187 5321/274/1187
f 5319/256/1187 5321/274/1187 5322/272/1187
f 5323/257/1188 5324/258/1188 5325/276/1188
f 5323/257/1188 5325/276/1188 5326/274/1188
f 5327/258/1189 5328/250/1189 5329/262/1189
f 5327/258/1189 5329/262/1189 5330/276/1189
f 5331/232/1190 5332/233/1192 5333/259/1192
f 5331/232/1190 5333/259/1192 5334/260/1190
f 5335/233/1193 5336/249/1193 5337/275/1193
f 5335/233/1193 5337/275/1193 5338/259/1193
f 5339/249/1238 5340/247/1195 5341/273/1194
f 5339/249/1238 5341/273/1194 5342/275/1194
f 5343/247/1196 5344/245/1196 5345/271/1196
f 5343/247/1196 5345/271/1196 5346/273/1239
f 5347/245/1240 5348/243/1198 5349/269/1198
f 5347/245/1240 5349/269/1198 5350/271/1240
f 5351/243/1199 5352/240/1199 5353/267/1199
f 5351/243/1199 5353/267/1199 5354/269/1199
f 5355/240/1201 5356/236/1200 5357/264/1200
f 5355/240/1201 5357/264/1200 5358/267/1201
f 5359/236/1202 5360/237/1202 5361/263/1202
f 5359/236/1202 5361/263/1202 5362/264/1202
f 5363/277/1204 5364/280/1205 5365/279/1206
f 5363/277/1204 5365/279/1206 5366/278/1241
f 5367/280/1207 5368/282/1207 5369/281/1217
f 5367/280/1207 5369/281/1217 5370/279/1207
f 5371/282/1209 5372/284/1208 5373/283/1208
f 5371/282/1209 5373/283/1208 5374/281/1209
f 5375/284/1242 5376/286/1242 5377/285/1242
s 0
f 5375/284/1213 5377/285/1213 5378/283/1213
s 1
f 5379/286/1204 5380/288/1205 5381/287/1206
f 5379/286/1204 5381/287/1206 5382/285/1241
f 5383/288/1215 5384/290/1207 5385/289/1207
f 5383/288/1215 5385/289/1207 5386/287/1207
f 5387/290/1209 5388/292/1208 5389/291/1209
f 5387/290/1209 5389/291/1209 5390/289/1209
f 5391/292/1243 5392/277/1218 5393/278/1243
s 0
f 5391/292/1218 5393/278/1218 5394/291/1218
f 5395/278/354 5396/279/354 5397/294/354
f 5395/278/354 5397/294/354 5398/293/354
f 5399/279/355 5400/281/355 5401/295/355
f 5399/279/355 5401/295/355 5402/294/355
f 5403/281/356 5404/283/356 5405/296/356
f 5403/281/356 5405/296/356 5406/295/356
f 5407/283/357 5408/285/357 5409/297/357
f 5407/283/357 5409/297/357 5410/296/357
f 5411/285/358 5412/287/358 5413/298/358
f 5411/285/358 5413/298/358 5414/297/358
f 5415/287/359 5416/289/359 5417/299/359
f 5415/287/359 5417/299/359 5418/298/359
f 5419/289/360 5420/291/360 5421/300/360
f 5419/289/360 5421/300/360 5422/299/360
f 5423/291/361 5424/278/361 5425/293/361
f 5423/291/361 5425/293/361 5426/300/361
s 1
f 5427/196/1244 5428/197/1244 5429/198/1244
f 5427/196/1244 5429/198/1244 5430/199/1245
f 5431/200/1246 5432/201/1247 5433/202/1247
f 5431/200/1246 5433/202/1247 5434/203/1248
f 5435/204/1249 5436/200/1249 5437/203/1250
f 5435/204/1249 5437/203/1250 5438/205/1249
f 5439/206/1251 5440/204/1251 5441/205/1251
f 5439/206/1251 5441/205/1251 5442/207/1251
f 5443/208/1252 5444/206/1252 5445/207/1252
f 5443/208/1252 5445/207/1252 5446/209/1252
s 0
f 5447/210/1253 5448/208/1253 5449/209/1253
f 5447/210/1254 5449/209/1254 5450/211/1254
s 1
f 5451/212/1255 5452/210/1256 5453/211/1255
f 5451/212/1255 5453/211/1255 5454/213/1255
f 5455/197/1257 5456/212/1257 5457/213/1257
f 5455/197/1257 5457/213/1257 5458/198/1257
f 5459/214/1258 5460/199/1258 5461/198/1259
f 5459/214/1258 5461/198/1259 5462/215/1260
f 5463/216/1261 5464/203/1262 5465/202/1263
f 5463/216/1261 5465/202/1263 5466/217/1263
f 5467/218/1264 5468/205/1265 5469/203/1264
f 5467/218/1264 5469/203/1264 5470/216/1264
f 5471/219/1266 5472/207/1266 5473/205/1266
f 5471/219/1266 5473/205/1266 5474/218/1266
f 5475/220/1267 5476/209/1267 5477/207/1267
f 5475/220/1267 5477/207/1267 5478/219/1267
f 5479/221/1268 5480/211/1269 5481/209/1269
f 5479/221/1268 5481/209/1269 5482/220/1270
f 5483/222/1271 5484/213/1272 5485/211/1272
f 5483/222/1271 5485/211/1272 5486/221/1271
f 5487/215/1273 5488/198/1273 5489/213/1273
f 5487/215/1273 5489/213/1273 5490/222/1273
f 5491/223/1274 5492/214/1274 5493/215/1274
f 5491/223/1274 5493/215/1274 5494/224/1274
f 5495/225/1275 5496/216/1275 5497/217/1276
f 5495/225/1275 5497/217/1276 5498/226/1275
f 5499/227/1277 5500/218/1277 5501/216/1277
f 5499/227/1277 5501/216/1277 5502/225/1277
f 5503/228/1278 5504/219/1278 5505/218/1279
f 5503/228/1278 5505/218/1279 5506/227/1278
f 5507/229/1280 5508/220/1280 5509/219/1280
f 5507/229/1280 5509/219/1280 5510/228/1280
f 5511/230/1281 5512/221/1281 5513/220/1281
f 5511/230/1281 5513/220/1281 5514/229/1281
f 5515/231/1282 5516/222/1283 5517/221/1284
f 5515/231/1282 5517/221/1284 5518/230/1282
f 5519/224/1285 5520/215/1286 5521/222/1286
f 5519/224/1285 5521/222/1286 5522/231/1286
f 5523/234/1287 5524/235/1288 5525/232/1288
f 5523/234/1287 5525/232/1288 5526/233/1287
f 5527/238/1289 5528/239/1289 5529/236/1290
f 5527/238/1289 5529/236/1290 5530/237/1289
f 5531/239/1291 5532/241/1292 5533/240/1293
f 5531/239/1291 5533/240/1293 5534/236/1292
f 5535/242/1294 5536/243/1294 5537/240/1295
f 5535/242/1294 5537/240/1295 5538/241/1295
f 5539/244/1296 5540/245/1297 5541/243/1298
f 5539/244/1296 5541/243/1298 5542/242/1297
f 5543/246/1299 5544/247/1300 5545/245/1300
f 5543/246/1299 5545/245/1300 5546/244/1300
f 5547/248/1301 5548/249/1301 5549/247/1301
f 5547/248/1301 5549/247/1301 5550/246/1301
f 5551/248/1302 5552/234/1302 5553/233/1303
f 5551/248/1302 5553/233/1303 5554/249/1302
f 5555/250/1304 5556/251/1305 5557/223/1306
f 5555/250/1304 5557/223/1306 5558/224/1305
f 5559/226/1307 5560/253/1307 5561/252/1307
f 5559/226/1307 5561/252/1307 5562/225/1308
f 5563/225/1309 5564/252/1310 5565/254/1310
f 5563/225/1309 5565/254/1310 5566/227/1311
f 5567/227/1312 5568/254/1312 5569/255/1312
f 5567/227/1312 5569/255/1312 5570/228/1313
f 5571/228/1314 5572/255/1315 5573/256/1315
f 5571/228/1314 5573/256/1315 5574/229/1315
f 5575/256/1316 5576/257/1316 5577/230/1316
f 5575/256/1316 5577/230/1316 5578/229/1317
f 5579/257/1318 5580/258/1318 5581/231/1319
f 5579/257/1318 5581/231/1319 5582/230/1319
f 5583/258/1320 5584/250/1320 5585/224/1320
f 5583/258/1320 5585/224/1320 5586/231/1320
f 5587/259/1321 5588/260/1321 5589/261/1322
f 5587/259/1321 5589/261/1322 5590/262/1322
f 5591/263/1323 5592/264/1323 5593/265/1323
f 5591/263/1323 5593/265/1323 5594/266/1324
f 5595/265/1325 5596/264/1325 5597/267/1326
f 5595/265/1325 5597/267/1326 5598/268/1327
f 5599/268/1328 5600/267/1329 5601/269/1330
f 5599/268/1328 5601/269/1330 5602/270/1331
f 5603/270/1332 5604/269/1332 5605/271/1332
f 5603/270/1332 5605/271/1332 5606/272/1332
f 5607/272/1333 5608/271/1333 5609/273/1333
f 5607/272/1333 5609/273/1333 5610/274/1333
f 5611/273/1334 5612/275/1334 5613/276/1334
f 5611/273/1334 5613/276/1334 5614/274/1334
f 5615/275/1335 5616/259/1336 5617/262/1336
f 5615/275/1335 5617/262/1336 5618/276/1335
f 5619/250/1337 5620/262/1337 5621/261/1337
f 5619/250/1337 5621/261/1337 5622/251/1338
f 5623/253/1339 5624/266/1340 5625/265/1341
f 5623/253/1339 5625/265/1341 5626/252/1339
f 5627/252/1342 5628/265/1342 5629/268/1342
f 5627/252/1342 5629/268/1342 5630/254/1342
f 5631/254/1343 5632/268/1343 5633/270/1343
f 5631/254/1343 5633/270/1343 5634/255/1343
f 5635/255/1344 5636/270/1344 5637/272/1344
f 5635/255/1344 5637/272/1344 5638/256/1344
f 5639/256/1345 5640/272/1346 5641/274/1346
f 5639/256/1345 5641/274/1346 5642/257/1347
f 5643/257/1348 5644/274/1348 5645/276/1348
f 5643/257/1348 5645/276/1348 5646/258/1348
f 5647/258/1349 5648/276/1349 5649/262/1349
f 5647/258/1349 5649/262/1349 5650/250/1349
f 5651/232/1350 5652/260/1350 5653/259/1351
f 5651/232/1350 5653/259/1351 5654/233/1352
f 5655/233/1353 5656/259/1353 5657/275/1353
f 5655/233/1353 5657/275/1353 5658/249/1353
f 5659/249/1354 5660/275/1355 5661/273/1356
f 5659/249/1354 5661/273/1356 5662/247/1355
f 5663/247/1357 5664/273/1357 5665/271/1357
f 5663/247/1357 5665/271/1357 5666/245/1357
f 5667/245/1358 5668/271/1359 5669/269/1360
f 5667/245/1358 5669/269/1360 5670/243/1360
f 5671/243/1361 5672/269/1362 5673/267/1362
f 5671/243/1361 5673/267/1362 5674/240/1362
f 5675/240/1363 5676/267/1363 5677/264/1363
f 5675/240/1363 5677/264/1363 5678/236/1363
f 5679/236/1364 5680/264/1364 5681/263/1364
f 5679/236/1364 5681/263/1364 5682/237/1364
f 5683/277/1365 5684/278/1365 5685/279/1366
f 5683/277/1365 5685/279/1366 5686/280/1367
f 5687/280/1368 5688/279/1368 5689/281/1368
f 5687/280/1368 5689/281/1368 5690/282/1368
f 5691/282/1369 5692/281/1369 5693/283/1369
f 5691/282/1369 5693/283/1369 5694/284/1370
f 5695/284/1371 5696/283/1371 5697/285/1372
f 5695/284/1371 5697/285/1372 5698/286/1373
s 0
f 5699/286/1365 5700/285/1365 5701/287/1365
s 1
f 5699/286/1367 5701/287/1367 5702/288/1367
f 5703/288/1374 5704/287/1375 5705/289/1376
f 5703/288/1374 5705/289/1376 5706/290/1368
f 5707/290/1369 5708/289/1370 5709/291/1370
f 5707/290/1369 5709/291/1370 5710/292/1369
s 0
f 5711/292/1371 5712/291/1371 5713/278/1377
s 1
f 5711/292/1378 5713/278/1373 5714/277/1378
s 0
f 5715/278/357 5716/293/357 5717/294/357
f 5715/278/357 5717/294/357 5718/279/357
f 5719/279/356 5720/294/356 5721/295/356
f 5719/279/356 5721/295/356 5722/281/356
f 5723/281/355 5724/295/355 5725/296/355
f 5723/281/355 5725/296/355 5726/283/355
f 5727/283/354 5728/296/354 5729/297/354
f 5727/283/354 5729/297/354 5730/285/354
f 5731/285/361 5732/297/361 5733/298/361
f 5731/285/361 5733/298/361 5734/287/361
f 5735/287/360 5736/298/360 5737/299/360
f 5735/287/360 5737/299/360 5738/289/360
f 5739/289/359 5740/299/359 5741/300/359
f 5739/289/359 5741/300/359 5742/291/359
f 5743/291/358 5744/300/358 5745/293/358
f 5743/291/358 5745/293/358 5746/278/358
f 5747/301/511 5748/304/511 5749/303/511
f 5747/301/511 5749/303/511 5750/302/511
f 5751/302/512 5752/303/512 5753/306/512
f 5751/302/512 5753/306/512 5754/305/512
f 5755/305/513 5756/306/513 5757/308/513
f 5755/305/513 5757/308/513 5758/307/513
f 5759/307/514 5760/308/514 5761/310/514
f 5759/307/514 5761/310/514 5762/309/514
f 5763/309/515 5764/310/515 5765/312/515
f 5763/309/515 5765/312/515 5766/311/515
f 5767/311/516 5768/312/516 5769/314/516
f 5767/311/516 5769/314/516 5770/313/516
f 5771/313/517 5772/314/517 5773/316/517
f 5771/313/517 5773/316/517 5774/315/517
f 5775/315/518 5776/316/518 5777/318/518
f 5775/315/518 5777/318/518 5778/317/518
f 5779/317/519 5780/318/519 5781/320/519
f 5779/317/519 5781/320/519 5782/319/519
f 5783/319/520 5784/320/520 5785/322/520
f 5783/319/520 5785/322/520 5786/321/520
f 5787/321/521 5788/322/521 5789/324/521
f 5787/321/521 5789/324/521 5790/323/521
f 5791/323/522 5792/324/522 5793/326/522
f 5791/323/522 5793/326/522 5794/325/522
s 1
f 5795/304/1379 5796/328/1380 5797/327/1381
f 5795/304/1379 5797/327/1381 5798/303/1381
f 5799/303/1382 5800/327/1382 5801/329/1382
f 5799/303/1382 5801/329/1382 5802/306/1382
f 5803/306/1383 5804/329/1384 5805/330/1385
f 5803/306/1383 5805/330/1385 5806/308/1386
f 5807/308/1387 5808/330/1388 5809/331/1389
f 5807/308/1387 5809/331/1389 5810/310/1390
f 5811/310/1391 5812/331/1391 5813/332/1391
f 5811/310/1391 5813/332/1391 5814/312/1391
f 5815/312/1392 5816/332/1393 5817/333/1393
f 5815/312/1392 5817/333/1393 5818/314/1394
f 5819/314/1395 5820/333/1395 5821/334/1395
f 5819/314/1395 5821/334/1395 5822/316/1395
f 5823/316/1396 5824/334/1396 5825/335/1397
f 5823/316/1396 5825/335/1397 5826/318/1396
f 5827/318/1398 5828/335/1398 5829/336/1399
f 5827/318/1398 5829/336/1399 5830/320/1398
f 5831/320/1400 5832/336/1401 5833/337/1400
f 5831/320/1400 5833/337/1400 5834/322/1401
f 5835/322/1402 5836/337/1402 5837/338/1403
f 5835/322/1402 5837/338/1403 5838/324/1402
f 5839/324/1404 5840/338/1405 5841/339/1406
f 5839/324/1404 5841/339/1406 5842/326/1404
f 5843/328/1407 5844/341/1407 5845/340/1407
f 5843/328/1407 5845/340/1407 5846/327/1407
f 5847/327/1408 5848/340/1409 5849/342/1409
f 5847/327/1408 5849/342/1409 5850/329/1408
f 5851/329/1410 5852/342/1411 5853/343/1411
f 5851/329/1410 5853/343/1411 5854/330/1410
f 5855/330/1412 5856/343/1412 5857/344/1412
f 5855/330/1412 5857/344/1412 5858/331/1413
f 5859/331/1414 5860/344/1414 5861/345/1414
f 5859/331/1414 5861/345/1414 5862/332/1415
f 5863/332/1416 5864/345/1416 5865/346/1416
f 5863/332/1416 5865/346/1416 5866/333/1416
f 5867/333/1417 5868/346/1417 5869/347/1418
f 5867/333/1417 5869/347/1418 5870/334/1417
f 5871/334/1419 5872/347/1420 5873/348/1421
f 5871/334/1419 5873/348/1421 5874/335/1419
f 5875/335/1422 5876/348/1423 5877/349/1423
f 5875/335/1422 5877/349/1423 5878/336/1422
f 5879/336/1424 5880/349/1424 5881/350/1425
f 5879/336/1424 5881/350/1425 5882/337/1425
f 5883/337/1426 5884/350/1426 5885/351/1426
f 5883/337/1426 5885/351/1426 5886/338/1426
f 5887/338/1427 5888/351/1427 5889/352/1427
f 5887/338/1427 5889/352/1427 5890/339/1427
s 0
f 5891/353/1428 5892/356/1428 5893/355/1428
f 5891/353/1428 5893/355/1428 5894/354/1428
f 5895/357/1428 5896/358/1428 5892/356/1428
f 5895/357/1428 5892/356/1428 5891/353/1428
f 5897/359/1428 5898/360/1428 5896/358/1428
f 5897/359/1428 5896/358/1428 5895/357/1428
f 5899/361/1428 5900/362/1428 5898/360/1428
f 5899/361/1428 5898/360/1428 5897/359/1428
f 5901/363/1428 5902/364/1428 5900/362/1428
f 5901/363/1428 5900/362/1428 5899/361/1428
f 5903/365/1428 5904/366/1428 5902/364/1428
f 5903/365/1428 5902/364/1428 5901/363/1428
f 5905/367/1428 5906/368/1428 5904/366/1428
f 5905/367/1428 5904/366/1428 5903/365/1428
f 5907/369/1428 5908/370/1428 5906/368/1428
f 5907/369/1428 5906/368/1428 5905/367/1428
f 5909/371/1428 5910/372/1428 5908/370/1428
f 5909/371/1428 5908/370/1428 5907/369/1428
f 5911/373/1428 5912/374/1428 5910/372/1428
f 5911/373/1428 5910/372/1428 5909/371/1428
f 5913/375/1428 5914/376/1428 5912/374/1428
f 5913/375/1428 5912/374/1428 5911/373/1428
f 5894/354/1428 5893/355/1428 5914/376/1428
f 5894/354/1428 5914/376/1428 5913/375/1428
f 5915/377/511 5916/380/511 5917/379/511
f 5915/377/511 5917/379/511 5918/378/511
f 5919/381/512 5920/382/512 5921/380/512
f 5919/381/512 5921/380/512 5922/377/512
f 5923/383/513 5924/384/513 5925/382/513
f 5923/383/513 5925/382/513 5926/381/513
f 5927/385/514 5928/386/514 5929/384/514
f 5927/385/514 5929/384/514 5930/383/514
f 5931/387/515 5932/388/515 5933/386/515
f 5931/387/515 5933/386/515 5934/385/515
f 5935/389/516 5936/390/516 5937/388/516
f 5935/389/516 5937/388/516 5938/387/516
f 5939/391/517 5940/392/517 5941/390/517
f 5939/391/517 5941/390/517 5942/389/517
f 5943/393/518 5944/394/518 5945/392/518
f 5943/393/518 5945/392/518 5946/391/518
f 5947/395/519 5948/396/519 5949/394/519
f 5947/395/519 5949/394/519 5950/393/519
f 5951/397/520 5952/398/520 5953/396/520
f 5951/397/520 5953/396/520 5954/395/520
f 5955/399/521 5956/400/521 5957/398/521
f 5955/399/521 5957/398/521 5958/397/521
f 5959/401/522 5960/402/522 5961/400/522
f 5959/401/522 5961/400/522 5962/399/522
s 1
f 5963/341/1429 5964/404/1429 5965/403/1429
f 5963/341/1429 5965/403/1429 5966/340/1429
f 5967/340/1430 5968/403/1431 5969/405/1430
f 5967/340/1430 5969/405/1430 5970/342/1431
f 5971/342/1432 5972/405/1432 5973/406/1432
f 5971/342/1432 5973/406/1432 5974/343/1432
f 5975/343/1433 5976/406/1433 5977/407/1433
f 5975/343/1433 5977/407/1433 5978/344/1433
f 5979/344/1434 5980/407/1434 5981/408/1434
f 5979/344/1434 5981/408/1434 5982/345/1434
f 5983/345/1435 5984/408/1435 5985/409/1435
f 5983/345/1435 5985/409/1435 5986/346/1435
f 5987/346/1436 5988/409/1436 5989/410/1436
f 5987/346/1436 5989/410/1436 5990/347/1436
f 5991/347/1437 5992/410/1437 5993/411/1437
f 5991/347/1437 5993/411/1437 5994/348/1437
f 5995/348/1438 5996/411/1438 5997/412/1438
f 5995/348/1438 5997/412/1438 5998/349/1438
f 5999/349/1439 6000/412/1439 6001/413/1439
f 5999/349/1439 6001/413/1439 6002/350/1439
f 6003/350/1440 6004/413/1440 6005/414/1440
f 6003/350/1440 6005/414/1440 6006/351/1440
f 6007/351/1441 6008/414/1441 6009/415/1441
f 6007/351/1441 6009/415/1441 6010/352/1441
s 0
f 6011/403/599 6012/404/599 6013/417/599
f 6011/403/599 6013/417/599 6014/416/599
f 6015/405/598 6016/403/598 6017/416/598
f 6015/405/598 6017/416/598 6018/418/598
f 6019/406/597 6020/405/597 6021/418/597
f 6019/406/597 6021/418/597 6022/419/597
f 6023/407/596 6024/406/596 6025/419/596
f 6023/407/596 6025/419/596 6026/420/596
f 6027/408/595 6028/407/595 6029/420/595
f 6027/408/595 6029/420/595 6030/421/595
f 6031/409/594 6032/408/594 6033/421/594
f 6031/409/594 6033/421/594 6034/422/594
f 6035/410/593 6036/409/593 6037/422/593
f 6035/410/593 6037/422/593 6038/423/593
f 6039/411/592 6040/410/592 6041/423/592
f 6039/411/592 6041/423/592 6042/424/592
f 6043/412/591 6044/411/591 6045/424/591
f 6043/412/591 6045/424/591 6046/425/591
f 6047/413/590 6048/412/590 6049/425/590
f 6047/413/590 6049/425/590 6050/426/590
f 6051/414/589 6052/413/589 6053/426/589
f 6051/414/589 6053/426/589 6054/427/589
f 6055/415/588 6056/414/588 6057/427/588
f 6055/415/588 6057/427/588 6058/428/588
f 6059/429/1442 6060/432/1442 6061/431/1442
f 6059/429/1442 6061/431/1442 6062/430/1442
f 6063/430/1442 6064/431/1442 6065/434/1442
f 6063/430/1442 6065/434/1442 6066/433/1442
f 6067/433/1442 6068/434/1442 6069/436/1442
f 6067/433/1442 6069/436/1442 6070/435/1442
f 6071/435/1442 6072/436/1442 6073/438/1442
f 6071/435/1442 6073/438/1442 6074/437/1442
f 6075/437/1442 6076/438/1442 6077/440/1442
f 6075/437/1442 6077/440/1442 6078/439/1442
f 6079/439/1442 6080/440/1442 6081/442/1442
f 6079/439/1442 6081/442/1442 6082/441/1442
f 6083/441/1442 6084/442/1442 6085/444/1442
f 6083/441/1442 6085/444/1442 6086/443/1442
f 6087/443/1442 6088/444/1442 6089/446/1442
f 6087/443/1442 6089/446/1442 6090/445/1442
f 6091/445/1442 6092/446/1442 6093/448/1442
f 6091/445/1442 6093/448/1442 6094/447/1442
f 6095/447/1442 6096/448/1442 6097/450/1442
f 6095/447/1442 6097/450/1442 6098/449/1442
f 6099/449/1442 6100/450/1442 6101/452/1442
f 6099/449/1442 6101/452/1442 6102/451/1442
f 6103/451/1442 6104/452/1442 6105/432/1442
f 6103/451/1442 6105/432/1442 6106/429/1442
f 6107/453/599 6108/456/599 6109/455/599
f 6107/453/599 6109/455/599 6110/454/599
f 6111/454/598 6112/455/598 6113/458/598
f 6111/454/598 6113/458/598 6114/457/598
f 6115/457/597 6116/458/597 6117/460/597
f 6115/457/597 6117/460/597 6118/459/597
f 6119/459/596 6120/460/596 6121/462/596
f 6119/459/596 6121/462/596 6122/461/596
f 6123/461/595 6124/462/595 6125/464/595
s 1
f 6123/461/595 6125/464/595 6126/463/595
s 0
f 6127/463/594 6128/464/594 6129/466/594
f 6127/463/594 6129/466/594 6130/465/594
f 6131/465/593 6132/466/593 6133/468/593
f 6131/465/593 6133/468/593 6134/467/593
f 6135/467/592 6136/468/592 6137/470/592
f 6135/467/592 6137/470/592 6138/469/592
f 6139/469/591 6140/470/591 6141/472/591
f 6139/469/591 6141/472/591 6142/471/591
f 6143/471/590 6144/472/590 6145/474/590
f 6143/471/590 6145/474/590 6146/473/590
f 6147/473/589 6148/474/589 6149/476/589
f 6147/473/589 6149/476/589 6150/475/589
f 6151/475/588 6152/476/588 6153/478/588
f 6151/475/588 6153/478/588 6154/477/588
f 6155/434/1443 6156/433/1443 6157/430/1443
f 6155/434/1443 6157/430/1443 6158/431/1443
f 6159/431/1443 6160/430/1443 6161/429/1443
f 6159/431/1443 6161/429/1443 6162/432/1443
f 6163/432/1443 6164/429/1443 6165/451/1443
f 6163/432/1443 6165/451/1443 6166/452/1443
f 6167/452/1443 6168/451/1443 6169/449/1443
f 6167/452/1443 6169/449/1443 6170/450/1443
f 6171/450/1443 6172/449/1443 6173/447/1443
f 6171/450/1443 6173/447/1443 6174/448/1443
f 6175/448/1443 6176/447/1443 6177/445/1443
f 6175/448/1443 6177/445/1443 6178/446/1443
f 6179/446/1443 6180/445/1443 6181/443/1443
f 6179/446/1443 6181/443/1443 6182/444/1443
f 6183/444/1443 6184/443/1443 6185/441/1443
f 6183/444/1443 6185/441/1443 6186/442/1443
f 6187/442/1443 6188/441/1443 6189/439/1443
f 6187/442/1443 6189/439/1443 6190/440/1443
f 6191/440/1443 6192/439/1443 6193/437/1443
f 6191/440/1443 6193/437/1443 6194/438/1443
f 6195/438/1443 6196/437/1443 6197/435/1443
f 6195/438/1443 6197/435/1443 6198/436/1443
f 6199/436/1443 6200/435/1443 6201/433/1443
f 6199/436/1443 6201/433/1443 6202/434/1443
s 1
f 6203/479/1444 6204/482/1445 6205/481/1444
f 6203/479/1444 6205/481/1444 6206/480/1444
f 6207/480/1446 6208/481/1447 6209/484/1448
f 6207/480/1446 6209/484/1448 6210/483/1448
f 6211/483/1449 6212/484/1449 6213/486/1449
f 6211/483/1449 6213/486/1449 6214/485/1449
f 6215/485/1450 6216/486/1451 6217/488/1452
f 6215/485/1450 6217/488/1452 6218/487/1451
f 6219/487/1453 6220/488/1454 6221/490/1455
f 6219/487/1453 6221/490/1455 6222/489/1453
f 6223/489/1456 6224/490/1457 6225/492/1456
f 6223/489/1456 6225/492/1456 6226/491/1457
f 6227/491/1458 6228/492/1459 6229/494/1458
f 6227/491/1458 6229/494/1458 6230/493/1460
f 6231/493/1461 6232/494/1462 6233/496/1462
f 6231/493/1461 6233/496/1462 6234/495/1461
f 6235/495/1463 6236/496/1464 6237/498/1463
f 6235/495/1463 6237/498/1463 6238/497/1463
f 6239/497/1465 6240/498/1465 6241/500/1465
f 6239/497/1465 6241/500/1465 6242/499/1465
f 6243/499/1466 6244/500/1467 6245/502/1467
f 6243/499/1466 6245/502/1467 6246/501/1466
f 6247/501/1468 6248/502/1469 6249/504/1470
f 6247/501/1468 6249/504/1470 6250/503/1471
f 6251/482/1472 6252/506/1472 6253/505/1472
f 6251/482/1472 6253/505/1472 6254/481/1472
f 6255/481/1473 6256/505/1473 6257/507/1473
f 6255/481/1473 6257/507/1473 6258/484/1474
f 6259/484/1475 6260/507/1476 6261/508/1476
f 6259/484/1475 6261/508/1476 6262/486/1476
f 6263/486/1477 6264/508/1477 6265/509/1478
f 6263/486/1477 6265/509/1478 6266/488/1478
f 6267/488/1479 6268/509/1479 6269/510/1479
f 6267/488/1479 6269/510/1479 6270/490/1480
f 6271/490/1481 6272/510/1481 6273/511/1482
f 6271/490/1481 6273/511/1482 6274/492/1481
f 6275/492/1483 6276/511/1484 6277/512/1485
f 6275/492/1483 6277/512/1485 6278/494/1485
f 6279/494/1486 6280/512/1486 6281/513/1486
f 6279/494/1486 6281/513/1486 6282/496/1487
f 6283/496/1488 6284/513/1488 6285/514/1488
f 6283/496/1488 6285/514/1488 6286/498/1488
f 6287/498/1489 6288/514/1489 6289/515/1489
f 6287/498/1489 6289/515/1489 6290/500/1489
f 6291/500/1490 6292/515/1491 6293/516/1490
f 6291/500/1490 6293/516/1490 6294/502/1492
f 6295/502/1493 6296/516/1493 6297/517/1494
f 6295/502/1493 6297/517/1494 6298/504/1494
f 6299/506/1495 6300/519/1495 6301/518/1496
f 6299/506/1495 6301/518/1496 6302/505/1497
f 6303/505/1498 6304/518/1498 6305/520/1498
f 6303/505/1498 6305/520/1498 6306/507/1498
f 6307/507/1499 6308/520/1499 6309/521/1500
f 6307/507/1499 6309/521/1500 6310/508/1499
f 6311/508/1501 6312/521/1501 6313/522/1501
f 6311/508/1501 6313/522/1501 6314/509/1502
f 6315/509/1503 6316/522/1503 6317/523/1503
f 6315/509/1503 6317/523/1503 6318/510/1503
f 6319/510/1504 6320/523/1505 6321/524/1506
f 6319/510/1504 6321/524/1506 6322/511/1505
f 6323/511/1507 6324/524/1508 6325/525/1509
f 6323/511/1507 6325/525/1509 6326/512/1509
f 6327/512/1510 6328/525/1511 6329/526/1511
f 6327/512/1510 6329/526/1511 6330/513/1510
f 6331/513/1512 6332/526/1513 6333/527/1513
f 6331/513/1512 6333/527/1513 6334/514/1513
f 6335/514/1514 6336/527/1515 6337/528/1514
f 6335/514/1514 6337/528/1514 6338/515/1515
f 6339/515/1516 6340/528/1516 6341/529/1517
f 6339/515/1516 6341/529/1517 6342/516/1516
f 6343/516/1518 6344/529/1518 6345/530/1518
f 6343/516/1518 6345/530/1518 6346/517/1519
s 0
f 6347/531/1520 6348/534/1520 6349/533/1520
f 6347/531/1520 6349/533/1520 6350/532/1520
f 6351/532/1520 6352/533/1520 6353/536/1520
f 6351/532/1520 6353/536/1520 6354/535/1520
f 6355/535/1520 6356/536/1520 6357/538/1520
f 6355/535/1520 6357/538/1520 6358/537/1520
f 6359/537/1520 6360/538/1520 6361/540/1520
f 6359/537/1520 6361/540/1520 6362/539/1520
f 6363/539/1520 6364/540/1520 6365/542/1520
f 6363/539/1520 6365/542/1520 6366/541/1520
f 6367/541/1520 6368/542/1520 6369/544/1520
f 6367/541/1520 6369/544/1520 6370/543/1520
f 6371/543/1520 6372/544/1520 6373/546/1520
s 1
f 6371/543/1520 6373/546/1520 6374/545/1520
s 0
f 6375/545/1520 6376/546/1520 6377/548/1520
f 6375/545/1520 6377/548/1520 6378/547/1520
f 6379/547/1520 6380/548/1520 6381/550/1520
f 6379/547/1520 6381/550/1520 6382/549/1520
f 6383/549/1520 6384/550/1520 6385/552/1520
f 6383/549/1520 6385/552/1520 6386/551/1520
f 6387/551/1520 6388/552/1520 6389/554/1520
f 6387/551/1520 6389/554/1520 6390/553/1520
s 1
f 6391/553/1520 6392/554/1520 6393/556/1520
f 6391/553/1520 6393/556/1520 6394/555/1520
f 6395/534/1521 6396/558/1521 6397/557/1521
f 6395/534/1521 6397/557/1521 6398/533/1521
f 6399/533/1522 6400/557/1522 6401/559/1523
f 6399/533/1522 6401/559/1523 6402/536/1523
f 6403/536/1524 6404/559/1525 6405/560/1525
f 6403/536/1524 6405/560/1525 6406/538/1525
f 6407/538/1526 6408/560/1526 6409/561/1526
f 6407/538/1526 6409/561/1526 6410/540/1527
f 6411/540/1528 6412/561/1528 6413/562/1528
f 6411/540/1528 6413/562/1528 6414/542/1528
f 6415/542/1529 6416/562/1529 6417/563/1529
f 6415/542/1529 6417/563/1529 6418/544/1529
f 6419/544/1530 6420/563/1530 6421/564/1530
f 6419/544/1530 6421/564/1530 6422/546/1531
f 6423/546/1532 6424/564/1532 6425/565/1532
f 6423/546/1532 6425/565/1532 6426/548/1532
f 6427/548/1533 6428/565/1533 6429/566/1533
f 6427/548/1533 6429/566/1533 6430/550/1533
f 6431/550/1534 6432/566/1534 6433/567/1534
f 6431/550/1534 6433/567/1534 6434/552/1534
f 6435/552/1535 6436/567/1536 6437/568/1536
f 6435/552/1535 6437/568/1536 6438/554/1536
f 6439/554/1537 6440/568/1538 6441/569/1538
f 6439/554/1537 6441/569/1538 6442/556/1538
s 0
f 6443/455/1539 6444/454/1539 6445/453/1539
f 6443/455/1540 6445/453/1540 6446/456/1540
f 6447/458/708 6448/457/708 6449/454/708
f 6447/458/598 6449/454/598 6450/455/598
f 6451/460/597 6452/459/597 6453/457/597
f 6451/460/597 6453/457/597 6454/458/597
f 6455/570/596 6456/461/596 6457/459/596
f 6455/570/596 6457/459/596 6458/460/596
f 6459/464/595 6460/463/595 6461/461/595
f 6459/464/595 6461/461/595 6462/570/595
f 6463/466/788 6464/465/788 6465/463/788
f 6463/466/1541 6465/463/1541 6466/464/1541
f 6467/468/1542 6468/467/1542 6469/465/1542
f 6467/468/1543 6469/465/1543 6470/466/1543
f 6471/470/1544 6472/469/1544 6473/467/1544
f 6471/470/1545 6473/467/1545 6474/468/1545
f 6475/472/591 6476/471/591 6477/469/591
f 6475/472/591 6477/469/591 6478/470/591
f 6479/474/590 6480/473/590 6481/471/590
f 6479/474/590 6481/471/590 6482/472/590
f 6483/476/589 6484/475/589 6485/473/589
f 6483/476/701 6485/473/701 6486/474/701
f 6487/478/1546 6488/477/1546 6489/475/1546
f 6487/478/789 6489/475/789 6490/476/789
f 6491/571/599 6492/574/599 6493/573/599
f 6491/571/599 6493/573/599 6494/572/599
f 6495/575/598 6496/576/598 6497/574/598
f 6495/575/598 6497/574/598 6498/571/598
f 6499/577/597 6500/578/597 6501/576/597
f 6499/577/597 6501/576/597 6502/575/597
f 6503/579/596 6504/580/596 6505/578/596
f 6503/579/596 6505/578/596 6506/577/596
f 6507/581/595 6508/582/595 6509/580/595
f 6507/581/595 6509/580/595 6510/579/595
f 6511/583/594 6512/584/594 6513/582/594
f 6511/583/594 6513/582/594 6514/581/594
f 6515/585/593 6516/586/593 6517/584/593
f 6515/585/593 6517/584/593 6518/583/593
f 6519/587/592 6520/588/592 6521/586/592
f 6519/587/592 6521/586/592 6522/585/592
f 6523/589/591 6524/590/591 6525/588/591
f 6523/589/591 6525/588/591 6526/587/591
f 6527/591/590 6528/592/590 6529/590/590
f 6527/591/590 6529/590/590 6530/589/590
f 6531/593/589 6532/594/589 6533/592/589
f 6531/593/589 6533/592/589 6534/591/589
s 1
f 6535/595/588 6536/596/588 6537/594/588
s 0
f 6535/595/588 6537/594/588 6538/593/588
f 6539/437/1547 6540/438/1547 6541/440/1547
f 6539/437/1548 6541/440/1549 6542/439/1548
f 6543/439/1550 6544/440/1551 6545/442/1550
f 6543/439/1551 6545/442/1551 6546/441/1551
f 6547/441/1552 6548/442/1552 6549/444/1552
f 6547/441/1553 6549/444/1553 6550/443/1553
f 6551/443/1554 6552/444/1554 6553/446/1554
f 6551/443/1555 6553/446/1555 6554/445/1555
f 6555/445/1556 6556/446/1556 6557/448/1557
f 6555/445/1556 6557/448/1556 6558/447/1556
f 6559/447/1558 6560/448/1559 6561/450/1559
f 6559/447/1560 6561/450/1560 6562/449/1560
f 6563/449/1561 6564/450/1561 6565/452/1561
f 6563/449/1562 6565/452/1563 6566/451/1562
f 6567/451/1564 6568/452/1564 6569/432/1564
f 6567/451/1565 6569/432/1565 6570/429/1565
f 6571/429/1566 6572/432/1566 6573/431/1566
f 6571/429/1567 6573/431/1567 6574/430/1567
f 6575/430/1568 6576/431/1568 6577/434/1568
f 6575/430/1569 6577/434/1569 6578/433/1569
f 6579/433/1570 6580/434/1570 6581/436/1570
f 6579/433/1571 6581/436/1571 6582/435/1571
f 6583/435/1572 6584/436/1572 6585/438/1572
s 1
f 6583/435/1573 6585/438/1573 6586/437/1573
s 0
f 6587/447/1574 6588/448/1574 6589/450/1574
f 6587/447/1575 6589/450/1575 6590/449/1575
f 6591/449/1576 6592/450/1576 6593/452/1576
s 1
f 6591/449/1577 6593/452/1577 6594/451/1578
s 0
f 6595/451/1579 6596/452/1579 6597/432/1579
f 6595/451/1580 6597/432/1580 6598/429/1580
f 6599/429/1581 6600/432/1581 6601/431/1581
f 6599/429/1582 6601/431/1582 6602/430/1582
f 6603/430/1583 6604/431/1583 6605/434/1583
f 6603/430/1584 6605/434/1584 6606/433/1584
f 6607/433/1585 6608/434/1585 6609/436/1585
f 6607/433/1586 6609/436/1586 6610/435/1586
f 6611/435/1587 6612/436/1588 6613/438/1587
f 6611/435/1587 6613/438/1587 6614/437/1589
f 6615/437/1590 6616/438/1590 6617/440/1590
f 6615/437/1591 6617/440/1591 6618/439/1591
f 6619/439/1592 6620/440/1592 6621/442/1592
s 1
f 6619/439/1593 6621/442/1593 6622/441/1593
s 0
f 6623/441/1594 6624/442/1594 6625/444/1594
f 6623/441/1595 6625/444/1595 6626/443/1595
f 6627/443/1596 6628/444/1596 6629/446/1596
f 6627/443/1597 6629/446/1597 6630/445/1597
s 1
f 6631/445/1598 6632/446/1599 6633/448/1598
s 0
f 6631/445/1600 6633/448/1600 6634/447/1599
f 6635/301/511 6636/304/511 6637/303/511
f 6635/301/511 6637/303/511 6638/302/511
f 6639/302/512 6640/303/512 6641/306/512
f 6639/302/512 6641/306/512 6642/305/512
f 6643/305/513 6644/306/513 6645/308/513
f 6643/305/513 6645/308/513 6646/307/513
f 6647/307/514 6648/308/514 6649/310/514
f 6647/307/514 6649/310/514 6650/309/514
s 1
f 6651/309/515 6652/310/515 6653/312/515
s 0
f 6651/309/515 6653/312/515 6654/311/515
f 6655/311/766 6656/312/766 6657/314/766
f 6655/311/766 6657/314/766 6658/313/766
f 6659/313/767 6660/314/767 6661/316/767
f 6659/313/767 6661/316/767 6662/315/767
s 1
f 6663/315/518 6664/316/518 6665/318/518
s 0
f 6663/315/518 6665/318/518 6666/317/518
f 6667/317/519 6668/318/519 6669/320/519
f 6667/317/519 6669/320/519 6670/319/519
f 6671/319/520 6672/320/520 6673/322/520
f 6671/319/520 6673/322/520 6674/321/520
f 6675/321/521 6676/322/521 6677/324/521
f 6675/321/521 6677/324/521 6678/323/521
f 6679/323/522 6680/324/522 6681/326/522
f 6679/323/522 6681/326/522 6682/325/522
s 1
f 6683/304/1601 6684/328/1602 6685/327/1380
f 6683/304/1601 6685/327/1380 6686/303/1380
f 6687/303/1382 6688/327/1382 6689/329/1382
f 6687/303/1382 6689/329/1382 6690/306/1382
f 6691/306/1603 6692/329/1386 6693/330/1383
f 6691/306/1603 6693/330/1383 6694/308/1386
f 6695/308/1390 6696/330/1387 6697/331/1387
f 6695/308/1390 6697/331/1387 6698/310/1388
f 6699/310/1391 6700/331/1391 6701/332/1391
f 6699/310/1391 6701/332/1391 6702/312/1391
f 6703/312/1392 6704/332/1394 6705/333/1394
f 6703/312/1392 6705/333/1394 6706/314/1392
f 6707/314/1395 6708/333/1395 6709/334/1395
f 6707/314/1395 6709/334/1395 6710/316/1395
f 6711/316/1396 6712/334/1604 6713/335/1397
f 6711/316/1396 6713/335/1397 6714/318/1605
f 6715/318/1399 6716/335/1398 6717/336/1399
f 6715/318/1399 6717/336/1399 6718/320/1399
f 6719/320/1606 6720/336/1400 6721/337/1401
f 6719/320/1606 6721/337/1401 6722/322/1400
f 6723/322/1402 6724/337/1402 6725/338/1403
f 6723/322/1402 6725/338/1403 6726/324/1402
f 6727/324/1607 6728/338/1405 6729/339/1404
f 6727/324/1607 6729/339/1404 6730/326/1404
f 6731/328/1407 6732/341/1407 6733/340/1407
f 6731/328/1407 6733/340/1407 6734/327/1407
f 6735/327/1408 6736/340/1409 6737/342/1409
f 6735/327/1408 6737/342/1409 6738/329/1409
f 6739/329/1410 6740/342/1411 6741/343/1411
f 6739/329/1410 6741/343/1411 6742/330/1410
f 6743/330/1412 6744/343/1412 6745/344/1413
f 6743/330/1412 6745/344/1413 6746/331/1413
f 6747/331/1414 6748/344/1415 6749/345/1415
f 6747/331/1414 6749/345/1415 6750/332/1415
f 6751/332/1608 6752/345/1416 6753/346/1609
f 6751/332/1608 6753/346/1609 6754/333/1608
f 6755/333/1417 6756/346/1417 6757/347/1417
f 6755/333/1417 6757/347/1417 6758/334/1417
f 6759/334/1420 6760/347/1420 6761/348/1421
f 6759/334/1420 6761/348/1421 6762/335/1421
f 6763/335/1423 6764/348/1422 6765/349/1423
f 6763/335/1423 6765/349/1423 6766/336/1422
f 6767/336/1425 6768/349/1425 6769/350/1425
f 6767/336/1425 6769/350/1425 6770/337/1425
f 6771/337/1426 6772/350/1426 6773/351/1610
f 6771/337/1426 6773/351/1610 6774/338/1426
f 6775/338/1611 6776/351/1427 6777/352/1611
f 6775/338/1611 6777/352/1611 6778/339/1427
s 0
f 6779/353/1428 6780/356/1428 6781/355/1428
f 6779/353/1428 6781/355/1428 6782/354/1428
f 6783/357/1428 6784/358/1428 6780/356/1428
f 6783/357/1428 6780/356/1428 6779/353/1428
f 6785/359/1428 6786/360/1428 6784/358/1428
f 6785/359/1428 6784/358/1428 6783/357/1428
f 6787/361/1428 6788/362/1428 6786/360/1428
f 6787/361/1428 6786/360/1428 6785/359/1428
f 6789/363/1428 6790/364/1428 6788/362/1428
f 6789/363/1428 6788/362/1428 6787/361/1428
f 6791/365/1428 6792/366/1428 6790/364/1428
f 6791/365/1428 6790/364/1428 6789/363/1428
f 6793/367/1428 6794/368/1428 6792/366/1428
f 6793/367/1428 6792/366/1428 6791/365/1428
f 6795/369/1428 6796/370/1428 6794/368/1428
f 6795/369/1428 6794/368/1428 6793/367/1428
f 6797/371/1428 6798/372/1428 6796/370/1428
f 6797/371/1428 6796/370/1428 6795/369/1428
f 6799/373/1428 6800/374/1428 6798/372/1428
f 6799/373/1428 6798/372/1428 6797/371/1428
f 6801/375/1428 6802/376/1428 6800/374/1428
f 6801/375/1428 6800/374/1428 6799/373/1428
f 6782/354/1428 6781/355/1428 6802/376/1428
f 6782/354/1428 6802/376/1428 6801/375/1428
f 6803/377/511 6804/380/511 6805/379/511
f 6803/377/511 6805/379/511 6806/378/511
f 6807/381/512 6808/382/512 6809/380/512
f 6807/381/512 6809/380/512 6810/377/512
f 6811/383/513 6812/384/513 6813/382/513
f 6811/383/513 6813/382/513 6814/381/513
f 6815/385/514 6816/386/514 6817/384/514
f 6815/385/514 6817/384/514 6818/383/514
f 6819/387/515 6820/388/515 6821/386/515
f 6819/387/515 6821/386/515 6822/385/515
f 6823/389/516 6824/390/516 6825/388/516
f 6823/389/516 6825/388/516 6826/387/516
f 6827/391/517 6828/392/517 6829/390/517
f 6827/391/517 6829/390/517 6830/389/517
f 6831/393/518 6832/394/518 6833/392/518
f 6831/393/518 6833/392/518 6834/391/518
f 6835/395/519 6836/396/519 6837/394/519
s 1
f 6835/395/519 6837/394/519 6838/393/519
s 0
f 6839/397/520 6840/398/520 6841/396/520
s 1
f 6839/397/520 6841/396/520 6842/395/520
s 0
f 6843/399/521 6844/400/521 6845/398/521
f 6843/399/521 6845/398/521 6846/397/521
f 6847/401/522 6848/402/522 6849/400/522
f 6847/401/522 6849/400/522 6850/399/522
s 1
f 6851/341/1429 6852/404/1429 6853/403/1429
f 6851/341/1429 6853/403/1429 6854/340/1429
f 6855/340/1430 6856/403/1430 6857/405/1430
f 6855/340/1430 6857/405/1430 6858/342/1430
f 6859/342/1612 6860/405/1432 6861/406/1432
f 6859/342/1612 6861/406/1432 6862/343/1612
f 6863/343/1433 6864/406/1613 6865/407/1614
f 6863/343/1433 6865/407/1614 6866/344/1433
f 6867/344/1615 6868/407/1615 6869/408/1434
f 6867/344/1615 6869/408/1434 6870/345/1615
f 6871/345/1435 6872/408/1435 6873/409/1616
f 6871/345/1435 6873/409/1616 6874/346/1616
f 6875/346/1436 6876/409/1436 6877/410/1436
f 6875/346/1436 6877/410/1436 6878/347/1436
f 6879/347/1437 6880/410/1437 6881/411/1437
f 6879/347/1437 6881/411/1437 6882/348/1437
f 6883/348/1438 6884/411/1438 6885/412/1438
f 6883/348/1438 6885/412/1438 6886/349/1438
f 6887/349/1439 6888/412/1439 6889/413/1439
f 6887/349/1439 6889/413/1439 6890/350/1439
f 6891/350/1440 6892/413/1440 6893/414/1440
f 6891/350/1440 6893/414/1440 6894/351/1440
f 6895/351/1441 6896/414/1441 6897/415/1441
f 6895/351/1441 6897/415/1441 6898/352/1441
s 0
f 6899/403/599 6900/404/599 6901/417/599
f 6899/403/599 6901/417/599 6902/416/599
f 6903/405/598 6904/403/598 6905/416/598
f 6903/405/598 6905/416/598 6906/418/598
f 6907/406/597 6908/405/597 6909/418/597
f 6907/406/597 6909/418/597 6910/419/597
f 6911/407/596 6912/406/596 6913/419/596
f 6911/407/596 6913/419/596 6914/420/596
f 6915/408/595 6916/407/595 6917/420/595
f 6915/408/595 6917/420/595 6918/421/595
f 6919/409/788 6920/408/788 6921/421/788
f 6919/409/788 6921/421/788 6922/422/788
f 6923/410/703 6924/409/703 6925/422/703
f 6923/410/703 6925/422/703 6926/423/703
f 6927/411/592 6928/410/592 6929/423/592
f 6927/411/592 6929/423/592 6930/424/592
f 6931/412/591 6932/411/591 6933/424/591
f 6931/412/591 6933/424/591 6934/425/591
f 6935/413/590 6936/412/590 6937/425/590
f 6935/413/590 6937/425/590 6938/426/590
f 6939/414/589 6940/413/589 6941/426/589
f 6939/414/589 6941/426/589 6942/427/589
f 6943/415/588 6944/414/588 6945/427/588
f 6943/415/588 6945/427/588 6946/428/588
f 6947/429/1442 6948/432/1442 6949/431/1442
f 6947/429/1442 6949/431/1442 6950/430/1442
f 6951/430/1442 6952/431/1442 6953/434/1442
f 6951/430/1442 6953/434/1442 6954/433/1442
f 6955/433/1442 6956/434/1442 6957/436/1442
f 6955/433/1442 6957/436/1442 6958/435/1442
f 6959/435/1442 6960/436/1442 6961/438/1442
f 6959/435/1442 6961/438/1442 6962/437/1442
f 6963/437/1442 6964/438/1442 6965/440/1442
f 6963/437/1442 6965/440/1442 6966/439/1442
f 6967/439/1442 6968/440/1442 6969/442/1442
f 6967/439/1442 6969/442/1442 6970/441/1442
f 6971/441/1442 6972/442/1442 6973/444/1442
f 6971/441/1442 6973/444/1442 6974/443/1442
f 6975/443/1442 6976/444/1442 6977/446/1442
f 6975/443/1442 6977/446/1442 6978/445/1442
f 6979/445/1442 6980/446/1442 6981/448/1442
f 6979/445/1442 6981/448/1442 6982/447/1442
f 6983/447/1442 6984/448/1442 6985/450/1442
f 6983/447/1442 6985/450/1442 6986/449/1442
f 6987/449/1442 6988/450/1442 6989/452/1442
f 6987/449/1442 6989/452/1442 6990/451/1442
f 6991/451/1442 6992/452/1442 6993/432/1442
f 6991/451/1442 6993/432/1442 6994/429/1442
f 6995/453/709 6996/456/709 6997/455/709
f 6995/453/709 6997/455/709 6998/454/709
f 6999/454/598 7000/455/598 7001/458/598
f 6999/454/598 7001/458/598 7002/457/598
f 7003/457/597 7004/458/597 7005/460/597
f 7003/457/597 7005/460/597 7006/459/597
f 7007/459/596 7008/460/596 7009/462/596
f 7007/459/596 7009/462/596 7010/461/596
f 7011/461/595 7012/462/595 7013/464/595
f 7011/461/595 7013/464/595 7014/463/595
f 7015/463/594 7016/464/594 7017/466/594
f 7015/463/594 7017/466/594 7018/465/594
f 7019/465/593 7020/466/593 7021/468/593
f 7019/465/593 7021/468/593 7022/467/593
f 7023/467/592 7024/468/592 7025/470/592
f 7023/467/592 7025/470/592 7026/469/592
f 7027/469/591 7028/470/591 7029/472/591
f 7027/469/591 7029/472/591 7030/471/591
f 7031/471/590 7032/472/590 7033/474/590
f 7031/471/590 7033/474/590 7034/473/590
f 7035/473/589 7036/474/589 7037/476/589
f 7035/473/589 7037/476/589 7038/475/589
f 7039/475/789 7040/476/789 7041/478/789
f 7039/475/789 7041/478/789 7042/477/789
f 7043/434/1443 7044/433/1443 7045/430/1443
f 7043/434/1443 7045/430/1443 7046/431/1443
f 7047/431/1443 7048/430/1443 7049/429/1443
f 7047/431/1443 7049/429/1443 7050/432/1443
f 7051/432/1443 7052/429/1443 7053/451/1443
f 7051/432/1443 7053/451/1443 7054/452/1443
f 7055/452/1443 7056/451/1443 7057/449/1443
f 7055/452/1443 7057/449/1443 7058/450/1443
f 7059/450/1443 7060/449/1443 7061/447/1443
f 7059/450/1443 7061/447/1443 7062/448/1443
f 7063/448/1443 7064/447/1443 7065/445/1443
f 7063/448/1443 7065/445/1443 7066/446/1443
f 7067/446/1443 7068/445/1443 7069/443/1443
f 7067/446/1443 7069/443/1443 7070/444/1443
f 7071/444/1443 7072/443/1443 7073/441/1443
f 7071/444/1443 7073/441/1443 7074/442/1443
f 7075/442/1443 7076/441/1443 7077/439/1443
f 7075/442/1443 7077/439/1443 7078/440/1443
f 7079/440/1443 7080/439/1443 7081/437/1443
f 7079/440/1443 7081/437/1443 7082/438/1443
f 7083/438/1443 7084/437/1443 7085/435/1443
f 7083/438/1443 7085/435/1443 7086/436/1443
f 7087/436/1443 7088/435/1443 7089/433/1443
f 7087/436/1443 7089/433/1443 7090/434/1443
s 1
f 7091/479/1617 7092/482/1444 7093/481/1617
f 7091/479/1617 7093/481/1617 7094/480/1617
f 7095/480/1447 7096/481/1447 7097/484/1448
f 7095/480/1447 7097/484/1448 7098/483/1448
f 7099/483/1449 7100/484/1449 7101/486/1618
f 7099/483/1449 7101/486/1618 7102/485/1449
f 7103/485/1452 7104/486/1450 7105/488/1450
f 7103/485/1452 7105/488/1450 7106/487/1452
f 7107/487/1453 7108/488/1454 7109/490/1455
f 7107/487/1453 7109/490/1455 7110/489/1454
f 7111/489/1456 7112/490/1456 7113/492/1457
f 7111/489/1456 7113/492/1457 7114/491/1619
f 7115/491/1458 7116/492/1460 7117/494/1459
f 7115/491/1458 7117/494/1459 7118/493/1620
f 7119/493/1461 7120/494/1462 7121/496/1462
f 7119/493/1461 7121/496/1462 7122/495/1621
f 7123/495/1622 7124/496/1622 7125/498/1464
f 7123/495/1622 7125/498/1464 7126/497/1464
f 7127/497/1465 7128/498/1465 7129/500/1465
f 7127/497/1465 7129/500/1465 7130/499/1465
f 7131/499/1467 7132/500/1623 7133/502/1467
f 7131/499/1467 7133/502/1467 7134/501/1623
f 7135/501/1468 7136/502/1470 7137/504/1624
f 7135/501/1468 7137/504/1624 7138/503/1625
f 7139/482/1472 7140/506/1472 7141/505/1472
f 7139/482/1472 7141/505/1472 7142/481/1472
f 7143/481/1626 7144/505/1473 7145/507/1627
f 7143/481/1626 7145/507/1627 7146/484/1626
f 7147/484/1475 7148/507/1476 7149/508/1475
f 7147/484/1475 7149/508/1475 7150/486/1476
f 7151/486/1477 7152/508/1477 7153/509/1478
f 7151/486/1477 7153/509/1478 7154/488/1478
f 7155/488/1628 7156/509/1628 7157/510/1628
f 7155/488/1628 7157/510/1628 7158/490/1479
f 7159/490/1481 7160/510/1481 7161/511/1481
f 7159/490/1481 7161/511/1481 7162/492/1481
f 7163/492/1483 7164/511/1484 7165/512/1485
f 7163/492/1483 7165/512/1485 7166/494/1485
f 7167/494/1629 7168/512/1486 7169/513/1629
f 7167/494/1629 7169/513/1629 7170/496/1629
f 7171/496/1488 7172/513/1488 7173/514/1488
f 7171/496/1488 7173/514/1488 7174/498/1488
f 7175/498/1489 7176/514/1489 7177/515/1489
f 7175/498/1489 7177/515/1489 7178/500/1489
f 7179/500/1490 7180/515/1491 7181/516/1491
f 7179/500/1490 7181/516/1491 7182/502/1491
f 7183/502/1494 7184/516/1630 7185/517/1631
f 7183/502/1494 7185/517/1631 7186/504/1632
f 7187/506/1496 7188/519/1495 7189/518/1495
f 7187/506/1496 7189/518/1495 7190/505/1495
f 7191/505/1498 7192/518/1498 7193/520/1498
f 7191/505/1498 7193/520/1498 7194/507/1498
f 7195/507/1500 7196/520/1500 7197/521/1499
f 7195/507/1500 7197/521/1499 7198/508/1499
f 7199/508/1501 7200/521/1502 7201/522/1501
f 7199/508/1501 7201/522/1501 7202/509/1502
f 7203/509/1503 7204/522/1503 7205/523/1503
f 7203/509/1503 7205/523/1503 7206/510/1503
f 7207/510/1506 7208/523/1506 7209/524/1505
f 7207/510/1506 7209/524/1505 7210/511/1633
f 7211/511/1509 7212/524/1508 7213/525/1508
f 7211/511/1509 7213/525/1508 7214/512/1508
f 7215/512/1510 7216/525/1510 7217/526/1511
f 7215/512/1510 7217/526/1511 7218/513/1511
f 7219/513/1634 7220/526/1513 7221/527/1513
f 7219/513/1634 7221/527/1513 7222/514/1634
f 7223/514/1515 7224/527/1515 7225/528/1635
f 7223/514/1515 7225/528/1635 7226/515/1635
f 7227/515/1516 7228/528/1516 7229/529/1516
f 7227/515/1516 7229/529/1516 7230/516/1516
f 7231/516/1636 7232/529/1518 7233/530/1519
f 7231/516/1636 7233/530/1519 7234/517/1519
s 0
f 7235/531/1520 7236/534/1520 7237/533/1520
f 7235/531/1520 7237/533/1520 7238/532/1520
f 7239/532/1520 7240/533/1520 7241/536/1520
f 7239/532/1520 7241/536/1520 7242/535/1520
f 7243/535/1520 7244/536/1520 7245/538/1520
f 7243/535/1520 7245/538/1520 7246/537/1520
f 7247/537/1520 7248/538/1520 7249/540/1520
f 7247/537/1520 7249/540/1520 7250/539/1520
f 7251/539/1520 7252/540/1520 7253/542/1520
f 7251/539/1520 7253/542/1520 7254/541/1520
s 1
f 7255/541/1520 7256/542/1520 7257/544/1520
f 7255/541/1520 7257/544/1520 7258/543/1520
s 0
f 7259/543/1520 7260/544/1520 7261/546/1520
f 7259/543/1520 7261/546/1520 7262/545/1520
f 7263/545/1520 7264/546/1520 7265/548/1520
f 7263/545/1520 7265/548/1520 7266/547/1520
f 7267/547/1520 7268/548/1520 7269/550/1520
f 7267/547/1520 7269/550/1520 7270/549/1520
f 7271/549/1520 7272/550/1520 7273/552/1520
f 7271/549/1520 7273/552/1520 7274/551/1520
f 7275/551/1520 7276/552/1520 7277/554/1520
f 7275/551/1520 7277/554/1520 7278/553/1520
f 7279/553/1520 7280/554/1520 7281/556/1520
f 7279/553/1520 7281/556/1520 7282/555/1520
s 1
f 7283/534/1521 7284/558/1521 7285/557/1637
f 7283/534/1521 7285/557/1637 7286/533/1521
f 7287/533/1522 7288/557/1523 7289/559/1523
f 7287/533/1522 7289/559/1523 7290/536/1523
f 7291/536/1525 7292/559/1525 7293/560/1524
f 7291/536/1525 7293/560/1524 7294/538/1525
f 7295/538/1526 7296/560/1526 7297/561/1526
f 7295/538/1526 7297/561/1526 7298/540/1526
f 7299/540/1528 7300/561/1528 7301/562/1528
f 7299/540/1528 7301/562/1528 7302/542/1528
f 7303/542/1529 7304/562/1529 7305/563/1529
f 7303/542/1529 7305/563/1529 7306/544/1529
f 7307/544/1530 7308/563/1530 7309/564/1530
f 7307/544/1530 7309/564/1530 7310/546/1530
f 7311/546/1638 7312/564/1639 7313/565/1532
f 7311/546/1638 7313/565/1532 7314/548/1532
f 7315/548/1533 7316/565/1533 7317/566/1533
f 7315/548/1533 7317/566/1533 7318/550/1533
f 7319/550/1534 7320/566/1534 7321/567/1534
f 7319/550/1534 7321/567/1534 7322/552/1534
f 7323/552/1535 7324/567/1536 7325/568/1536
f 7323/552/1535 7325/568/1536 7326/554/1536
f 7327/554/1538 7328/568/1538 7329/569/1538
f 7327/554/1538 7329/569/1538 7330/556/1538
s 0
f 7331/455/709 7332/454/709 7333/453/709
f 7331/455/1540 7333/453/1540 7334/456/1540
f 7335/458/708 7336/457/708 7337/454/708
f 7335/458/598 7337/454/598 7338/455/598
f 7339/460/597 7340/459/597 7341/457/597
f 7339/460/597 7341/457/597 7342/458/597
f 7343/570/596 7344/461/596 7345/459/596
f 7343/570/596 7345/459/596 7346/460/596
f 7347/464/1640 7348/463/1640 7349/461/1640
f 7347/464/1641 7349/461/1641 7350/570/1641
f 7351/466/788 7352/465/788 7353/463/788
f 7351/466/1541 7353/463/1541 7354/464/1541
f 7355/468/1542 7356/467/1542 7357/465/1542
f 7355/468/1543 7357/465/1543 7358/466/1543
s 1
f 7359/470/1544 7360/469/1544 7361/467/1544
s 0
f 7359/470/1545 7361/467/1545 7362/468/1545
f 7363/472/591 7364/471/591 7365/469/591
f 7363/472/591 7365/469/591 7366/470/591
f 7367/474/590 7368/473/590 7369/471/590
f 7367/474/590 7369/471/590 7370/472/590
f 7371/476/1642 7372/475/1642 7373/473/1642
f 7371/476/701 7373/473/701 7374/474/701
f 7375/478/1546 7376/477/1546 7377/475/1546
f 7375/478/789 7377/475/789 7378/476/789
f 7379/571/599 7380/574/599 7381/573/599
f 7379/571/599 7381/573/599 7382/572/599
f 7383/575/598 7384/576/598 7385/574/598
f 7383/575/598 7385/574/598 7386/571/598
f 7387/577/597 7388/578/597 7389/576/597
f 7387/577/597 7389/576/597 7390/575/597
s 1
f 7391/579/596 7392/580/596 7393/578/596
s 0
f 7391/579/596 7393/578/596 7394/577/596
f 7395/581/595 7396/582/595 7397/580/595
f 7395/581/595 7397/580/595 7398/579/595
f 7399/583/788 7400/584/788 7401/582/788
f 7399/583/788 7401/582/788 7402/581/788
f 7403/585/703 7404/586/703 7405/584/703
f 7403/585/703 7405/584/703 7406/583/703
f 7407/587/592 7408/588/592 7409/586/592
f 7407/587/592 7409/586/592 7410/585/592
f 7411/589/591 7412/590/591 7413/588/591
f 7411/589/591 7413/588/591 7414/587/591
f 7415/591/590 7416/592/590 7417/590/590
f 7415/591/590 7417/590/590 7418/589/590
f 7419/593/589 7420/594/589 7421/592/589
f 7419/593/589 7421/592/589 7422/591/589
f 7423/595/588 7424/596/588 7425/594/588
f 7423/595/588 7425/594/588 7426/593/588
f 7427/437/1547 7428/438/1547 7429/440/1547
f 7427/437/1548 7429/440/1549 7430/439/1548
f 7431/439/1643 7432/440/1643 7433/442/1643
f 7431/439/1551 7433/442/1551 7434/441/1644
f 7435/441/1645 7436/442/1645 7437/444/1645
f 7435/441/1553 7437/444/1553 7438/443/1553
f 7439/443/1554 7440/444/1554 7441/446/1554
f 7439/443/1555 7441/446/1555 7442/445/1555
s 1
f 7443/445/1556 7444/446/1556 7445/448/1646
s 0
f 7443/445/1556 7445/448/1647 7446/447/1556
f 7447/447/1558 7448/448/1558 7449/450/1558
f 7447/447/1648 7449/450/1648 7450/449/1560
f 7451/449/1649 7452/450/1649 7453/452/1561
s 1
f 7451/449/1650 7453/452/1562 7454/451/1562
s 0
f 7455/451/1564 7456/452/1564 7457/432/1564
f 7455/451/1651 7457/432/1565 7458/429/1565
f 7459/429/1566 7460/432/1566 7461/431/1566
f 7459/429/1567 7461/431/1567 7462/430/1567
f 7463/430/1568 7464/431/1568 7465/434/1568
f 7463/430/1569 7465/434/1569 7466/433/1569
f 7467/433/1571 7468/434/1571 7469/436/1571
f 7467/433/1570 7469/436/1570 7470/435/1570
f 7471/435/1572 7472/436/1572 7473/438/1572
f 7471/435/1652 7473/438/1652 7474/437/1652
f 7475/447/1653 7476/448/1653 7477/450/1653
f 7475/447/1575 7477/450/1575 7478/449/1575
f 7479/449/1576 7480/450/1576 7481/452/1576
f 7479/449/1654 7481/452/1654 7482/451/1577
f 7483/451/1579 7484/452/1579 7485/432/1579
f 7483/451/1580 7485/432/1579 7486/429/1579
f 7487/429/1581 7488/432/1581 7489/431/1581
f 7487/429/1582 7489/431/1582 7490/430/1582
f 7491/430/1583 7492/431/1583 7493/434/1583
f 7491/430/1584 7493/434/1584 7494/433/1584
s 1
f 7495/433/1655 7496/434/1655 7497/436/1655
s 0
f 7495/433/1656 7497/436/1656 7498/435/1656
f 7499/435/1657 7500/436/1657 7501/438/1657
f 7499/435/1658 7501/438/1658 7502/437/1658
f 7503/437/1590 7504/438/1590 7505/440/1590
s 1
f 7503/437/1659 7505/440/1659 7506/439/1660
s 0
f 7507/439/1592 7508/440/1592 7509/442/1592
f 7507/439/1661 7509/442/1661 7510/441/1661
f 7511/441/1594 7512/442/1594 7513/444/1594
f 7511/441/1595 7513/444/1595 7514/443/1595
f 7515/443/1596 7516/444/1596 7517/446/1596
f 7515/443/1597 7517/446/1597 7518/445/1597
s 1
f 7519/445/1599 7520/446/1599 7521/448/1598
s 0
f 7519/445/1599 7521/448/1600 7522/447/1600
f 7523/301/840 7524/304/840 7525/303/840
f 7523/301/840 7525/303/840 7526/302/840
f 7527/302/839 7528/303/839 7529/306/839
f 7527/302/839 7529/306/839 7530/305/839
f 7531/305/838 7532/306/838 7533/308/838
f 7531/305/838 7533/308/838 7534/307/838
f 7535/307/837 7536/308/837 7537/310/837
f 7535/307/837 7537/310/837 7538/309/837
f 7539/309/836 7540/310/836 7541/312/836
f 7539/309/836 7541/312/836 7542/311/836
f 7543/311/835 7544/312/835 7545/314/835
f 7543/311/835 7545/314/835 7546/313/835
f 7547/313/846 7548/314/846 7549/316/846
f 7547/313/846 7549/316/846 7550/315/846
f 7551/315/845 7552/316/845 7553/318/845
f 7551/315/845 7553/318/845 7554/317/845
f 7555/317/844 7556/318/844 7557/320/844
f 7555/317/844 7557/320/844 7558/319/844
f 7559/319/843 7560/320/843 7561/322/843
f 7559/319/843 7561/322/843 7562/321/843
f 7563/321/842 7564/322/842 7565/324/842
f 7563/321/842 7565/324/842 7566/323/842
f 7567/323/841 7568/324/841 7569/326/841
f 7567/323/841 7569/326/841 7570/325/841
s 1
f 7571/304/1662 7572/328/861 7573/327/861
f 7571/304/1662 7573/327/861 7574/303/861
f 7575/303/859 7576/327/859 7577/329/1663
f 7575/303/859 7577/329/1663 7578/306/859
f 7579/306/856 7580/329/1664 7581/330/858
f 7579/306/856 7581/330/858 7582/308/856
f 7583/308/853 7584/330/852 7585/331/852
f 7583/308/853 7585/331/852 7586/310/1665
f 7587/310/849 7588/331/850 7589/332/1666
f 7587/310/849 7589/332/1666 7590/312/850
f 7591/312/847 7592/332/848 7593/333/847
f 7591/312/847 7593/333/847 7594/314/848
f 7595/314/875 7596/333/875 7597/334/1667
f 7595/314/875 7597/334/1667 7598/316/1668
f 7599/316/873 7600/334/873 7601/335/873
f 7599/316/873 7601/335/873 7602/318/873
f 7603/318/1669 7604/335/871 7605/336/1670
f 7603/318/1669 7605/336/1670 7606/320/871
f 7607/320/869 7608/336/869 7609/337/1671
f 7607/320/869 7609/337/1671 7610/322/869
f 7611/322/866 7612/337/866 7613/338/1672
f 7611/322/866 7613/338/1672 7614/324/866
f 7615/324/1673 7616/338/864 7617/339/1673
f 7615/324/1673 7617/339/1673 7618/326/864
f 7619/328/884 7620/341/884 7621/340/884
f 7619/328/884 7621/340/884 7622/327/884
f 7623/327/883 7624/340/883 7625/342/883
f 7623/327/883 7625/342/883 7626/329/883
f 7627/329/882 7628/342/882 7629/343/882
f 7627/329/882 7629/343/882 7630/330/882
f 7631/330/880 7632/343/880 7633/344/880
f 7631/330/880 7633/344/880 7634/331/880
f 7635/331/879 7636/344/879 7637/345/879
f 7635/331/879 7637/345/879 7638/332/879
f 7639/332/878 7640/345/878 7641/346/878
f 7639/332/878 7641/346/878 7642/333/878
f 7643/333/891 7644/346/891 7645/347/891
f 7643/333/891 7645/347/891 7646/334/891
f 7647/334/890 7648/347/890 7649/348/890
f 7647/334/890 7649/348/890 7650/335/890
f 7651/335/889 7652/348/889 7653/349/889
f 7651/335/889 7653/349/889 7654/336/889
f 7655/336/1674 7656/349/887 7657/350/887
f 7655/336/1674 7657/350/887 7658/337/887
f 7659/337/886 7660/350/886 7661/351/886
f 7659/337/886 7661/351/886 7662/338/886
f 7663/338/885 7664/351/885 7665/352/885
f 7663/338/885 7665/352/885 7666/339/885
s 0
f 7667/353/892 7668/356/892 7669/355/892
f 7667/353/892 7669/355/892 7670/354/892
f 7671/357/892 7672/358/892 7668/356/892
f 7671/357/892 7668/356/892 7667/353/892
f 7673/359/892 7674/360/892 7672/358/892
f 7673/359/892 7672/358/892 7671/357/892
f 7675/361/892 7676/362/892 7674/360/892
f 7675/361/892 7674/360/892 7673/359/892
f 7677/363/892 7678/364/892 7676/362/892
f 7677/363/892 7676/362/892 7675/361/892
f 7679/365/892 7680/366/892 7678/364/892
f 7679/365/892 7678/364/892 7677/363/892
f 7681/367/892 7682/368/892 7680/366/892
f 7681/367/892 7680/366/892 7679/365/892
f 7683/369/892 7684/370/892 7682/368/892
f 7683/369/892 7682/368/892 7681/367/892
f 7685/371/892 7686/372/892 7684/370/892
f 7685/371/892 7684/370/892 7683/369/892
f 7687/373/892 7688/374/892 7686/372/892
f 7687/373/892 7686/372/892 7685/371/892
f 7689/375/892 7690/376/892 7688/374/892
f 7689/375/892 7688/374/892 7687/373/892
f 7670/354/892 7669/355/892 7690/376/892
f 7670/354/892 7690/376/892 7689/375/892
f 7691/377/840 7692/380/840 7693/379/840
f 7691/377/840 7693/379/840 7694/378/840
f 7695/381/839 7696/382/839 7697/380/839
f 7695/381/839 7697/380/839 7698/377/839
f 7699/383/838 7700/384/838 7701/382/838
s 1
f 7699/383/838 7701/382/838 7702/381/838
s 0
f 7703/385/837 7704/386/837 7705/384/837
f 7703/385/837 7705/384/837 7706/383/837
f 7707/387/836 7708/388/836 7709/386/836
f 7707/387/836 7709/386/836 7710/385/836
f 7711/389/835 7712/390/835 7713/388/835
f 7711/389/835 7713/388/835 7714/387/835
f 7715/391/846 7716/392/846 7717/390/846
f 7715/391/846 7717/390/846 7718/389/846
f 7719/393/845 7720/394/845 7721/392/845
f 7719/393/845 7721/392/845 7722/391/845
f 7723/395/844 7724/396/844 7725/394/844
f 7723/395/844 7725/394/844 7726/393/844
f 7727/397/843 7728/398/843 7729/396/843
s 1
f 7727/397/843 7729/396/843 7730/395/843
s 0
f 7731/399/842 7732/400/842 7733/398/842
f 7731/399/842 7733/398/842 7734/397/842
f 7735/401/841 7736/402/841 7737/400/841
f 7735/401/841 7737/400/841 7738/399/841
s 1
f 7739/341/899 7740/404/899 7741/403/899
f 7739/341/899 7741/403/899 7742/340/899
f 7743/340/898 7744/403/898 7745/405/898
f 7743/340/898 7745/405/898 7746/342/898
f 7747/342/897 7748/405/897 7749/406/897
f 7747/342/897 7749/406/897 7750/343/897
f 7751/343/896 7752/406/896 7753/407/896
f 7751/343/896 7753/407/896 7754/344/896
f 7755/344/895 7756/407/895 7757/408/895
f 7755/344/895 7757/408/895 7758/345/895
f 7759/345/893 7760/408/894 7761/409/893
f 7759/345/893 7761/409/893 7762/346/893
f 7763/346/1675 7764/409/907 7765/410/907
f 7763/346/1675 7765/410/907 7766/347/907
f 7767/347/906 7768/410/906 7769/411/906
f 7767/347/906 7769/411/906 7770/348/906
f 7771/348/904 7772/411/904 7773/412/904
f 7771/348/904 7773/412/904 7774/349/904
f 7775/349/903 7776/412/903 7777/413/1676
f 7775/349/903 7777/413/1676 7778/350/903
f 7779/350/902 7780/413/902 7781/414/902
f 7779/350/902 7781/414/902 7782/351/902
f 7783/351/901 7784/414/901 7785/415/901
f 7783/351/901 7785/415/901 7786/352/901
s 0
f 7787/403/590 7788/404/590 7789/417/590
f 7787/403/590 7789/417/590 7790/416/590
f 7791/405/589 7792/403/589 7793/416/589
s 1
f 7791/405/589 7793/416/589 7794/418/589
s 0
f 7795/406/588 7796/405/588 7797/418/588
f 7795/406/588 7797/418/588 7798/419/588
f 7799/407/599 7800/406/599 7801/419/599
f 7799/407/599 7801/419/599 7802/420/599
f 7803/408/598 7804/407/598 7805/420/598
f 7803/408/598 7805/420/598 7806/421/598
f 7807/409/597 7808/408/597 7809/421/597
f 7807/409/597 7809/421/597 7810/422/597
f 7811/410/596 7812/409/596 7813/422/596
f 7811/410/596 7813/422/596 7814/423/596
f 7815/411/595 7816/410/595 7817/423/595
f 7815/411/595 7817/423/595 7818/424/595
f 7819/412/594 7820/411/594 7821/424/594
f 7819/412/594 7821/424/594 7822/425/594
f 7823/413/593 7824/412/593 7825/425/593
f 7823/413/593 7825/425/593 7826/426/593
f 7827/414/592 7828/413/592 7829/426/592
f 7827/414/592 7829/426/592 7830/427/592
f 7831/415/591 7832/414/591 7833/427/591
f 7831/415/591 7833/427/591 7834/428/591
f 7835/429/908 7836/432/908 7837/431/908
f 7835/429/908 7837/431/908 7838/430/908
f 7839/430/908 7840/431/908 7841/434/908
f 7839/430/908 7841/434/908 7842/433/908
f 7843/433/908 7844/434/908 7845/436/908
f 7843/433/908 7845/436/908 7846/435/908
f 7847/435/908 7848/436/908 7849/438/908
f 7847/435/908 7849/438/908 7850/437/908
f 7851/437/908 7852/438/908 7853/440/908
f 7851/437/908 7853/440/908 7854/439/908
f 7855/439/908 7856/440/908 7857/442/908
f 7855/439/908 7857/442/908 7858/441/908
f 7859/441/908 7860/442/908 7861/444/908
f 7859/441/908 7861/444/908 7862/443/908
f 7863/443/908 7864/444/908 7865/446/908
f 7863/443/908 7865/446/908 7866/445/908
f 7867/445/908 7868/446/908 7869/448/908
f 7867/445/908 7869/448/908 7870/447/908
f 7871/447/908 7872/448/908 7873/450/908
f 7871/447/908 7873/450/908 7874/449/908
f 7875/449/908 7876/450/908 7877/452/908
f 7875/449/908 7877/452/908 7878/451/908
f 7879/451/908 7880/452/908 7881/432/908
f 7879/451/908 7881/432/908 7882/429/908
f 7883/453/590 7884/456/590 7885/455/590
f 7883/453/590 7885/455/590 7886/454/590
f 7887/454/589 7888/455/589 7889/458/589
f 7887/454/589 7889/458/589 7890/457/589
f 7891/457/588 7892/458/588 7893/460/588
f 7891/457/588 7893/460/588 7894/459/588
f 7895/459/599 7896/460/599 7897/462/599
f 7895/459/599 7897/462/599 7898/461/599
f 7899/461/598 7900/462/598 7901/464/598
f 7899/461/598 7901/464/598 7902/463/598
f 7903/463/597 7904/464/597 7905/466/597
f 7903/463/597 7905/466/597 7906/465/597
f 7907/465/596 7908/466/596 7909/468/596
f 7907/465/596 7909/468/596 7910/467/596
f 7911/467/595 7912/468/595 7913/470/595
f 7911/467/595 7913/470/595 7914/469/595
f 7915/469/594 7916/470/594 7917/472/594
f 7915/469/594 7917/472/594 7918/471/594
f 7919/471/593 7920/472/593 7921/474/593
f 7919/471/593 7921/474/593 7922/473/593
f 7923/473/592 7924/474/592 7925/476/592
f 7923/473/592 7925/476/592 7926/475/592
f 7927/475/591 7928/476/591 7929/478/591
f 7927/475/591 7929/478/591 7930/477/591
f 7931/434/909 7932/433/909 7933/430/909
f 7931/434/909 7933/430/909 7934/431/909
f 7935/431/909 7936/430/909 7937/429/909
f 7935/431/909 7937/429/909 7938/432/909
f 7939/432/909 7940/429/909 7941/451/909
f 7939/432/909 7941/451/909 7942/452/909
f 7943/452/909 7944/451/909 7945/449/909
f 7943/452/909 7945/449/909 7946/450/909
f 7947/450/909 7948/449/909 7949/447/909
f 7947/450/909 7949/447/909 7950/448/909
f 7951/448/909 7952/447/909 7953/445/909
f 7951/448/909 7953/445/909 7954/446/909
f 7955/446/909 7956/445/909 7957/443/909
f 7955/446/909 7957/443/909 7958/444/909
f 7959/444/909 7960/443/909 7961/441/909
f 7959/444/909 7961/441/909 7962/442/909
f 7963/442/909 7964/441/909 7965/439/909
f 7963/442/909 7965/439/909 7966/440/909
f 7967/440/909 7968/439/909 7969/437/909
f 7967/440/909 7969/437/909 7970/438/909
f 7971/438/909 7972/437/909 7973/435/909
f 7971/438/909 7973/435/909 7974/436/909
f 7975/436/909 7976/435/909 7977/433/909
f 7975/436/909 7977/433/909 7978/434/909
s 1
f 7979/479/921 7980/482/922 7981/481/921
f 7979/479/921 7981/481/921 7982/480/921
f 7983/480/919 7984/481/919 7985/484/919
f 7983/480/919 7985/484/919 7986/483/919
f 7987/483/917 7988/484/918 7989/486/1677
f 7987/483/917 7989/486/1677 7990/485/917
f 7991/485/915 7992/486/915 7993/488/915
f 7991/485/915 7993/488/915 7994/487/916
f 7995/487/912 7996/488/913 7997/490/912
f 7995/487/912 7997/490/912 7998/489/912
f 7999/489/911 8000/490/910 8001/492/911
f 7999/489/911 8001/492/911 8002/491/911
f 8003/491/937 8004/492/940 8005/494/1678
f 8003/491/937 8005/494/1678 8006/493/940
f 8007/493/934 8008/494/936 8009/496/936
f 8007/493/934 8009/496/936 8010/495/935
f 8011/495/1679 8012/496/1679 8013/498/1680
f 8011/495/1679 8013/498/1680 8014/497/932
f 8015/497/1681 8016/498/1681 8017/500/1682
f 8015/497/1681 8017/500/1682 8018/499/930
f 8019/499/925 8020/500/925 8021/502/926
f 8019/499/925 8021/502/926 8022/501/925
f 8023/501/1683 8024/502/923 8025/504/1684
f 8023/501/1683 8025/504/1684 8026/503/924
f 8027/482/1685 8028/506/948 8029/505/948
f 8027/482/1685 8029/505/948 8030/481/948
f 8031/481/947 8032/505/947 8033/507/947
f 8031/481/947 8033/507/947 8034/484/947
f 8035/484/1686 8036/507/946 8037/508/1687
f 8035/484/1686 8037/508/1687 8038/486/946
f 8039/486/944 8040/508/944 8041/509/944
f 8039/486/944 8041/509/944 8042/488/944
f 8043/488/943 8044/509/943 8045/510/943
f 8043/488/943 8045/510/943 8046/490/943
f 8047/490/942 8048/510/942 8049/511/942
f 8047/490/942 8049/511/942 8050/492/941
f 8051/492/1688 8052/511/957 8053/512/957
f 8051/492/1688 8053/512/957 8054/494/957
f 8055/494/956 8056/512/956 8057/513/956
f 8055/494/956 8057/513/956 8058/496/956
f 8059/496/1689 8060/513/955 8061/514/1689
f 8059/496/1689 8061/514/1689 8062/498/955
f 8063/498/953 8064/514/1690 8065/515/953
f 8063/498/953 8065/515/953 8066/500/1690
f 8067/500/951 8068/515/1691 8069/516/951
f 8067/500/951 8069/516/951 8070/502/1691
f 8071/502/949 8072/516/1692 8073/517/949
f 8071/502/949 8073/517/949 8074/504/949
f 8075/506/1693 8076/519/971 8077/518/971
f 8075/506/1693 8077/518/971 8078/505/1693
f 8079/505/968 8080/518/968 8081/520/968
f 8079/505/968 8081/520/968 8082/507/968
f 8083/507/966 8084/520/965 8085/521/966
f 8083/507/966 8085/521/966 8086/508/965
f 8087/508/963 8088/521/1694 8089/522/964
f 8087/508/963 8089/522/964 8090/509/963
f 8091/509/962 8092/522/962 8093/523/962
f 8091/509/962 8093/523/962 8094/510/962
f 8095/510/960 8096/523/959 8097/524/960
f 8095/510/960 8097/524/960 8098/511/960
f 8099/511/980 8100/524/980 8101/525/980
f 8099/511/980 8101/525/980 8102/512/980
f 8103/512/979 8104/525/979 8105/526/979
f 8103/512/979 8105/526/979 8106/513/979
f 8107/513/977 8108/526/977 8109/527/1695
f 8107/513/977 8109/527/1695 8110/514/977
f 8111/514/1696 8112/527/976 8113/528/975
f 8111/514/1696 8113/528/975 8114/515/976
f 8115/515/974 8116/528/974 8117/529/974
f 8115/515/974 8117/529/974 8118/516/974
f 8119/516/972 8120/529/972 8121/530/972
f 8119/516/972 8121/530/972 8122/517/972
s 0
f 8123/531/982 8124/534/982 8125/533/982
f 8123/531/982 8125/533/982 8126/532/982
f 8127/532/982 8128/533/982 8129/536/982
f 8127/532/982 8129/536/982 8130/535/982
f 8131/535/982 8132/536/982 8133/538/982
f 8131/535/982 8133/538/982 8134/537/982
f 8135/537/982 8136/538/982 8137/540/982
f 8135/537/982 8137/540/982 8138/539/982
f 8139/539/982 8140/540/982 8141/542/982
f 8139/539/982 8141/542/982 8142/541/982
f 8143/541/982 8144/542/982 8145/544/982
s 1
f 8143/541/982 8145/544/982 8146/543/982
s 0
f 8147/543/982 8148/544/982 8149/546/982
f 8147/543/982 8149/546/982 8150/545/982
f 8151/545/982 8152/546/982 8153/548/982
f 8151/545/982 8153/548/982 8154/547/982
f 8155/547/982 8156/548/982 8157/550/982
f 8155/547/982 8157/550/982 8158/549/982
f 8159/549/982 8160/550/982 8161/552/982
s 1
f 8159/549/982 8161/552/982 8162/551/982
s 0
f 8163/551/982 8164/552/982 8165/554/982
f 8163/551/982 8165/554/982 8166/553/982
s 1
f 8167/553/982 8168/554/982 8169/556/982
s 0
f 8167/553/982 8169/556/982 8170/555/982
s 1
f 8171/534/992 8172/558/992 8173/557/991
f 8171/534/992 8173/557/991 8174/533/991
f 8175/533/990 8176/557/990 8177/559/990
f 8175/533/990 8177/559/990 8178/536/990
f 8179/536/988 8180/559/988 8181/560/988
f 8179/536/988 8181/560/988 8182/538/989
f 8183/538/1697 8184/560/986 8185/561/987
f 8183/538/1697 8185/561/987 8186/540/986
f 8187/540/985 8188/561/985 8189/562/985
f 8187/540/985 8189/562/985 8190/542/985
f 8191/542/983 8192/562/984 8193/563/984
f 8191/542/983 8193/563/984 8194/544/983
f 8195/544/999 8196/563/999 8197/564/999
f 8195/544/999 8197/564/999 8198/546/999
f 8199/546/998 8200/564/998 8201/565/998
f 8199/546/998 8201/565/998 8202/548/998
f 8203/548/997 8204/565/997 8205/566/997
f 8203/548/997 8205/566/997 8206/550/997
f 8207/550/995 8208/566/995 8209/567/995
f 8207/550/995 8209/567/995 8210/552/995
f 8211/552/994 8212/567/994 8213/568/994
f 8211/552/994 8213/568/994 8214/554/994
f 8215/554/993 8216/568/993 8217/569/993
f 8215/554/993 8217/569/993 8218/556/993
s 0
f 8219/455/1005 8220/454/1005 8221/453/1005
f 8219/455/1698 8221/453/1698 8222/456/1698
f 8223/458/1003 8224/457/1003 8225/454/1003
f 8223/458/589 8225/454/589 8226/455/589
f 8227/460/588 8228/459/588 8229/457/588
f 8227/460/588 8229/457/588 8230/458/588
f 8231/570/599 8232/461/599 8233/459/599
f 8231/570/599 8233/459/599 8234/460/599
f 8235/464/1002 8236/463/1002 8237/461/1002
f 8235/464/598 8237/461/598 8238/570/598
f 8239/466/1001 8240/465/1001 8241/463/1001
f 8239/466/1699 8241/463/1699 8242/464/1699
f 8243/468/596 8244/467/596 8245/465/596
f 8243/468/1700 8245/465/1700 8246/466/1700
s 1
f 8247/470/595 8248/469/595 8249/467/595
s 0
f 8247/470/1701 8249/467/1701 8250/468/1701
f 8251/472/788 8252/471/788 8253/469/788
f 8251/472/594 8253/469/594 8254/470/594
f 8255/474/593 8256/473/593 8257/471/593
f 8255/474/593 8257/471/593 8258/472/593
f 8259/476/592 8260/475/592 8261/473/592
f 8259/476/1544 8261/473/1544 8262/474/1544
f 8263/478/1702 8264/477/1702 8265/475/1702
f 8263/478/1703 8265/475/1703 8266/476/1703
f 8267/571/590 8268/574/590 8269/573/590
f 8267/571/590 8269/573/590 8270/572/590
f 8271/575/589 8272/576/589 8273/574/589
f 8271/575/589 8273/574/589 8274/571/589
f 8275/577/588 8276/578/588 8277/576/588
f 8275/577/588 8277/576/588 8278/575/588
f 8279/579/599 8280/580/599 8281/578/599
f 8279/579/599 8281/578/599 8282/577/599
f 8283/581/598 8284/582/598 8285/580/598
f 8283/581/598 8285/580/598 8286/579/598
f 8287/583/597 8288/584/597 8289/582/597
f 8287/583/597 8289/582/597 8290/581/597
f 8291/585/596 8292/586/596 8293/584/596
f 8291/585/596 8293/584/596 8294/583/596
f 8295/587/595 8296/588/595 8297/586/595
f 8295/587/595 8297/586/595 8298/585/595
f 8299/589/594 8300/590/594 8301/588/594
f 8299/589/594 8301/588/594 8302/587/594
f 8303/591/593 8304/592/593 8305/590/593
f 8303/591/593 8305/590/593 8306/589/593
f 8307/593/592 8308/594/592 8309/592/592
f 8307/593/592 8309/592/592 8310/591/592
f 8311/595/591 8312/596/591 8313/594/591
f 8311/595/591 8313/594/591 8314/593/591
f 8315/437/1704 8316/438/1704 8317/440/1704
s 1
f 8315/437/1705 8317/440/1705 8318/439/1705
s 0
f 8319/439/1706 8320/440/1706 8321/442/1707
f 8319/439/1708 8321/442/1708 8322/441/1708
f 8323/441/1019 8324/442/1019 8325/444/1019
s 1
f 8323/441/1709 8325/444/1709 8326/443/1709
s 0
f 8327/443/1017 8328/444/1017 8329/446/1017
f 8327/443/1710 8329/446/1710 8330/445/1710
f 8331/445/1711 8332/446/1711 8333/448/1712
f 8331/445/1712 8333/448/1712 8334/447/1712
f 8335/447/1713 8336/448/1713 8337/450/1713
f 8335/447/1714 8337/450/1714 8338/449/1714
s 1
f 8339/449/1715 8340/450/1715 8341/452/1715
s 0
f 8339/449/1716 8341/452/1716 8342/451/1716
f 8343/451/1717 8344/452/1717 8345/432/1717
f 8343/451/1718 8345/432/1718 8346/429/1718
f 8347/429/1719 8348/432/1719 8349/431/1719
f 8347/429/1034 8349/431/1034 8350/430/1034
f 8351/430/1031 8352/431/1031 8353/434/1031
f 8351/430/1720 8353/434/1720 8354/433/1720
f 8355/433/1721 8356/434/1721 8357/436/1721
f 8355/433/1722 8357/436/1722 8358/435/1722
f 8359/435/1723 8360/436/1723 8361/438/1724
s 1
f 8359/435/1725 8361/438/1725 8362/437/1725
s 0
f 8363/447/1726 8364/448/1726 8365/450/1726
f 8363/447/1727 8365/450/1727 8366/449/1728
f 8367/449/1729 8368/450/1729 8369/452/1729
s 1
f 8367/449/1730 8369/452/1730 8370/451/1730
s 0
f 8371/451/1731 8372/452/1732 8373/432/1732
f 8371/451/1733 8373/432/1733 8374/429/1733
f 8375/429/1053 8376/432/1053 8377/431/1053
f 8375/429/1734 8377/431/1734 8378/430/1734
f 8379/430/1051 8380/431/1051 8381/434/1051
f 8379/430/1735 8381/434/1735 8382/433/1735
f 8383/433/1593 8384/434/1593 8385/436/1593
f 8383/433/1736 8385/436/1593 8386/435/1736
f 8387/435/1737 8388/436/1738 8389/438/1738
f 8387/435/1739 8389/438/1738 8390/437/1739
f 8391/437/1740 8392/438/1740 8393/440/1740
f 8391/437/1741 8393/440/1741 8394/439/1741
f 8395/439/1742 8396/440/1742 8397/442/1742
f 8395/439/1743 8397/442/1743 8398/441/1743
f 8399/441/1744 8400/442/1744 8401/444/1744
f 8399/441/1066 8401/444/1066 8402/443/1066
f 8403/443/1063 8404/444/1063 8405/446/1063
f 8403/443/1745 8405/446/1745 8406/445/1745
f 8407/445/1746 8408/446/1746 8409/448/1746
f 8407/445/1747 8409/448/1747 8410/447/1747
s 1
f 8411/196/1244 8412/197/1244 8413/198/1244
f 8411/196/1244 8413/198/1244 8414/199/1244
f 8415/200/1246 8416/201/1246 8417/202/1246
f 8415/200/1246 8417/202/1246 8418/203/1246
f 8419/204/1249 8420/200/1249 8421/203/1249
f 8419/204/1249 8421/203/1249 8422/205/1249
f 8423/206/1251 8424/204/1251 8425/205/1251
f 8423/206/1251 8425/205/1251 8426/207/1251
f 8427/208/1252 8428/206/1252 8429/207/1252
f 8427/208/1252 8429/207/1252 8430/209/1748
s 0
f 8431/210/1253 8432/208/1253 8433/209/1253
f 8431/210/1254 8433/209/1254 8434/211/1254
s 1
f 8435/212/1255 8436/210/1256 8437/211/1256
f 8435/212/1255 8437/211/1256 8438/213/1255
f 8439/197/1257 8440/212/1257 8441/213/1257
f 8439/197/1257 8441/213/1257 8442/198/1257
f 8443/214/1258 8444/199/1258 8445/198/1259
f 8443/214/1258 8445/198/1259 8446/215/1258
f 8447/216/1261 8448/203/1749 8449/202/1263
f 8447/216/1261 8449/202/1263 8450/217/1263
f 8451/218/1264 8452/205/1265 8453/203/1264
f 8451/218/1264 8453/203/1264 8454/216/1264
f 8455/219/1266 8456/207/1266 8457/205/1266
f 8455/219/1266 8457/205/1266 8458/218/1266
f 8459/220/1267 8460/209/1267 8461/207/1267
f 8459/220/1267 8461/207/1267 8462/219/1267
f 8463/221/1270 8464/211/1269 8465/209/1269
f 8463/221/1270 8465/209/1269 8466/220/1270
f 8467/222/1271 8468/213/1272 8469/211/1272
f 8467/222/1271 8469/211/1272 8470/221/1750
f 8471/215/1273 8472/198/1273 8473/213/1273
f 8471/215/1273 8473/213/1273 8474/222/1273
f 8475/223/1274 8476/214/1274 8477/215/1274
f 8475/223/1274 8477/215/1274 8478/224/1274
f 8479/225/1275 8480/216/1276 8481/217/1276
f 8479/225/1275 8481/217/1276 8482/226/1275
f 8483/227/1277 8484/218/1277 8485/216/1277
f 8483/227/1277 8485/216/1277 8486/225/1751
f 8487/228/1279 8488/219/1279 8489/218/1278
f 8487/228/1279 8489/218/1278 8490/227/1278
f 8491/229/1280 8492/220/1280 8493/219/1280
f 8491/229/1280 8493/219/1280 8494/228/1280
f 8495/230/1281 8496/221/1281 8497/220/1281
f 8495/230/1281 8497/220/1281 8498/229/1281
s 0
f 8499/231/1752 8500/222/1752 8501/221/1752
s 1
f 8499/231/1753 8501/221/1753 8502/230/1753
f 8503/224/1285 8504/215/1286 8505/222/1286
f 8503/224/1285 8505/222/1286 8506/231/1286
f 8507/234/1287 8508/235/1288 8509/232/1288
f 8507/234/1287 8509/232/1288 8510/233/1287
f 8511/238/1290 8512/239/1289 8513/236/1290
f 8511/238/1290 8513/236/1290 8514/237/1289
f 8515/239/1292 8516/241/1292 8517/240/1292
f 8515/239/1292 8517/240/1292 8518/236/1292
f 8519/242/1754 8520/243/1294 8521/240/1295
f 8519/242/1754 8521/240/1295 8522/241/1295
f 8523/244/1755 8524/245/1297 8525/243/1756
f 8523/244/1755 8525/243/1756 8526/242/1297
f 8527/246/1300 8528/247/1300 8529/245/1299
f 8527/246/1300 8529/245/1299 8530/244/1300
f 8531/248/1301 8532/249/1301 8533/247/1301
f 8531/248/1301 8533/247/1301 8534/246/1301
f 8535/248/1302 8536/234/1302 8537/233/1757
f 8535/248/1302 8537/233/1757 8538/249/1302
f 8539/250/1306 8540/251/1305 8541/223/1306
f 8539/250/1306 8541/223/1306 8542/224/1758
f 8543/226/1307 8544/253/1759 8545/252/1307
f 8543/226/1307 8545/252/1307 8546/225/1308
f 8547/225/1310 8548/252/1310 8549/254/1310
f 8547/225/1310 8549/254/1310 8550/227/1311
f 8551/227/1312 8552/254/1312 8553/255/1312
f 8551/227/1312 8553/255/1312 8554/228/1312
f 8555/228/1314 8556/255/1315 8557/256/1315
f 8555/228/1314 8557/256/1315 8558/229/1315
f 8559/256/1316 8560/257/1316 8561/230/1316
f 8559/256/1316 8561/230/1316 8562/229/1317
f 8563/257/1318 8564/258/1318 8565/231/1319
f 8563/257/1318 8565/231/1319 8566/230/1319
f 8567/258/1320 8568/250/1320 8569/224/1320
f 8567/258/1320 8569/224/1320 8570/231/1320
f 8571/259/1321 8572/260/1321 8573/261/1322
f 8571/259/1321 8573/261/1322 8574/262/1322
f 8575/263/1323 8576/264/1324 8577/265/1323
f 8575/263/1323 8577/265/1323 8578/266/1324
f 8579/265/1325 8580/264/1760 8581/267/1326
f 8579/265/1325 8581/267/1326 8582/268/1761
f 8583/268/1762 8584/267/1329 8585/269/1330
f 8583/268/1762 8585/269/1330 8586/270/1329
f 8587/270/1332 8588/269/1332 8589/271/1332
f 8587/270/1332 8589/271/1332 8590/272/1332
f 8591/272/1333 8592/271/1333 8593/273/1333
f 8591/272/1333 8593/273/1333 8594/274/1333
f 8595/273/1334 8596/275/1334 8597/276/1334
f 8595/273/1334 8597/276/1334 8598/274/1334
f 8599/275/1335 8600/259/1336 8601/262/1335
f 8599/275/1335 8601/262/1335 8602/276/1336
f 8603/250/1337 8604/262/1337 8605/261/1337
f 8603/250/1337 8605/261/1337 8606/251/1337
f 8607/253/1763 8608/266/1339 8609/265/1339
f 8607/253/1763 8609/265/1339 8610/252/1339
f 8611/252/1342 8612/265/1342 8613/268/1342
f 8611/252/1342 8613/268/1342 8614/254/1342
f 8615/254/1343 8616/268/1343 8617/270/1343
f 8615/254/1343 8617/270/1343 8618/255/1343
f 8619/255/1344 8620/270/1344 8621/272/1344
f 8619/255/1344 8621/272/1344 8622/256/1344
f 8623/256/1346 8624/272/1346 8625/274/1346
f 8623/256/1346 8625/274/1346 8626/257/1346
f 8627/257/1348 8628/274/1348 8629/276/1348
f 8627/257/1348 8629/276/1348 8630/258/1348
f 8631/258/1349 8632/276/1764 8633/262/1349
f 8631/258/1349 8633/262/1349 8634/250/1349
f 8635/232/1350 8636/260/1350 8637/259/1351
f 8635/232/1350 8637/259/1351 8638/233/1351
f 8639/233/1353 8640/259/1353 8641/275/1353
f 8639/233/1353 8641/275/1353 8642/249/1353
f 8643/249/1354 8644/275/1356 8645/273/1356
f 8643/249/1354 8645/273/1356 8646/247/1765
f 8647/247/1357 8648/273/1357 8649/271/1766
f 8647/247/1357 8649/271/1766 8650/245/1357
f 8651/245/1358 8652/271/1360 8653/269/1360
f 8651/245/1358 8653/269/1360 8654/243/1360
f 8655/243/1362 8656/269/1362 8657/267/1362
f 8655/243/1362 8657/267/1362 8658/240/1362
f 8659/240/1767 8660/267/1363 8661/264/1767
f 8659/240/1767 8661/264/1767 8662/236/1767
f 8663/236/1364 8664/264/1364 8665/263/1364
f 8663/236/1364 8665/263/1364 8666/237/1364
f 8667/277/1365 8668/278/1367 8669/279/1366
f 8667/277/1365 8669/279/1366 8670/280/1367
f 8671/280/1368 8672/279/1368 8673/281/1375
f 8671/280/1368 8673/281/1375 8674/282/1368
f 8675/282/1370 8676/281/1370 8677/283/1369
f 8675/282/1370 8677/283/1369 8678/284/1369
s 0
f 8679/284/1377 8680/283/1377 8681/285/1377
s 1
f 8679/284/1768 8681/285/1768 8682/286/1768
f 8683/286/1365 8684/285/1769 8685/287/1366
f 8683/286/1365 8685/287/1366 8686/288/1770
f 8687/288/1374 8688/287/1368 8689/289/1368
f 8687/288/1374 8689/289/1368 8690/290/1368
f 8691/290/1370 8692/289/1370 8693/291/1370
f 8691/290/1370 8693/291/1370 8694/292/1369
f 8695/292/1371 8696/291/1771 8697/278/1372
f 8695/292/1371 8697/278/1372 8698/277/1378
s 0
f 8699/278/357 8700/293/357 8701/294/357
f 8699/278/357 8701/294/357 8702/279/357
f 8703/279/356 8704/294/356 8705/295/356
f 8703/279/356 8705/295/356 8706/281/356
f 8707/281/355 8708/295/355 8709/296/355
f 8707/281/355 8709/296/355 8710/283/355
f 8711/283/354 8712/296/354 8713/297/354
f 8711/283/354 8713/297/354 8714/285/354
f 8715/285/361 8716/297/361 8717/298/361
f 8715/285/361 8717/298/361 8718/287/361
f 8719/287/360 8720/298/360 8721/299/360
f 8719/287/360 8721/299/360 8722/289/360
f 8723/289/359 8724/299/359 8725/300/359
f 8723/289/359 8725/300/359 8726/291/359
f 8727/291/358 8728/300/358 8729/293/358
f 8727/291/358 8729/293/358 8730/278/358
o Object008_Bottom_0
v -47.276066 3.216728 13.621115
v -74.975899 26.192406 13.621119
v -74.983284 3.216728 13.621115
v -104.989914 48.763405 13.621113
v -100.448257 47.320488 13.621119
v -100.448257 47.320480 10.534142
v -100.448257 47.320488 13.621119
v -104.989914 48.763405 13.621113
v -104.989914 3.216728 13.621115
v -74.976692 25.997799 10.438980
v -47.762985 3.216728 10.337305
v -74.976692 3.413231 10.438976
v 47.276085 3.216728 13.621112
v 74.983299 3.216728 13.621112
v 74.975922 26.192406 13.621119
v 104.989937 48.763405 13.621116
v 100.448288 47.320480 10.534142
v 100.448288 47.320488 13.621119
v 100.448288 47.320488 13.621119
v 104.989937 3.216728 13.621112
v 104.989937 48.763405 13.621116
v 74.976715 25.997799 10.438980
v 74.976715 3.413231 10.438976
v 47.763008 3.216728 10.337305
v -47.276066 3.216721 -54.248386
v -74.983284 3.216721 -54.248386
v -74.975899 26.192398 -54.248402
v -104.989914 48.763397 -54.248398
v -100.448257 47.320469 -51.161427
v -100.448257 47.320477 -54.248405
v -100.448257 47.320477 -54.248405
v -104.989914 3.216721 -54.248386
v -104.989914 48.763397 -54.248398
v -74.976692 25.997791 -51.066265
v -74.976692 3.413223 -51.066250
v -47.762985 3.216721 -50.964577
v 47.276085 3.216721 -54.248386
v 74.975922 26.192398 -54.248402
v 74.983299 3.216721 -54.248386
v 104.989937 48.763397 -54.248405
v 100.448288 47.320477 -54.248405
v 100.448288 47.320469 -51.161427
v 100.448288 47.320477 -54.248405
v 104.989937 48.763397 -54.248405
v 104.989937 3.216721 -54.248386
v 74.976715 25.997791 -51.066265
v 47.763008 3.216721 -50.964577
v 74.976715 3.413223 -51.066250
v -74.975899 26.192406 13.621119
v -74.976692 25.997799 10.438980
v -100.448257 47.320480 10.534142
v -100.448257 47.320488 13.621119
v -100.448250 3.597145 10.534141
v -100.448257 47.320480 10.534142
v -74.976692 25.997799 10.438980
v -74.976692 3.413231 10.438976
v -49.437443 3.216728 -0.955115
v -66.500710 3.456268 -6.910150
v -74.976692 3.413231 10.438976
v -47.762985 3.216728 10.337305
v -104.989914 3.216728 13.621115
v -104.989914 48.763405 13.621113
v -104.989906 48.763401 -20.313643
v -104.989906 3.216728 -20.313637
v -104.989906 48.763401 -20.313643
v -104.989914 48.763405 13.621113
v -100.448257 47.320480 10.534142
v -100.448250 47.320473 -20.313643
v -100.448257 47.320480 10.534142
v -100.448250 3.597145 10.534141
v -100.448250 3.597145 -20.313637
v -100.448250 47.320473 -20.313643
v -47.276066 3.216728 13.621115
v -74.983284 3.216728 13.621115
v -74.983284 3.216728 15.809907
v -41.692245 3.216728 15.809907
v -104.989914 3.216728 13.621115
v -104.989906 3.216728 -20.313637
v -110.573723 3.216728 -20.313637
v -110.573730 3.216728 15.809907
v -47.762985 3.216728 10.337305
v -42.240543 3.216728 10.337305
v -43.853626 3.216728 -0.955113
v -49.437443 3.216728 -0.955115
v -74.983284 3.216728 15.809907
v -74.983284 0.000000 15.809908
v -41.692245 0.000000 15.809908
v -41.692245 3.216728 15.809907
v -110.573730 3.216728 15.809907
v -110.573723 3.216728 -20.313637
v -110.573723 0.000000 -20.313637
v -110.573730 0.000000 15.809908
v -43.853626 3.216728 -0.955113
v -42.240543 3.216728 10.337305
v -42.272137 0.000000 10.337306
v -43.853626 0.000000 -0.955112
v -47.276066 3.216728 13.621115
v -42.240543 3.216728 10.337305
v -41.692245 3.216728 15.809907
v -41.692245 0.000000 15.809908
v -42.272137 0.000000 10.337306
v -100.448257 47.320488 13.621119
v -104.989914 3.216728 13.621115
v -74.983284 3.216728 13.621115
v -74.975899 26.192406 13.621119
v -74.975899 26.192406 13.621119
v -47.276066 3.216728 13.621115
v -47.762985 3.216728 10.337305
v -74.976692 25.997799 10.438980
v -66.500710 3.456268 -6.910150
v -100.448250 3.597145 -20.313637
v -100.448250 3.597145 10.534141
v -74.976692 3.413231 10.438976
v -104.989914 3.216728 13.621115
v -110.573730 3.216728 15.809907
v -110.573730 0.000000 15.809908
v -43.853626 3.216728 -0.955113
v -43.853626 0.000000 -0.955112
v -49.437443 0.000000 -0.955112
v -49.437443 3.216728 -0.955115
v -49.437443 3.216728 -0.955115
v -49.437443 0.000000 -0.955112
v -66.500702 0.000000 -6.910153
v -66.500710 3.456268 -6.910150
v 74.975922 26.192406 13.621119
v 100.448288 47.320488 13.621119
v 100.448288 47.320480 10.534142
v 74.976715 25.997799 10.438980
v 100.448288 3.597145 10.534141
v 74.976715 3.413231 10.438976
v 74.976715 25.997799 10.438980
v 100.448288 47.320480 10.534142
v 49.437462 3.216728 -0.955115
v 47.763008 3.216728 10.337305
v 74.976715 3.413231 10.438976
v 66.500732 3.456268 -6.910150
v 104.989937 3.216728 13.621112
v 104.989937 3.216728 -20.313637
v 104.989937 48.763401 -20.313643
v 104.989937 48.763405 13.621116
v 104.989937 48.763401 -20.313643
v 100.448288 47.320473 -20.313643
v 100.448288 47.320480 10.534142
v 104.989937 48.763405 13.621116
v 100.448288 47.320480 10.534142
v 100.448288 47.320473 -20.313643
v 100.448288 3.597145 -20.313637
v 100.448288 3.597145 10.534141
v 47.276085 3.216728 13.621112
v 41.692268 3.216728 15.809910
v 74.983299 3.216728 15.809910
v 74.983299 3.216728 13.621112
v 104.989937 3.216728 13.621112
v 110.573738 3.216728 15.809910
v 110.573738 3.216728 -20.313637
v 104.989937 3.216728 -20.313637
v 47.763008 3.216728 10.337305
v 49.437462 3.216728 -0.955115
v 43.853649 3.216728 -0.955113
v 42.240562 3.216728 10.337305
v 74.983299 3.216728 15.809910
v 41.692268 3.216728 15.809910
v 41.692268 0.000000 15.809911
v 74.983299 0.000000 15.809911
v 110.573738 3.216728 15.809910
v 110.573738 0.000000 15.809911
v 110.573738 0.000000 -20.313637
v 110.573738 3.216728 -20.313637
v 43.853649 3.216728 -0.955113
v 43.853649 0.000000 -0.955112
v 42.272156 0.000000 10.337306
v 42.240562 3.216728 10.337305
v 47.276085 3.216728 13.621112
v 42.240562 3.216728 10.337305
v 42.272156 0.000000 10.337306
v 41.692268 0.000000 15.809911
v 41.692268 3.216728 15.809910
v 100.448288 47.320488 13.621119
v 74.975922 26.192406 13.621119
v 74.983299 3.216728 13.621112
v 104.989937 3.216728 13.621112
v 74.975922 26.192406 13.621119
v 74.976715 25.997799 10.438980
v 47.763008 3.216728 10.337305
v 47.276085 3.216728 13.621112
v 66.500732 3.456268 -6.910150
v 74.976715 3.413231 10.438976
v 100.448288 3.597145 10.534141
v 100.448288 3.597145 -20.313637
v 104.989937 3.216728 13.621112
v 110.573738 3.216728 15.809910
v 110.573738 0.000000 15.809911
v 43.853649 3.216728 -0.955113
v 49.437462 3.216728 -0.955115
v 49.437462 0.000000 -0.955112
v 43.853649 0.000000 -0.955112
v 49.437462 3.216728 -0.955115
v 66.500732 3.456268 -6.910150
v 66.500717 0.000000 -6.910153
v 49.437462 0.000000 -0.955112
v -74.975899 26.192398 -54.248402
v -100.448257 47.320477 -54.248405
v -100.448257 47.320469 -51.161427
v -74.976692 25.997791 -51.066265
v -100.448250 3.597137 -51.161415
v -74.976692 3.413223 -51.066250
v -74.976692 25.997791 -51.066265
v -100.448257 47.320469 -51.161427
v -49.437443 3.216721 -39.672157
v -47.762985 3.216721 -50.964577
v -74.976692 3.413223 -51.066250
v -66.500710 3.456261 -33.717125
v -104.989914 3.216721 -54.248386
v -104.989906 3.216728 -20.313637
v -104.989906 48.763401 -20.313643
v -104.989914 48.763397 -54.248398
v -104.989906 48.763401 -20.313643
v -100.448250 47.320473 -20.313643
v -100.448257 47.320469 -51.161427
v -104.989914 48.763397 -54.248398
v -100.448257 47.320469 -51.161427
v -100.448250 47.320473 -20.313643
v -100.448250 3.597145 -20.313637
v -100.448250 3.597137 -51.161415
v -47.276066 3.216721 -54.248386
v -41.692245 3.216721 -56.437183
v -74.983284 3.216721 -56.437183
v -74.983284 3.216721 -54.248386
v -104.989914 3.216721 -54.248386
v -110.573730 3.216721 -56.437183
v -47.762985 3.216721 -50.964577
v -49.437443 3.216721 -39.672157
v -43.853626 3.216721 -39.672161
v -42.240543 3.216721 -50.964577
v -74.983284 3.216721 -56.437183
v -41.692245 3.216721 -56.437183
v -41.692245 -0.000008 -56.437183
v -74.983284 -0.000008 -56.437183
v -110.573730 3.216721 -56.437183
v -110.573730 -0.000008 -56.437183
v -110.573723 0.000000 -20.313637
v -110.573723 3.216728 -20.313637
v -43.853626 3.216721 -39.672161
v -43.853626 -0.000008 -39.672161
v -42.272137 -0.000008 -50.964577
v -42.240543 3.216721 -50.964577
v -47.276066 3.216721 -54.248386
v -42.240543 3.216721 -50.964577
v -42.272137 -0.000008 -50.964577
v -41.692245 -0.000008 -56.437183
v -41.692245 3.216721 -56.437183
v -100.448257 47.320477 -54.248405
v -74.975899 26.192398 -54.248402
v -74.983284 3.216721 -54.248386
v -104.989914 3.216721 -54.248386
v -74.975899 26.192398 -54.248402
v -74.976692 25.997791 -51.066265
v -47.762985 3.216721 -50.964577
v -47.276066 3.216721 -54.248386
v -66.500710 3.456261 -33.717125
v -74.976692 3.413223 -51.066250
v -100.448250 3.597137 -51.161415
v -100.448250 3.597145 -20.313637
v -104.989914 3.216721 -54.248386
v -110.573730 3.216721 -56.437183
v -110.573730 -0.000008 -56.437183
v -43.853626 3.216721 -39.672161
v -49.437443 3.216721 -39.672157
v -49.437443 -0.000008 -39.672161
v -43.853626 -0.000008 -39.672161
v -49.437443 3.216721 -39.672157
v -66.500710 3.456261 -33.717125
v -66.500702 -0.000008 -33.717121
v -49.437443 -0.000008 -39.672161
v 74.975922 26.192398 -54.248402
v 74.976715 25.997791 -51.066265
v 100.448288 47.320469 -51.161427
v 100.448288 47.320477 -54.248405
v 100.448288 3.597137 -51.161415
v 100.448288 47.320469 -51.161427
v 74.976715 25.997791 -51.066265
v 74.976715 3.413223 -51.066250
v 49.437462 3.216721 -39.672157
v 66.500732 3.456261 -33.717125
v 74.976715 3.413223 -51.066250
v 47.763008 3.216721 -50.964577
v 104.989937 3.216721 -54.248386
v 104.989937 48.763397 -54.248405
v 104.989937 48.763401 -20.313643
v 104.989937 48.763397 -54.248405
v 100.448288 47.320469 -51.161427
v 100.448288 47.320473 -20.313643
v 100.448288 47.320469 -51.161427
v 100.448288 3.597137 -51.161415
v 47.276085 3.216721 -54.248386
v 74.983299 3.216721 -54.248386
v 74.983299 3.216721 -56.437183
v 41.692268 3.216721 -56.437183
v 104.989937 3.216721 -54.248386
v 110.573738 3.216721 -56.437183
v 47.763008 3.216721 -50.964577
v 42.240562 3.216721 -50.964577
v 43.853649 3.216721 -39.672161
v 49.437462 3.216721 -39.672157
v 74.983299 3.216721 -56.437183
v 74.983299 -0.000008 -56.437183
v 41.692268 -0.000008 -56.437183
v 41.692268 3.216721 -56.437183
v 110.573738 3.216721 -56.437183
v 110.573738 -0.000008 -56.437183
v 43.853649 3.216721 -39.672161
v 42.240562 3.216721 -50.964577
v 42.272156 -0.000008 -50.964577
v 43.853649 -0.000008 -39.672161
v 47.276085 3.216721 -54.248386
v 42.240562 3.216721 -50.964577
v 41.692268 3.216721 -56.437183
v 41.692268 -0.000008 -56.437183
v 42.272156 -0.000008 -50.964577
v 100.448288 47.320477 -54.248405
v 104.989937 3.216721 -54.248386
v 74.983299 3.216721 -54.248386
v 74.975922 26.192398 -54.248402
v 74.975922 26.192398 -54.248402
v 47.276085 3.216721 -54.248386
v 47.763008 3.216721 -50.964577
v 74.976715 25.997791 -51.066265
v 66.500732 3.456261 -33.717125
v 100.448288 3.597145 -20.313637
v 100.448288 3.597137 -51.161415
v 74.976715 3.413223 -51.066250
v 104.989937 3.216721 -54.248386
v 110.573738 3.216721 -56.437183
v 110.573738 -0.000008 -56.437183
v 43.853649 3.216721 -39.672161
v 43.853649 -0.000008 -39.672161
v 49.437462 -0.000008 -39.672161
v 49.437462 3.216721 -39.672157
v 49.437462 3.216721 -39.672157
v 49.437462 -0.000008 -39.672161
v 66.500717 -0.000008 -33.717121
v 66.500732 3.456261 -33.717125
vn -0.0000 -0.0000 1.0000
vn 0.3028 0.9531 -0.0000
vn -0.0037 -0.0000 -1.0000
vn -0.3028 0.9531 -0.0000
vn 0.0037 -0.0000 -1.0000
vn -0.0000 -0.0000 -1.0000
vn -0.0037 -0.0000 1.0000
vn 0.0037 -0.0000 1.0000
vn 0.6400 0.7680 -0.0239
vn 0.0093 0.9999 0.0037
vn 0.0094 0.9999 0.0039
vn 0.0094 0.9999 0.0037
vn -1.0000 -0.0000 -0.0000
vn 1.0000 -0.0000 -0.0000
vn -0.0000 1.0000 -0.0000
vn 0.9901 -0.0049 -0.1401
vn 0.9947 -0.0049 -0.1025
vn 0.6384 0.7664 -0.0712
vn 0.0051 1.0000 0.0018
vn 0.0050 1.0000 0.0017
vn 0.0052 1.0000 0.0021
vn 0.3295 -0.0000 -0.9442
vn -0.6400 0.7680 -0.0239
vn -0.0093 0.9999 0.0037
vn -0.0094 0.9999 0.0039
vn -0.0094 0.9999 0.0037
vn -0.9901 -0.0049 -0.1401
vn -0.9947 -0.0049 -0.1025
vn -0.6384 0.7664 -0.0712
vn -0.0051 1.0000 0.0018
vn -0.0052 1.0000 0.0021
vn -0.0050 1.0000 0.0017
vn -0.3295 -0.0000 -0.9442
vn 0.6400 0.7680 0.0239
vn 0.0093 0.9999 -0.0037
vn 0.0094 0.9999 -0.0037
vn 0.0096 0.9999 -0.0043
vn 0.9901 -0.0049 0.1401
vn 0.9947 -0.0049 0.1025
vn 0.6384 0.7664 0.0712
vn 0.0051 1.0000 -0.0018
vn 0.0050 1.0000 -0.0017
vn 0.3295 -0.0000 0.9442
vn -0.6400 0.7680 0.0239
vn -0.0093 0.9999 -0.0037
vn -0.0094 0.9999 -0.0037
vn -0.0096 0.9999 -0.0043
vn -0.9901 -0.0049 0.1401
vn -0.9947 -0.0049 0.1025
vn -0.6384 0.7664 0.0712
vn -0.0051 1.0000 -0.0018
vn -0.0050 1.0000 -0.0017
vn -0.3295 -0.0000 0.9442
vt 0.511661 0.711890
vt 0.478368 0.752028
vt 0.511661 0.752039
vt 0.217262 0.428682
vt 0.217262 0.443122
vt 0.228481 0.443122
vt 0.447753 0.788939
vt 0.445662 0.795519
vt 0.511661 0.795519
vt 0.523633 0.681325
vt 0.502654 0.705968
vt 0.503039 0.681154
vt 0.216797 0.544879
vt 0.228481 0.544879
vt 0.503400 0.657929
vt 0.543269 0.658260
vt 0.241712 0.787454
vt 0.259440 0.748218
vt 0.213362 0.727014
vt 0.213362 0.787454
vt 0.445662 0.854107
vt 0.511661 0.854107
vt 0.342018 0.428682
vt 0.342018 0.443381
vt 0.503678 0.624415
vt 0.543547 0.624745
vt 0.196645 0.698636
vt 0.196645 0.636316
vt 0.191196 0.636316
vt 0.191196 0.711195
vt 0.203339 0.548969
vt 0.203340 0.459460
vt 0.191196 0.459460
vt 0.191196 0.554311
vt 0.203235 0.726299
vt 0.191196 0.726299
vt 0.191196 0.756783
vt 0.203235 0.756783
vt 0.183905 0.636316
vt 0.183905 0.711196
vt 0.183905 0.459460
vt 0.183905 0.554311
vt 0.183905 0.726299
vt 0.183905 0.756783
vt 0.203235 0.718170
vt 0.216797 0.654794
vt 0.228481 0.654794
vt 0.298909 0.671050
vt 0.213362 0.671050
vt 0.196645 0.568825
vt 0.183905 0.768980
vt 0.191196 0.768916
vt 0.183905 0.810502
vt 0.191196 0.810502
vt 0.241712 0.787454
vt 0.213362 0.787454
vt 0.196645 0.698636
vt 0.183883 0.711196
vt 0.183883 0.636316
vt 0.183883 0.554311
vt 0.183883 0.459460
vt 0.183883 0.756783
vt 0.183883 0.726299
vt 0.196645 0.568825
vt 0.191196 0.768948
vt 0.183883 0.768948
vt 0.183883 0.810502
s 0
usemtl Bottom
f 8731/597/1772 8732/598/1772 8733/599/1772
f 8734/600/1773 8735/601/1773 8736/602/1773
f 8737/603/1772 8738/604/1772 8739/605/1772
f 8740/606/1774 8741/607/1774 8742/608/1774
f 8743/597/1772 8744/599/1772 8745/598/1772
f 8746/600/1775 8747/602/1775 8748/601/1775
f 8749/603/1772 8750/605/1772 8751/604/1772
f 8752/606/1776 8753/608/1776 8754/607/1776
f 8755/597/1777 8756/599/1777 8757/598/1777
f 8758/600/1773 8759/602/1773 8760/601/1773
f 8761/603/1777 8762/605/1777 8763/604/1777
f 8764/606/1778 8765/608/1778 8766/607/1778
f 8767/597/1777 8768/598/1777 8769/599/1777
f 8770/600/1775 8771/601/1775 8772/602/1775
f 8773/603/1777 8774/604/1777 8775/605/1777
f 8776/606/1779 8777/607/1779 8778/608/1779
s 1
f 8779/609/1780 8780/610/1780 8781/602/1780
f 8779/609/1780 8781/602/1780 8782/601/1780
s 0
f 8783/611/1774 8784/612/1774 8785/606/1774
f 8783/611/1774 8785/606/1774 8786/608/1774
s 1
f 8787/613/1781 8788/614/1781 8789/615/1782
f 8787/613/1781 8789/615/1782 8790/616/1783
s 0
f 8791/605/1784 8792/604/1784 8793/617/1784
f 8791/605/1784 8793/617/1784 8794/618/1784
f 8795/619/1773 8796/600/1773 8797/602/1773
f 8795/619/1773 8797/602/1773 8798/620/1773
f 8799/612/1785 8800/611/1785 8801/621/1785
f 8799/612/1785 8801/621/1785 8802/622/1785
f 8803/623/1786 8804/624/1786 8805/625/1786
f 8803/623/1786 8805/625/1786 8806/626/1786
f 8807/627/1786 8808/628/1786 8809/629/1786
f 8807/627/1786 8809/629/1786 8810/630/1786
f 8811/631/1786 8812/632/1786 8813/633/1786
f 8811/631/1786 8813/633/1786 8814/634/1786
f 8815/625/1772 8816/635/1772 8817/636/1772
f 8815/625/1772 8817/636/1772 8818/626/1772
f 8819/630/1784 8820/629/1784 8821/637/1784
f 8819/630/1784 8821/637/1784 8822/638/1784
s 1
f 8823/633/1787 8824/632/1787 8825/639/1787
f 8823/633/1787 8825/639/1787 8826/640/1787
s 0
f 8827/641/1786 8806/626/1786 8812/632/1786
f 8827/641/1786 8812/632/1786 8811/631/1786
s 1
f 8828/632/1788 8829/626/1788 8830/636/1788
f 8828/632/1788 8830/636/1788 8831/639/1788
s 0
f 8832/603/1772 8833/605/1772 8834/599/1772
f 8832/603/1772 8834/599/1772 8835/598/1772
s 1
f 8836/609/1789 8837/642/1789 8838/643/1789
f 8836/609/1789 8838/643/1789 8839/610/1789
f 8840/614/1790 8841/644/1791 8842/645/1792
f 8840/614/1790 8842/645/1792 8843/615/1790
s 0
f 8844/646/1786 8810/630/1786 8805/625/1786
f 8844/646/1786 8805/625/1786 8804/624/1786
f 8845/630/1772 8846/638/1772 8816/635/1772
f 8845/630/1772 8816/635/1772 8815/625/1772
f 8847/633/1777 8848/640/1777 8849/647/1777
f 8847/633/1777 8849/647/1777 8850/648/1777
f 8851/648/1793 8852/647/1793 8853/649/1793
f 8851/648/1793 8853/649/1793 8854/650/1793
s 1
f 8855/609/1794 8856/601/1794 8857/602/1794
f 8855/609/1794 8857/602/1794 8858/610/1794
s 0
f 8859/611/1776 8860/608/1776 8861/606/1776
f 8859/611/1776 8861/606/1776 8862/612/1776
s 1
f 8863/651/1795 8864/652/1795 8865/615/1796
f 8863/651/1795 8865/615/1796 8866/614/1797
s 0
f 8867/605/1785 8868/618/1785 8869/617/1785
f 8867/605/1785 8869/617/1785 8870/604/1785
f 8871/619/1775 8872/620/1775 8873/602/1775
f 8871/619/1775 8873/602/1775 8874/600/1775
f 8875/612/1784 8876/622/1784 8877/621/1784
f 8875/612/1784 8877/621/1784 8878/611/1784
f 8879/653/1786 8880/626/1786 8881/625/1786
f 8879/653/1786 8881/625/1786 8882/624/1786
f 8883/627/1786 8884/630/1786 8885/629/1786
f 8883/627/1786 8885/629/1786 8886/628/1786
f 8887/631/1786 8888/634/1786 8889/633/1786
f 8887/631/1786 8889/633/1786 8890/632/1786
f 8891/625/1772 8892/626/1772 8893/654/1772
f 8891/625/1772 8893/654/1772 8894/655/1772
f 8895/630/1785 8896/656/1785 8897/657/1785
f 8895/630/1785 8897/657/1785 8898/629/1785
s 1
f 8899/633/1798 8900/658/1798 8901/659/1798
f 8899/633/1798 8901/659/1798 8902/632/1798
s 0
f 8903/641/1786 8887/631/1786 8890/632/1786
f 8903/641/1786 8890/632/1786 8880/626/1786
s 1
f 8904/632/1799 8905/659/1799 8906/654/1799
f 8904/632/1799 8906/654/1799 8907/626/1799
s 0
f 8908/603/1772 8909/598/1772 8910/599/1772
f 8908/603/1772 8910/599/1772 8911/605/1772
s 1
f 8912/609/1800 8913/610/1800 8914/643/1800
f 8912/609/1800 8914/643/1800 8915/642/1800
f 8916/614/1801 8917/615/1801 8918/645/1802
f 8916/614/1801 8918/645/1802 8919/644/1803
s 0
f 8920/660/1786 8882/624/1786 8881/625/1786
f 8920/660/1786 8881/625/1786 8884/630/1786
f 8921/630/1772 8891/625/1772 8894/655/1772
f 8921/630/1772 8894/655/1772 8922/656/1772
f 8923/633/1777 8924/661/1777 8925/662/1777
f 8923/633/1777 8925/662/1777 8926/658/1777
f 8927/661/1804 8928/650/1804 8929/663/1804
f 8927/661/1804 8929/663/1804 8930/662/1804
s 1
f 8931/609/1805 8932/601/1805 8933/602/1805
f 8931/609/1805 8933/602/1805 8934/610/1805
s 0
f 8935/611/1778 8936/608/1778 8937/606/1778
f 8935/611/1778 8937/606/1778 8938/612/1778
s 1
f 8939/613/1806 8940/616/1807 8941/615/1808
f 8939/613/1806 8941/615/1808 8942/614/1807
s 0
f 8943/605/1784 8944/618/1784 8945/617/1784
f 8943/605/1784 8945/617/1784 8946/604/1784
f 8947/619/1773 8948/620/1773 8949/602/1773
f 8947/619/1773 8949/602/1773 8950/600/1773
f 8951/612/1785 8952/622/1785 8953/621/1785
f 8951/612/1785 8953/621/1785 8954/611/1785
f 8955/623/1786 8956/626/1786 8957/625/1786
f 8955/623/1786 8957/625/1786 8958/624/1786
f 8959/627/1786 8960/630/1786 8809/629/1786
f 8959/627/1786 8809/629/1786 8808/628/1786
f 8961/631/1786 8962/634/1786 8963/633/1786
f 8961/631/1786 8963/633/1786 8964/632/1786
f 8965/625/1777 8966/626/1777 8967/636/1777
f 8965/625/1777 8967/636/1777 8968/635/1777
f 8969/630/1784 8970/638/1784 8971/637/1784
f 8969/630/1784 8971/637/1784 8972/629/1784
s 1
f 8973/633/1809 8974/640/1809 8975/639/1809
f 8973/633/1809 8975/639/1809 8976/632/1809
s 0
f 8977/641/1786 8961/631/1786 8964/632/1786
f 8977/641/1786 8964/632/1786 8956/626/1786
s 1
f 8978/632/1810 8979/639/1810 8980/636/1810
f 8978/632/1810 8980/636/1810 8981/626/1810
s 0
f 8982/603/1777 8983/598/1777 8984/599/1777
f 8982/603/1777 8984/599/1777 8985/605/1777
s 1
f 8986/609/1811 8987/610/1811 8988/643/1811
f 8986/609/1811 8988/643/1811 8989/642/1811
f 8990/614/1812 8991/615/1812 8992/645/1812
f 8990/614/1812 8992/645/1812 8993/644/1813
s 0
f 8994/646/1786 8958/624/1786 8957/625/1786
f 8994/646/1786 8957/625/1786 8960/630/1786
f 8995/630/1777 8965/625/1777 8968/635/1777
f 8995/630/1777 8968/635/1777 8996/638/1777
f 8997/633/1772 8998/648/1772 8999/647/1772
f 8997/633/1772 8999/647/1772 9000/640/1772
f 9001/648/1814 9002/650/1814 9003/649/1814
f 9001/648/1814 9003/649/1814 9004/647/1814
s 1
f 9005/609/1815 9006/610/1815 9007/602/1815
f 9005/609/1815 9007/602/1815 9008/601/1815
s 0
f 9009/611/1779 9010/612/1779 9011/606/1779
f 9009/611/1779 9011/606/1779 9012/608/1779
s 1
f 9013/651/1816 9014/614/1817 9015/615/1818
f 9013/651/1816 9015/615/1818 9016/652/1816
s 0
f 9017/605/1785 9018/604/1785 8869/617/1785
f 9017/605/1785 8869/617/1785 8868/618/1785
f 9019/619/1775 9020/600/1775 9021/602/1775
f 9019/619/1775 9021/602/1775 9022/620/1775
f 9023/612/1784 9024/611/1784 8877/621/1784
f 9023/612/1784 8877/621/1784 8876/622/1784
f 9025/653/1786 9026/624/1786 9027/625/1786
f 9025/653/1786 9027/625/1786 9028/626/1786
f 9029/627/1786 8886/628/1786 8885/629/1786
f 9029/627/1786 8885/629/1786 9030/630/1786
f 9031/631/1786 9032/632/1786 9033/633/1786
f 9031/631/1786 9033/633/1786 9034/634/1786
f 9035/625/1777 9036/655/1777 9037/654/1777
f 9035/625/1777 9037/654/1777 9038/626/1777
f 9039/630/1785 8898/629/1785 8897/657/1785
f 9039/630/1785 8897/657/1785 9040/656/1785
s 1
f 9041/633/1819 9042/632/1819 9043/659/1819
f 9041/633/1819 9043/659/1819 9044/658/1819
s 0
f 9045/641/1786 9028/626/1786 9032/632/1786
f 9045/641/1786 9032/632/1786 9031/631/1786
s 1
f 9046/632/1820 9047/626/1820 9048/654/1820
f 9046/632/1820 9048/654/1820 9049/659/1820
s 0
f 9050/603/1777 9051/605/1777 9052/599/1777
f 9050/603/1777 9052/599/1777 9053/598/1777
s 1
f 9054/609/1821 9055/642/1821 9056/643/1821
f 9054/609/1821 9056/643/1821 9057/610/1821
f 9058/614/1822 9059/644/1823 9060/645/1822
f 9058/614/1822 9060/645/1822 9061/615/1822
s 0
f 9062/660/1786 9030/630/1786 9027/625/1786
f 9062/660/1786 9027/625/1786 9026/624/1786
f 9063/630/1777 9064/656/1777 9036/655/1777
f 9063/630/1777 9036/655/1777 9035/625/1777
f 9065/633/1772 9066/658/1772 9067/662/1772
f 9065/633/1772 9067/662/1772 9068/661/1772
f 9069/661/1824 9070/662/1824 9071/663/1824
f 9069/661/1824 9071/663/1824 9072/650/1824
o Object008_emissive_0
v -17.516792 128.734619 15.282919
v 17.516829 128.734619 15.282919
v 21.809641 152.951691 20.313646
v -21.809608 152.951691 20.313646
v -11.499241 137.486435 11.817156
v -13.513728 148.941925 12.599826
v 13.513757 148.941925 12.599826
v 11.499273 137.486435 11.817156
v -17.516792 128.734619 15.282919
v -17.516792 129.292313 13.239650
v 17.516829 129.292313 13.239650
v 17.516829 128.734619 15.282919
v 17.516829 128.734619 15.282919
v 17.516829 129.292313 13.239650
v 21.809641 153.703629 17.558710
v 21.809641 152.951691 20.313646
v 21.809641 152.951691 20.313646
v 21.809641 153.703629 17.558710
v -21.809608 153.703629 17.558710
v -21.809608 152.951691 20.313646
v -21.809608 152.951691 20.313646
v -21.809608 153.703629 17.558710
v -17.516792 129.292313 13.239650
v -17.516792 128.734619 15.282919
v -17.516792 129.292313 13.239650
v -21.809608 153.703629 17.558710
v -13.513732 147.225708 16.412579
v -11.499241 135.770233 14.385777
v -21.809608 153.703629 17.558710
v 21.809641 153.703629 17.558710
v 13.513757 147.225708 16.412579
v -13.513732 147.225708 16.412579
v 21.809641 153.703629 17.558710
v 17.516829 129.292313 13.239650
v 11.499273 135.770233 14.385777
v 13.513757 147.225708 16.412579
v 17.516829 129.292313 13.239650
v -17.516792 129.292313 13.239650
v -11.499241 135.770233 14.385777
v 11.499273 135.770233 14.385777
v -11.499241 135.770233 14.385777
v -13.513732 147.225708 16.412579
v -13.513728 148.941925 12.599826
v -11.499241 137.486435 11.817156
v -13.513732 147.225708 16.412579
v 13.513757 147.225708 16.412579
v 13.513757 148.941925 12.599826
v -13.513728 148.941925 12.599826
v 13.513757 147.225708 16.412579
v 11.499273 135.770233 14.385777
v 11.499273 137.486435 11.817156
v 13.513757 148.941925 12.599826
v 11.499273 135.770233 14.385777
v -11.499241 135.770233 14.385777
v -11.499241 137.486435 11.817156
v 11.499273 137.486435 11.817156
v -17.516792 128.734619 -55.910225
v -21.809608 152.951675 -60.940964
v 21.809641 152.951675 -60.940964
v 17.516829 128.734619 -55.910225
v -11.499241 137.486420 -52.444462
v 11.499273 137.486420 -52.444462
v 13.513757 148.941910 -53.227142
v -13.513728 148.941910 -53.227142
v -17.516792 128.734619 -55.910225
v 17.516829 128.734619 -55.910225
v 17.516829 129.292297 -53.866959
v -17.516792 129.292297 -53.866959
v 17.516829 128.734619 -55.910225
v 21.809641 152.951675 -60.940964
v 21.809641 153.703613 -58.186024
v 17.516829 129.292297 -53.866959
v 21.809641 152.951675 -60.940964
v -21.809608 152.951675 -60.940964
v -21.809608 153.703613 -58.186024
v 21.809641 153.703613 -58.186024
v -21.809608 152.951675 -60.940964
v -17.516792 128.734619 -55.910225
v -17.516792 129.292297 -53.866959
v -21.809608 153.703613 -58.186024
v -17.516792 129.292297 -53.866959
v -11.499241 135.770218 -55.013092
v -13.513732 147.225693 -57.039886
v -21.809608 153.703613 -58.186024
v -21.809608 153.703613 -58.186024
v -13.513732 147.225693 -57.039886
v 13.513757 147.225693 -57.039886
v 21.809641 153.703613 -58.186024
v 21.809641 153.703613 -58.186024
v 13.513757 147.225693 -57.039886
v 11.499273 135.770218 -55.013092
v 17.516829 129.292297 -53.866959
v 17.516829 129.292297 -53.866959
v 11.499273 135.770218 -55.013092
v -11.499241 135.770218 -55.013092
v -17.516792 129.292297 -53.866959
v -11.499241 135.770218 -55.013092
v -11.499241 137.486420 -52.444462
v -13.513728 148.941910 -53.227142
v -13.513732 147.225693 -57.039886
v -13.513732 147.225693 -57.039886
v -13.513728 148.941910 -53.227142
v 13.513757 148.941910 -53.227142
v 13.513757 147.225693 -57.039886
v 13.513757 147.225693 -57.039886
v 13.513757 148.941910 -53.227142
v 11.499273 137.486420 -52.444462
v 11.499273 135.770218 -55.013092
v 11.499273 135.770218 -55.013092
v 11.499273 137.486420 -52.444462
v -11.499241 137.486420 -52.444462
v -11.499241 135.770218 -55.013092
vn -0.0000 -0.2034 0.9791
vn -0.0000 0.0682 -0.9977
vn -0.0000 -0.9647 -0.2633
vn 0.9852 -0.1653 -0.0451
vn -0.0000 0.9647 0.2633
vn -0.9852 -0.1653 -0.0451
vn -0.0000 0.1742 -0.9847
vn -0.9829 -0.1622 -0.0872
vn -0.0000 0.9119 0.4105
vn 0.9829 -0.1622 -0.0872
vn -0.0000 -0.8315 -0.5556
vn -0.0000 -0.8315 -0.5555
vn -0.0000 -0.2034 -0.9791
vn -0.0000 0.0682 0.9977
vn -0.0000 -0.9647 0.2633
vn 0.9852 -0.1653 0.0451
vn -0.0000 0.9647 -0.2633
vn -0.9852 -0.1653 0.0451
vn -0.0000 0.1742 0.9847
vn -0.9829 -0.1622 0.0872
vn -0.9829 -0.1621 0.0872
vn -0.0000 0.9119 -0.4105
vn 0.9829 -0.1622 0.0872
vn -0.0000 -0.8315 0.5556
vt 0.034327 0.314277
vt 0.190001 0.314304
vt 0.209096 0.203450
vt 0.015271 0.203416
vt 0.195848 0.105171
vt 0.188305 0.148213
vt 0.289524 0.148212
vt 0.281978 0.105169
vt 0.256266 0.249959
vt 0.258118 0.252426
vt 0.336130 0.252426
vt 0.338607 0.249959
vt 0.344381 0.307556
vt 0.346787 0.309822
vt 0.247340 0.307556
vt 0.244546 0.309822
vt 0.265982 0.292940
vt 0.270967 0.267005
vt 0.326599 0.292940
vt 0.322420 0.267005
vt 0.184977 0.097789
vt 0.171922 0.140319
vt 0.188305 0.166398
vt 0.289524 0.166398
vt 0.305906 0.140314
vt 0.292847 0.097785
vt 0.281978 0.092030
vt 0.195848 0.092030
s 0
usemtl emissive
f 9073/664/1825 9074/665/1825 9075/666/1825
f 9073/664/1825 9075/666/1825 9076/667/1825
f 9077/668/1826 9078/669/1826 9079/670/1826
f 9077/668/1826 9079/670/1826 9080/671/1826
f 9081/672/1827 9082/673/1827 9083/674/1827
f 9081/672/1827 9083/674/1827 9084/675/1827
f 9085/675/1828 9086/674/1828 9087/676/1828
f 9085/675/1828 9087/676/1828 9088/677/1828
f 9089/677/1829 9090/676/1829 9091/678/1829
f 9089/677/1829 9091/678/1829 9092/679/1829
f 9093/679/1830 9094/678/1830 9095/673/1830
f 9093/679/1830 9095/673/1830 9096/672/1830
f 9097/673/1831 9098/678/1831 9099/680/1831
f 9097/673/1831 9099/680/1831 9100/681/1831
f 9101/678/1831 9102/676/1831 9103/682/1831
f 9101/678/1831 9103/682/1831 9104/680/1831
f 9105/676/1831 9106/674/1831 9107/683/1831
f 9105/676/1831 9107/683/1831 9108/682/1831
f 9109/674/1831 9110/673/1831 9111/681/1831
f 9109/674/1831 9111/681/1831 9112/683/1831
s 1
f 9113/684/1832 9114/685/1832 9115/669/1832
f 9113/684/1832 9115/669/1832 9116/668/1832
s 0
f 9117/686/1833 9118/687/1833 9119/670/1833
f 9117/686/1833 9119/670/1833 9120/669/1833
s 1
f 9121/688/1834 9122/689/1834 9123/671/1834
f 9121/688/1834 9123/671/1834 9124/670/1834
s 0
f 9125/690/1835 9126/691/1835 9127/668/1835
f 9125/690/1836 9127/668/1836 9128/671/1836
f 9129/664/1837 9130/667/1837 9131/666/1837
f 9129/664/1837 9131/666/1837 9132/665/1837
f 9133/668/1838 9134/671/1838 9135/670/1838
f 9133/668/1838 9135/670/1838 9136/669/1838
f 9137/672/1839 9138/675/1839 9139/674/1839
f 9137/672/1839 9139/674/1839 9140/673/1839
f 9141/675/1840 9142/677/1840 9143/676/1840
f 9141/675/1840 9143/676/1840 9144/674/1840
f 9145/677/1841 9146/679/1841 9147/678/1841
f 9145/677/1841 9147/678/1841 9148/676/1841
f 9149/679/1842 9150/672/1842 9151/673/1842
f 9149/679/1842 9151/673/1842 9152/678/1842
s 1
f 9153/673/1843 9154/681/1843 9155/680/1843
s 0
f 9153/673/1843 9155/680/1843 9156/678/1843
f 9157/678/1843 9158/680/1843 9159/682/1843
f 9157/678/1843 9159/682/1843 9160/676/1843
f 9161/676/1843 9162/682/1843 9163/683/1843
f 9161/676/1843 9163/683/1843 9164/674/1843
f 9165/674/1843 9166/683/1843 9167/681/1843
f 9165/674/1843 9167/681/1843 9168/673/1843
s 1
f 9169/684/1844 9170/668/1844 9171/669/1845
f 9169/684/1844 9171/669/1845 9172/685/1844
s 0
f 9173/686/1846 9174/669/1846 9175/670/1846
f 9173/686/1846 9175/670/1846 9176/687/1846
s 1
f 9177/688/1847 9178/670/1847 9179/671/1847
f 9177/688/1847 9179/671/1847 9180/689/1847
s 0
f 9181/690/1848 9182/671/1848 9183/668/1848
f 9181/690/1848 9183/668/1848 9184/691/1848
o Object008_pillar_0
v -72.164711 38.805012 6.072125
v -72.164711 68.382988 6.072121
v -78.780281 38.793739 9.327501
v -72.164711 81.296104 6.072120
v -72.164711 95.863174 6.072118
v -78.780281 95.840622 9.327494
v 72.164726 69.449547 6.072121
v 72.164726 95.863174 6.072118
v 72.164726 69.449554 1.773832
v 72.164726 3.672668 6.072134
v 72.164726 49.679588 6.072128
v 72.164726 49.679588 1.773836
v -72.164711 68.382980 0.657634
v -72.164711 68.382988 6.072121
v -72.164711 38.805012 6.072125
v -72.164711 95.863174 6.072118
v -72.164711 81.296104 6.072120
v -72.164711 81.296104 0.657638
v -72.164711 38.805004 -46.699413
v -78.780281 38.793732 -49.954788
v -72.164711 68.382980 -46.699417
v -72.164711 81.296097 -46.699417
v -78.780281 95.840614 -49.954796
v -72.164711 95.863167 -46.699421
v 72.164726 69.449539 -46.699417
v 72.164726 69.449554 -42.401127
v 72.164726 95.863167 -46.699421
v 72.164726 3.672661 -46.699409
v 72.164726 49.679581 -42.401123
v 72.164726 49.679581 -46.699417
v -72.164711 68.382980 -41.284927
v -72.164711 38.805004 -46.699413
v -72.164711 68.382980 -46.699417
v -72.164711 95.863167 -46.699421
v -72.164711 81.296097 -41.284935
v -72.164711 81.296097 -46.699417
v -78.780281 3.672668 9.327506
v -78.780281 24.891293 9.327500
v -98.369347 25.091930 9.327500
v -98.369347 3.672668 9.327506
v -98.369347 3.672668 9.327506
v -98.369347 25.091930 9.327500
v -98.369362 25.091927 -20.313639
v -98.369362 3.672668 -20.313637
v -98.369362 96.643242 9.327494
v -78.780281 95.840622 9.327494
v -67.766495 119.290451 9.327494
v -82.155067 129.701538 9.589646
v -98.369362 96.095268 -20.313648
v -98.369362 96.643242 9.327494
v -82.155067 129.701538 9.589646
v -82.155075 129.153564 -20.313654
v -82.155067 129.701538 9.589646
v -67.766495 119.290451 9.327494
v -40.364922 130.797379 9.327489
v -42.313019 146.418961 9.327487
v -82.155075 129.153564 -20.313654
v -82.155067 129.701538 9.589646
v -42.313019 146.418961 9.327487
v -42.313019 145.870987 -20.313656
v -42.313019 146.418961 9.327487
v -40.364922 130.797379 9.327489
v 0.000007 130.832458 9.327486
v 0.000007 146.418945 9.327487
v 0.000007 146.418945 9.327487
v 0.000007 145.870987 -20.313656
v -42.313019 145.870987 -20.313656
v -42.313019 146.418961 9.327487
v -50.019527 3.672668 9.327508
v -50.019527 24.896915 9.327500
v -78.780281 24.891293 9.327500
v -78.780281 3.672668 9.327506
v -78.780281 95.840622 9.327494
v -72.164711 95.863174 6.072118
v -62.802074 114.427795 6.072119
v -67.766495 119.290451 9.327494
v -67.766495 119.290451 9.327494
v -62.802074 114.427795 6.072119
v -39.424606 123.744034 6.072120
v -40.364922 130.797379 9.327489
v -40.364922 130.797379 9.327489
v -39.424606 123.744034 6.072120
v 0.000007 123.744034 6.072118
v 0.000007 130.832458 9.327486
v 98.369370 3.672668 9.327506
v 98.369370 49.631088 9.327500
v 78.780312 49.640369 9.327500
v 78.780312 3.672668 9.327506
v 98.369370 49.631088 -20.313643
v 98.369370 49.631088 9.327500
v 98.369370 3.672668 9.327506
v 98.369370 3.672668 -20.313637
v 98.369370 96.643242 9.327494
v 82.155083 129.701538 9.589646
v 67.766518 119.290451 9.327494
v 78.780312 95.840622 9.327494
v 98.369370 96.643242 -20.313648
v 82.155098 129.701538 -20.313654
v 82.155083 129.701538 9.589646
v 98.369370 96.643242 9.327494
v 82.155083 129.701538 9.589646
v 42.313034 146.418961 9.327487
v 40.364944 130.797379 9.327489
v 67.766518 119.290451 9.327494
v 82.155098 129.701538 -20.313654
v 42.313034 146.418945 -20.313656
v 42.313034 146.418961 9.327487
v 82.155083 129.701538 9.589646
v 42.313034 146.418961 9.327487
v 0.000007 146.418945 9.327487
v 0.000007 130.832458 9.327486
v 40.364944 130.797379 9.327489
v 42.313034 146.418945 -20.313656
v 0.000007 145.870987 -20.313656
v 0.000007 146.418945 9.327487
v 42.313034 146.418961 9.327487
v 78.780312 49.640369 9.327500
v 72.164726 49.679588 6.072128
v 72.164726 3.672668 6.072134
v 78.780312 3.672668 9.327506
v 78.780312 95.840622 9.327494
v 67.766518 119.290451 9.327494
v 62.802090 114.427795 6.072119
v 72.164726 95.863174 6.072118
v 67.766518 119.290451 9.327494
v 40.364944 130.797379 9.327489
v 39.424629 123.744034 6.072118
v 62.802090 114.427795 6.072119
v 40.364944 130.797379 9.327489
v 0.000007 130.832458 9.327486
v 0.000007 123.744034 6.072118
v 39.424629 123.744034 6.072118
v -78.780281 95.840622 9.327494
v -98.369362 96.643242 9.327494
v -98.369347 39.195042 9.327501
v -78.780281 38.793739 9.327501
v -98.369362 96.643242 9.327494
v -98.369362 96.095268 -20.313648
v -98.369362 38.647064 -20.313641
v -98.369347 39.195042 9.327501
v -78.780281 38.793739 9.327501
v -98.369347 39.195042 9.327501
v -98.369347 25.091930 9.327500
v -78.780281 24.891293 9.327500
v -98.369347 39.195042 9.327501
v -98.369362 38.647064 -20.313641
v -98.369362 25.091927 -20.313639
v -98.369347 25.091930 9.327500
v -72.164711 38.805012 6.072125
v -78.780281 38.793739 9.327501
v -78.780281 24.891293 9.327500
v -50.019527 24.896915 9.327500
v -64.890213 81.296112 0.657638
v -64.890213 81.296104 6.072120
v -64.890213 68.382988 6.072121
v -64.890213 68.382980 0.657637
v -72.164711 81.296104 0.657638
v -72.164711 81.296104 6.072120
v -64.890213 81.296104 6.072120
v -64.890213 81.296112 0.657638
v -72.164711 81.296104 6.072120
v -72.164711 68.382988 6.072121
v -64.890213 68.382988 6.072121
v -64.890213 81.296104 6.072120
v -72.164711 81.296104 6.072120
v -72.164711 68.382988 6.072121
v -72.164711 68.382980 0.657634
v -64.890213 68.382980 0.657637
v -64.890213 68.382988 6.072121
v -72.164711 81.296104 0.657638
v -64.890213 81.296112 0.657638
v -64.890213 68.382980 0.657637
v -72.164711 68.382980 0.657634
v 98.369370 69.888809 9.327497
v 78.780312 69.870018 9.327497
v 61.237637 67.682907 4.589361
v 61.494694 67.682907 1.773832
v 61.494694 51.446239 1.773834
v 61.237637 51.446239 4.589366
v 98.369370 69.888802 -20.313646
v 98.369370 69.888809 9.327497
v 78.780312 69.870018 9.327497
v 72.164726 69.449547 6.072121
v 72.164726 49.679588 6.072128
v 78.780312 49.640369 9.327500
v 98.369370 96.643242 9.327494
v 78.780312 95.840622 9.327494
v 98.369370 96.643242 -20.313648
v 98.369370 96.643242 9.327494
v 78.780312 95.840622 9.327494
v 72.164726 95.863174 6.072118
v 72.164726 69.449547 6.072121
v 78.780312 69.870018 9.327497
v 72.164726 49.679588 1.773836
v 72.164726 49.679588 6.072128
v 61.237637 51.446239 4.589366
v 61.494694 51.446239 1.773834
v 72.164726 49.679588 6.072128
v 72.164726 69.449547 6.072121
v 61.237637 67.682907 4.589361
v 61.237637 51.446239 4.589366
v 72.164726 69.449547 6.072121
v 72.164726 69.449554 1.773832
v 61.494694 67.682907 1.773832
v 61.237637 67.682907 4.589361
v 72.164726 69.449554 1.773832
v 72.164726 49.679588 1.773836
v 61.494694 51.446239 1.773834
v 61.494694 67.682907 1.773832
v -50.019527 24.896915 9.327500
v -50.019527 3.672668 9.327508
v -50.019527 3.672668 -0.918942
v -50.019527 24.896915 -0.918945
v -72.164711 38.805012 -1.047661
v -72.164711 68.382980 -1.261747
v -72.164711 38.805012 6.072125
v -50.019527 24.896915 9.327500
v -50.019527 24.896915 -0.918945
v -72.164711 38.805012 -1.047661
v -72.164711 81.296104 -1.265311
v -72.164711 81.296104 -1.265311
v -72.164711 68.382980 -1.261747
v -83.002449 66.233398 -5.127222
v -83.002449 80.496513 -5.127223
v -72.164711 68.382980 -1.261747
v -72.164711 38.805012 -1.047661
v -82.998055 36.652668 -4.913116
v -83.002449 66.233398 -5.127222
v -72.164711 38.805012 -1.047661
v -50.019527 24.896915 -0.918945
v -60.852875 22.752190 -4.784421
v -82.998055 36.652668 -4.913116
v -50.019527 24.896915 -0.918945
v -50.019527 3.672668 -0.918942
v -60.857258 3.297348 -4.784417
v -60.852875 22.752190 -4.784421
v -62.802074 114.427795 6.072119
v -72.164711 95.863174 6.072118
v -72.164711 95.863174 -1.260029
v -62.802074 114.427795 -1.260032
v -39.424606 123.744034 6.072120
v -62.802074 114.427795 6.072119
v -62.802074 114.427795 -1.260032
v -39.424606 123.744034 -1.260033
v 0.000007 123.744034 6.072118
v -39.424606 123.744034 6.072120
v -39.424606 123.744034 -1.260033
v 0.000007 123.744026 -1.260033
v 72.164726 3.672668 -1.260017
v 72.164726 49.679588 -1.266398
v 72.164726 95.863174 6.072118
v 62.802090 114.427795 6.072119
v 62.802090 114.427795 -1.260032
v 72.164726 95.863174 -1.260029
v 62.802090 114.427795 6.072119
v 39.424629 123.744034 6.072118
v 39.424629 123.744034 -1.260033
v 62.802090 114.427795 -1.260032
v 39.424629 123.744034 6.072118
v 0.000007 123.744034 6.072118
v 0.000007 123.744026 -1.260033
v 39.424629 123.744034 -1.260033
v -72.164711 95.863174 -1.260029
v 72.164726 69.449554 -1.266401
v 72.164726 95.863174 -1.260029
v 72.164726 3.672668 -1.260017
v 72.164726 49.679588 -1.266398
v 84.425476 49.679443 -5.131874
v 84.425476 5.439308 -5.125738
v 72.164726 49.679588 -1.266398
v 72.164726 69.449554 -1.266401
v 84.425476 69.449806 -5.131877
v 84.425476 49.679443 -5.131874
v 72.164726 69.449554 -1.266401
v 72.164726 95.863174 -1.260029
v 84.425476 98.780510 -5.125505
v 84.425476 69.449806 -5.131877
v 72.164726 95.863174 -1.260029
v 62.802090 114.427795 -1.260032
v 71.657204 124.097397 -5.125509
v 84.425476 98.780510 -5.125505
v 62.802090 114.427795 -1.260032
v 39.424629 123.744034 -1.260033
v 41.777683 136.004791 -5.125511
v 71.657204 124.097397 -5.125509
v 39.424629 123.744034 -1.260033
v 0.000007 123.744026 -1.260033
v 0.000007 136.004776 -5.125511
v 41.777683 136.004791 -5.125511
v 0.000007 123.744026 -1.260033
v -39.424606 123.744034 -1.260033
v -41.777660 136.004791 -5.125512
v 0.000007 136.004776 -5.125511
v -39.424606 123.744034 -1.260033
v -62.802074 114.427795 -1.260032
v -71.656631 124.097610 -5.125509
v -41.777660 136.004791 -5.125512
v -62.802074 114.427795 -1.260032
v -72.164711 95.863174 -1.260029
v -82.316521 102.961624 -5.125506
v -71.656631 124.097610 -5.125509
v -72.164711 95.863174 -1.260029
v -72.164711 81.296104 -1.265311
v -83.002449 80.496513 -5.127223
v -82.316521 102.961624 -5.125506
v -78.780281 3.672661 -49.954781
v -98.369347 3.672661 -49.954781
v -98.369347 25.091923 -49.954784
v -78.780281 24.891285 -49.954784
v -98.369347 3.672661 -49.954781
v -98.369362 3.672668 -20.313637
v -98.369362 25.091927 -20.313639
v -98.369347 25.091923 -49.954784
v -98.369362 96.643234 -49.954796
v -82.155067 129.701538 -50.216949
v -67.766495 119.290443 -49.954796
v -78.780281 95.840614 -49.954796
v -98.369362 96.095268 -20.313648
v -82.155075 129.153564 -20.313654
v -82.155067 129.701538 -50.216949
v -98.369362 96.643234 -49.954796
v -82.155067 129.701538 -50.216949
v -42.313019 146.418961 -49.954800
v -40.364922 130.797379 -49.954800
v -67.766495 119.290443 -49.954796
v -82.155075 129.153564 -20.313654
v -42.313019 145.870987 -20.313656
v -42.313019 146.418961 -49.954800
v -82.155067 129.701538 -50.216949
v -42.313019 146.418961 -49.954800
v 0.000007 146.418945 -49.954800
v 0.000007 130.832458 -49.954800
v -40.364922 130.797379 -49.954800
v 0.000007 146.418945 -49.954800
v -42.313019 146.418961 -49.954800
v -42.313019 145.870987 -20.313656
v 0.000007 145.870987 -20.313656
v -50.019527 3.672661 -49.954781
v -50.019527 24.896908 -49.954784
v -78.780281 95.840614 -49.954796
v -67.766495 119.290443 -49.954796
v -62.802074 114.427780 -46.699425
v -72.164711 95.863167 -46.699421
v -67.766495 119.290443 -49.954796
v -40.364922 130.797379 -49.954800
v -39.424606 123.744019 -46.699429
v -62.802074 114.427780 -46.699425
v -40.364922 130.797379 -49.954800
v 0.000007 130.832458 -49.954800
v 0.000007 123.744019 -46.699429
v -39.424606 123.744019 -46.699429
v 98.369370 3.672661 -49.954781
v 78.780312 3.672661 -49.954781
v 78.780312 49.640358 -49.954788
v 98.369370 49.631081 -49.954788
v 98.369370 3.672661 -49.954781
v 98.369370 49.631081 -49.954788
v 98.369370 96.643234 -49.954796
v 78.780312 95.840614 -49.954796
v 67.766518 119.290443 -49.954796
v 82.155083 129.701538 -50.216949
v 98.369370 96.643242 -20.313648
v 98.369370 96.643234 -49.954796
v 82.155083 129.701538 -50.216949
v 82.155098 129.701538 -20.313654
v 82.155083 129.701538 -50.216949
v 67.766518 119.290443 -49.954796
v 40.364944 130.797379 -49.954800
v 42.313034 146.418961 -49.954800
v 82.155098 129.701538 -20.313654
v 82.155083 129.701538 -50.216949
v 42.313034 146.418961 -49.954800
v 42.313034 146.418945 -20.313656
v 42.313034 146.418961 -49.954800
v 40.364944 130.797379 -49.954800
v 42.313034 146.418945 -20.313656
v 42.313034 146.418961 -49.954800
v 0.000007 146.418945 -49.954800
v 0.000007 145.870987 -20.313656
v 78.780312 49.640358 -49.954788
v 78.780312 3.672661 -49.954781
v 72.164726 3.672661 -46.699409
v 72.164726 49.679581 -46.699417
v 78.780312 95.840614 -49.954796
v 72.164726 95.863167 -46.699421
v 62.802090 114.427780 -46.699425
v 67.766518 119.290443 -49.954796
v 67.766518 119.290443 -49.954796
v 62.802090 114.427780 -46.699425
v 39.424629 123.744019 -46.699429
v 40.364944 130.797379 -49.954800
v 40.364944 130.797379 -49.954800
v 39.424629 123.744019 -46.699429
v 0.000007 123.744019 -46.699429
v 0.000007 130.832458 -49.954800
v -78.780281 95.840614 -49.954796
v -78.780281 38.793732 -49.954788
v -98.369347 39.195034 -49.954788
v -98.369362 96.643234 -49.954796
v -98.369362 96.643234 -49.954796
v -98.369347 39.195034 -49.954788
v -98.369362 38.647064 -20.313641
v -98.369362 96.095268 -20.313648
v -98.369347 39.195034 -49.954788
v -98.369347 25.091923 -49.954784
v -98.369362 25.091927 -20.313639
v -98.369362 38.647064 -20.313641
v -72.164711 38.805004 -46.699413
v -50.019527 24.896908 -49.954784
v -78.780281 24.891285 -49.954784
v -78.780281 38.793732 -49.954788
v -64.890213 81.296104 -41.284935
v -64.890213 68.382980 -41.284931
v -64.890213 68.382980 -46.699417
v -64.890213 81.296097 -46.699417
v -72.164711 81.296097 -41.284935
v -64.890213 81.296104 -41.284935
v -64.890213 81.296097 -46.699417
v -72.164711 81.296097 -46.699417
v -72.164711 81.296097 -46.699417
v -64.890213 81.296097 -46.699417
v -64.890213 68.382980 -46.699417
v -72.164711 68.382980 -46.699417
v -72.164711 68.382980 -46.699417
v -78.780281 38.793732 -49.954788
v -78.780281 95.840614 -49.954796
v -72.164711 81.296097 -46.699417
v -72.164711 68.382980 -46.699417
v -64.890213 68.382980 -46.699417
v -64.890213 68.382980 -41.284931
v -72.164711 68.382980 -41.284927
v -72.164711 81.296097 -41.284935
v -72.164711 68.382980 -41.284927
v -64.890213 68.382980 -41.284931
v -64.890213 81.296104 -41.284935
v 78.780312 69.870010 -49.954792
v 98.369370 69.888802 -49.954792
v 61.237637 67.682899 -45.216652
v 61.237637 51.446236 -45.216656
v 61.494694 51.446236 -42.401123
v 61.494694 67.682899 -42.401127
v 98.369370 69.888802 -49.954792
v 78.780312 69.870010 -49.954792
v 78.780312 49.640358 -49.954788
v 72.164726 49.679581 -46.699417
v 72.164726 69.449539 -46.699417
v 78.780312 95.840614 -49.954796
v 98.369370 96.643234 -49.954796
v 98.369370 96.643234 -49.954796
v 78.780312 95.840614 -49.954796
v 78.780312 69.870010 -49.954792
v 72.164726 69.449539 -46.699417
v 72.164726 95.863167 -46.699421
v 72.164726 49.679581 -42.401123
v 61.494694 51.446236 -42.401123
v 61.237637 51.446236 -45.216656
v 72.164726 49.679581 -46.699417
v 72.164726 49.679581 -46.699417
v 61.237637 51.446236 -45.216656
v 61.237637 67.682899 -45.216652
v 72.164726 69.449539 -46.699417
v 72.164726 69.449539 -46.699417
v 61.237637 67.682899 -45.216652
v 61.494694 67.682899 -42.401127
v 72.164726 69.449554 -42.401127
v 72.164726 69.449554 -42.401127
v 61.494694 67.682899 -42.401127
v 61.494694 51.446236 -42.401123
v 72.164726 49.679581 -42.401123
v -50.019527 24.896908 -49.954784
v -50.019527 24.896912 -39.708336
v -50.019527 3.672661 -39.708332
v -50.019527 3.672661 -49.954781
v -72.164711 68.382980 -39.365547
v -72.164711 38.805008 -39.579624
v -72.164711 38.805004 -46.699413
v -72.164711 38.805008 -39.579624
v -50.019527 24.896912 -39.708336
v -50.019527 24.896908 -49.954784
v -72.164711 81.296097 -39.361984
v -72.164711 81.296097 -39.361984
v -83.002449 80.496513 -35.500072
v -83.002449 66.233391 -35.500069
v -72.164711 68.382980 -39.365547
v -72.164711 68.382980 -39.365547
v -83.002449 66.233391 -35.500069
v -82.998055 36.652664 -35.714169
v -72.164711 38.805008 -39.579624
v -72.164711 38.805008 -39.579624
v -82.998055 36.652664 -35.714169
v -60.852875 22.752186 -35.842857
v -50.019527 24.896912 -39.708336
v -50.019527 24.896912 -39.708336
v -60.852875 22.752186 -35.842857
v -60.857258 3.297340 -35.842854
v -50.019527 3.672661 -39.708332
v -62.802074 114.427780 -46.699425
v -62.802074 114.427788 -39.367271
v -72.164711 95.863167 -39.367271
v -72.164711 95.863167 -46.699421
v -39.424606 123.744019 -46.699429
v -39.424606 123.744019 -39.367275
v -62.802074 114.427788 -39.367271
v -62.802074 114.427780 -46.699425
v 0.000007 123.744019 -46.699429
v 0.000007 123.744019 -39.367275
v -39.424606 123.744019 -39.367275
v -39.424606 123.744019 -46.699429
v 72.164726 3.672661 -39.367256
v 72.164726 49.679581 -39.360889
v 72.164726 95.863167 -46.699421
v 72.164726 95.863167 -39.367271
v 62.802090 114.427788 -39.367271
v 62.802090 114.427780 -46.699425
v 62.802090 114.427780 -46.699425
v 62.802090 114.427788 -39.367271
v 39.424629 123.744019 -39.367275
v 39.424629 123.744019 -46.699429
v 39.424629 123.744019 -46.699429
v 39.424629 123.744019 -39.367275
v -72.164711 95.863167 -39.367271
v 72.164726 69.449554 -39.360893
v 72.164726 95.863167 -39.367271
v 72.164726 3.672661 -39.367256
v 84.425476 5.439301 -35.501537
v 84.425476 49.679440 -35.495415
v 72.164726 49.679581 -39.360889
v 72.164726 49.679581 -39.360889
v 84.425476 49.679440 -35.495415
v 84.425476 69.449799 -35.495419
v 72.164726 69.449554 -39.360893
v 72.164726 69.449554 -39.360893
v 84.425476 69.449799 -35.495419
v 84.425476 98.780502 -35.501797
v 72.164726 95.863167 -39.367271
v 72.164726 95.863167 -39.367271
v 84.425476 98.780502 -35.501797
v 71.657204 124.097382 -35.501801
v 62.802090 114.427788 -39.367271
v 62.802090 114.427788 -39.367271
v 71.657204 124.097382 -35.501801
v 41.777683 136.004791 -35.501801
v 39.424629 123.744019 -39.367275
v 39.424629 123.744019 -39.367275
v 41.777683 136.004791 -35.501801
v 0.000007 136.004776 -35.501801
v 0.000007 123.744019 -39.367275
v 0.000007 123.744019 -39.367275
v 0.000007 136.004776 -35.501801
v -41.777660 136.004791 -35.501797
v -39.424606 123.744019 -39.367275
v -39.424606 123.744019 -39.367275
v -41.777660 136.004791 -35.501797
v -71.656631 124.097610 -35.501801
v -62.802074 114.427788 -39.367271
v -62.802074 114.427788 -39.367271
v -71.656631 124.097610 -35.501801
v -82.316521 102.961617 -35.501797
v -72.164711 95.863167 -39.367271
v -72.164711 95.863167 -39.367271
v -82.316521 102.961617 -35.501797
v -83.002449 80.496513 -35.500072
v -72.164711 81.296097 -39.361984
vn 0.4415 -0.0000 0.8973
vn -1.0000 -0.0000 -0.0000
vn 1.0000 -0.0000 -0.0000
vn 0.4415 -0.0000 -0.8973
vn -0.0000 -0.0000 1.0000
vn 0.0053 -0.0072 1.0000
vn -0.8978 0.4404 -0.0081
vn -0.8978 0.4403 -0.0081
vn 0.0064 -0.0060 1.0000
vn -0.3870 0.9219 -0.0169
vn -0.3869 0.9220 -0.0170
vn -0.0000 0.9998 -0.0185
vn 0.4148 -0.2012 0.8874
vn 0.1672 -0.4077 0.8977
vn 0.1672 -0.4076 0.8977
vn 0.0002 -0.4183 0.9083
vn 0.0002 -0.4182 0.9084
vn 0.0002 -0.4182 0.9083
vn -0.0053 -0.0072 1.0000
vn 0.8978 0.4404 -0.0000
vn -0.0064 -0.0060 1.0000
vn 0.3869 0.9221 -0.0000
vn -0.0064 0.9999 -0.0092
vn -0.0065 0.9999 -0.0093
vn -0.4415 -0.0000 0.8973
vn -0.4148 -0.2012 0.8874
vn -0.1672 -0.4077 0.8977
vn -0.1672 -0.4076 0.8977
vn -0.0002 -0.4183 0.9083
vn -0.0002 -0.4182 0.9083
vn -0.0002 -0.4181 0.9084
vn -0.0002 -0.4182 0.9084
vn 0.0900 0.1861 0.9784
vn 0.0900 0.1862 0.9784
vn 0.0899 0.1862 0.9784
vn -0.0000 1.0000 -0.0000
vn -0.0000 -1.0000 -0.0000
vn -0.0000 -0.0000 -1.0000
vn -0.9959 -0.0000 -0.0909
vn -0.1610 -0.9869 -0.0057
vn -0.1611 -0.9869 -0.0058
vn -0.1345 -0.0000 0.9909
vn -0.1611 0.9869 -0.0058
vn 0.5318 0.8468 -0.0000
vn 0.3360 -0.0003 -0.9419
vn 0.3358 -0.0001 -0.9419
vn 0.3359 -0.0002 -0.9419
vn 0.3373 -0.0068 -0.9414
vn 0.3371 -0.0068 -0.9414
vn 0.2434 0.3793 -0.8927
vn 0.2432 0.3792 -0.8928
vn 0.2435 0.3793 -0.8927
vn 0.3359 -0.0000 -0.9419
vn 0.3361 -0.0001 -0.9418
vn 0.8929 -0.4503 -0.0000
vn 0.3702 -0.9290 -0.0000
vn -0.8929 -0.4503 -0.0000
vn -0.3702 -0.9290 -0.0000
vn -0.3007 -0.0001 -0.9537
vn -0.3007 -0.0000 -0.9537
vn -0.3007 0.0002 -0.9537
vn -0.2685 -0.1354 -0.9537
vn -0.1113 -0.2793 -0.9537
vn -0.0000 -0.3007 -0.9537
vn 0.1113 -0.2793 -0.9537
vn 0.2685 -0.1354 -0.9537
vn 0.3438 -0.0062 -0.9390
vn 0.3439 -0.0062 -0.9390
vn 0.0053 -0.0072 -1.0000
vn -0.8978 0.4403 0.0081
vn -0.8978 0.4404 0.0081
vn 0.0064 -0.0060 -1.0000
vn -0.3869 0.9220 0.0170
vn -0.3870 0.9219 0.0169
vn -0.0000 0.9998 0.0185
vn 0.4148 -0.2012 -0.8874
vn 0.1672 -0.4077 -0.8977
vn 0.1672 -0.4076 -0.8977
vn 0.0002 -0.4183 -0.9083
vn 0.0002 -0.4182 -0.9084
vn -0.0053 -0.0072 -1.0000
vn -0.0064 -0.0060 -1.0000
vn -0.0064 0.9999 0.0092
vn -0.0065 0.9999 0.0093
vn -0.4415 -0.0000 -0.8973
vn -0.4148 -0.2012 -0.8874
vn -0.1672 -0.4077 -0.8977
vn -0.1672 -0.4076 -0.8977
vn -0.0002 -0.4181 -0.9084
vn -0.0002 -0.4183 -0.9083
vn 0.0900 0.1861 -0.9784
vn 0.0899 0.1862 -0.9784
vn 0.0899 0.1861 -0.9784
vn -0.9959 -0.0000 0.0909
vn -0.1611 -0.9869 0.0058
vn -0.1345 -0.0000 -0.9909
vn -0.1611 0.9869 0.0058
vn 0.5319 0.8468 -0.0000
vn 0.3359 -0.0002 0.9419
vn 0.3360 -0.0003 0.9419
vn 0.3358 -0.0001 0.9419
vn 0.3371 -0.0068 0.9414
vn 0.3373 -0.0068 0.9414
vn 0.2432 0.3792 0.8928
vn 0.2434 0.3793 0.8927
vn 0.3361 -0.0001 0.9418
vn 0.3359 -0.0000 0.9419
vn -0.3007 -0.0001 0.9537
vn -0.3007 -0.0000 0.9537
vn -0.3007 0.0002 0.9537
vn -0.2685 -0.1354 0.9537
vn -0.1113 -0.2793 0.9537
vn -0.0000 -0.3007 0.9537
vn 0.1113 -0.2793 0.9537
vn 0.2685 -0.1354 0.9537
vn 0.3438 -0.0062 0.9390
vn 0.3439 -0.0062 0.9390
vt 0.392338 0.404299
vt 0.295823 0.404299
vt 0.392338 0.382757
vt 0.254445 0.404299
vt 0.207854 0.404299
vt 0.207854 0.382757
vt 0.027985 0.869366
vt 0.027985 0.822525
vt 0.018300 0.869366
vt 0.026394 0.986069
vt 0.026394 0.904475
vt 0.018300 0.904475
vt 0.016762 0.470901
vt 0.031727 0.470901
vt 0.031727 0.418443
vt 0.027985 0.519653
vt 0.027985 0.493812
vt 0.016762 0.493812
vt 0.507111 0.382757
vt 0.438300 0.382757
vt 0.438300 0.319399
vt 0.507111 0.319399
vt 0.182636 0.080322
vt 0.222869 0.080322
vt 0.222869 0.013896
vt 0.182636 0.013896
vt 0.207854 0.319399
vt 0.130927 0.410292
vt 0.098403 0.363046
vt 0.356749 0.013896
vt 0.356749 0.080322
vt 0.425909 0.080322
vt 0.425909 0.013896
vt 0.091740 0.498528
vt 0.041380 0.491391
vt 0.507068 0.080322
vt 0.507068 0.013896
vt 0.090213 0.629235
vt 0.039810 0.628957
vt 0.586548 0.080322
vt 0.586548 0.013896
vt 0.507111 0.477886
vt 0.438300 0.477886
vt 0.148492 0.428886
vt 0.117540 0.502638
vt 0.116316 0.629387
vt 0.502125 0.954081
vt 0.353358 0.954081
vt 0.353359 0.890727
vt 0.502125 0.890727
vt 0.904660 0.013896
vt 0.904660 0.080322
vt 0.990987 0.080322
vt 0.990987 0.013896
vt 0.203084 0.954081
vt 0.094077 0.895311
vt 0.128266 0.849112
vt 0.203084 0.890727
vt 0.816353 0.013896
vt 0.747190 0.013896
vt 0.747190 0.080322
vt 0.816353 0.080322
vt 0.040169 0.766298
vt 0.090699 0.760003
vt 0.666030 0.013896
vt 0.666030 0.080322
vt 0.353359 0.865948
vt 0.502125 0.865948
vt 0.146537 0.831012
vt 0.203084 0.865948
vt 0.116621 0.756308
vt 0.392338 0.319399
vt 0.248844 0.013896
vt 0.248844 0.080322
vt 0.341861 0.721964
vt 0.310244 0.721964
vt 0.310244 0.785251
vt 0.341861 0.785251
vt 0.341861 0.686313
vt 0.310244 0.686313
vt 0.274592 0.721964
vt 0.274592 0.785251
vt 0.310244 0.820902
vt 0.341861 0.820902
vt 0.377512 0.721964
vt 0.377512 0.785251
vt 0.288366 0.954081
vt 0.288367 0.890727
vt 0.431990 0.563957
vt 0.417613 0.563955
vt 0.417612 0.633339
vt 0.431989 0.633340
vt 0.866608 0.013896
vt 0.866608 0.080322
vt 0.288367 0.865948
vt 0.412374 0.693306
vt 0.437687 0.693306
vt 0.479290 0.640890
vt 0.479290 0.556407
vt 0.437705 0.503989
vt 0.412391 0.503989
vt 0.372016 0.556406
vt 0.372016 0.640888
vt 0.031727 0.372061
vt 0.031727 0.334417
vt 0.012483 0.334417
vt 0.012483 0.372061
vt 0.012483 0.418443
vt 0.012483 0.470901
vt 0.012483 0.493812
vt 0.336069 0.838732
vt 0.321289 0.838732
vt 0.319595 0.852503
vt 0.336566 0.852503
vt 0.285466 0.838732
vt 0.284081 0.852503
vt 0.263975 0.821238
vt 0.262904 0.835408
vt 0.239233 0.821238
vt 0.239233 0.835408
vt 0.027985 0.556530
vt 0.012483 0.519653
vt 0.012483 0.556530
vt 0.027985 0.601165
vt 0.012483 0.601165
vt 0.027985 0.671090
vt 0.012483 0.671090
vt 0.012483 0.986069
vt 0.012483 0.904475
vt 0.027985 0.785649
vt 0.012483 0.785649
vt 0.012483 0.822525
vt 0.027985 0.741015
vt 0.012483 0.741015
vt 0.012483 0.869366
vt 0.244111 0.654030
vt 0.299904 0.654030
vt 0.299904 0.638589
vt 0.246204 0.638589
vt 0.323432 0.654030
vt 0.323432 0.638589
vt 0.354050 0.654030
vt 0.359157 0.638589
vt 0.375376 0.672067
vt 0.388215 0.661496
vt 0.385495 0.700385
vt 0.401173 0.697657
vt 0.385495 0.747583
vt 0.401173 0.747638
vt 0.385495 0.794780
vt 0.401173 0.797621
vt 0.374839 0.823019
vt 0.387599 0.833686
vt 0.353417 0.838732
vt 0.363227 0.852503
s 0
usemtl pillar
f 9185/692/1849 9186/693/1849 9187/694/1849
f 9188/695/1849 9189/696/1849 9190/697/1849
f 9191/698/1850 9192/699/1850 9193/700/1850
f 9194/701/1850 9195/702/1850 9196/703/1850
f 9197/704/1851 9198/705/1851 9199/706/1851
f 9200/707/1851 9201/708/1851 9202/709/1851
f 9203/692/1852 9204/694/1852 9205/693/1852
f 9206/695/1852 9207/697/1852 9208/696/1852
f 9209/698/1850 9210/700/1850 9211/699/1850
f 9212/701/1850 9213/703/1850 9214/702/1850
f 9215/704/1851 9216/706/1851 9217/705/1851
f 9218/707/1851 9219/709/1851 9220/708/1851
f 9221/710/1853 9222/711/1853 9223/712/1853
f 9221/710/1853 9223/712/1853 9224/713/1853
f 9225/714/1850 9226/715/1850 9227/716/1850
f 9225/714/1850 9227/716/1850 9228/717/1850
s 1
f 9229/718/1854 9230/697/1854 9231/719/1854
f 9229/718/1854 9231/719/1854 9232/720/1854
s 0
f 9233/721/1855 9234/722/1855 9235/723/1855
f 9233/721/1856 9235/723/1856 9236/724/1856
s 1
f 9237/720/1857 9238/719/1857 9239/725/1857
f 9237/720/1857 9239/725/1857 9240/726/1857
s 0
f 9241/724/1858 9242/723/1858 9243/727/1858
f 9241/724/1859 9243/727/1859 9244/728/1859
f 9245/726/1853 9246/725/1853 9247/729/1853
f 9245/726/1853 9247/729/1853 9248/730/1853
f 9249/731/1860 9250/732/1860 9251/728/1860
f 9249/731/1860 9251/728/1860 9252/727/1860
f 9253/733/1853 9254/734/1853 9255/711/1853
f 9253/733/1853 9255/711/1853 9256/710/1853
s 1
f 9257/697/1861 9258/696/1861 9259/735/1861
f 9257/697/1861 9259/735/1861 9260/719/1861
f 9261/719/1862 9262/735/1862 9263/736/1862
f 9261/719/1862 9263/736/1862 9264/725/1863
f 9265/725/1864 9266/736/1865 9267/737/1864
f 9265/725/1864 9267/737/1864 9268/729/1866
s 0
f 9269/738/1853 9270/739/1853 9271/740/1853
f 9269/738/1853 9271/740/1853 9272/741/1853
f 9273/742/1851 9274/743/1851 9275/744/1851
f 9273/742/1851 9275/744/1851 9276/745/1851
s 1
f 9277/746/1867 9278/747/1867 9279/748/1867
f 9277/746/1867 9279/748/1867 9280/749/1867
s 0
f 9281/750/1868 9282/751/1868 9283/752/1868
f 9281/750/1868 9283/752/1868 9284/753/1868
s 1
f 9285/747/1869 9286/754/1869 9287/755/1869
f 9285/747/1869 9287/755/1869 9288/748/1869
s 0
f 9289/751/1870 9290/756/1870 9291/757/1870
f 9289/751/1870 9291/757/1870 9292/752/1870
f 9293/754/1853 9294/730/1853 9295/729/1853
f 9293/754/1853 9295/729/1853 9296/755/1853
s 1
f 9297/756/1871 9298/732/1872 9299/731/1872
f 9297/756/1871 9299/731/1872 9300/757/1872
s 0
f 9301/740/1873 9302/758/1873 9303/759/1873
f 9301/740/1873 9303/759/1873 9304/741/1873
s 1
f 9305/749/1874 9306/748/1874 9307/760/1874
f 9305/749/1874 9307/760/1874 9308/761/1874
f 9309/748/1875 9310/755/1876 9311/762/1875
f 9309/748/1875 9311/762/1875 9312/760/1875
f 9313/755/1877 9314/729/1878 9315/737/1879
f 9313/755/1877 9315/737/1879 9316/762/1880
s 0
f 9317/697/1853 9318/718/1853 9319/763/1853
f 9317/697/1853 9319/763/1853 9320/694/1853
f 9321/722/1850 9322/721/1850 9323/764/1850
f 9321/722/1850 9323/764/1850 9324/765/1850
f 9325/694/1853 9326/763/1853 9327/712/1853
f 9325/694/1853 9327/712/1853 9328/711/1853
f 9329/765/1850 9330/764/1850 9331/716/1850
f 9329/765/1850 9331/716/1850 9332/715/1850
s 1
f 9333/692/1881 9334/694/1882 9335/711/1881
f 9333/692/1881 9335/711/1881 9336/734/1883
s 0
f 9337/766/1851 9338/767/1851 9339/768/1851
f 9337/766/1851 9339/768/1851 9340/769/1851
f 9341/770/1884 9342/771/1884 9343/767/1884
f 9341/770/1884 9343/767/1884 9344/766/1884
f 9345/772/1853 9346/773/1853 9347/768/1853
f 9345/772/1853 9347/768/1853 9348/767/1853
s 1
f 9186/693/1849 9349/695/1849 9190/697/1849
s 0
f 9186/693/1849 9190/697/1849 9187/694/1849
f 9350/774/1885 9351/775/1885 9352/769/1885
f 9350/774/1885 9352/769/1885 9353/768/1885
f 9354/776/1886 9355/766/1886 9356/769/1886
f 9354/776/1886 9356/769/1886 9357/777/1886
f 9270/739/1853 9358/778/1853 9359/779/1853
f 9270/739/1853 9359/779/1853 9271/740/1853
f 9360/780/1887 9361/781/1887 9362/782/1887
f 9360/780/1887 9362/782/1887 9363/783/1887
f 9364/784/1851 9365/785/1851 9274/743/1851
f 9364/784/1851 9274/743/1851 9273/742/1851
f 9366/779/1873 9367/786/1873 9368/758/1873
f 9366/779/1873 9368/758/1873 9369/740/1873
f 9358/778/1853 9370/746/1853 9371/749/1853
f 9358/778/1853 9371/749/1853 9359/779/1853
f 9372/750/1851 9373/753/1851 9365/785/1851
f 9372/750/1851 9365/785/1851 9364/784/1851
f 9374/749/1873 9375/761/1873 9376/786/1873
f 9374/749/1873 9376/786/1873 9377/779/1873
s 1
f 9378/787/1888 9379/788/1889 9380/783/1889
f 9378/787/1888 9380/783/1889 9381/782/1889
s 0
f 9382/789/1890 9383/790/1890 9384/780/1890
f 9382/789/1890 9384/780/1890 9385/783/1890
s 1
f 9386/791/1891 9387/792/1891 9388/781/1891
f 9386/791/1891 9388/781/1891 9389/780/1891
s 0
f 9390/793/1886 9391/794/1886 9392/782/1886
f 9390/793/1886 9392/782/1886 9393/781/1886
f 9394/795/1851 9395/796/1851 9396/797/1851
f 9394/795/1851 9396/797/1851 9397/798/1851
f 9199/706/1851 9398/799/1851 9399/800/1851
f 9199/706/1851 9399/800/1851 9197/704/1851
f 9400/706/1892 9401/795/1892 9402/798/1892
f 9400/706/1892 9402/798/1892 9403/799/1892
f 9202/709/1851 9197/704/1851 9399/800/1851
f 9202/709/1851 9399/800/1851 9404/801/1851
f 9405/802/1893 9406/803/1894 9407/804/1894
s 1
f 9405/802/1895 9407/804/1893 9408/805/1895
s 0
f 9409/803/1896 9410/806/1896 9411/807/1896
f 9409/803/1897 9411/807/1897 9412/804/1897
f 9413/806/1898 9414/808/1898 9415/809/1899
f 9413/806/1899 9415/809/1900 9416/807/1899
f 9417/808/1901 9418/810/1901 9419/811/1901
f 9417/808/1902 9419/811/1902 9420/809/1902
f 9421/812/1903 9422/707/1903 9423/813/1903
f 9421/812/1903 9423/813/1903 9424/814/1903
f 9425/815/1904 9426/812/1904 9427/814/1904
f 9425/815/1904 9427/814/1904 9428/816/1904
f 9429/817/1885 9430/815/1885 9431/816/1885
f 9429/817/1885 9431/816/1885 9432/818/1885
f 9433/819/1850 9194/701/1850 9196/703/1850
f 9433/819/1850 9196/703/1850 9434/820/1850
f 9435/699/1905 9436/821/1905 9437/822/1905
f 9435/699/1905 9437/822/1905 9438/823/1905
f 9439/821/1906 9440/824/1906 9441/825/1906
f 9439/821/1906 9441/825/1906 9442/822/1906
f 9443/824/1885 9444/817/1885 9445/818/1885
f 9443/824/1885 9445/818/1885 9446/825/1885
f 9447/813/1851 9200/707/1851 9202/709/1851
f 9447/813/1851 9202/709/1851 9404/801/1851
f 9196/703/1850 9193/700/1850 9448/826/1850
f 9196/703/1850 9448/826/1850 9434/820/1850
f 9193/700/1850 9192/699/1850 9449/823/1850
f 9193/700/1850 9449/823/1850 9448/826/1850
f 9450/827/1907 9451/828/1907 9452/829/1907
f 9450/827/1907 9452/829/1907 9453/830/1907
f 9454/828/1908 9455/831/1908 9456/832/1908
f 9454/828/1908 9456/832/1908 9457/829/1908
f 9458/831/1909 9459/833/1909 9460/834/1909
f 9458/831/1909 9460/834/1909 9461/832/1909
f 9462/833/1910 9463/835/1910 9464/836/1910
f 9462/833/1910 9464/836/1910 9465/834/1910
f 9466/835/1911 9467/837/1911 9468/838/1911
f 9466/835/1911 9468/838/1911 9469/836/1911
f 9470/837/1912 9471/839/1912 9472/840/1912
f 9470/837/1912 9472/840/1912 9473/838/1912
f 9474/839/1912 9475/841/1912 9476/842/1912
f 9474/839/1912 9476/842/1912 9477/840/1912
f 9478/841/1913 9479/843/1913 9480/844/1913
f 9478/841/1913 9480/844/1913 9481/842/1913
f 9482/843/1914 9483/845/1914 9484/846/1914
f 9482/843/1914 9484/846/1914 9485/844/1914
s 1
f 9486/845/1915 9487/802/1915 9488/805/1915
f 9486/845/1915 9488/805/1915 9489/846/1916
s 0
f 9490/710/1886 9491/713/1886 9492/712/1886
f 9490/710/1886 9492/712/1886 9493/711/1886
f 9494/714/1850 9495/717/1850 9496/716/1850
f 9494/714/1850 9496/716/1850 9497/715/1850
s 1
f 9498/718/1917 9499/720/1917 9500/719/1917
f 9498/718/1917 9500/719/1917 9501/697/1917
s 0
f 9502/721/1918 9503/724/1918 9504/723/1918
f 9502/721/1919 9504/723/1919 9505/722/1919
s 1
f 9506/720/1920 9507/726/1920 9508/725/1920
f 9506/720/1920 9508/725/1920 9509/719/1920
s 0
f 9510/724/1921 9511/728/1921 9512/727/1921
f 9510/724/1922 9512/727/1922 9513/723/1922
f 9514/726/1886 9515/730/1886 9516/729/1886
f 9514/726/1886 9516/729/1886 9517/725/1886
f 9518/731/1923 9519/727/1923 9520/728/1923
f 9518/731/1923 9520/728/1923 9521/732/1923
f 9522/733/1886 9490/710/1886 9493/711/1886
f 9522/733/1886 9493/711/1886 9523/734/1886
s 1
f 9524/697/1924 9525/719/1924 9526/735/1924
f 9524/697/1924 9526/735/1924 9527/696/1924
f 9528/719/1925 9529/725/1926 9530/736/1925
f 9528/719/1925 9530/736/1925 9531/735/1925
f 9532/725/1927 9533/729/1928 9534/737/1927
f 9532/725/1927 9534/737/1927 9535/736/1928
s 0
f 9536/738/1886 9537/741/1886 9538/740/1886
f 9536/738/1886 9538/740/1886 9539/739/1886
f 9273/742/1851 9276/745/1851 9540/744/1851
f 9273/742/1851 9540/744/1851 9541/743/1851
s 1
f 9542/746/1929 9543/749/1929 9544/748/1929
f 9542/746/1929 9544/748/1929 9545/747/1929
s 0
f 9546/750/1868 9547/753/1868 9548/752/1868
f 9546/750/1868 9548/752/1868 9549/751/1868
s 1
f 9550/747/1930 9551/748/1930 9552/755/1930
f 9550/747/1930 9552/755/1930 9553/754/1930
s 0
f 9554/751/1870 9555/752/1870 9556/757/1870
f 9554/751/1870 9556/757/1870 9557/756/1870
f 9558/754/1886 9559/755/1886 9516/729/1886
f 9558/754/1886 9516/729/1886 9515/730/1886
s 1
f 9560/756/1931 9561/757/1932 9562/731/1932
f 9560/756/1931 9562/731/1932 9563/732/1932
s 0
f 9564/740/1933 9565/741/1933 9566/759/1933
f 9564/740/1933 9566/759/1933 9567/758/1933
s 1
f 9568/749/1934 9569/761/1934 9570/760/1934
f 9568/749/1934 9570/760/1934 9571/748/1934
f 9572/748/1935 9573/760/1935 9574/762/1935
f 9572/748/1935 9574/762/1935 9575/755/1936
f 9576/755/1937 9577/762/1938 9578/737/1937
f 9576/755/1937 9578/737/1937 9579/729/1937
s 0
f 9580/697/1886 9581/694/1886 9582/763/1886
f 9580/697/1886 9582/763/1886 9583/718/1886
f 9584/722/1850 9585/765/1850 9586/764/1850
f 9584/722/1850 9586/764/1850 9587/721/1850
f 9581/694/1886 9493/711/1886 9492/712/1886
f 9581/694/1886 9492/712/1886 9582/763/1886
f 9588/765/1850 9589/715/1850 9590/716/1850
f 9588/765/1850 9590/716/1850 9591/764/1850
s 1
f 9592/692/1939 9593/734/1940 9594/711/1939
f 9592/692/1939 9594/711/1939 9595/694/1941
s 0
f 9596/766/1851 9597/769/1851 9598/768/1851
f 9596/766/1851 9598/768/1851 9599/767/1851
f 9600/770/1884 9601/766/1884 9602/767/1884
f 9600/770/1884 9602/767/1884 9603/771/1884
f 9604/772/1886 9605/767/1886 9606/768/1886
f 9604/772/1886 9606/768/1886 9607/773/1886
f 9608/693/1852 9609/694/1852 9610/697/1852
f 9608/693/1852 9610/697/1852 9611/695/1852
f 9612/774/1885 9613/768/1885 9614/769/1885
f 9612/774/1885 9614/769/1885 9615/775/1885
f 9616/776/1853 9617/777/1853 9618/769/1853
f 9616/776/1853 9618/769/1853 9619/766/1853
f 9539/739/1886 9538/740/1886 9620/779/1886
f 9539/739/1886 9620/779/1886 9621/778/1886
f 9622/780/1942 9623/783/1942 9624/782/1942
f 9622/780/1942 9624/782/1942 9625/781/1942
f 9364/784/1851 9273/742/1851 9541/743/1851
f 9364/784/1851 9541/743/1851 9626/785/1851
f 9627/779/1933 9628/740/1933 9629/758/1933
f 9627/779/1933 9629/758/1933 9630/786/1933
f 9621/778/1886 9620/779/1886 9631/749/1886
f 9621/778/1886 9631/749/1886 9632/746/1886
f 9372/750/1851 9364/784/1851 9626/785/1851
f 9372/750/1851 9626/785/1851 9633/753/1851
f 9634/749/1933 9635/779/1933 9636/786/1933
f 9634/749/1933 9636/786/1933 9637/761/1933
s 1
f 9638/787/1943 9639/782/1943 9640/783/1943
f 9638/787/1943 9640/783/1943 9641/788/1943
s 0
f 9642/789/1944 9643/783/1944 9644/780/1944
f 9642/789/1944 9644/780/1944 9645/790/1944
s 1
f 9646/791/1945 9647/780/1945 9648/781/1945
f 9646/791/1945 9648/781/1945 9649/792/1945
s 0
f 9650/793/1853 9651/781/1853 9652/782/1853
f 9650/793/1853 9652/782/1853 9653/794/1853
f 9654/795/1851 9655/798/1851 9656/797/1851
f 9654/795/1851 9656/797/1851 9657/796/1851
f 9216/706/1851 9215/704/1851 9658/800/1851
f 9216/706/1851 9658/800/1851 9659/799/1851
f 9660/706/1892 9661/799/1892 9662/798/1892
f 9660/706/1946 9662/798/1946 9663/795/1946
f 9219/709/1851 9664/801/1851 9658/800/1851
f 9219/709/1851 9658/800/1851 9215/704/1851
s 1
f 9665/802/1947 9666/805/1947 9667/804/1948
s 0
f 9665/802/1948 9667/804/1949 9668/803/1949
f 9669/803/1950 9670/804/1950 9671/807/1950
f 9669/803/1951 9671/807/1951 9672/806/1951
f 9673/806/1952 9674/807/1952 9675/809/1952
f 9673/806/1953 9675/809/1953 9676/808/1953
f 9677/808/1954 9678/809/1954 9679/811/1954
f 9677/808/1955 9679/811/1955 9680/810/1955
f 9681/812/1903 9682/814/1903 9683/813/1903
f 9681/812/1903 9683/813/1903 9684/707/1903
f 9685/815/1904 9686/816/1904 9687/814/1904
f 9685/815/1904 9687/814/1904 9688/812/1904
f 9689/817/1885 9690/818/1885 9691/816/1885
f 9689/817/1885 9691/816/1885 9692/815/1885
f 9693/819/1850 9694/820/1850 9213/703/1850
f 9693/819/1850 9213/703/1850 9212/701/1850
f 9695/699/1905 9696/823/1905 9697/822/1905
f 9695/699/1905 9697/822/1905 9698/821/1905
f 9699/821/1906 9700/822/1906 9701/825/1906
f 9699/821/1906 9701/825/1906 9702/824/1906
f 9703/824/1885 9704/825/1885 9690/818/1885
f 9703/824/1885 9690/818/1885 9689/817/1885
f 9705/813/1851 9664/801/1851 9219/709/1851
f 9705/813/1851 9219/709/1851 9218/707/1851
f 9213/703/1850 9694/820/1850 9706/826/1850
f 9213/703/1850 9706/826/1850 9210/700/1850
f 9210/700/1850 9706/826/1850 9707/823/1850
f 9210/700/1850 9707/823/1850 9211/699/1850
f 9708/827/1956 9709/830/1956 9710/829/1956
f 9708/827/1956 9710/829/1956 9711/828/1956
f 9712/828/1957 9713/829/1957 9714/832/1957
f 9712/828/1957 9714/832/1957 9715/831/1957
f 9716/831/1958 9717/832/1958 9718/834/1958
f 9716/831/1958 9718/834/1958 9719/833/1958
f 9720/833/1959 9721/834/1959 9722/836/1959
f 9720/833/1959 9722/836/1959 9723/835/1959
f 9724/835/1960 9725/836/1960 9726/838/1960
f 9724/835/1960 9726/838/1960 9727/837/1960
f 9728/837/1961 9729/838/1961 9730/840/1961
f 9728/837/1961 9730/840/1961 9731/839/1961
f 9732/839/1961 9733/840/1961 9734/842/1961
f 9732/839/1961 9734/842/1961 9735/841/1961
f 9736/841/1962 9737/842/1962 9738/844/1962
f 9736/841/1962 9738/844/1962 9739/843/1962
f 9740/843/1963 9741/844/1963 9742/846/1963
f 9740/843/1963 9742/846/1963 9743/845/1963
s 1
f 9744/845/1964 9745/846/1965 9746/805/1964
f 9744/845/1964 9746/805/1964 9747/802/1964
o Object008_lock02_0
v -10.069445 80.041832 -5.532523
v -10.069448 75.335976 -7.047347
v -10.069445 75.335968 -5.532527
v -10.069445 40.441811 -5.532517
v -10.069445 45.755062 -5.532523
v -10.069445 45.755062 -7.047344
v -26.198559 10.008865 -8.578755
v -28.867405 7.504555 -8.578753
v -26.198559 7.504562 -8.578757
v 10.069466 80.041832 -5.532523
v 10.069466 75.335968 -5.532527
v 10.069466 75.335976 -7.047347
v 10.069466 40.441811 -5.532517
v 10.069466 45.755062 -7.047344
v 10.069466 45.755062 -5.532523
v 26.198580 10.008865 -8.578755
v 26.198580 7.504562 -8.578757
v 28.867434 7.504555 -8.578753
v -10.069445 80.041824 -35.094772
v -10.069445 75.335960 -35.094769
v -10.069448 75.335968 -33.579948
v -10.069445 40.441807 -35.094769
v -10.069445 45.755058 -33.579941
v -10.069445 45.755058 -35.094761
v -26.198559 10.008858 -32.048523
v -26.198559 7.504555 -32.048519
v -28.867405 7.504547 -32.048527
v 10.069466 80.041824 -35.094772
v 10.069466 75.335968 -33.579948
v 10.069466 75.335960 -35.094769
v 10.069466 40.441807 -35.094769
v 10.069466 45.755058 -35.094761
v 10.069466 45.755058 -33.579941
v 26.198580 10.008858 -32.048523
v 28.867434 7.504547 -32.048527
v 26.198580 7.504555 -32.048519
v -10.069441 82.132874 -11.107956
v -10.069441 79.227875 -11.107961
v -10.069441 77.160133 -8.578774
v -10.069441 82.132866 -8.578771
v -10.069441 119.844833 -11.107956
v -10.069441 119.844833 -8.578770
v -10.069445 41.801933 -11.107961
v -10.069445 38.891006 -11.107964
v -10.069441 38.891006 -8.578777
v -10.069441 43.848061 -8.578775
v -10.069441 77.160133 -8.578774
v -10.069448 75.335976 -7.047347
v -10.069445 80.041832 -5.532523
v -10.069441 82.132866 -8.578771
v -10.069445 80.041832 -5.532523
v 10.069466 80.041832 -5.532523
v 10.069459 82.132866 -8.578771
v -10.069441 82.132866 -8.578771
v 10.069459 77.160133 -8.578774
v 10.069466 75.335976 -7.047347
v -10.069448 75.335976 -7.047347
v -10.069441 77.160133 -8.578774
v -10.069441 38.891006 -8.578777
v -10.069445 40.441811 -5.532517
v -10.069445 45.755062 -7.047344
v -10.069441 43.848061 -8.578775
v -10.069441 43.848061 -8.578775
v -10.069445 45.755062 -7.047344
v 10.069466 45.755062 -7.047344
v 10.069459 43.848061 -8.578775
v -10.069445 45.755062 -5.532523
v 10.069466 45.755062 -5.532523
v 10.069466 45.755062 -7.047344
v -10.069445 45.755062 -7.047344
v -10.069445 38.891006 -11.107964
v -10.069441 10.008942 -11.107963
v -10.069441 10.008926 -8.578775
v -10.069441 38.891006 -8.578777
v -10.069441 10.008942 -11.107963
v -26.198559 10.008881 -11.107943
v -26.198559 10.008865 -8.578755
v -10.069441 10.008926 -8.578775
v -10.069441 10.008926 -8.578775
v -26.198559 10.008865 -8.578755
v -26.198559 7.504562 -8.578757
v -10.069441 7.504639 -8.578776
v -26.198559 10.008881 -11.107943
v -28.867405 7.504562 -11.107940
v -28.867405 7.504555 -8.578753
v -26.198559 10.008865 -8.578755
v 10.069459 7.504639 -8.578776
v 10.069459 10.008926 -8.578775
v -10.069441 10.008926 -8.578775
v -10.069441 7.504639 -8.578776
v -10.069445 80.041832 -5.532523
v -10.069445 75.335968 -5.532527
v 10.069466 75.335968 -5.532527
v 10.069466 80.041832 -5.532523
v 10.069459 82.132874 -11.107956
v 10.069459 82.132866 -8.578771
v 10.069459 77.160133 -8.578774
v 10.069459 79.227875 -11.107961
v -10.069441 119.844833 -8.578770
v -10.069441 82.132866 -8.578771
v 10.069459 82.132866 -8.578771
v 10.069459 119.844833 -8.578770
v 10.069459 119.844833 -11.107956
v 10.069459 119.844833 -8.578770
v 10.069466 45.755062 -5.532523
v -10.069445 45.755062 -5.532523
v -10.069445 40.441811 -5.532517
v 10.069466 40.441811 -5.532517
v 10.069466 41.801933 -11.107961
v 10.069459 43.848061 -8.578775
v 10.069459 38.891006 -8.578777
v 10.069466 38.891006 -11.107964
v 10.069459 77.160133 -8.578774
v 10.069459 82.132866 -8.578771
v 10.069466 80.041832 -5.532523
v 10.069466 75.335976 -7.047347
v 10.069466 75.335968 -5.532527
v -10.069445 75.335968 -5.532527
v -10.069448 75.335976 -7.047347
v 10.069466 75.335976 -7.047347
v 10.069466 40.441811 -5.532517
v -10.069445 40.441811 -5.532517
v -10.069441 38.891006 -8.578777
v 10.069459 38.891006 -8.578777
v 10.069459 38.891006 -8.578777
v 10.069459 43.848061 -8.578775
v 10.069466 45.755062 -7.047344
v 10.069466 40.441811 -5.532517
v 10.069459 38.891006 -8.578777
v -10.069441 38.891006 -8.578777
v -10.069441 10.008926 -8.578775
v 10.069459 10.008926 -8.578775
v 10.069466 38.891006 -11.107964
v 10.069459 38.891006 -8.578777
v 10.069459 10.008926 -8.578775
v 10.069459 10.008942 -11.107963
v 10.069459 10.008942 -11.107963
v 10.069459 10.008926 -8.578775
v 26.198580 10.008865 -8.578755
v 26.198580 10.008881 -11.107943
v 10.069459 10.008926 -8.578775
v 10.069459 7.504639 -8.578776
v 26.198580 7.504562 -8.578757
v 26.198580 10.008865 -8.578755
v 26.198580 10.008881 -11.107943
v 26.198580 10.008865 -8.578755
v 28.867434 7.504555 -8.578753
v 28.867434 7.504562 -11.107940
v -10.069441 82.132874 -29.519337
v -10.069441 82.132866 -32.048527
v -10.069441 77.160133 -32.048519
v -10.069441 79.227875 -29.519331
v -10.069441 119.844826 -29.519350
v -10.069441 119.844826 -32.048538
v -10.069445 41.801929 -29.519321
v -10.069441 43.848057 -32.048512
v -10.069441 38.891003 -32.048508
v -10.069445 38.891003 -29.519320
v -10.069441 77.160133 -32.048519
v -10.069441 82.132866 -32.048527
v -10.069445 80.041824 -35.094772
v -10.069448 75.335968 -33.579948
v -10.069445 80.041824 -35.094772
v -10.069441 82.132866 -32.048527
v 10.069459 82.132866 -32.048527
v 10.069466 80.041824 -35.094772
v 10.069459 77.160133 -32.048519
v -10.069441 77.160133 -32.048519
v -10.069448 75.335968 -33.579948
v 10.069466 75.335968 -33.579948
v -10.069441 38.891003 -32.048508
v -10.069441 43.848057 -32.048512
v -10.069445 45.755058 -33.579941
v -10.069445 40.441807 -35.094769
v -10.069441 43.848057 -32.048512
v 10.069459 43.848057 -32.048512
v 10.069466 45.755058 -33.579941
v -10.069445 45.755058 -33.579941
v -10.069445 45.755058 -35.094761
v -10.069445 45.755058 -33.579941
v 10.069466 45.755058 -33.579941
v 10.069466 45.755058 -35.094761
v -10.069445 38.891003 -29.519320
v -10.069441 38.891003 -32.048508
v -10.069441 10.008919 -32.048500
v -10.069441 10.008934 -29.519314
v -10.069441 10.008934 -29.519314
v -10.069441 10.008919 -32.048500
v -26.198559 10.008858 -32.048523
v -26.198559 10.008873 -29.519335
v -10.069441 10.008919 -32.048500
v -10.069441 7.504631 -32.048500
v -26.198559 7.504555 -32.048519
v -26.198559 10.008858 -32.048523
v -26.198559 10.008873 -29.519335
v -26.198559 10.008858 -32.048523
v -28.867405 7.504547 -32.048527
v -28.867405 7.504555 -29.519335
v 10.069459 7.504631 -32.048500
v -10.069441 7.504631 -32.048500
v -10.069441 10.008919 -32.048500
v 10.069459 10.008919 -32.048500
v -10.069445 80.041824 -35.094772
v 10.069466 80.041824 -35.094772
v 10.069466 75.335960 -35.094769
v -10.069445 75.335960 -35.094769
v 10.069459 82.132874 -29.519337
v 10.069459 79.227875 -29.519331
v 10.069459 77.160133 -32.048519
v 10.069459 82.132866 -32.048527
v -10.069441 119.844826 -32.048538
v 10.069459 119.844826 -32.048538
v 10.069459 82.132866 -32.048527
v -10.069441 82.132866 -32.048527
v 10.069459 119.844826 -29.519350
v 10.069459 119.844826 -32.048538
v 10.069466 45.755058 -35.094761
v 10.069466 40.441807 -35.094769
v -10.069445 40.441807 -35.094769
v -10.069445 45.755058 -35.094761
v 10.069466 41.801929 -29.519321
v 10.069466 38.891003 -29.519320
v 10.069459 38.891003 -32.048508
v 10.069459 43.848057 -32.048512
v 10.069459 77.160133 -32.048519
v 10.069466 75.335968 -33.579948
v 10.069466 80.041824 -35.094772
v 10.069459 82.132866 -32.048527
v 10.069466 75.335960 -35.094769
v 10.069466 75.335968 -33.579948
v -10.069448 75.335968 -33.579948
v -10.069445 75.335960 -35.094769
v 10.069466 40.441807 -35.094769
v 10.069459 38.891003 -32.048508
v -10.069441 38.891003 -32.048508
v -10.069445 40.441807 -35.094769
v 10.069459 38.891003 -32.048508
v 10.069466 40.441807 -35.094769
v 10.069466 45.755058 -33.579941
v 10.069459 43.848057 -32.048512
v 10.069459 38.891003 -32.048508
v 10.069459 10.008919 -32.048500
v -10.069441 10.008919 -32.048500
v -10.069441 38.891003 -32.048508
v 10.069466 38.891003 -29.519320
v 10.069459 10.008934 -29.519314
v 10.069459 10.008919 -32.048500
v 10.069459 38.891003 -32.048508
v 10.069459 10.008934 -29.519314
v 26.198580 10.008873 -29.519335
v 26.198580 10.008858 -32.048523
v 10.069459 10.008919 -32.048500
v 10.069459 10.008919 -32.048500
v 26.198580 10.008858 -32.048523
v 26.198580 7.504555 -32.048519
v 10.069459 7.504631 -32.048500
v 26.198580 10.008873 -29.519335
v 28.867434 7.504555 -29.519335
v 28.867434 7.504547 -32.048527
v 26.198580 10.008858 -32.048523
vn -1.0000 -0.0000 -0.0000
vn -0.0000 -0.0000 1.0000
vn 1.0000 -0.0000 -0.0000
vn -0.0000 -0.0000 -1.0000
vn -0.0000 0.8245 0.5659
vn -0.0000 -0.6430 -0.7659
vn -0.0000 0.6261 -0.7797
vn -0.0000 1.0000 -0.0000
vn -0.6843 0.7292 -0.0000
vn -0.0000 -1.0000 -0.0000
vn -0.0000 -0.8912 0.4537
vn 0.6843 0.7292 -0.0000
vn -0.0000 0.8245 -0.5659
vn -0.0000 -0.6430 0.7659
vn -0.0000 0.6261 0.7797
vn -0.0000 -0.8912 -0.4537
vt 0.842657 0.539734
vt 0.841516 0.563704
vt 0.844073 0.559229
vt 0.743969 0.409199
vt 0.788778 0.409199
vt 0.788778 0.401082
vt 0.524098 0.602969
vt 0.518494 0.612387
vt 0.524098 0.612385
vt 0.930770 0.539555
vt 0.929433 0.559057
vt 0.932008 0.563521
vt 0.743661 0.557611
vt 0.788778 0.563373
vt 0.788778 0.557611
vt 0.731836 0.602683
vt 0.731835 0.612385
vt 0.742175 0.612385
vt 0.829511 0.521457
vt 0.822894 0.529451
vt 0.836079 0.538459
vt 0.842678 0.521431
vt 0.829178 0.356674
vt 0.842345 0.356648
vt 0.579254 0.479508
vt 0.579254 0.494713
vt 0.591523 0.490786
vt 0.591322 0.471581
vt 0.842759 0.574945
vt 0.822482 0.574747
vt 0.829067 0.591825
vt 0.930675 0.521253
vt 0.930811 0.574767
vt 0.731306 0.390942
vt 0.773129 0.389663
vt 0.812468 0.409199
vt 0.795168 0.409199
vt 0.795168 0.557611
vt 0.812468 0.557611
vt 0.579254 0.591686
vt 0.591523 0.602683
vt 0.524098 0.591972
vt 0.591523 0.612385
vt 0.507550 0.591972
vt 0.507550 0.602969
vt 0.669346 0.612385
vt 0.669346 0.602683
vt 0.943843 0.521225
vt 0.936156 0.540224
vt 0.949304 0.531161
vt 0.930342 0.356470
vt 0.943509 0.356443
vt 0.680569 0.479506
vt 0.669346 0.471579
vt 0.669346 0.490784
vt 0.680569 0.496099
vt 0.944570 0.591591
vt 0.951087 0.574488
vt 0.722383 0.409199
vt 0.722383 0.557611
vt 0.731306 0.579692
vt 0.773129 0.579440
vt 0.680569 0.591212
vt 0.731836 0.591212
vt 0.746015 0.602682
vt 0.746015 0.591212
s 0
usemtl lock02
f 9748/847/1966 9749/848/1966 9750/849/1966
f 9751/850/1966 9752/851/1966 9753/852/1966
f 9754/853/1967 9755/854/1967 9756/855/1967
f 9757/856/1968 9758/857/1968 9759/858/1968
f 9760/859/1968 9761/860/1968 9762/861/1968
f 9763/862/1967 9764/863/1967 9765/864/1967
f 9766/847/1966 9767/849/1966 9768/848/1966
f 9769/850/1966 9770/852/1966 9771/851/1966
f 9772/853/1969 9773/855/1969 9774/854/1969
f 9775/856/1968 9776/858/1968 9777/857/1968
f 9778/859/1968 9779/861/1968 9780/860/1968
f 9781/862/1969 9782/864/1969 9783/863/1969
f 9784/865/1966 9785/866/1966 9786/867/1966
f 9784/865/1966 9786/867/1966 9787/868/1966
f 9788/869/1966 9784/865/1966 9787/868/1966
f 9788/869/1966 9787/868/1966 9789/870/1966
f 9790/871/1966 9791/872/1966 9792/873/1966
f 9790/871/1966 9792/873/1966 9793/874/1966
f 9794/875/1966 9795/848/1966 9796/876/1966
f 9794/875/1966 9796/876/1966 9797/877/1966
f 9798/847/1970 9799/856/1970 9800/878/1970
f 9798/847/1970 9800/878/1970 9801/868/1970
f 9802/879/1971 9803/858/1971 9804/848/1971
f 9802/879/1971 9804/848/1971 9805/875/1971
f 9806/880/1966 9807/850/1966 9808/852/1966
f 9806/880/1966 9808/852/1966 9809/881/1966
f 9810/882/1972 9811/883/1972 9812/884/1972
f 9810/882/1972 9812/884/1972 9813/885/1972
f 9814/851/1973 9815/861/1973 9816/884/1973
f 9814/851/1973 9816/884/1973 9817/883/1973
f 9818/872/1966 9819/886/1966 9820/887/1966
f 9818/872/1966 9820/887/1966 9821/873/1966
f 9822/886/1973 9823/888/1973 9824/853/1973
f 9822/886/1973 9824/853/1973 9825/887/1973
f 9826/887/1967 9827/853/1967 9828/855/1967
f 9826/887/1967 9828/855/1967 9829/889/1967
f 9830/888/1974 9831/890/1974 9832/891/1974
f 9830/888/1974 9832/891/1974 9833/853/1974
f 9834/892/1967 9835/893/1967 9836/887/1967
f 9834/892/1967 9836/887/1967 9837/889/1967
f 9838/847/1967 9839/849/1967 9840/857/1967
f 9838/847/1967 9840/857/1967 9841/856/1967
f 9842/894/1968 9843/878/1968 9844/895/1968
f 9842/894/1968 9844/895/1968 9845/896/1968
f 9846/870/1967 9847/868/1967 9848/878/1967
f 9846/870/1967 9848/878/1967 9849/897/1967
f 9850/898/1968 9851/897/1968 9843/878/1968
f 9850/898/1968 9843/878/1968 9842/894/1968
f 9852/861/1967 9853/851/1967 9854/850/1967
f 9852/861/1967 9854/850/1967 9855/859/1967
f 9856/899/1968 9857/900/1968 9858/901/1968
f 9856/899/1968 9858/901/1968 9859/902/1968
f 9860/879/1968 9861/903/1968 9862/904/1968
f 9860/879/1968 9862/904/1968 9863/858/1968
f 9864/857/1975 9865/849/1975 9866/848/1975
f 9864/857/1975 9866/848/1975 9867/858/1975
f 9868/859/1976 9869/850/1976 9870/905/1976
f 9868/859/1976 9870/905/1976 9871/906/1976
f 9872/907/1968 9873/908/1968 9874/860/1968
f 9872/907/1968 9874/860/1968 9875/859/1968
f 9876/901/1967 9877/873/1967 9878/887/1967
f 9876/901/1967 9878/887/1967 9879/893/1967
f 9880/902/1968 9881/901/1968 9882/893/1968
f 9880/902/1968 9882/893/1968 9883/909/1968
f 9884/909/1973 9885/893/1973 9886/862/1973
f 9884/909/1973 9886/862/1973 9887/910/1973
f 9888/893/1967 9889/892/1967 9890/863/1967
f 9888/893/1967 9890/863/1967 9891/862/1967
f 9892/910/1977 9893/862/1977 9894/911/1977
f 9892/910/1977 9894/911/1977 9895/912/1977
f 9896/865/1966 9897/868/1966 9898/867/1966
f 9896/865/1966 9898/867/1966 9899/866/1966
f 9900/869/1966 9901/870/1966 9897/868/1966
f 9900/869/1966 9897/868/1966 9896/865/1966
f 9902/871/1966 9903/874/1966 9904/873/1966
f 9902/871/1966 9904/873/1966 9905/872/1966
f 9906/875/1966 9907/877/1966 9908/876/1966
f 9906/875/1966 9908/876/1966 9909/848/1966
f 9910/847/1978 9911/868/1978 9912/878/1978
f 9910/847/1978 9912/878/1978 9913/856/1978
f 9914/879/1979 9915/875/1979 9916/848/1979
f 9914/879/1979 9916/848/1979 9917/858/1979
f 9918/880/1966 9919/881/1966 9920/852/1966
f 9918/880/1966 9920/852/1966 9921/850/1966
f 9922/882/1980 9923/885/1980 9924/884/1980
f 9922/882/1980 9924/884/1980 9925/883/1980
f 9926/851/1973 9927/883/1973 9928/884/1973
f 9926/851/1973 9928/884/1973 9929/861/1973
f 9930/872/1966 9931/873/1966 9932/887/1966
f 9930/872/1966 9932/887/1966 9933/886/1966
f 9934/886/1973 9935/887/1973 9936/853/1973
f 9934/886/1973 9936/853/1973 9937/888/1973
f 9938/887/1969 9939/889/1969 9940/855/1969
f 9938/887/1969 9940/855/1969 9941/853/1969
f 9942/888/1974 9943/853/1974 9944/891/1974
f 9942/888/1974 9944/891/1974 9945/890/1974
f 9946/892/1969 9947/889/1969 9948/887/1969
f 9946/892/1969 9948/887/1969 9949/893/1969
f 9950/847/1969 9951/856/1969 9952/857/1969
f 9950/847/1969 9952/857/1969 9953/849/1969
f 9954/894/1968 9955/896/1968 9956/895/1968
f 9954/894/1968 9956/895/1968 9957/878/1968
f 9958/870/1969 9959/897/1969 9960/878/1969
f 9958/870/1969 9960/878/1969 9961/868/1969
f 9962/898/1968 9954/894/1968 9957/878/1968
f 9962/898/1968 9957/878/1968 9963/897/1968
f 9964/861/1969 9965/859/1969 9966/850/1969
f 9964/861/1969 9966/850/1969 9967/851/1969
f 9968/899/1968 9969/902/1968 9970/901/1968
f 9968/899/1968 9970/901/1968 9971/900/1968
f 9972/879/1968 9973/858/1968 9974/904/1968
f 9972/879/1968 9974/904/1968 9975/903/1968
f 9976/857/1975 9977/858/1975 9978/848/1975
f 9976/857/1975 9978/848/1975 9979/849/1975
f 9980/859/1981 9981/906/1981 9982/905/1981
f 9980/859/1981 9982/905/1981 9983/850/1981
f 9984/907/1968 9985/859/1968 9986/860/1968
f 9984/907/1968 9986/860/1968 9987/908/1968
f 9988/901/1969 9989/893/1969 9990/887/1969
f 9988/901/1969 9990/887/1969 9991/873/1969
f 9992/902/1968 9993/909/1968 9994/893/1968
f 9992/902/1968 9994/893/1968 9995/901/1968
f 9996/909/1973 9997/910/1973 9998/862/1973
f 9996/909/1973 9998/862/1973 9999/893/1973
f 10000/893/1969 10001/862/1969 10002/863/1969
f 10000/893/1969 10002/863/1969 10003/892/1969
f 10004/910/1977 10005/912/1977 10006/911/1977
s 1
f 10004/910/1977 10006/911/1977 10007/862/1977
o Object008_DOOR_0
v -39.931965 119.844826 -11.048303
v -0.000021 7.504608 -11.048398
v -0.000021 119.844826 -11.048303
v -69.513649 7.504608 -11.048282
v -0.000021 7.504608 -11.048398
v -69.513649 94.653641 -11.048294
v 39.931965 119.844826 -11.048303
v 0.000021 119.844826 -11.048303
v 0.000021 7.504608 -11.048398
v 69.513649 7.504608 -11.048282
v 69.513649 94.653641 -11.048294
v 0.000021 7.504608 -11.048398
v -39.931965 119.844826 -29.579002
v -0.000021 119.844826 -29.579002
v -0.000021 7.504601 -29.578875
v -69.513649 7.504601 -29.578993
v -69.513649 94.653633 -29.579004
v -0.000021 7.504601 -29.578875
v 39.931965 119.844826 -29.579002
v 0.000021 7.504601 -29.578875
v 0.000021 119.844826 -29.579002
v 69.513649 7.504601 -29.578993
v 0.000021 7.504601 -29.578875
v 69.513649 94.653633 -29.579004
v -39.931965 119.844826 -4.287319
v -0.000021 119.844826 -4.287319
v -0.000021 124.189346 -4.287318
v -39.757000 124.189346 -4.287318
v -61.054203 111.427338 -4.287315
v -39.931965 119.844826 -4.287319
v -39.757000 124.189346 -4.287318
v -63.331562 114.794586 -4.287314
v -69.513649 94.653641 -4.287310
v -61.054203 111.427338 -4.287315
v -63.331562 114.794586 -4.287314
v -72.773094 96.073463 -4.287310
v -69.513649 7.504608 -4.287298
v -69.513649 94.653641 -4.287310
v -72.773094 96.073463 -4.287310
v -72.773117 0.000000 -4.287293
v -0.000021 7.504608 -4.286818
v -69.513649 7.504608 -4.287298
v -72.773117 0.000000 -4.287293
v -0.000021 0.000000 -4.286335
v -0.000021 124.189346 -11.048304
v -0.000021 124.189339 -20.313652
v -39.757000 124.189339 -20.313652
v -39.757000 124.189346 -11.048300
v -39.757000 124.189346 -11.048300
v -39.757000 124.189339 -20.313652
v -63.331562 114.794594 -20.313652
v -63.331562 114.794586 -11.048303
v -63.331562 114.794586 -11.048303
v -63.331562 114.794594 -20.313652
v -72.773117 96.073463 -20.313648
v -72.773094 96.073456 -11.048301
v -72.773094 96.073456 -11.048301
v -72.773117 96.073463 -20.313648
v -72.773117 -0.000015 -20.313637
v -72.773117 -0.000015 -11.048286
v -61.054203 111.427338 -11.048299
v -69.513649 94.653641 -11.048294
v -0.000021 7.504608 -11.048398
v -39.931965 119.844826 -11.048303
v -39.931965 119.844826 -4.287319
v -39.931965 119.844826 -11.048303
v -0.000021 119.844826 -11.048303
v -0.000021 119.844826 -4.287319
v -0.000021 7.504608 -4.286818
v -0.000021 7.504608 -11.048398
v -69.513649 7.504608 -11.048282
v -69.513649 7.504608 -4.287298
v -69.513649 7.504608 -4.287298
v -69.513649 7.504608 -11.048282
v -69.513649 94.653641 -11.048294
v -69.513649 94.653641 -4.287310
v -69.513649 94.653641 -4.287310
v -69.513649 94.653641 -11.048294
v -61.054203 111.427338 -11.048299
v -61.054203 111.427338 -4.287315
v -61.054203 111.427338 -4.287315
v -61.054203 111.427338 -11.048299
v -39.931965 119.844826 -11.048303
v -39.931965 119.844826 -4.287319
v -0.000021 124.189346 -4.287318
v -0.000021 124.189346 -11.048304
v -39.757000 124.189346 -11.048300
v -39.757000 124.189346 -4.287318
v -39.757000 124.189346 -4.287318
v -39.757000 124.189346 -11.048300
v -63.331562 114.794586 -11.048303
v -63.331562 114.794586 -4.287314
v -63.331562 114.794586 -4.287314
v -63.331562 114.794586 -11.048303
v -72.773094 96.073456 -11.048301
v -72.773094 96.073463 -4.287310
v -72.773094 96.073463 -4.287310
v -72.773094 96.073456 -11.048301
v -72.773117 -0.000015 -11.048286
v -72.773117 0.000000 -4.287293
v -0.000021 124.189346 -4.287318
v -0.000021 119.844826 -4.287319
v -0.000021 119.844826 -11.048303
v -0.000021 124.189346 -11.048304
v -0.000021 119.844826 -11.048303
v -0.000021 7.504608 -11.048398
v -0.000007 7.504608 -20.313637
v 0.000000 119.844826 -20.313652
v -0.000021 7.504608 -11.048398
v -0.000021 0.000000 -11.048397
v 0.000000 0.000000 -20.313637
v -0.000007 7.504608 -20.313637
v -0.000021 7.504608 -11.048398
v -0.000021 7.504608 -4.286818
v -0.000021 0.000000 -4.286335
v -0.000021 0.000000 -11.048397
v 0.000000 119.844826 -20.313652
v -0.000021 124.189339 -20.313652
v -0.000021 124.189346 -11.048304
v -0.000021 119.844826 -11.048303
v 39.931965 119.844826 -4.287319
v 39.757000 124.189346 -4.287318
v 0.000021 124.189346 -4.287318
v 0.000021 119.844826 -4.287319
v 61.054203 111.427338 -4.287315
v 63.331562 114.794586 -4.287314
v 39.757000 124.189346 -4.287318
v 39.931965 119.844826 -4.287319
v 69.513649 94.653641 -4.287310
v 72.773094 96.073463 -4.287310
v 63.331562 114.794586 -4.287314
v 61.054203 111.427338 -4.287315
v 69.513649 7.504608 -4.287298
v 72.773117 0.000000 -4.287293
v 72.773094 96.073463 -4.287310
v 69.513649 94.653641 -4.287310
v 0.000021 7.504608 -4.286818
v 0.000021 0.000000 -4.286335
v 72.773117 0.000000 -4.287293
v 69.513649 7.504608 -4.287298
v 0.000021 124.189346 -11.048304
v 39.757000 124.189346 -11.048300
v 39.757000 124.189339 -20.313652
v 0.000021 124.189339 -20.313652
v 39.757000 124.189346 -11.048300
v 63.331562 114.794586 -11.048303
v 63.331562 114.794594 -20.313652
v 39.757000 124.189339 -20.313652
v 63.331562 114.794586 -11.048303
v 72.773094 96.073456 -11.048301
v 72.773117 96.073463 -20.313648
v 63.331562 114.794594 -20.313652
v 72.773094 96.073456 -11.048301
v 72.773117 -0.000015 -11.048286
v 72.773117 -0.000015 -20.313637
v 72.773117 96.073463 -20.313648
v 61.054203 111.427338 -11.048299
v 39.931965 119.844826 -11.048303
v 0.000021 7.504608 -11.048398
v 69.513649 94.653641 -11.048294
v 39.931965 119.844826 -4.287319
v 0.000021 119.844826 -4.287319
v 0.000021 119.844826 -11.048303
v 39.931965 119.844826 -11.048303
v 0.000021 7.504608 -4.286818
v 69.513649 7.504608 -4.287298
v 69.513649 7.504608 -11.048282
v 0.000021 7.504608 -11.048398
v 69.513649 7.504608 -4.287298
v 69.513649 94.653641 -4.287310
v 69.513649 94.653641 -11.048294
v 69.513649 7.504608 -11.048282
v 69.513649 94.653641 -4.287310
v 61.054203 111.427338 -4.287315
v 61.054203 111.427338 -11.048299
v 69.513649 94.653641 -11.048294
v 61.054203 111.427338 -4.287315
v 39.931965 119.844826 -4.287319
v 39.931965 119.844826 -11.048303
v 61.054203 111.427338 -11.048299
v 0.000021 124.189346 -4.287318
v 39.757000 124.189346 -4.287318
v 39.757000 124.189346 -11.048300
v 0.000021 124.189346 -11.048304
v 39.757000 124.189346 -4.287318
v 63.331562 114.794586 -4.287314
v 63.331562 114.794586 -11.048303
v 39.757000 124.189346 -11.048300
v 63.331562 114.794586 -4.287314
v 72.773094 96.073463 -4.287310
v 72.773094 96.073456 -11.048301
v 63.331562 114.794586 -11.048303
v 72.773094 96.073463 -4.287310
v 72.773117 0.000000 -4.287293
v 72.773117 -0.000015 -11.048286
v 72.773094 96.073456 -11.048301
v 0.000021 124.189346 -4.287318
v 0.000021 124.189346 -11.048304
v 0.000021 119.844826 -11.048303
v 0.000021 119.844826 -4.287319
v 0.000021 119.844826 -11.048303
v 0.000000 119.844826 -20.313652
v 0.000021 7.504608 -20.313637
v 0.000021 7.504608 -11.048398
v 0.000021 7.504608 -11.048398
v 0.000021 7.504608 -20.313637
v 0.000000 0.000000 -20.313637
v 0.000021 0.000000 -11.048397
v 0.000021 7.504608 -11.048398
v 0.000021 0.000000 -11.048397
v 0.000021 0.000000 -4.286335
v 0.000021 7.504608 -4.286818
v 0.000000 119.844826 -20.313652
v 0.000021 119.844826 -11.048303
v 0.000021 124.189346 -11.048304
v 0.000021 124.189339 -20.313652
v -39.931965 119.844826 -36.339989
v -39.757000 124.189339 -36.339989
v -0.000021 124.189339 -36.339989
v -0.000021 119.844826 -36.339989
v -61.054203 111.427338 -36.339989
v -63.331562 114.794586 -36.339989
v -39.757000 124.189339 -36.339989
v -39.931965 119.844826 -36.339989
v -69.513649 94.653633 -36.339993
v -72.773094 96.073456 -36.339993
v -63.331562 114.794586 -36.339989
v -61.054203 111.427338 -36.339989
v -69.513649 7.504601 -36.339981
v -72.773117 -0.000008 -36.339981
v -72.773094 96.073456 -36.339993
v -69.513649 94.653633 -36.339993
v -0.000021 7.504601 -36.340462
v -0.000021 -0.000008 -36.340939
v -72.773117 -0.000008 -36.339981
v -69.513649 7.504601 -36.339981
v -0.000021 124.189339 -29.579002
v -39.757000 124.189339 -29.579004
v -39.757000 124.189339 -20.313652
v -0.000021 124.189339 -20.313652
v -39.757000 124.189339 -29.579004
v -63.331562 114.794586 -29.579002
v -63.331562 114.794594 -20.313652
v -39.757000 124.189339 -20.313652
v -63.331562 114.794586 -29.579002
v -72.773094 96.073463 -29.578999
v -72.773117 96.073463 -20.313648
v -63.331562 114.794594 -20.313652
v -72.773094 96.073463 -29.578999
v -72.773117 -0.000023 -29.578987
v -72.773117 -0.000015 -20.313637
v -72.773117 96.073463 -20.313648
v -61.054203 111.427338 -29.579002
v -39.931965 119.844826 -29.579002
v -0.000021 7.504601 -29.578875
v -69.513649 94.653633 -29.579004
v -39.931965 119.844826 -36.339989
v -0.000021 119.844826 -36.339989
v -0.000021 119.844826 -29.579002
v -39.931965 119.844826 -29.579002
v -0.000021 7.504601 -36.340462
v -69.513649 7.504601 -36.339981
v -69.513649 7.504601 -29.578993
v -0.000021 7.504601 -29.578875
v -69.513649 7.504601 -36.339981
v -69.513649 94.653633 -36.339993
v -69.513649 94.653633 -29.579004
v -69.513649 7.504601 -29.578993
v -69.513649 94.653633 -36.339993
v -61.054203 111.427338 -36.339989
v -61.054203 111.427338 -29.579002
v -69.513649 94.653633 -29.579004
v -61.054203 111.427338 -36.339989
v -39.931965 119.844826 -36.339989
v -39.931965 119.844826 -29.579002
v -61.054203 111.427338 -29.579002
v -0.000021 124.189339 -36.339989
v -39.757000 124.189339 -36.339989
v -39.757000 124.189339 -36.339989
v -63.331562 114.794586 -36.339989
v -63.331562 114.794586 -29.579002
v -39.757000 124.189339 -29.579004
v -63.331562 114.794586 -36.339989
v -72.773094 96.073456 -36.339993
v -72.773094 96.073463 -29.578999
v -63.331562 114.794586 -29.579002
v -72.773094 96.073456 -36.339993
v -72.773117 -0.000008 -36.339981
v -72.773117 -0.000023 -29.578987
v -72.773094 96.073463 -29.578999
v -0.000021 124.189339 -36.339989
v -0.000021 124.189339 -29.579002
v -0.000021 119.844826 -29.579002
v -0.000021 119.844826 -36.339989
v -0.000021 119.844826 -29.579002
v 0.000000 119.844826 -20.313652
v -0.000007 7.504608 -20.313637
v -0.000021 7.504601 -29.578875
v -0.000021 7.504601 -29.578875
v -0.000007 7.504608 -20.313637
v 0.000000 0.000000 -20.313637
v -0.000021 -0.000008 -29.578875
v -0.000021 7.504601 -29.578875
v -0.000021 -0.000008 -29.578875
v -0.000021 -0.000008 -36.340939
v -0.000021 7.504601 -36.340462
v 0.000000 119.844826 -20.313652
v -0.000021 119.844826 -29.579002
v -0.000021 124.189339 -29.579002
v -0.000021 124.189339 -20.313652
v 39.931965 119.844826 -36.339989
v 0.000021 119.844826 -36.339989
v 0.000021 124.189339 -36.339989
v 39.757000 124.189339 -36.339989
v 61.054203 111.427338 -36.339989
v 39.931965 119.844826 -36.339989
v 39.757000 124.189339 -36.339989
v 63.331562 114.794586 -36.339989
v 69.513649 94.653633 -36.339993
v 61.054203 111.427338 -36.339989
v 63.331562 114.794586 -36.339989
v 72.773094 96.073456 -36.339993
v 69.513649 7.504601 -36.339981
v 69.513649 94.653633 -36.339993
v 72.773094 96.073456 -36.339993
v 72.773117 -0.000008 -36.339981
v 0.000021 7.504601 -36.340462
v 69.513649 7.504601 -36.339981
v 72.773117 -0.000008 -36.339981
v 0.000021 -0.000008 -36.340939
v 0.000021 124.189339 -29.579002
v 0.000021 124.189339 -20.313652
v 39.757000 124.189339 -20.313652
v 39.757000 124.189339 -29.579004
v 39.757000 124.189339 -29.579004
v 39.757000 124.189339 -20.313652
v 63.331562 114.794594 -20.313652
v 63.331562 114.794586 -29.579002
v 63.331562 114.794586 -29.579002
v 63.331562 114.794594 -20.313652
v 72.773117 96.073463 -20.313648
v 72.773094 96.073463 -29.578999
v 72.773094 96.073463 -29.578999
v 72.773117 96.073463 -20.313648
v 72.773117 -0.000015 -20.313637
v 72.773117 -0.000023 -29.578987
v 61.054203 111.427338 -29.579002
v 69.513649 94.653633 -29.579004
v 0.000021 7.504601 -29.578875
v 39.931965 119.844826 -29.579002
v 39.931965 119.844826 -36.339989
v 39.931965 119.844826 -29.579002
v 0.000021 119.844826 -29.579002
v 0.000021 119.844826 -36.339989
v 0.000021 7.504601 -36.340462
v 0.000021 7.504601 -29.578875
v 69.513649 7.504601 -29.578993
v 69.513649 7.504601 -36.339981
v 69.513649 7.504601 -36.339981
v 69.513649 7.504601 -29.578993
v 69.513649 94.653633 -29.579004
v 69.513649 94.653633 -36.339993
v 69.513649 94.653633 -36.339993
v 69.513649 94.653633 -29.579004
v 61.054203 111.427338 -29.579002
v 61.054203 111.427338 -36.339989
v 61.054203 111.427338 -36.339989
v 61.054203 111.427338 -29.579002
v 39.931965 119.844826 -29.579002
v 39.931965 119.844826 -36.339989
v 0.000021 124.189339 -36.339989
v 39.757000 124.189339 -36.339989
v 39.757000 124.189339 -36.339989
v 39.757000 124.189339 -29.579004
v 63.331562 114.794586 -29.579002
v 63.331562 114.794586 -36.339989
v 63.331562 114.794586 -36.339989
v 63.331562 114.794586 -29.579002
v 72.773094 96.073463 -29.578999
v 72.773094 96.073456 -36.339993
v 72.773094 96.073456 -36.339993
v 72.773094 96.073463 -29.578999
v 72.773117 -0.000023 -29.578987
v 72.773117 -0.000008 -36.339981
v 0.000021 124.189339 -36.339989
v 0.000021 119.844826 -36.339989
v 0.000021 119.844826 -29.579002
v 0.000021 124.189339 -29.579002
v 0.000021 119.844826 -29.579002
v 0.000021 7.504601 -29.578875
v 0.000021 7.504608 -20.313637
v 0.000000 119.844826 -20.313652
v 0.000021 7.504601 -29.578875
v 0.000021 -0.000008 -29.578875
v 0.000000 0.000000 -20.313637
v 0.000021 7.504608 -20.313637
v 0.000021 7.504601 -29.578875
v 0.000021 7.504601 -36.340462
v 0.000021 -0.000008 -36.340939
v 0.000021 -0.000008 -29.578875
v 0.000000 119.844826 -20.313652
v 0.000021 124.189339 -20.313652
v 0.000021 124.189339 -29.579002
v 0.000021 119.844826 -29.579002
vn -0.0000 -0.0000 1.0000
vn -0.0000 -0.0000 -1.0000
vn -0.0000 0.0001 1.0000
vn -0.0000 1.0000 -0.0000
vn -0.3702 0.9290 -0.0000
vn -0.8929 0.4503 -0.0000
vn -1.0000 -0.0000 -0.0000
vn -0.0000 -1.0000 -0.0000
vn 1.0000 -0.0000 -0.0000
vn 0.8929 -0.4503 -0.0000
vn 0.3702 -0.9290 -0.0000
vn 0.3702 0.9290 -0.0000
vn 0.8929 0.4503 -0.0000
vn -0.8929 -0.4503 -0.0000
vn -0.3702 -0.9290 -0.0000
vn -0.0000 0.0001 -1.0000
vt 0.617866 0.629523
vt 0.743539 0.985566
vt 0.744410 0.629832
vt 0.523252 0.985566
vt 0.523927 0.709124
vt 0.888626 0.629007
vt 0.762082 0.629317
vt 0.762953 0.985051
vt 0.983241 0.985051
vt 0.982565 0.708608
vt 0.894000 0.328199
vt 0.797615 0.328199
vt 0.797615 0.317690
vt 0.894000 0.317690
vt 0.945437 0.348140
vt 0.950911 0.339970
vt 0.966569 0.388631
vt 0.974489 0.385161
vt 0.966569 0.599960
vt 0.974489 0.618094
vt 0.798962 0.599960
vt 0.798962 0.618094
vt 0.245885 0.979077
vt 0.245885 0.963324
vt 0.302617 0.963324
vt 0.302617 0.979077
vt 0.338830 0.963324
vt 0.338830 0.979077
vt 0.368750 0.963324
vt 0.368750 0.979077
vt 0.505852 0.963324
vt 0.505852 0.979077
vt 0.550865 0.656034
vt 0.158670 0.511318
vt 0.171352 0.511318
vt 0.171352 0.448451
vt 0.158670 0.448451
vt 0.158670 0.823349
vt 0.171352 0.823349
vt 0.171352 0.713904
vt 0.158670 0.713904
vt 0.171352 0.576693
vt 0.158670 0.576693
vt 0.171352 0.547116
vt 0.158670 0.547116
vt 0.245885 0.990572
vt 0.302617 0.990572
vt 0.338830 0.990572
vt 0.368750 0.990572
vt 0.505852 0.990572
vt 0.245885 0.990572
vt 0.239685 0.990572
vt 0.239685 0.979077
vt 0.245885 0.979077
vt 0.146268 0.752520
vt 0.146268 0.518300
vt 0.123252 0.518300
vt 0.123252 0.752520
vt 0.779476 0.599960
vt 0.779476 0.618094
vt 0.752817 0.618094
vt 0.752732 0.599960
vt 0.955627 0.655518
s 0
usemtl DOOR
f 10008/913/1982 10009/914/1982 10010/915/1982
f 10011/916/1982 10012/914/1982 10013/917/1982
f 10014/918/1982 10015/919/1982 10016/920/1982
f 10017/921/1982 10018/922/1982 10019/920/1982
f 10020/913/1983 10021/915/1983 10022/914/1983
f 10023/916/1983 10024/917/1983 10025/914/1983
f 10026/918/1983 10027/920/1983 10028/919/1983
f 10029/921/1983 10030/920/1983 10031/922/1983
f 10032/923/1982 10033/924/1982 10034/925/1982
f 10032/923/1982 10034/925/1982 10035/926/1982
f 10036/927/1982 10037/923/1982 10038/926/1982
f 10036/927/1982 10038/926/1982 10039/928/1982
f 10040/929/1982 10041/927/1982 10042/928/1982
f 10040/929/1982 10042/928/1982 10043/930/1982
f 10044/931/1982 10045/929/1982 10046/930/1982
f 10044/931/1982 10046/930/1982 10047/932/1982
f 10048/933/1982 10049/931/1982 10050/932/1982
f 10048/933/1984 10050/932/1984 10051/934/1984
f 10052/935/1985 10053/936/1985 10054/937/1985
f 10052/935/1985 10054/937/1985 10055/938/1985
f 10056/938/1986 10057/937/1986 10058/939/1986
f 10056/938/1986 10058/939/1986 10059/940/1986
f 10060/940/1987 10061/939/1987 10062/941/1987
f 10060/940/1987 10062/941/1987 10063/942/1987
f 10064/942/1988 10065/941/1988 10066/943/1988
f 10064/942/1988 10066/943/1988 10067/944/1988
f 10068/945/1982 10069/917/1982 10070/914/1982
f 10068/945/1982 10070/914/1982 10071/913/1982
f 10072/946/1989 10073/947/1989 10074/948/1989
f 10072/946/1989 10074/948/1989 10075/949/1989
f 10076/950/1985 10077/951/1985 10078/952/1985
f 10076/950/1985 10078/952/1985 10079/953/1985
f 10080/953/1990 10081/952/1990 10082/954/1990
f 10080/953/1990 10082/954/1990 10083/955/1990
f 10084/955/1991 10085/954/1991 10086/956/1991
f 10084/955/1991 10086/956/1991 10087/957/1991
f 10088/957/1992 10089/956/1992 10090/947/1992
f 10088/957/1992 10090/947/1992 10091/946/1992
f 10092/958/1985 10093/935/1985 10094/938/1985
f 10092/958/1985 10094/938/1985 10095/959/1985
f 10096/959/1986 10097/938/1986 10098/940/1986
f 10096/959/1986 10098/940/1986 10099/960/1986
f 10100/960/1987 10101/940/1987 10102/942/1987
f 10100/960/1987 10102/942/1987 10103/961/1987
f 10104/961/1988 10105/942/1988 10106/944/1988
f 10104/961/1988 10106/944/1988 10107/962/1988
f 10108/963/1990 10109/964/1990 10110/965/1990
f 10108/963/1990 10110/965/1990 10111/966/1990
f 10112/967/1990 10113/968/1990 10114/969/1990
f 10112/967/1990 10114/969/1990 10115/970/1990
f 10116/971/1990 10117/972/1990 10118/973/1990
f 10116/971/1990 10118/973/1990 10119/974/1990
f 10120/971/1990 10121/933/1990 10122/934/1990
f 10120/971/1990 10122/934/1990 10123/972/1990
f 10124/970/1990 10125/970/1990 10126/967/1990
f 10124/970/1990 10126/967/1990 10127/967/1990
f 10128/923/1982 10129/926/1982 10130/925/1982
f 10128/923/1982 10130/925/1982 10131/924/1982
f 10132/927/1982 10133/928/1982 10134/926/1982
f 10132/927/1982 10134/926/1982 10135/923/1982
f 10136/929/1982 10137/930/1982 10138/928/1982
f 10136/929/1982 10138/928/1982 10139/927/1982
f 10140/931/1982 10141/932/1982 10142/930/1982
f 10140/931/1982 10142/930/1982 10143/929/1982
f 10144/933/1984 10145/934/1984 10146/932/1984
f 10144/933/1982 10146/932/1982 10147/931/1982
f 10148/935/1985 10149/938/1985 10150/937/1985
f 10148/935/1985 10150/937/1985 10151/936/1985
f 10152/938/1993 10153/940/1993 10154/939/1993
f 10152/938/1993 10154/939/1993 10155/937/1993
f 10156/940/1994 10157/942/1994 10158/941/1994
f 10156/940/1994 10158/941/1994 10159/939/1994
f 10160/942/1990 10161/944/1990 10162/943/1990
f 10160/942/1990 10162/943/1990 10163/941/1990
f 10164/975/1982 10165/918/1982 10166/920/1982
f 10164/975/1982 10166/920/1982 10167/922/1982
f 10168/946/1989 10169/949/1989 10170/948/1989
f 10168/946/1989 10170/948/1989 10171/947/1989
f 10172/950/1985 10173/953/1985 10174/952/1985
f 10172/950/1985 10174/952/1985 10175/951/1985
f 10176/953/1988 10177/955/1988 10178/954/1988
f 10176/953/1988 10178/954/1988 10179/952/1988
f 10180/955/1995 10181/957/1995 10182/956/1995
f 10180/955/1995 10182/956/1995 10183/954/1995
f 10184/957/1996 10185/946/1996 10186/947/1996
f 10184/957/1996 10186/947/1996 10187/956/1996
f 10188/958/1985 10189/959/1985 10190/938/1985
f 10188/958/1985 10190/938/1985 10191/935/1985
f 10192/959/1993 10193/960/1993 10194/940/1993
f 10192/959/1993 10194/940/1993 10195/938/1993
f 10196/960/1994 10197/961/1994 10198/942/1994
f 10196/960/1994 10198/942/1994 10199/940/1994
f 10200/961/1990 10201/962/1990 10202/944/1990
f 10200/961/1990 10202/944/1990 10203/942/1990
f 10204/963/1988 10205/966/1988 10206/965/1988
f 10204/963/1988 10206/965/1988 10207/964/1988
f 10208/967/1988 10209/970/1988 10210/969/1988
f 10208/967/1988 10210/969/1988 10211/968/1988
f 10212/971/1988 10213/974/1988 10214/973/1988
f 10212/971/1988 10214/973/1988 10215/972/1988
f 10216/971/1988 10217/972/1988 10218/934/1988
f 10216/971/1988 10218/934/1988 10219/933/1988
f 10220/970/1988 10221/967/1988 10222/967/1988
f 10220/970/1988 10222/967/1988 10223/970/1988
f 10224/923/1983 10225/926/1983 10226/925/1983
f 10224/923/1983 10226/925/1983 10227/924/1983
f 10228/927/1983 10229/928/1983 10230/926/1983
f 10228/927/1983 10230/926/1983 10231/923/1983
f 10232/929/1983 10233/930/1983 10234/928/1983
f 10232/929/1983 10234/928/1983 10235/927/1983
f 10236/931/1983 10237/932/1983 10238/930/1983
f 10236/931/1983 10238/930/1983 10239/929/1983
f 10240/933/1997 10241/934/1997 10242/932/1997
f 10240/933/1983 10242/932/1983 10243/931/1983
f 10244/935/1985 10245/938/1985 10246/937/1985
f 10244/935/1985 10246/937/1985 10247/936/1985
f 10248/938/1986 10249/940/1986 10250/939/1986
f 10248/938/1986 10250/939/1986 10251/937/1986
f 10252/940/1987 10253/942/1987 10254/941/1987
f 10252/940/1987 10254/941/1987 10255/939/1987
f 10256/942/1988 10257/944/1988 10258/943/1988
f 10256/942/1988 10258/943/1988 10259/941/1988
f 10260/945/1983 10261/913/1983 10262/914/1983
f 10260/945/1983 10262/914/1983 10263/917/1983
f 10264/946/1989 10265/949/1989 10266/948/1989
f 10264/946/1989 10266/948/1989 10267/947/1989
f 10268/950/1985 10269/953/1985 10270/952/1985
f 10268/950/1985 10270/952/1985 10271/951/1985
f 10272/953/1990 10273/955/1990 10274/954/1990
f 10272/953/1990 10274/954/1990 10275/952/1990
f 10276/955/1991 10277/957/1991 10278/956/1991
f 10276/955/1991 10278/956/1991 10279/954/1991
f 10280/957/1992 10281/946/1992 10282/947/1992
f 10280/957/1992 10282/947/1992 10283/956/1992
f 10284/958/1985 10285/959/1985 10245/938/1985
f 10284/958/1985 10245/938/1985 10244/935/1985
f 10286/959/1986 10287/960/1986 10288/940/1986
f 10286/959/1986 10288/940/1986 10289/938/1986
f 10290/960/1987 10291/961/1987 10292/942/1987
f 10290/960/1987 10292/942/1987 10293/940/1987
f 10294/961/1988 10295/962/1988 10296/944/1988
f 10294/961/1988 10296/944/1988 10297/942/1988
f 10298/963/1990 10299/966/1990 10300/965/1990
f 10298/963/1990 10300/965/1990 10301/964/1990
f 10302/967/1990 10303/970/1990 10304/969/1990
f 10302/967/1990 10304/969/1990 10305/968/1990
f 10306/971/1990 10307/974/1990 10308/973/1990
f 10306/971/1990 10308/973/1990 10309/972/1990
f 10310/971/1990 10311/972/1990 10312/934/1990
f 10310/971/1990 10312/934/1990 10313/933/1990
f 10314/970/1990 10315/967/1990 10316/967/1990
f 10314/970/1990 10316/967/1990 10317/970/1990
f 10318/923/1983 10319/924/1983 10320/925/1983
f 10318/923/1983 10320/925/1983 10321/926/1983
f 10322/927/1983 10323/923/1983 10324/926/1983
f 10322/927/1983 10324/926/1983 10325/928/1983
f 10326/929/1983 10327/927/1983 10328/928/1983
f 10326/929/1983 10328/928/1983 10329/930/1983
f 10330/931/1983 10331/929/1983 10332/930/1983
f 10330/931/1983 10332/930/1983 10333/932/1983
f 10334/933/1983 10335/931/1983 10336/932/1983
f 10334/933/1997 10336/932/1997 10337/934/1997
f 10338/935/1985 10339/936/1985 10340/937/1985
f 10338/935/1985 10340/937/1985 10341/938/1985
f 10342/938/1993 10343/937/1993 10344/939/1993
f 10342/938/1993 10344/939/1993 10345/940/1993
f 10346/940/1994 10347/939/1994 10348/941/1994
f 10346/940/1994 10348/941/1994 10349/942/1994
f 10350/942/1990 10351/941/1990 10352/943/1990
f 10350/942/1990 10352/943/1990 10353/944/1990
f 10354/975/1983 10355/922/1983 10356/920/1983
f 10354/975/1983 10356/920/1983 10357/918/1983
f 10358/946/1989 10359/947/1989 10360/948/1989
f 10358/946/1989 10360/948/1989 10361/949/1989
f 10362/950/1985 10363/951/1985 10364/952/1985
f 10362/950/1985 10364/952/1985 10365/953/1985
f 10366/953/1988 10367/952/1988 10368/954/1988
f 10366/953/1988 10368/954/1988 10369/955/1988
f 10370/955/1995 10371/954/1995 10372/956/1995
f 10370/955/1995 10372/956/1995 10373/957/1995
f 10374/957/1996 10375/956/1996 10376/947/1996
f 10374/957/1996 10376/947/1996 10377/946/1996
f 10378/958/1985 10338/935/1985 10341/938/1985
f 10378/958/1985 10341/938/1985 10379/959/1985
f 10380/959/1993 10381/938/1993 10382/940/1993
f 10380/959/1993 10382/940/1993 10383/960/1993
f 10384/960/1994 10385/940/1994 10386/942/1994
f 10384/960/1994 10386/942/1994 10387/961/1994
f 10388/961/1990 10389/942/1990 10390/944/1990
f 10388/961/1990 10390/944/1990 10391/962/1990
f 10392/963/1988 10393/964/1988 10394/965/1988
f 10392/963/1988 10394/965/1988 10395/966/1988
f 10396/967/1988 10397/968/1988 10398/969/1988
f 10396/967/1988 10398/969/1988 10399/970/1988
f 10400/971/1988 10401/972/1988 10402/973/1988
f 10400/971/1988 10402/973/1988 10403/974/1988
f 10404/971/1988 10405/933/1988 10406/934/1988
f 10404/971/1988 10406/934/1988 10407/972/1988
f 10408/970/1988 10409/970/1988 10410/967/1988
f 10408/970/1988 10410/967/1988 10411/967/1988
