# Blender 5.1.1
# www.blender.org
mtllib plant_capsule.mtl
o Object_2
v -0.917315 2.260802 -0.026807
v -0.922244 2.270751 -0.000000
v -0.878403 2.279907 -0.000000
v -0.905415 2.236781 -0.037911
v -0.877403 2.268936 -0.026427
v -0.888585 2.202812 -0.000000
v -0.893514 2.212761 -0.026807
v -0.872586 2.216386 -0.026405
v -0.875009 2.242643 -0.037352
v -0.928986 2.025243 -0.022571
v -0.924750 2.038687 -0.026807
v -0.913646 2.038687 -0.000000
v -0.951557 2.025243 -0.031920
v -0.951557 2.038687 -0.037911
v -0.974127 2.025243 -0.022571
v -0.978363 2.038687 -0.026807
v -0.983476 2.025243 -0.000000
v -0.989467 2.038687 -0.000000
v -0.974127 1.737804 -0.022571
v -0.983476 1.737804 -0.000000
v -0.983476 2.025243 -0.000000
v -0.951557 1.737804 -0.031920
v -0.974127 2.025243 -0.022571
v -0.928986 1.737804 -0.022571
v -0.951557 2.025243 -0.031920
v -0.989467 2.038687 -0.000000
v -0.986008 2.192981 -0.000000
v -0.975472 2.189477 -0.026807
v -0.924750 2.038687 -0.026807
v -0.924599 2.172554 -0.026807
v -0.914063 2.169049 -0.000000
v -0.978363 2.038687 -0.026807
v -0.950035 2.181015 -0.037911
v -0.953128 2.233294 -0.026807
v -0.932798 2.215822 -0.037911
v -0.912468 2.198350 -0.026807
v -0.904047 2.191112 -0.000000
v -0.961549 2.240532 -0.000000
v -0.835542 2.243101 -0.042230
v -0.836676 2.210389 -0.027673
v -0.838846 2.285272 -0.000000
v -0.836581 2.275840 -0.029016
v -0.838846 2.201885 -0.000000
v -0.871568 2.205456 -0.000000
v -0.951557 2.038687 -0.037911
v -0.812678 2.371064 -0.000000
v -0.807609 2.370318 -0.062195
v -0.834298 2.367427 -0.058397
v -0.835542 2.243101 -0.042230
v -0.836581 2.275840 -0.029016
v -0.834298 2.367427 -0.058397
v -0.838846 2.285272 -0.000000
v -0.838846 2.368089 -0.000000
v -0.838846 1.561162 -0.000000
v -0.838846 2.201885 -0.000000
v -0.836676 2.210389 -0.027673
v -0.878403 1.483140 -0.000000
v -0.922244 1.492295 -0.000000
v -0.917315 1.502245 -0.026807
v -0.877403 1.494111 -0.026427
v -0.905415 1.526265 -0.037911
v -0.872586 1.546661 -0.026405
v -0.893514 1.550285 -0.026807
v -0.888585 1.560235 -0.000000
v -0.875009 1.520403 -0.037352
v -0.919637 1.737804 -0.000000
v -0.913646 1.724360 -0.000000
v -0.924750 1.724360 -0.026807
v -0.951557 1.724360 -0.037911
v -0.951557 1.737804 -0.031920
v -0.978363 1.724360 -0.026807
v -0.974127 1.737804 -0.022571
v -0.989467 1.724360 -0.000000
v -0.983476 1.737804 -0.000000
v -0.989467 1.724360 -0.000000
v -0.978363 1.724360 -0.026807
v -0.975472 1.573570 -0.026807
v -0.924750 1.724360 -0.026807
v -0.913646 1.724360 -0.000000
v -0.914063 1.593997 -0.000000
v -0.951557 1.724360 -0.037911
v -0.950035 1.582031 -0.037911
v -0.932798 1.547225 -0.037911
v -0.953128 1.529753 -0.026807
v -0.912468 1.564697 -0.026807
v -0.904047 1.571934 -0.000000
v -0.924599 1.590493 -0.026807
v -0.961549 1.522515 -0.000000
v -0.986008 1.570065 -0.000000
v -0.836676 1.552657 -0.027673
v -0.835542 1.519946 -0.042230
v -0.836581 1.487207 -0.029016
v -0.838846 1.477775 -0.000000
v -0.871568 1.557591 -0.000000
v -0.838846 1.561162 -0.000000
v -0.812678 1.383925 -0.000000
v -0.838846 1.386774 -0.000000
v -0.834298 1.387436 -0.058397
v -0.835542 1.519946 -0.042230
v -0.834298 1.387436 -0.058397
v -0.836581 1.487207 -0.029016
v -0.838846 1.477775 -0.000000
v -0.919637 1.737804 -0.000000
v -0.928986 2.025243 -0.022571
v -0.807609 2.370318 -0.062195
v -0.807412 1.384515 -0.062195
v -0.834298 1.387436 -0.058397
v -0.836676 1.552657 -0.027673
v -0.734270 1.164357 -0.260161
v -0.772450 1.164357 -0.233478
v -0.772450 2.520622 -0.233479
v -0.734270 2.536645 -0.260161
v -0.503256 2.637280 -0.178754
v -0.503256 1.164357 -0.178754
v -0.772450 1.164357 -0.233478
v -0.801814 1.164357 -0.124678
v -0.801814 2.519886 -0.124679
v -0.801814 2.519886 -0.124679
v -0.812678 2.519886 -0.000000
v -0.870808 2.651135 -0.000000
v -0.772450 2.520622 -0.233479
v -0.861160 2.651209 -0.138060
v -0.861160 2.651209 -0.138060
v -0.870808 2.651135 -0.000000
v -0.870261 2.744778 -0.000000
v -0.831085 2.651872 -0.260758
v -0.860703 2.744852 -0.138081
v -0.831491 2.745515 -0.260980
v -0.796090 2.746398 -0.293648
v -0.793527 2.652650 -0.293445
v -0.772450 2.520622 -0.233479
v -0.831085 2.651872 -0.260758
v -0.793527 2.652650 -0.293445
v -0.793527 2.652650 -0.293445
v -0.503016 2.751947 -0.202919
v -0.503256 2.637280 -0.178754
v -0.812678 1.164357 -0.000000
v -0.812678 1.383925 -0.000000
v -0.807412 1.384515 -0.062195
v -0.812678 2.519886 -0.000000
v -0.807609 2.370318 -0.062195
v -0.793527 2.652650 -0.293445
v -0.796090 2.746398 -0.293648
v -0.503016 2.751947 -0.202919
v -0.917315 2.260802 0.026806
v -0.877403 2.268936 0.026426
v -0.905415 2.236781 0.037910
v -0.872586 2.216386 0.026405
v -0.893514 2.212761 0.026806
v -0.888585 2.202812 -0.000000
v -0.875009 2.242643 0.037351
v -0.913646 2.038687 -0.000000
v -0.924750 2.038687 0.026806
v -0.928986 2.025243 0.022570
v -0.951557 2.038687 0.037910
v -0.951557 2.025243 0.031920
v -0.978363 2.038687 0.026806
v -0.974127 2.025243 0.022570
v -0.974127 1.737804 0.022570
v -0.974127 2.025243 0.022570
v -0.951557 1.737804 0.031920
v -0.951557 2.025243 0.031920
v -0.928986 1.737804 0.022570
v -0.978363 2.038687 0.026806
v -0.975472 2.189477 0.026806
v -0.924750 2.038687 0.026806
v -0.913646 2.038687 -0.000000
v -0.914063 2.169049 -0.000000
v -0.951557 2.038687 0.037910
v -0.950035 2.181015 0.037910
v -0.932798 2.215822 0.037910
v -0.953128 2.233294 0.026806
v -0.912468 2.198350 0.026806
v -0.904047 2.191112 -0.000000
v -0.924599 2.172554 0.026806
v -0.836676 2.210389 0.027673
v -0.835542 2.243101 0.042230
v -0.836581 2.275840 0.029015
v -0.871568 2.205456 -0.000000
v -0.838846 2.201885 -0.000000
v -0.838846 2.368089 -0.000000
v -0.834298 2.367427 0.058397
v -0.835542 2.243101 0.042230
v -0.834298 2.367427 0.058397
v -0.836581 2.275840 0.029015
v -0.836676 1.552657 0.027673
v -0.836676 2.210389 0.027673
v -0.917315 1.502245 0.026807
v -0.905415 1.526265 0.037910
v -0.877403 1.494111 0.026426
v -0.888585 1.560235 -0.000000
v -0.893514 1.550285 0.026806
v -0.872586 1.546661 0.026405
v -0.875009 1.520403 0.037351
v -0.919637 1.737804 -0.000000
v -0.928986 1.737804 0.022570
v -0.924750 1.724360 0.026806
v -0.951557 1.737804 0.031920
v -0.951557 1.724360 0.037910
v -0.974127 1.737804 0.022570
v -0.978363 1.724360 0.026806
v -0.975472 1.573570 0.026806
v -0.924750 1.724360 0.026806
v -0.924599 1.590493 0.026806
v -0.914063 1.593997 -0.000000
v -0.978363 1.724360 0.026806
v -0.950035 1.582031 0.037910
v -0.953128 1.529753 0.026807
v -0.932798 1.547225 0.037910
v -0.912468 1.564697 0.026806
v -0.904047 1.571934 -0.000000
v -0.835542 1.519946 0.042230
v -0.836676 1.552657 0.027673
v -0.836581 1.487207 0.029015
v -0.838846 1.561162 -0.000000
v -0.871568 1.557591 -0.000000
v -0.951557 1.724360 0.037910
v -0.807412 1.384515 0.062194
v -0.834298 1.387436 0.058397
v -0.835542 1.519946 0.042230
v -0.836581 1.487207 0.029015
v -0.834298 1.387436 0.058397
v -0.838846 1.386774 -0.000000
v -0.928986 2.025243 0.022570
v -0.919637 1.737804 -0.000000
v -0.834298 1.387436 0.058397
v -0.807412 1.384515 0.062194
v -0.807609 2.370318 0.062194
v -0.734271 1.164357 0.260160
v -0.734271 2.536645 0.260160
v -0.772450 2.520622 0.233478
v -0.503256 1.164357 0.178753
v -0.503256 2.637280 0.178753
v -0.734271 2.536645 0.260160
v -0.772450 1.164357 0.233478
v -0.772450 2.520622 0.233478
v -0.801814 2.519886 0.124678
v -0.801814 2.519886 0.124678
v -0.861160 2.651209 0.138059
v -0.772450 2.520622 0.233478
v -0.831086 2.651872 0.260757
v -0.861160 2.651209 0.138059
v -0.860703 2.744852 0.138080
v -0.831086 2.651872 0.260757
v -0.831491 2.745515 0.260979
v -0.793527 2.652650 0.293444
v -0.796091 2.746398 0.293647
v -0.831491 2.745515 0.260979
v -0.772450 2.520622 0.233478
v -0.734271 2.536645 0.260160
v -0.793527 2.652650 0.293444
v -0.503256 2.637280 0.178753
v -0.503016 2.751947 0.202918
v -0.793527 2.652650 0.293444
v -0.801814 1.164357 0.124678
v -0.807412 1.384515 0.062194
v -0.807609 2.370318 0.062194
v -0.793527 2.652650 0.293444
v -0.503016 2.751947 0.202918
v -0.796091 2.746398 0.293647
v 0.878403 2.279907 -0.000000
v 0.922244 2.270751 -0.000000
v 0.917315 2.260802 -0.026807
v 0.877403 2.268936 -0.026427
v 0.905415 2.236781 -0.037911
v 0.872586 2.216386 -0.026405
v 0.893514 2.212761 -0.026807
v 0.888585 2.202812 -0.000000
v 0.875009 2.242643 -0.037352
v 0.913646 2.038687 -0.000000
v 0.924750 2.038687 -0.026807
v 0.928986 2.025243 -0.022571
v 0.951557 2.038687 -0.037911
v 0.951557 2.025243 -0.031920
v 0.978363 2.038687 -0.026807
v 0.974127 2.025243 -0.022571
v 0.989467 2.038687 -0.000000
v 0.983476 2.025243 -0.000000
v 0.983476 1.737804 -0.000000
v 0.974127 1.737804 -0.022571
v 0.974127 2.025243 -0.022571
v 0.951557 1.737804 -0.031920
v 0.951557 2.025243 -0.031920
v 0.928986 1.737804 -0.022571
v 0.989467 2.038687 -0.000000
v 0.978363 2.038687 -0.026807
v 0.975472 2.189477 -0.026807
v 0.924750 2.038687 -0.026807
v 0.913646 2.038687 -0.000000
v 0.914063 2.169049 -0.000000
v 0.951557 2.038687 -0.037911
v 0.950035 2.181015 -0.037911
v 0.932798 2.215822 -0.037911
v 0.953128 2.233294 -0.026807
v 0.912468 2.198350 -0.026807
v 0.904047 2.191112 -0.000000
v 0.924599 2.172554 -0.026807
v 0.961549 2.240532 -0.000000
v 0.986008 2.192981 -0.000000
v 0.836676 2.210389 -0.027673
v 0.835542 2.243101 -0.042230
v 0.836581 2.275840 -0.029016
v 0.838846 2.285272 -0.000000
v 0.871568 2.205456 -0.000000
v 0.838846 2.201885 -0.000000
v 0.812678 2.371064 -0.000000
v 0.838846 2.368089 -0.000000
v 0.834298 2.367427 -0.058397
v 0.835542 2.243101 -0.042230
v 0.834298 2.367427 -0.058397
v 0.836581 2.275840 -0.029016
v 0.838846 2.285272 -0.000000
v 0.838846 1.561162 -0.000000
v 0.836676 1.552657 -0.027673
v 0.836676 2.210389 -0.027673
v 0.917315 1.502245 -0.026807
v 0.922244 1.492295 -0.000000
v 0.878403 1.483140 -0.000000
v 0.905415 1.526265 -0.037911
v 0.877403 1.494111 -0.026427
v 0.888585 1.560235 -0.000000
v 0.893514 1.550285 -0.026807
v 0.872586 1.546661 -0.026405
v 0.875009 1.520403 -0.037352
v 0.919637 1.737804 -0.000000
v 0.928986 1.737804 -0.022571
v 0.924750 1.724360 -0.026807
v 0.951557 1.737804 -0.031920
v 0.951557 1.724360 -0.037911
v 0.974127 1.737804 -0.022571
v 0.978363 1.724360 -0.026807
v 0.983476 1.737804 -0.000000
v 0.989467 1.724360 -0.000000
v 0.989467 1.724360 -0.000000
v 0.986008 1.570065 -0.000000
v 0.975472 1.573570 -0.026807
v 0.924750 1.724360 -0.026807
v 0.924599 1.590493 -0.026807
v 0.914063 1.593997 -0.000000
v 0.978363 1.724360 -0.026807
v 0.950035 1.582031 -0.037911
v 0.953128 1.529753 -0.026807
v 0.932798 1.547225 -0.037911
v 0.912468 1.564697 -0.026807
v 0.904047 1.571934 -0.000000
v 0.961549 1.522515 -0.000000
v 0.835542 1.519946 -0.042230
v 0.836676 1.552657 -0.027673
v 0.838846 1.477775 -0.000000
v 0.836581 1.487207 -0.029016
v 0.838846 1.561162 -0.000000
v 0.871568 1.557591 -0.000000
v 0.951557 1.724360 -0.037911
v 0.812678 1.383925 -0.000000
v 0.807412 1.384515 -0.062195
v 0.834298 1.387436 -0.058397
v 0.835542 1.519946 -0.042230
v 0.836581 1.487207 -0.029016
v 0.834298 1.387436 -0.058397
v 0.838846 1.477775 -0.000000
v 0.838846 1.386774 -0.000000
v 0.928986 2.025243 -0.022571
v 0.919637 1.737804 -0.000000
v 0.834298 1.387436 -0.058397
v 0.807412 1.384515 -0.062195
v 0.807609 2.370318 -0.062195
v 0.734270 1.164357 -0.260161
v 0.734270 2.536645 -0.260161
v 0.772450 2.520622 -0.233479
v 0.503256 1.164357 -0.178754
v 0.503256 2.637280 -0.178754
v 0.734270 2.536645 -0.260161
v 0.772450 1.164357 -0.233478
v 0.772450 2.520622 -0.233479
v 0.801814 2.519886 -0.124679
v 0.801814 2.519886 -0.124679
v 0.861160 2.651209 -0.138060
v 0.870808 2.651135 -0.000000
v 0.772450 2.520622 -0.233479
v 0.831085 2.651872 -0.260758
v 0.861160 2.651209 -0.138060
v 0.860703 2.744852 -0.138081
v 0.870261 2.744778 -0.000000
v 0.831085 2.651872 -0.260758
v 0.831491 2.745515 -0.260980
v 0.793527 2.652650 -0.293445
v 0.796090 2.746398 -0.293648
v 0.831491 2.745515 -0.260980
v 0.772450 2.520622 -0.233479
v 0.734270 2.536645 -0.260161
v 0.793527 2.652650 -0.293445
v 0.503256 2.637280 -0.178754
v 0.503016 2.751947 -0.202919
v 0.793527 2.652650 -0.293445
v 0.812678 1.164357 -0.000000
v 0.801814 1.164357 -0.124678
v 0.807412 1.384515 -0.062195
v 0.807609 2.370318 -0.062195
v 0.812678 2.519886 -0.000000
v 0.793527 2.652650 -0.293445
v 0.503016 2.751947 -0.202919
v 0.796090 2.746398 -0.293648
v 0.917315 2.260802 0.026806
v 0.905415 2.236781 0.037910
v 0.877403 2.268936 0.026426
v 0.888585 2.202812 -0.000000
v 0.893514 2.212761 0.026806
v 0.872586 2.216386 0.026405
v 0.875009 2.242643 0.037351
v 0.928986 2.025243 0.022570
v 0.924750 2.038687 0.026806
v 0.913646 2.038687 -0.000000
v 0.951557 2.025243 0.031920
v 0.951557 2.038687 0.037910
v 0.974127 2.025243 0.022570
v 0.978363 2.038687 0.026806
v 0.983476 2.025243 -0.000000
v 0.974127 1.737804 0.022570
v 0.951557 1.737804 0.031920
v 0.974127 2.025243 0.022570
v 0.928986 1.737804 0.022570
v 0.951557 2.025243 0.031920
v 0.975472 2.189477 0.026806
v 0.924750 2.038687 0.026806
v 0.924599 2.172554 0.026806
v 0.914063 2.169049 -0.000000
v 0.978363 2.038687 0.026806
v 0.950035 2.181015 0.037910
v 0.953128 2.233294 0.026806
v 0.932798 2.215822 0.037910
v 0.912468 2.198350 0.026806
v 0.904047 2.191112 -0.000000
v 0.835542 2.243101 0.042230
v 0.836676 2.210389 0.027673
v 0.836581 2.275840 0.029015
v 0.838846 2.201885 -0.000000
v 0.871568 2.205456 -0.000000
v 0.951557 2.038687 0.037910
v 0.807609 2.370318 0.062194
v 0.834298 2.367427 0.058397
v 0.835542 2.243101 0.042230
v 0.836581 2.275840 0.029015
v 0.834298 2.367427 0.058397
v 0.838846 2.368089 -0.000000
v 0.838846 2.201885 -0.000000
v 0.836676 2.210389 0.027673
v 0.917315 1.502245 0.026807
v 0.877403 1.494111 0.026426
v 0.905415 1.526265 0.037910
v 0.872586 1.546661 0.026405
v 0.893514 1.550285 0.026806
v 0.888585 1.560235 -0.000000
v 0.875009 1.520403 0.037351
v 0.919637 1.737804 -0.000000
v 0.913646 1.724360 -0.000000
v 0.924750 1.724360 0.026806
v 0.951557 1.724360 0.037910
v 0.951557 1.737804 0.031920
v 0.978363 1.724360 0.026806
v 0.974127 1.737804 0.022570
v 0.978363 1.724360 0.026806
v 0.975472 1.573570 0.026806
v 0.924750 1.724360 0.026806
v 0.913646 1.724360 -0.000000
v 0.914063 1.593997 -0.000000
v 0.951557 1.724360 0.037910
v 0.950035 1.582031 0.037910
v 0.932798 1.547225 0.037910
v 0.953128 1.529753 0.026807
v 0.912468 1.564697 0.026806
v 0.904047 1.571934 -0.000000
v 0.924599 1.590493 0.026806
v 0.836676 1.552657 0.027673
v 0.835542 1.519946 0.042230
v 0.836581 1.487207 0.029015
v 0.871568 1.557591 -0.000000
v 0.838846 1.561162 -0.000000
v 0.838846 1.386774 -0.000000
v 0.834298 1.387436 0.058397
v 0.835542 1.519946 0.042230
v 0.834298 1.387436 0.058397
v 0.836581 1.487207 0.029015
v 0.919637 1.737804 -0.000000
v 0.928986 2.025243 0.022570
v 0.807609 2.370318 0.062194
v 0.807412 1.384515 0.062194
v 0.834298 1.387436 0.058397
v 0.836676 1.552657 0.027673
v 0.734271 1.164357 0.260160
v 0.772450 1.164357 0.233478
v 0.772450 2.520622 0.233478
v 0.734271 2.536645 0.260160
v 0.503256 2.637280 0.178753
v 0.503256 1.164357 0.178753
v 0.772450 1.164357 0.233478
v 0.801814 1.164357 0.124678
v 0.801814 2.519886 0.124678
v 0.801814 2.519886 0.124678
v 0.812678 2.519886 -0.000000
v 0.772450 2.520622 0.233478
v 0.861160 2.651209 0.138059
v 0.861160 2.651209 0.138059
v 0.870808 2.651135 -0.000000
v 0.831086 2.651872 0.260757
v 0.860703 2.744852 0.138080
v 0.831491 2.745515 0.260979
v 0.796091 2.746398 0.293647
v 0.793527 2.652650 0.293444
v 0.772450 2.520622 0.233478
v 0.831086 2.651872 0.260757
v 0.793527 2.652650 0.293444
v 0.793527 2.652650 0.293444
v 0.503016 2.751947 0.202918
v 0.503256 2.637280 0.178753
v 0.812678 1.383925 -0.000000
v 0.807412 1.384515 0.062194
v 0.807609 2.370318 0.062194
v 0.793527 2.652650 0.293444
v 0.796091 2.746398 0.293647
v 0.503016 2.751947 0.202918
v -0.646287 1.168758 0.267701
v -0.646287 1.211586 0.267701
v -0.658158 1.211586 0.228565
v -0.581643 1.168758 0.388641
v -0.581643 1.211586 0.388641
v -0.494646 1.168758 0.494646
v -0.494646 1.211586 0.494646
v -0.388641 1.168758 0.581643
v -0.388641 1.211586 0.581643
v -0.267701 1.168758 0.646287
v -0.267701 1.211586 0.646287
v -0.136473 1.168758 0.686094
v -0.136473 1.211586 0.686094
v -0.000000 1.168758 0.699535
v -0.000000 1.211586 0.699535
v -0.494646 1.211586 0.494646
v -0.388641 1.211586 0.581643
v -0.341963 1.240698 0.511784
v -0.267701 1.211586 0.646287
v -0.235549 1.240698 0.568664
v -0.136473 1.211586 0.686094
v -0.120082 1.240698 0.603691
v -0.000000 1.211586 0.699535
v -0.000000 1.240698 0.615518
v -0.658158 1.211586 0.228565
v -0.646287 1.211586 0.267701
v -0.568664 1.240698 0.235548
v -0.581643 1.211586 0.388641
v -0.511784 1.240698 0.341963
v -0.435237 1.240698 0.435237
v -0.568664 1.473360 0.235548
v -0.579110 1.473360 0.201113
v -0.579110 1.240698 0.201113
v -0.511784 1.473360 0.341963
v -0.568664 1.240698 0.235548
v -0.435237 1.473360 0.435237
v -0.511784 1.240698 0.341963
v -0.341963 1.473360 0.511784
v -0.435237 1.240698 0.435237
v -0.235549 1.473360 0.568664
v -0.341963 1.240698 0.511784
v -0.120082 1.473360 0.603691
v -0.235549 1.240698 0.568664
v -0.000000 1.473360 0.615518
v -0.120082 1.240698 0.603691
v -0.511784 1.473360 0.341963
v -0.586895 1.572270 0.392150
v -0.652123 1.572270 0.270118
v -0.435237 1.473360 0.435237
v -0.499113 1.572270 0.499113
v -0.341963 1.473360 0.511784
v -0.392151 1.572270 0.586895
v -0.235549 1.473360 0.568664
v -0.270118 1.572270 0.652122
v -0.120082 1.473360 0.603691
v -0.137705 1.572270 0.692289
v -0.000000 1.473360 0.615518
v -0.000000 1.572270 0.705852
v -0.568664 1.473360 0.235548
v -0.664101 1.572270 0.230629
v -0.270118 2.067283 0.652122
v -0.235470 2.158294 0.568473
v -0.341849 2.158294 0.511613
v -0.137705 2.067283 0.692289
v -0.120041 2.158294 0.603488
v -0.000000 2.067283 0.705852
v -0.000000 2.158294 0.615311
v -0.664101 2.067283 0.230629
v -0.652123 2.067283 0.270118
v -0.568474 2.158294 0.235469
v -0.586895 2.067283 0.392150
v -0.511613 2.158294 0.341848
v -0.499113 2.067283 0.499113
v -0.435091 2.158294 0.435091
v -0.392151 2.067283 0.586895
v -0.499113 2.067283 0.499113
v -0.586895 2.067283 0.392150
v -0.586895 1.572270 0.392150
v -0.652123 2.067283 0.270118
v -0.652123 1.572270 0.270118
v -0.664101 2.067283 0.230629
v -0.664101 1.572270 0.230629
v -0.000000 2.067283 0.705852
v -0.137705 2.067283 0.692289
v -0.137705 1.572270 0.692289
v -0.270118 2.067283 0.652122
v -0.270118 1.572270 0.652122
v -0.392151 2.067283 0.586895
v -0.392151 1.572270 0.586895
v -0.499113 1.572270 0.499113
v -0.341849 2.378205 0.511613
v -0.362714 2.413166 0.542839
v -0.461647 2.413166 0.461647
v -0.542839 2.413166 0.362713
v -0.511613 2.378205 0.341848
v -0.603171 2.413166 0.249841
v -0.000000 2.413166 0.652867
v -0.127368 2.413166 0.640323
v -0.120041 2.378205 0.603488
v -0.249842 2.413166 0.603171
v -0.568474 2.378205 0.235469
v -0.614251 2.413166 0.213317
v -0.000000 2.378205 0.615311
v -0.120041 2.378205 0.603488
v -0.120041 2.158294 0.603488
v -0.568474 2.378205 0.235469
v -0.578916 2.378205 0.201046
v -0.578916 2.158294 0.201046
v -0.511613 2.378205 0.341848
v -0.568474 2.158294 0.235469
v -0.435091 2.378205 0.435091
v -0.511613 2.158294 0.341848
v -0.341849 2.378205 0.511613
v -0.435091 2.158294 0.435091
v -0.235470 2.378205 0.568473
v -0.341849 2.158294 0.511613
v -0.235470 2.158294 0.568473
v -0.249842 2.456375 0.603171
v -0.362714 2.456375 0.542839
v -0.362714 2.413166 0.542839
v -0.542839 2.456375 0.362713
v -0.603171 2.456375 0.249841
v -0.603171 2.413166 0.249841
v -0.461647 2.456375 0.461647
v -0.461647 2.413166 0.461647
v -0.000000 2.456375 0.652867
v -0.127368 2.456375 0.640323
v -0.127368 2.413166 0.640323
v -0.614251 2.456375 0.213317
v -0.614251 2.413166 0.213317
v -0.249842 2.413166 0.603171
v -0.542839 2.413166 0.362713
v -0.576621 2.744781 0.576620
v -0.678034 2.744781 0.453048
v -0.678034 2.653633 0.453048
v -0.753391 2.744781 0.312065
v -0.767230 2.744781 0.266443
v -0.767230 2.653633 0.266443
v -0.753391 2.653633 0.312065
v -0.000000 2.744781 0.815464
v -0.159089 2.744781 0.799795
v -0.159089 2.653633 0.799795
v -0.312065 2.744781 0.753391
v -0.312065 2.653633 0.753391
v -0.453048 2.744781 0.678034
v -0.453048 2.653633 0.678034
v -0.576621 2.653633 0.576620
v -0.415501 2.528736 0.621840
v -0.453048 2.653633 0.678034
v -0.576621 2.653633 0.576620
v -0.312065 2.653633 0.753391
v -0.159089 2.653633 0.799795
v -0.286202 2.528736 0.690952
v -0.000000 2.653633 0.815464
v -0.145904 2.528736 0.733511
v -0.678034 2.653633 0.453048
v -0.753391 2.653633 0.312065
v -0.690952 2.528736 0.286202
v -0.767230 2.653633 0.266443
v -0.621841 2.528736 0.415500
v -0.528832 2.528736 0.528831
v -0.621841 2.528736 0.415500
v -0.542839 2.456375 0.362713
v -0.603171 2.456375 0.249841
v -0.690952 2.528736 0.286202
v -0.703644 2.528736 0.244361
v -0.000000 2.528736 0.747881
v -0.145904 2.528736 0.733511
v -0.127368 2.456375 0.640323
v -0.286202 2.528736 0.690952
v -0.249842 2.456375 0.603171
v -0.415501 2.528736 0.621840
v -0.461647 2.456375 0.461647
v 0.658158 1.211586 0.228565
v 0.646287 1.211586 0.267701
v 0.646287 1.168758 0.267701
v 0.581643 1.211586 0.388641
v 0.581643 1.168758 0.388641
v 0.494646 1.211586 0.494646
v 0.494646 1.168758 0.494646
v 0.388641 1.211586 0.581643
v 0.388641 1.168758 0.581643
v 0.267701 1.211586 0.646287
v 0.267701 1.168758 0.646287
v 0.136473 1.211586 0.686094
v 0.136473 1.168758 0.686094
v 0.494646 1.211586 0.494646
v 0.435237 1.240698 0.435237
v 0.341963 1.240698 0.511784
v 0.235548 1.240698 0.568664
v 0.267701 1.211586 0.646287
v 0.120082 1.240698 0.603691
v 0.136473 1.211586 0.686094
v 0.658158 1.211586 0.228565
v 0.579110 1.240698 0.201113
v 0.568664 1.240698 0.235548
v 0.646287 1.211586 0.267701
v 0.511784 1.240698 0.341963
v 0.579110 1.240698 0.201113
v 0.579110 1.473360 0.201113
v 0.568664 1.473360 0.235548
v 0.568664 1.240698 0.235548
v 0.511784 1.473360 0.341963
v 0.511784 1.240698 0.341963
v 0.435237 1.473360 0.435237
v 0.435237 1.240698 0.435237
v 0.341963 1.473360 0.511784
v 0.341963 1.240698 0.511784
v 0.235548 1.473360 0.568664
v 0.235548 1.240698 0.568664
v 0.120082 1.473360 0.603691
v 0.120082 1.240698 0.603691
v 0.652123 1.572270 0.270118
v 0.586895 1.572270 0.392151
v 0.511784 1.473360 0.341963
v 0.499113 1.572270 0.499113
v 0.435237 1.473360 0.435237
v 0.392151 1.572270 0.586895
v 0.341963 1.473360 0.511784
v 0.270118 1.572270 0.652122
v 0.235548 1.473360 0.568664
v 0.137705 1.572270 0.692289
v 0.120082 1.473360 0.603691
v 0.664101 1.572270 0.230629
v 0.568664 1.473360 0.235548
v 0.341849 2.158294 0.511613
v 0.235469 2.158294 0.568473
v 0.270118 2.067283 0.652122
v 0.120041 2.158294 0.603488
v 0.137705 2.067283 0.692289
v 0.664101 2.067283 0.230629
v 0.578916 2.158294 0.201046
v 0.568474 2.158294 0.235469
v 0.511613 2.158294 0.341849
v 0.586895 2.067283 0.392150
v 0.435091 2.158294 0.435091
v 0.499113 2.067283 0.499113
v 0.586895 1.572270 0.392151
v 0.586895 2.067283 0.392150
v 0.499113 2.067283 0.499113
v 0.652123 1.572270 0.270118
v 0.652123 2.067283 0.270118
v 0.664101 1.572270 0.230629
v 0.664101 2.067283 0.230629
v 0.137705 1.572270 0.692289
v 0.137705 2.067283 0.692289
v 0.270118 1.572270 0.652122
v 0.270118 2.067283 0.652122
v 0.392151 1.572270 0.586895
v 0.392151 2.067283 0.586895
v 0.499113 1.572270 0.499113
v 0.341849 2.378205 0.511613
v 0.435091 2.378205 0.435091
v 0.461647 2.413166 0.461647
v 0.511613 2.378205 0.341848
v 0.542839 2.413166 0.362714
v 0.568474 2.378205 0.235469
v 0.603171 2.413166 0.249841
v 0.120041 2.378205 0.603488
v 0.127368 2.413166 0.640323
v 0.235469 2.378205 0.568473
v 0.249842 2.413166 0.603171
v 0.578916 2.378205 0.201046
v 0.614251 2.413166 0.213317
v 0.362714 2.413166 0.542839
v 0.120041 2.158294 0.603488
v 0.120041 2.378205 0.603488
v 0.578916 2.158294 0.201046
v 0.578916 2.378205 0.201046
v 0.568474 2.378205 0.235469
v 0.568474 2.158294 0.235469
v 0.511613 2.378205 0.341848
v 0.511613 2.158294 0.341849
v 0.435091 2.378205 0.435091
v 0.435091 2.158294 0.435091
v 0.341849 2.378205 0.511613
v 0.341849 2.158294 0.511613
v 0.235469 2.378205 0.568473
v 0.235469 2.158294 0.568473
v 0.362714 2.413166 0.542839
v 0.362714 2.456375 0.542839
v 0.249842 2.456375 0.603171
v 0.603171 2.413166 0.249841
v 0.603171 2.456375 0.249841
v 0.542839 2.456375 0.362714
v 0.461647 2.413166 0.461647
v 0.461647 2.456375 0.461647
v 0.127368 2.413166 0.640323
v 0.127368 2.456375 0.640323
v 0.614251 2.413166 0.213317
v 0.614251 2.456375 0.213317
v 0.249842 2.413166 0.603171
v 0.542839 2.413166 0.362714
v 0.678034 2.653633 0.453048
v 0.678034 2.744781 0.453048
v 0.576620 2.744781 0.576620
v 0.767230 2.653633 0.266444
v 0.767230 2.744781 0.266444
v 0.753391 2.744781 0.312065
v 0.753391 2.653633 0.312065
v 0.159089 2.653633 0.799795
v 0.159089 2.744781 0.799795
v 0.312065 2.653633 0.753391
v 0.312065 2.744781 0.753391
v 0.453048 2.653633 0.678034
v 0.453048 2.744781 0.678034
v 0.576620 2.653633 0.576620
v 0.415500 2.528736 0.621840
v 0.528832 2.528736 0.528832
v 0.576620 2.653633 0.576620
v 0.453048 2.653633 0.678034
v 0.312065 2.653633 0.753391
v 0.286202 2.528736 0.690952
v 0.159089 2.653633 0.799795
v 0.145904 2.528736 0.733511
v 0.690952 2.528736 0.286202
v 0.753391 2.653633 0.312065
v 0.678034 2.653633 0.453048
v 0.703644 2.528736 0.244361
v 0.767230 2.653633 0.266444
v 0.621841 2.528736 0.415500
v 0.542839 2.456375 0.362714
v 0.621841 2.528736 0.415500
v 0.528832 2.528736 0.528832
v 0.603171 2.456375 0.249841
v 0.614251 2.456375 0.213317
v 0.703644 2.528736 0.244361
v 0.690952 2.528736 0.286202
v 0.127368 2.456375 0.640323
v 0.145904 2.528736 0.733511
v 0.249842 2.456375 0.603171
v 0.286202 2.528736 0.690952
v 0.362714 2.456375 0.542839
v 0.415500 2.528736 0.621840
v 0.461647 2.456375 0.461647
v -0.658158 1.211586 -0.228565
v -0.646287 1.211586 -0.267701
v -0.646287 1.168758 -0.267701
v -0.581643 1.211586 -0.388641
v -0.581643 1.168758 -0.388641
v -0.494646 1.211586 -0.494647
v -0.494646 1.168758 -0.494647
v -0.388641 1.211586 -0.581643
v -0.388641 1.168758 -0.581643
v -0.267701 1.211586 -0.646287
v -0.267701 1.168758 -0.646287
v -0.136473 1.211586 -0.686094
v -0.136473 1.168758 -0.686094
v -0.000000 1.211586 -0.699536
v -0.000000 1.168758 -0.699536
v -0.494646 1.211586 -0.494647
v -0.435237 1.240698 -0.435237
v -0.341963 1.240698 -0.511785
v -0.235549 1.240698 -0.568665
v -0.267701 1.211586 -0.646287
v -0.120082 1.240698 -0.603691
v -0.136473 1.211586 -0.686094
v -0.000000 1.240698 -0.615518
v -0.000000 1.211586 -0.699536
v -0.658158 1.211586 -0.228565
v -0.579110 1.240698 -0.201114
v -0.568664 1.240698 -0.235549
v -0.511784 1.240698 -0.341964
v -0.581643 1.211586 -0.388641
v -0.579110 1.240698 -0.201114
v -0.579110 1.473360 -0.201114
v -0.568664 1.473360 -0.235549
v -0.568664 1.240698 -0.235549
v -0.511784 1.473360 -0.341964
v -0.511784 1.240698 -0.341964
v -0.435237 1.473360 -0.435237
v -0.435237 1.240698 -0.435237
v -0.341963 1.473360 -0.511785
v -0.341963 1.240698 -0.511785
v -0.235549 1.473360 -0.568665
v -0.235549 1.240698 -0.568665
v -0.120082 1.473360 -0.603691
v -0.120082 1.240698 -0.603691
v -0.000000 1.473360 -0.615518
v -0.652123 1.572270 -0.270118
v -0.586895 1.572270 -0.392151
v -0.511784 1.473360 -0.341964
v -0.499113 1.572270 -0.499113
v -0.392151 1.572270 -0.586895
v -0.341963 1.473360 -0.511785
v -0.270118 1.572270 -0.652123
v -0.235549 1.473360 -0.568665
v -0.137705 1.572270 -0.692290
v -0.120082 1.473360 -0.603691
v -0.000000 1.572270 -0.705853
v -0.664101 1.572270 -0.230629
v -0.568664 1.473360 -0.235549
v -0.341849 2.158294 -0.511613
v -0.235470 2.158294 -0.568474
v -0.270118 2.067283 -0.652123
v -0.120041 2.158294 -0.603489
v -0.137705 2.067283 -0.692290
v -0.000000 2.158294 -0.615312
v -0.000000 2.067283 -0.705853
v -0.664101 2.067283 -0.230630
v -0.578916 2.158294 -0.201046
v -0.568474 2.158294 -0.235470
v -0.652123 2.067283 -0.270118
v -0.511613 2.158294 -0.341849
v -0.586895 2.067283 -0.392151
v -0.435091 2.158294 -0.435091
v -0.499113 2.067283 -0.499113
v -0.586895 1.572270 -0.392151
v -0.586895 2.067283 -0.392151
v -0.499113 2.067283 -0.499113
v -0.652123 1.572270 -0.270118
v -0.652123 2.067283 -0.270118
v -0.664101 1.572270 -0.230629
v -0.664101 2.067283 -0.230630
v -0.137705 1.572270 -0.692290
v -0.137705 2.067283 -0.692290
v -0.000000 2.067283 -0.705853
v -0.270118 1.572270 -0.652123
v -0.270118 2.067283 -0.652123
v -0.392151 1.572270 -0.586895
v -0.392151 2.067283 -0.586895
v -0.499113 1.572270 -0.499113
v -0.341849 2.378205 -0.511613
v -0.435091 2.378205 -0.435091
v -0.461647 2.413166 -0.461647
v -0.511613 2.378205 -0.341849
v -0.542839 2.413166 -0.362714
v -0.568474 2.378205 -0.235470
v -0.603171 2.413166 -0.249842
v -0.120041 2.378205 -0.603489
v -0.127368 2.413166 -0.640323
v -0.000000 2.413166 -0.652868
v -0.235470 2.378205 -0.568474
v -0.249842 2.413166 -0.603171
v -0.578916 2.378205 -0.201046
v -0.614251 2.413166 -0.213317
v -0.362714 2.413166 -0.542840
v -0.120041 2.158294 -0.603489
v -0.120041 2.378205 -0.603489
v -0.000000 2.378205 -0.615312
v -0.578916 2.158294 -0.201046
v -0.578916 2.378205 -0.201046
v -0.568474 2.378205 -0.235470
v -0.568474 2.158294 -0.235470
v -0.511613 2.378205 -0.341849
v -0.511613 2.158294 -0.341849
v -0.435091 2.378205 -0.435091
v -0.435091 2.158294 -0.435091
v -0.341849 2.378205 -0.511613
v -0.341849 2.158294 -0.511613
v -0.235470 2.378205 -0.568474
v -0.235470 2.158294 -0.568474
v -0.362714 2.413166 -0.542840
v -0.362714 2.456375 -0.542840
v -0.249842 2.456375 -0.603171
v -0.603171 2.413166 -0.249842
v -0.603171 2.456375 -0.249842
v -0.542839 2.456375 -0.362714
v -0.461647 2.413166 -0.461647
v -0.461647 2.456375 -0.461647
v -0.127368 2.413166 -0.640323
v -0.127368 2.456375 -0.640323
v -0.000000 2.456375 -0.652868
v -0.614251 2.413166 -0.213317
v -0.614251 2.456375 -0.213317
v -0.249842 2.413166 -0.603171
v -0.542839 2.413166 -0.362714
v -0.678034 2.653633 -0.453048
v -0.678034 2.744781 -0.453048
v -0.576621 2.744781 -0.576621
v -0.767230 2.653633 -0.266444
v -0.767230 2.744781 -0.266444
v -0.753391 2.744781 -0.312065
v -0.753391 2.653633 -0.312065
v -0.159089 2.653633 -0.799796
v -0.159089 2.744781 -0.799796
v -0.000000 2.744781 -0.815465
v -0.312065 2.653633 -0.753392
v -0.312065 2.744781 -0.753392
v -0.453048 2.653633 -0.678035
v -0.453048 2.744781 -0.678035
v -0.576621 2.653633 -0.576621
v -0.415501 2.528736 -0.621841
v -0.528832 2.528736 -0.528832
v -0.576621 2.653633 -0.576621
v -0.453048 2.653633 -0.678035
v -0.312065 2.653633 -0.753392
v -0.286202 2.528736 -0.690953
v -0.159089 2.653633 -0.799796
v -0.145904 2.528736 -0.733511
v -0.000000 2.653633 -0.815465
v -0.690952 2.528736 -0.286202
v -0.753391 2.653633 -0.312065
v -0.678034 2.653633 -0.453048
v -0.703644 2.528736 -0.244362
v -0.767230 2.653633 -0.266444
v -0.621841 2.528736 -0.415501
v -0.542839 2.456375 -0.362714
v -0.621841 2.528736 -0.415501
v -0.528832 2.528736 -0.528832
v -0.603171 2.456375 -0.249842
v -0.614251 2.456375 -0.213317
v -0.703644 2.528736 -0.244362
v -0.690952 2.528736 -0.286202
v -0.127368 2.456375 -0.640323
v -0.145904 2.528736 -0.733511
v -0.000000 2.528736 -0.747882
v -0.249842 2.456375 -0.603171
v -0.286202 2.528736 -0.690953
v -0.362714 2.456375 -0.542840
v -0.415501 2.528736 -0.621841
v -0.461647 2.456375 -0.461647
v 0.646287 1.168758 -0.267701
v 0.646287 1.211586 -0.267701
v 0.658158 1.211586 -0.228566
v 0.581643 1.168758 -0.388641
v 0.581643 1.211586 -0.388641
v 0.494646 1.168758 -0.494647
v 0.494646 1.211586 -0.494647
v 0.388641 1.168758 -0.581643
v 0.388641 1.211586 -0.581643
v 0.267701 1.168758 -0.646287
v 0.267701 1.211586 -0.646287
v 0.136473 1.168758 -0.686094
v 0.136473 1.211586 -0.686094
v 0.494646 1.211586 -0.494647
v 0.388641 1.211586 -0.581643
v 0.341963 1.240698 -0.511785
v 0.267701 1.211586 -0.646287
v 0.235548 1.240698 -0.568665
v 0.136473 1.211586 -0.686094
v 0.120082 1.240698 -0.603691
v 0.658158 1.211586 -0.228566
v 0.646287 1.211586 -0.267701
v 0.568664 1.240698 -0.235549
v 0.581643 1.211586 -0.388641
v 0.511784 1.240698 -0.341964
v 0.435237 1.240698 -0.435237
v 0.568664 1.473360 -0.235549
v 0.579110 1.473360 -0.201114
v 0.579110 1.240698 -0.201114
v 0.511784 1.473360 -0.341964
v 0.568664 1.240698 -0.235549
v 0.435237 1.473360 -0.435237
v 0.511784 1.240698 -0.341964
v 0.341963 1.473360 -0.511785
v 0.435237 1.240698 -0.435237
v 0.235548 1.473360 -0.568665
v 0.341963 1.240698 -0.511785
v 0.120082 1.473360 -0.603691
v 0.235548 1.240698 -0.568665
v 0.120082 1.240698 -0.603691
v 0.568664 1.473360 -0.235549
v 0.511784 1.473360 -0.341964
v 0.586895 1.572270 -0.392151
v 0.435237 1.473360 -0.435237
v 0.499113 1.572270 -0.499113
v 0.341963 1.473360 -0.511785
v 0.392151 1.572270 -0.586895
v 0.235548 1.473360 -0.568665
v 0.270118 1.572270 -0.652123
v 0.120082 1.473360 -0.603691
v 0.137705 1.572270 -0.692290
v -0.000000 1.473360 -0.615518
v 0.652123 1.572270 -0.270118
v 0.664101 1.572270 -0.230630
v 0.270118 2.067283 -0.652123
v 0.235469 2.158294 -0.568474
v 0.341849 2.158294 -0.511613
v 0.137705 2.067283 -0.692290
v 0.120041 2.158294 -0.603489
v 0.664101 2.067283 -0.230630
v 0.652123 2.067283 -0.270118
v 0.568474 2.158294 -0.235470
v 0.586895 2.067283 -0.392151
v 0.511613 2.158294 -0.341849
v 0.499113 2.067283 -0.499113
v 0.435091 2.158294 -0.435091
v 0.392151 2.067283 -0.586895
v 0.499113 2.067283 -0.499113
v 0.586895 2.067283 -0.392151
v 0.586895 1.572270 -0.392151
v 0.652123 2.067283 -0.270118
v 0.652123 1.572270 -0.270118
v 0.664101 2.067283 -0.230630
v 0.664101 1.572270 -0.230630
v 0.137705 2.067283 -0.692290
v 0.137705 1.572270 -0.692290
v 0.270118 2.067283 -0.652123
v 0.270118 1.572270 -0.652123
v 0.392151 2.067283 -0.586895
v 0.392151 1.572270 -0.586895
v 0.499113 1.572270 -0.499113
v 0.341849 2.378205 -0.511613
v 0.362714 2.413166 -0.542840
v 0.461647 2.413166 -0.461647
v 0.542839 2.413166 -0.362714
v 0.511613 2.378205 -0.341849
v 0.603171 2.413166 -0.249842
v 0.568474 2.378205 -0.235470
v 0.127368 2.413166 -0.640323
v 0.120041 2.378205 -0.603489
v 0.249842 2.413166 -0.603171
v 0.614251 2.413166 -0.213317
v 0.120041 2.378205 -0.603489
v 0.120041 2.158294 -0.603489
v 0.568474 2.378205 -0.235470
v 0.578916 2.378205 -0.201046
v 0.578916 2.158294 -0.201046
v 0.511613 2.378205 -0.341849
v 0.568474 2.158294 -0.235470
v 0.435091 2.378205 -0.435091
v 0.511613 2.158294 -0.341849
v 0.341849 2.378205 -0.511613
v 0.435091 2.158294 -0.435091
v 0.235469 2.378205 -0.568474
v 0.341849 2.158294 -0.511613
v 0.235469 2.158294 -0.568474
v 0.249842 2.456375 -0.603171
v 0.362714 2.456375 -0.542840
v 0.362714 2.413166 -0.542840
v 0.542839 2.456375 -0.362714
v 0.603171 2.456375 -0.249842
v 0.603171 2.413166 -0.249842
v 0.461647 2.456375 -0.461647
v 0.461647 2.413166 -0.461647
v 0.127368 2.456375 -0.640323
v 0.127368 2.413166 -0.640323
v 0.614251 2.456375 -0.213317
v 0.614251 2.413166 -0.213317
v 0.249842 2.413166 -0.603171
v 0.542839 2.413166 -0.362714
v 0.576620 2.744781 -0.576621
v 0.678034 2.744781 -0.453048
v 0.678034 2.653633 -0.453048
v 0.753391 2.744781 -0.312065
v 0.767230 2.744781 -0.266444
v 0.767230 2.653633 -0.266444
v 0.753391 2.653633 -0.312065
v 0.159089 2.744781 -0.799796
v 0.159089 2.653633 -0.799796
v 0.312065 2.744781 -0.753392
v 0.312065 2.653633 -0.753392
v 0.453048 2.744781 -0.678035
v 0.453048 2.653633 -0.678035
v 0.576620 2.653633 -0.576621
v 0.415500 2.528736 -0.621841
v 0.453048 2.653633 -0.678035
v 0.576620 2.653633 -0.576621
v 0.312065 2.653633 -0.753392
v 0.159089 2.653633 -0.799796
v 0.286202 2.528736 -0.690953
v 0.145904 2.528736 -0.733511
v 0.678034 2.653633 -0.453048
v 0.753391 2.653633 -0.312065
v 0.690952 2.528736 -0.286202
v 0.767230 2.653633 -0.266444
v 0.621841 2.528736 -0.415501
v 0.528832 2.528736 -0.528832
v 0.621841 2.528736 -0.415501
v 0.542839 2.456375 -0.362714
v 0.603171 2.456375 -0.249842
v 0.690952 2.528736 -0.286202
v 0.703644 2.528736 -0.244362
v 0.145904 2.528736 -0.733511
v 0.127368 2.456375 -0.640323
v 0.286202 2.528736 -0.690953
v 0.249842 2.456375 -0.603171
v 0.415500 2.528736 -0.621841
v 0.362714 2.456375 -0.542840
v 1.029830 0.497444 0.106242
v 1.013979 0.497778 0.214005
v 1.178663 0.364974 0.213985
v 1.178663 0.364974 0.213985
v 1.178687 0.172144 0.213852
v 1.194183 0.172143 0.106155
v 1.029830 0.497444 0.106242
v 0.776993 0.497792 0.213933
v 1.013979 0.497778 0.214005
v 1.194323 0.364833 0.106175
v 1.198159 0.172139 -0.000000
v 1.033814 0.497442 -0.000000
v 1.194323 0.364833 0.106175
v 1.029830 0.497444 -0.106242
v 1.194323 0.364833 -0.106175
v 1.178663 0.364974 -0.213985
v 1.194183 0.172143 -0.106155
v 1.178687 0.172144 -0.213852
v 1.178663 0.364974 -0.213985
v 1.029830 0.497444 -0.106242
v 1.013979 0.497777 -0.214006
v 0.776993 0.497792 -0.213934
v 1.178687 0.172144 0.213852
v 1.178663 0.364974 0.213985
v 0.776981 0.172133 0.213509
v 1.194323 0.364833 -0.106175
v 1.198302 0.364829 -0.000000
v 1.198302 0.364829 -0.000000
v 1.013979 0.497777 -0.214006
v 1.013979 0.497778 0.214005
v 0.776993 0.497792 0.213933
v 1.013979 0.497777 -0.214006
v 0.776981 0.172133 -0.213510
v 0.776993 0.497792 -0.213934
v 1.178663 0.364974 -0.213985
v 1.178687 0.172144 -0.213852
v 1.033814 0.497442 -0.000000
v 0.106242 0.497443 -1.029831
v 0.214005 0.497777 -1.013979
v 0.213985 0.364974 -1.178663
v 0.213985 0.364974 -1.178663
v 0.213851 0.172144 -1.178687
v 0.106155 0.172143 -1.194183
v 0.106242 0.497443 -1.029831
v 0.213933 0.497792 -0.776993
v 0.214005 0.497777 -1.013979
v 0.106174 0.364833 -1.194323
v -0.000000 0.172139 -1.198159
v -0.000000 0.497442 -1.033815
v 0.106174 0.364833 -1.194323
v -0.106242 0.497443 -1.029831
v -0.106175 0.364833 -1.194323
v -0.213985 0.364974 -1.178663
v -0.106156 0.172143 -1.194183
v -0.213852 0.172144 -1.178687
v -0.213985 0.364974 -1.178663
v -0.106242 0.497443 -1.029831
v -0.214006 0.497777 -1.013979
v -0.213934 0.497792 -0.776993
v 0.213851 0.172144 -1.178687
v 0.213985 0.364974 -1.178663
v 0.213509 0.172133 -0.776981
v -0.106175 0.364833 -1.194323
v -0.000000 0.364829 -1.198303
v -0.000000 0.364829 -1.198303
v -0.214006 0.497777 -1.013979
v 0.214005 0.497777 -1.013979
v 0.213933 0.497792 -0.776993
v -0.214006 0.497777 -1.013979
v -0.213510 0.172133 -0.776981
v -0.213934 0.497792 -0.776993
v -0.213985 0.364974 -1.178663
v -0.213852 0.172144 -1.178687
v -0.000000 0.497442 -1.033815
v -1.029830 0.497444 -0.106242
v -1.013979 0.497777 -0.214005
v -1.178663 0.364974 -0.213985
v -1.178663 0.364974 -0.213985
v -1.178687 0.172144 -0.213852
v -1.194183 0.172143 -0.106155
v -1.029830 0.497444 -0.106242
v -0.776993 0.497792 -0.213934
v -1.013979 0.497777 -0.214005
v -1.194323 0.364833 -0.106175
v -1.198159 0.172139 0.000000
v -1.033814 0.497442 0.000000
v -1.194323 0.364833 -0.106175
v -1.029830 0.497444 0.106242
v -1.194323 0.364833 0.106175
v -1.178663 0.364974 0.213985
v -1.194183 0.172143 0.106155
v -1.178687 0.172144 0.213852
v -1.178663 0.364974 0.213985
v -1.029830 0.497444 0.106242
v -1.013979 0.497778 0.214005
v -0.776993 0.497792 0.213934
v -1.178687 0.172144 -0.213852
v -1.178663 0.364974 -0.213985
v -0.776981 0.172133 -0.213509
v -1.194323 0.364833 0.106175
v -1.198302 0.364829 0.000000
v -1.198302 0.364829 0.000000
v -1.013979 0.497778 0.214005
v -1.013979 0.497777 -0.214005
v -0.776993 0.497792 -0.213934
v -1.013979 0.497778 0.214005
v -0.776981 0.172133 0.213510
v -0.776993 0.497792 0.213934
v -1.178663 0.364974 0.213985
v -1.178687 0.172144 0.213852
v -1.033814 0.497442 0.000000
v -0.106242 0.497444 1.029830
v -0.214005 0.497778 1.013979
v -0.213985 0.364974 1.178663
v -0.213985 0.364974 1.178663
v -0.213852 0.172144 1.178687
v -0.106155 0.172143 1.194183
v -0.106242 0.497444 1.029830
v -0.213933 0.497792 0.776993
v -0.214005 0.497778 1.013979
v -0.106175 0.364833 1.194323
v 0.000000 0.172139 1.198159
v 0.000000 0.497442 1.033814
v -0.106175 0.364833 1.194323
v 0.106242 0.497444 1.029830
v 0.106175 0.364833 1.194323
v 0.213985 0.364974 1.178663
v 0.106155 0.172143 1.194183
v 0.213852 0.172144 1.178687
v 0.213985 0.364974 1.178663
v 0.106242 0.497444 1.029830
v 0.214005 0.497778 1.013979
v 0.213934 0.497792 0.776993
v -0.213852 0.172144 1.178687
v -0.213985 0.364974 1.178663
v -0.213509 0.172133 0.776981
v 0.106175 0.364833 1.194323
v 0.000000 0.364829 1.198303
v 0.000000 0.364829 1.198303
v 0.214005 0.497778 1.013979
v -0.214005 0.497778 1.013979
v -0.213933 0.497792 0.776993
v 0.214005 0.497778 1.013979
v 0.213510 0.172133 0.776981
v 0.213934 0.497792 0.776993
v 0.213985 0.364974 1.178663
v 0.213852 0.172144 1.178687
v 0.000000 0.497442 1.033814
v -0.618717 2.331504 0.438527
v -0.639517 2.269922 0.453291
v -0.601890 2.269922 0.502041
v -0.568499 2.357012 0.402883
v -0.582310 2.331504 0.485692
v -0.518281 2.331504 0.367239
v -0.535041 2.357012 0.446221
v -0.497480 2.269922 0.352475
v -0.487772 2.331504 0.406751
v -0.497480 2.269922 0.352475
v -0.468193 2.269922 0.390401
v -0.487772 2.208340 0.406751
v -0.518281 2.208340 0.367239
v -0.535041 2.182832 0.446221
v -0.568499 2.182832 0.402883
v -0.582310 2.208340 0.485692
v -0.618717 2.208340 0.438527
v -0.531493 2.269922 0.575998
v -0.514195 2.331504 0.557252
v -0.472434 2.357012 0.511994
v -0.468193 2.269922 0.390401
v -0.430673 2.331504 0.466735
v -0.413375 2.269922 0.447989
v -0.430673 2.208340 0.466735
v -0.472434 2.182832 0.511993
v -0.514195 2.208340 0.557252
v -0.457195 2.269922 0.641162
v -0.441747 2.334113 0.619521
v -0.404450 2.360702 0.567277
v -0.413375 2.269922 0.447989
v -0.367154 2.334113 0.515032
v -0.351705 2.269922 0.493392
v -0.367154 2.205731 0.515032
v -0.404450 2.179142 0.567276
v -0.441746 2.205731 0.619521
v -0.369068 2.269922 0.691552
v -0.357044 2.331504 0.669056
v -0.328014 2.357012 0.614746
v -0.298984 2.331504 0.560436
v -0.286960 2.269922 0.537940
v -0.286960 2.269922 0.537940
v -0.298984 2.208340 0.560436
v -0.328014 2.182832 0.614746
v -0.357044 2.208340 0.669056
v -0.273841 2.269922 0.734570
v -0.264927 2.331504 0.710671
v -0.243409 2.357012 0.652971
v -0.221890 2.331504 0.595271
v -0.212977 2.269922 0.571371
v -0.212977 2.269922 0.571371
v -0.221890 2.208340 0.595271
v -0.243409 2.182832 0.652971
v -0.264927 2.208340 0.710671
v -0.212188 2.269922 0.754523
v -0.205303 2.331504 0.729968
v -0.188680 2.357012 0.670687
v -0.172058 2.331504 0.611405
v -0.165173 2.269922 0.586850
v -0.172058 2.208340 0.611405
v -0.188680 2.182832 0.670687
v -0.205303 2.208340 0.729968
v -0.205303 2.331504 0.729968
v -0.192469 2.311960 0.713405
v -0.181555 2.329373 0.672809
v -0.181555 2.210472 0.672809
v -0.192469 2.227884 0.713405
v -0.205303 2.208340 0.729968
v -0.172058 2.331504 0.611405
v -0.170640 2.311960 0.632212
v -0.166119 2.269922 0.615397
v -0.212188 2.269922 0.754523
v -0.196990 2.269922 0.730220
v -0.170640 2.227885 0.632212
v -0.172058 2.208340 0.611405
v -0.188680 2.357012 0.670687
v -0.188680 2.182832 0.670687
v -0.537347 2.312304 0.373494
v -0.572129 2.329860 0.397711
v -0.568499 2.357012 0.402883
v -0.639517 2.269922 0.453291
v -0.621319 2.269922 0.431958
v -0.606911 2.227540 0.421927
v -0.568499 2.182832 0.402883
v -0.572129 2.209985 0.397711
v -0.537347 2.227540 0.373494
v -0.522940 2.269922 0.363464
v -0.518281 2.331504 0.367239
v -0.618717 2.208340 0.438527
v -0.606911 2.312304 0.421927
v -0.618717 2.331504 0.438527
v -0.518281 2.208340 0.367239
v -0.710851 2.325976 0.248144
v -0.732773 2.269922 0.255793
v -0.702051 2.269922 0.326232
v -0.657927 2.349194 0.229677
v -0.681493 2.324683 0.316659
v -0.605002 2.325976 0.211210
v -0.631862 2.347365 0.293550
v -0.583080 2.269922 0.203561
v -0.582230 2.324683 0.270440
v -0.583080 2.269922 0.203561
v -0.561672 2.269922 0.260868
v -0.582230 2.215162 0.270440
v -0.605002 2.213868 0.211210
v -0.631862 2.192479 0.293550
v -0.657927 2.190650 0.229677
v -0.681493 2.215162 0.316659
v -0.710851 2.213868 0.248144
v -0.681493 2.324683 0.316659
v -0.665114 2.311960 0.321893
v -0.627290 2.329373 0.303547
v -0.627290 2.210472 0.303547
v -0.665114 2.227884 0.321893
v -0.681493 2.215162 0.316659
v -0.582230 2.324683 0.270440
v -0.589467 2.311960 0.285201
v -0.573800 2.269922 0.277602
v -0.702051 2.269922 0.326232
v -0.680780 2.269922 0.329492
v -0.589467 2.227885 0.285201
v -0.582230 2.215162 0.270440
v -0.631862 2.347365 0.293550
v -0.631862 2.192479 0.293550
v -0.683245 2.314754 0.288596
v -0.700350 2.269922 0.295824
v -0.656283 2.269922 0.383629
v -0.641949 2.333323 0.271146
v -0.640258 2.314754 0.374247
v -0.600653 2.314754 0.253696
v -0.601569 2.333323 0.351596
v -0.583548 2.269922 0.246468
v -0.562881 2.314754 0.328946
v -0.583548 2.269922 0.246468
v -0.546855 2.269922 0.319564
v -0.562881 2.225091 0.328946
v -0.600653 2.225091 0.253696
v -0.601569 2.206521 0.351596
v -0.641949 2.206521 0.271146
v -0.640258 2.225091 0.374247
v -0.683245 2.225091 0.288596
v -0.601679 2.269922 0.464465
v -0.586985 2.314754 0.453109
v -0.551513 2.333323 0.425695
v -0.546855 2.269922 0.319564
v -0.516040 2.314754 0.398281
v -0.501347 2.269922 0.386925
v -0.516040 2.225091 0.398281
v -0.551513 2.206521 0.425695
v -0.586985 2.225091 0.453109
v 0.618717 2.331504 0.438527
v 0.582310 2.331504 0.485692
v 0.601890 2.269922 0.502041
v 0.568499 2.357012 0.402883
v 0.535041 2.357012 0.446221
v 0.518281 2.331504 0.367239
v 0.487772 2.331504 0.406751
v 0.497480 2.269922 0.352475
v 0.468193 2.269922 0.390401
v 0.487772 2.208340 0.406751
v 0.468193 2.269922 0.390401
v 0.497480 2.269922 0.352475
v 0.535041 2.182832 0.446221
v 0.518281 2.208340 0.367239
v 0.582310 2.208340 0.485692
v 0.568499 2.182832 0.402883
v 0.618717 2.208340 0.438527
v 0.514195 2.331504 0.557252
v 0.531493 2.269922 0.575998
v 0.472434 2.357012 0.511994
v 0.430673 2.331504 0.466735
v 0.413375 2.269922 0.447989
v 0.430673 2.208340 0.466735
v 0.413375 2.269922 0.447989
v 0.472434 2.182832 0.511993
v 0.514195 2.208340 0.557252
v 0.441747 2.334113 0.619521
v 0.457195 2.269922 0.641162
v 0.404450 2.360702 0.567277
v 0.367154 2.334113 0.515032
v 0.351705 2.269922 0.493392
v 0.367154 2.205731 0.515032
v 0.351705 2.269922 0.493392
v 0.404450 2.179142 0.567276
v 0.441746 2.205731 0.619521
v 0.357044 2.331504 0.669056
v 0.369068 2.269922 0.691552
v 0.328014 2.357012 0.614746
v 0.298984 2.331504 0.560436
v 0.286960 2.269922 0.537940
v 0.298984 2.208340 0.560436
v 0.286960 2.269922 0.537940
v 0.328014 2.182832 0.614746
v 0.357044 2.208340 0.669056
v 0.264927 2.331504 0.710671
v 0.273841 2.269922 0.734570
v 0.243409 2.357012 0.652971
v 0.221890 2.331504 0.595271
v 0.212977 2.269922 0.571371
v 0.221890 2.208340 0.595271
v 0.212977 2.269922 0.571371
v 0.243409 2.182832 0.652971
v 0.264927 2.208340 0.710671
v 0.205303 2.331504 0.729968
v 0.212188 2.269922 0.754523
v 0.188680 2.357012 0.670687
v 0.172058 2.331504 0.611405
v 0.165173 2.269922 0.586850
v 0.172058 2.208340 0.611405
v 0.165173 2.269922 0.586850
v 0.188680 2.182832 0.670687
v 0.205303 2.208340 0.729968
v 0.205303 2.331504 0.729968
v 0.188680 2.357012 0.670687
v 0.181555 2.329373 0.672809
v 0.205303 2.208340 0.729968
v 0.192469 2.227884 0.713405
v 0.181555 2.210472 0.672809
v 0.172058 2.331504 0.611405
v 0.165173 2.269922 0.586850
v 0.166119 2.269922 0.615397
v 0.212188 2.269922 0.754523
v 0.192469 2.311960 0.713405
v 0.172058 2.208340 0.611405
v 0.170640 2.227885 0.632212
v 0.170640 2.311960 0.632212
v 0.188680 2.182832 0.670687
v 0.196990 2.269922 0.730220
v 0.568499 2.357012 0.402883
v 0.572129 2.329860 0.397711
v 0.537347 2.312304 0.373494
v 0.639517 2.269922 0.453291
v 0.618717 2.208340 0.438527
v 0.606911 2.227540 0.421927
v 0.568499 2.182832 0.402883
v 0.518281 2.208340 0.367239
v 0.537347 2.227540 0.373494
v 0.518281 2.331504 0.367239
v 0.522940 2.269922 0.363464
v 0.572129 2.209985 0.397711
v 0.621319 2.269922 0.431958
v 0.606911 2.312304 0.421927
v 0.618717 2.331504 0.438527
v 0.497480 2.269922 0.352475
v 0.710851 2.325976 0.248144
v 0.681493 2.324683 0.316659
v 0.702051 2.269922 0.326232
v 0.657927 2.349194 0.229677
v 0.631862 2.347365 0.293550
v 0.605002 2.325976 0.211210
v 0.582230 2.324683 0.270440
v 0.583080 2.269922 0.203561
v 0.561672 2.269922 0.260868
v 0.582230 2.215162 0.270440
v 0.561672 2.269922 0.260868
v 0.583080 2.269922 0.203561
v 0.631862 2.192479 0.293550
v 0.605002 2.213868 0.211210
v 0.681493 2.215162 0.316659
v 0.657927 2.190650 0.229677
v 0.710851 2.213868 0.248144
v 0.681493 2.324683 0.316659
v 0.631862 2.347365 0.293550
v 0.627290 2.329373 0.303547
v 0.681493 2.215162 0.316659
v 0.665114 2.227884 0.321893
v 0.627290 2.210472 0.303547
v 0.582230 2.324683 0.270440
v 0.561672 2.269922 0.260868
v 0.573800 2.269922 0.277602
v 0.702051 2.269922 0.326232
v 0.665114 2.311960 0.321893
v 0.582230 2.215162 0.270440
v 0.589467 2.227885 0.285201
v 0.589467 2.311960 0.285201
v 0.631862 2.192479 0.293550
v 0.680780 2.269922 0.329492
v 0.683245 2.314754 0.288596
v 0.640258 2.314754 0.374247
v 0.656283 2.269922 0.383629
v 0.641949 2.333323 0.271146
v 0.601569 2.333323 0.351596
v 0.600653 2.314754 0.253696
v 0.562881 2.314754 0.328946
v 0.583548 2.269922 0.246468
v 0.546855 2.269922 0.319564
v 0.562881 2.225091 0.328946
v 0.546855 2.269922 0.319564
v 0.583548 2.269922 0.246468
v 0.601569 2.206521 0.351596
v 0.600653 2.225091 0.253696
v 0.640258 2.225091 0.374247
v 0.641949 2.206521 0.271146
v 0.683245 2.225091 0.288596
v 0.586985 2.314754 0.453109
v 0.601679 2.269922 0.464465
v 0.551513 2.333323 0.425695
v 0.516040 2.314754 0.398281
v 0.501347 2.269922 0.386925
v 0.516040 2.225091 0.398281
v 0.501347 2.269922 0.386925
v 0.551513 2.206521 0.425695
v 0.586985 2.225091 0.453109
v 0.100525 2.314754 0.734781
v 0.103014 2.269922 0.753183
v 0.201967 2.269922 0.732958
v 0.094517 2.333323 0.690354
v 0.197049 2.314754 0.715052
v 0.088508 2.314754 0.645927
v 0.185176 2.333323 0.671821
v 0.086020 2.269922 0.627524
v 0.173303 2.314754 0.628590
v 0.173303 2.225091 0.628590
v 0.088508 2.225091 0.645927
v 0.086020 2.269922 0.627524
v 0.185176 2.206521 0.671821
v 0.094517 2.206521 0.690354
v 0.197049 2.225091 0.715051
v 0.100525 2.225091 0.734781
v -0.000000 2.314754 0.741547
v -0.000000 2.269922 0.760117
v -0.000000 2.333323 0.696716
v -0.000000 2.314754 0.651885
v -0.000000 2.269922 0.633315
v -0.000000 2.225091 0.651884
v -0.000000 2.269922 0.633315
v -0.000000 2.206521 0.696716
v -0.000000 2.225091 0.741547
v -0.201967 2.269922 0.732958
v -0.103014 2.269922 0.753183
v -0.100526 2.314754 0.734781
v -0.197049 2.314754 0.715052
v -0.094517 2.333323 0.690354
v -0.185176 2.333323 0.671821
v -0.088509 2.314754 0.645927
v -0.173303 2.314754 0.628590
v -0.086020 2.269922 0.627524
v -0.173303 2.225091 0.628590
v -0.168386 2.269922 0.610683
v -0.086020 2.269922 0.627524
v -0.185176 2.206521 0.671821
v -0.088509 2.225091 0.645927
v -0.197049 2.225091 0.715051
v -0.094517 2.206521 0.690354
v -0.100526 2.225091 0.734781
v -0.618717 1.426844 0.438527
v -0.639517 1.365263 0.453291
v -0.601890 1.365263 0.502041
v -0.568499 1.452352 0.402883
v -0.582310 1.426845 0.485692
v -0.518281 1.426844 0.367240
v -0.535041 1.452353 0.446221
v -0.497480 1.365263 0.352475
v -0.487772 1.426844 0.406751
v -0.497480 1.365263 0.352475
v -0.468193 1.365263 0.390402
v -0.487772 1.303681 0.406751
v -0.518281 1.303681 0.367240
v -0.535041 1.278173 0.446221
v -0.568499 1.278173 0.402883
v -0.582310 1.303681 0.485692
v -0.618717 1.303681 0.438527
v -0.531493 1.365263 0.575998
v -0.514195 1.426845 0.557252
v -0.472434 1.452353 0.511994
v -0.468193 1.365263 0.390402
v -0.430673 1.426845 0.466736
v -0.413375 1.365263 0.447989
v -0.430673 1.303681 0.466736
v -0.472434 1.278173 0.511994
v -0.514195 1.303681 0.557252
v -0.457195 1.365263 0.641162
v -0.441747 1.429454 0.619521
v -0.404450 1.456043 0.567277
v -0.413375 1.365263 0.447989
v -0.367154 1.429454 0.515032
v -0.351705 1.365263 0.493392
v -0.367154 1.301072 0.515032
v -0.404450 1.274483 0.567277
v -0.441746 1.301072 0.619521
v -0.369068 1.365263 0.691552
v -0.357044 1.426845 0.669056
v -0.328014 1.452353 0.614746
v -0.298984 1.426845 0.560436
v -0.286960 1.365263 0.537940
v -0.286960 1.365263 0.537940
v -0.298984 1.303681 0.560436
v -0.328014 1.278173 0.614746
v -0.357044 1.303681 0.669056
v -0.273841 1.365263 0.734571
v -0.264927 1.426845 0.710671
v -0.243409 1.452353 0.652971
v -0.221890 1.426845 0.595272
v -0.212977 1.365263 0.571372
v -0.212977 1.365263 0.571372
v -0.221890 1.303681 0.595272
v -0.243409 1.278173 0.652971
v -0.264927 1.303681 0.710671
v -0.212188 1.365263 0.754523
v -0.205303 1.426845 0.729968
v -0.188680 1.452353 0.670687
v -0.172058 1.426845 0.611405
v -0.165173 1.365263 0.586850
v -0.172058 1.303681 0.611405
v -0.188680 1.278173 0.670687
v -0.205303 1.303681 0.729968
v -0.205303 1.426845 0.729968
v -0.192469 1.407301 0.713405
v -0.181555 1.424713 0.672809
v -0.181555 1.305812 0.672809
v -0.192469 1.323225 0.713405
v -0.205303 1.303681 0.729968
v -0.172058 1.426845 0.611405
v -0.170640 1.407301 0.632212
v -0.166119 1.365263 0.615397
v -0.212188 1.365263 0.754523
v -0.196990 1.365263 0.730220
v -0.170640 1.323225 0.632212
v -0.172058 1.303681 0.611405
v -0.188680 1.452353 0.670687
v -0.188680 1.278173 0.670687
v -0.537347 1.407645 0.373494
v -0.572129 1.425200 0.397711
v -0.568499 1.452352 0.402883
v -0.639517 1.365263 0.453291
v -0.621319 1.365263 0.431958
v -0.606911 1.322881 0.421927
v -0.568499 1.278173 0.402883
v -0.572129 1.305326 0.397711
v -0.537347 1.322881 0.373494
v -0.522940 1.365263 0.363464
v -0.518281 1.426844 0.367240
v -0.618717 1.303681 0.438527
v -0.606911 1.407645 0.421927
v -0.618717 1.426844 0.438527
v -0.518281 1.303681 0.367240
v -0.710851 1.421317 0.248144
v -0.732773 1.365263 0.255793
v -0.702051 1.365263 0.326232
v -0.657927 1.444535 0.229677
v -0.681493 1.420023 0.316660
v -0.605002 1.421317 0.211211
v -0.631862 1.442706 0.293550
v -0.583080 1.365263 0.203561
v -0.582230 1.420023 0.270440
v -0.583080 1.365263 0.203561
v -0.561672 1.365263 0.260868
v -0.582230 1.310503 0.270440
v -0.605002 1.309209 0.211211
v -0.631862 1.287820 0.293550
v -0.657927 1.285991 0.229677
v -0.681493 1.310503 0.316660
v -0.710851 1.309209 0.248144
v -0.681493 1.420023 0.316660
v -0.665114 1.407300 0.321893
v -0.627290 1.424713 0.303547
v -0.627290 1.305812 0.303547
v -0.665114 1.323225 0.321893
v -0.681493 1.310503 0.316660
v -0.582230 1.420023 0.270440
v -0.589467 1.407301 0.285201
v -0.573800 1.365263 0.277602
v -0.702051 1.365263 0.326232
v -0.680780 1.365263 0.329492
v -0.589467 1.323225 0.285201
v -0.582230 1.310503 0.270440
v -0.631862 1.442706 0.293550
v -0.631862 1.287820 0.293550
v -0.683245 1.410094 0.288596
v -0.700350 1.365263 0.295824
v -0.656283 1.365263 0.383629
v -0.641949 1.428664 0.271146
v -0.640258 1.410094 0.374247
v -0.600653 1.410094 0.253696
v -0.601569 1.428664 0.351597
v -0.583548 1.365263 0.246468
v -0.562881 1.410094 0.328946
v -0.583548 1.365263 0.246468
v -0.546855 1.365263 0.319564
v -0.562881 1.320431 0.328946
v -0.600653 1.320431 0.253696
v -0.601569 1.301862 0.351597
v -0.641949 1.301862 0.271146
v -0.640258 1.320431 0.374247
v -0.683245 1.320431 0.288596
v -0.601679 1.365263 0.464465
v -0.586985 1.410094 0.453110
v -0.551513 1.428664 0.425695
v -0.546855 1.365263 0.319564
v -0.516040 1.410094 0.398281
v -0.501347 1.365263 0.386925
v -0.516040 1.320431 0.398281
v -0.551513 1.301862 0.425695
v -0.586985 1.320431 0.453109
v 0.618717 1.426844 0.438527
v 0.582310 1.426845 0.485692
v 0.601890 1.365263 0.502041
v 0.568499 1.452352 0.402883
v 0.535041 1.452353 0.446221
v 0.518281 1.426844 0.367240
v 0.487772 1.426844 0.406751
v 0.497480 1.365263 0.352475
v 0.468193 1.365263 0.390402
v 0.487772 1.303681 0.406751
v 0.468193 1.365263 0.390402
v 0.497480 1.365263 0.352475
v 0.535041 1.278173 0.446221
v 0.518281 1.303681 0.367240
v 0.582310 1.303681 0.485692
v 0.568499 1.278173 0.402883
v 0.618717 1.303681 0.438527
v 0.514195 1.426845 0.557252
v 0.531493 1.365263 0.575998
v 0.472434 1.452353 0.511994
v 0.430673 1.426845 0.466736
v 0.413375 1.365263 0.447989
v 0.430673 1.303681 0.466736
v 0.413375 1.365263 0.447989
v 0.472434 1.278173 0.511994
v 0.514195 1.303681 0.557252
v 0.441747 1.429454 0.619521
v 0.457195 1.365263 0.641162
v 0.404450 1.456043 0.567277
v 0.367154 1.429454 0.515032
v 0.351705 1.365263 0.493392
v 0.367154 1.301072 0.515032
v 0.351705 1.365263 0.493392
v 0.404450 1.274483 0.567277
v 0.441746 1.301072 0.619521
v 0.357044 1.426845 0.669056
v 0.369068 1.365263 0.691552
v 0.328014 1.452353 0.614746
v 0.298984 1.426845 0.560436
v 0.286960 1.365263 0.537940
v 0.298984 1.303681 0.560436
v 0.286960 1.365263 0.537940
v 0.328014 1.278173 0.614746
v 0.357044 1.303681 0.669056
v 0.264927 1.426845 0.710671
v 0.273841 1.365263 0.734571
v 0.243409 1.452353 0.652971
v 0.221890 1.426845 0.595272
v 0.212977 1.365263 0.571372
v 0.221890 1.303681 0.595272
v 0.212977 1.365263 0.571372
v 0.243409 1.278173 0.652971
v 0.264927 1.303681 0.710671
v 0.205303 1.426845 0.729968
v 0.212188 1.365263 0.754523
v 0.188680 1.452353 0.670687
v 0.172058 1.426845 0.611405
v 0.165173 1.365263 0.586850
v 0.172058 1.303681 0.611405
v 0.165173 1.365263 0.586850
v 0.188680 1.278173 0.670687
v 0.205303 1.303681 0.729968
v 0.205303 1.426845 0.729968
v 0.188680 1.452353 0.670687
v 0.181555 1.424713 0.672809
v 0.205303 1.303681 0.729968
v 0.192469 1.323225 0.713405
v 0.181555 1.305812 0.672809
v 0.172058 1.426845 0.611405
v 0.165173 1.365263 0.586850
v 0.166119 1.365263 0.615397
v 0.212188 1.365263 0.754523
v 0.192469 1.407301 0.713405
v 0.172058 1.303681 0.611405
v 0.170640 1.323225 0.632212
v 0.170640 1.407301 0.632212
v 0.188680 1.278173 0.670687
v 0.196990 1.365263 0.730220
v 0.568499 1.452352 0.402883
v 0.572129 1.425200 0.397711
v 0.537347 1.407645 0.373494
v 0.639517 1.365263 0.453291
v 0.618717 1.303681 0.438527
v 0.606911 1.322881 0.421927
v 0.568499 1.278173 0.402883
v 0.518281 1.303681 0.367240
v 0.537347 1.322881 0.373494
v 0.518281 1.426844 0.367240
v 0.522940 1.365263 0.363464
v 0.572129 1.305326 0.397711
v 0.621319 1.365263 0.431958
v 0.606911 1.407645 0.421927
v 0.618717 1.426844 0.438527
v 0.497480 1.365263 0.352475
v 0.710851 1.421317 0.248144
v 0.681493 1.420023 0.316660
v 0.702051 1.365263 0.326232
v 0.657927 1.444535 0.229677
v 0.631862 1.442706 0.293550
v 0.605002 1.421317 0.211211
v 0.582230 1.420023 0.270440
v 0.583080 1.365263 0.203561
v 0.561672 1.365263 0.260868
v 0.582230 1.310503 0.270440
v 0.561672 1.365263 0.260868
v 0.583080 1.365263 0.203561
v 0.631862 1.287820 0.293550
v 0.605002 1.309209 0.211211
v 0.681493 1.310503 0.316660
v 0.657927 1.285991 0.229677
v 0.710851 1.309209 0.248144
v 0.681493 1.420023 0.316660
v 0.631862 1.442706 0.293550
v 0.627290 1.424713 0.303547
v 0.681493 1.310503 0.316660
v 0.665114 1.323225 0.321893
v 0.627290 1.305812 0.303547
v 0.582230 1.420023 0.270440
v 0.561672 1.365263 0.260868
v 0.573800 1.365263 0.277602
v 0.702051 1.365263 0.326232
v 0.665114 1.407300 0.321893
v 0.582230 1.310503 0.270440
v 0.589467 1.323225 0.285201
v 0.589467 1.407301 0.285201
v 0.631862 1.287820 0.293550
v 0.680780 1.365263 0.329492
v 0.683245 1.410094 0.288596
v 0.640258 1.410094 0.374247
v 0.656283 1.365263 0.383629
v 0.641949 1.428664 0.271146
v 0.601569 1.428664 0.351597
v 0.600653 1.410094 0.253696
v 0.562881 1.410094 0.328946
v 0.583548 1.365263 0.246468
v 0.546855 1.365263 0.319564
v 0.562881 1.320431 0.328946
v 0.546855 1.365263 0.319564
v 0.583548 1.365263 0.246468
v 0.601569 1.301862 0.351597
v 0.600653 1.320431 0.253696
v 0.640258 1.320431 0.374247
v 0.641949 1.301862 0.271146
v 0.683245 1.320431 0.288596
v 0.586985 1.410094 0.453110
v 0.601679 1.365263 0.464465
v 0.551513 1.428664 0.425695
v 0.516040 1.410094 0.398281
v 0.501347 1.365263 0.386925
v 0.516040 1.320431 0.398281
v 0.501347 1.365263 0.386925
v 0.551513 1.301862 0.425695
v 0.586985 1.320431 0.453109
v 0.100525 1.410094 0.734781
v 0.103014 1.365263 0.753183
v 0.201967 1.365263 0.732958
v 0.094517 1.428664 0.690354
v 0.197049 1.410094 0.715052
v 0.088508 1.410094 0.645927
v 0.185176 1.428664 0.671821
v 0.086020 1.365263 0.627525
v 0.173303 1.410094 0.628590
v 0.173303 1.320432 0.628590
v 0.088508 1.320432 0.645927
v 0.086020 1.365263 0.627525
v 0.185176 1.301862 0.671821
v 0.094517 1.301862 0.690354
v 0.197049 1.320431 0.715052
v 0.100525 1.320431 0.734781
v -0.000000 1.410094 0.741548
v -0.000000 1.365263 0.760117
v -0.000000 1.428664 0.696716
v -0.000000 1.410094 0.651885
v -0.000000 1.365263 0.633315
v -0.000000 1.320432 0.651885
v -0.000000 1.365263 0.633315
v -0.000000 1.301862 0.696716
v -0.000000 1.320431 0.741548
v -0.201967 1.365263 0.732958
v -0.103014 1.365263 0.753183
v -0.100526 1.410094 0.734781
v -0.197049 1.410094 0.715052
v -0.094517 1.428664 0.690354
v -0.185176 1.428664 0.671821
v -0.088509 1.410094 0.645927
v -0.173303 1.410094 0.628590
v -0.086020 1.365263 0.627525
v -0.173303 1.320432 0.628590
v -0.168386 1.365263 0.610684
v -0.086020 1.365263 0.627525
v -0.185176 1.301862 0.671821
v -0.088509 1.320432 0.645927
v -0.197049 1.320431 0.715052
v -0.094517 1.301862 0.690354
v -0.100526 1.320431 0.734781
v -0.618717 2.331504 -0.438527
v -0.582310 2.331504 -0.485693
v -0.601890 2.269922 -0.502042
v -0.568499 2.357012 -0.402884
v -0.535041 2.357012 -0.446222
v -0.518281 2.331504 -0.367240
v -0.487772 2.331504 -0.406751
v -0.497480 2.269922 -0.352476
v -0.468193 2.269922 -0.390402
v -0.487772 2.208340 -0.406751
v -0.468193 2.269922 -0.390402
v -0.497480 2.269922 -0.352476
v -0.535041 2.182832 -0.446222
v -0.518281 2.208340 -0.367240
v -0.582310 2.208340 -0.485692
v -0.568499 2.182832 -0.402884
v -0.618717 2.208340 -0.438527
v -0.514195 2.331504 -0.557252
v -0.531493 2.269922 -0.575999
v -0.472434 2.357012 -0.511994
v -0.430673 2.331504 -0.466736
v -0.413375 2.269922 -0.447989
v -0.430673 2.208340 -0.466736
v -0.413375 2.269922 -0.447989
v -0.472434 2.182832 -0.511994
v -0.514195 2.208340 -0.557252
v -0.441747 2.334113 -0.619522
v -0.457195 2.269922 -0.641162
v -0.404450 2.360702 -0.567277
v -0.367154 2.334113 -0.515033
v -0.351705 2.269922 -0.493392
v -0.367154 2.205731 -0.515033
v -0.351705 2.269922 -0.493392
v -0.404450 2.179142 -0.567277
v -0.441746 2.205731 -0.619522
v -0.357044 2.331504 -0.669056
v -0.369068 2.269922 -0.691552
v -0.328014 2.357012 -0.614747
v -0.298984 2.331504 -0.560436
v -0.286960 2.269922 -0.537941
v -0.298984 2.208340 -0.560436
v -0.286960 2.269922 -0.537941
v -0.328014 2.182832 -0.614747
v -0.357044 2.208340 -0.669056
v -0.264927 2.331504 -0.710671
v -0.273841 2.269922 -0.734571
v -0.243409 2.357012 -0.652972
v -0.221890 2.331504 -0.595272
v -0.212977 2.269922 -0.571372
v -0.221890 2.208340 -0.595272
v -0.212977 2.269922 -0.571372
v -0.243409 2.182832 -0.652972
v -0.264927 2.208340 -0.710671
v -0.205303 2.331504 -0.729969
v -0.212188 2.269922 -0.754524
v -0.188680 2.357012 -0.670687
v -0.172058 2.331504 -0.611406
v -0.165173 2.269922 -0.586850
v -0.172058 2.208340 -0.611406
v -0.165173 2.269922 -0.586850
v -0.188680 2.182832 -0.670687
v -0.205303 2.208340 -0.729969
v -0.205303 2.331504 -0.729969
v -0.188680 2.357012 -0.670687
v -0.181555 2.329373 -0.672809
v -0.205303 2.208340 -0.729969
v -0.192469 2.227884 -0.713405
v -0.181555 2.210472 -0.672809
v -0.172058 2.331504 -0.611406
v -0.165173 2.269922 -0.586850
v -0.166119 2.269922 -0.615397
v -0.212188 2.269922 -0.754524
v -0.192469 2.311960 -0.713405
v -0.172058 2.208340 -0.611406
v -0.170640 2.227885 -0.632213
v -0.170640 2.311960 -0.632213
v -0.188680 2.182832 -0.670687
v -0.196990 2.269922 -0.730221
v -0.568499 2.357012 -0.402884
v -0.572129 2.329860 -0.397711
v -0.537347 2.312304 -0.373495
v -0.639517 2.269922 -0.453291
v -0.618717 2.208340 -0.438527
v -0.606911 2.227540 -0.421928
v -0.568499 2.182832 -0.402884
v -0.518281 2.208340 -0.367240
v -0.537347 2.227540 -0.373495
v -0.518281 2.331504 -0.367240
v -0.522940 2.269922 -0.363464
v -0.572129 2.209985 -0.397711
v -0.621319 2.269922 -0.431959
v -0.606911 2.312304 -0.421928
v -0.618717 2.331504 -0.438527
v -0.497480 2.269922 -0.352476
v -0.710851 2.325976 -0.248144
v -0.681493 2.324683 -0.316660
v -0.702051 2.269922 -0.326232
v -0.657927 2.349194 -0.229678
v -0.631862 2.347365 -0.293550
v -0.605002 2.325976 -0.211211
v -0.582230 2.324683 -0.270441
v -0.583080 2.269922 -0.203562
v -0.561672 2.269922 -0.260868
v -0.582230 2.215162 -0.270441
v -0.561672 2.269922 -0.260868
v -0.583080 2.269922 -0.203562
v -0.631862 2.192479 -0.293550
v -0.605002 2.213868 -0.211211
v -0.681493 2.215162 -0.316660
v -0.657927 2.190650 -0.229678
v -0.710851 2.213868 -0.248144
v -0.681493 2.324683 -0.316660
v -0.631862 2.347365 -0.293550
v -0.627290 2.329373 -0.303548
v -0.681493 2.215162 -0.316660
v -0.665114 2.227884 -0.321893
v -0.627290 2.210472 -0.303548
v -0.582230 2.324683 -0.270441
v -0.561672 2.269922 -0.260868
v -0.573800 2.269922 -0.277602
v -0.702051 2.269922 -0.326232
v -0.665114 2.311960 -0.321893
v -0.582230 2.215162 -0.270441
v -0.589467 2.227885 -0.285201
v -0.589467 2.311960 -0.285201
v -0.631862 2.192479 -0.293550
v -0.680780 2.269922 -0.329493
v -0.683245 2.314754 -0.288597
v -0.640258 2.314754 -0.374247
v -0.656283 2.269922 -0.383629
v -0.641949 2.333323 -0.271147
v -0.601569 2.333323 -0.351597
v -0.600653 2.314754 -0.253697
v -0.562881 2.314754 -0.328947
v -0.583548 2.269922 -0.246469
v -0.546855 2.269922 -0.319565
v -0.562881 2.225091 -0.328947
v -0.546855 2.269922 -0.319565
v -0.583548 2.269922 -0.246469
v -0.601569 2.206521 -0.351597
v -0.600653 2.225091 -0.253697
v -0.640258 2.225091 -0.374247
v -0.641949 2.206521 -0.271147
v -0.683245 2.225091 -0.288597
v -0.586985 2.314754 -0.453110
v -0.601679 2.269922 -0.464465
v -0.551513 2.333323 -0.425696
v -0.516040 2.314754 -0.398281
v -0.501347 2.269922 -0.386926
v -0.516040 2.225091 -0.398281
v -0.501347 2.269922 -0.386926
v -0.551513 2.206521 -0.425696
v -0.586985 2.225091 -0.453110
v 0.618717 2.331504 -0.438527
v 0.639517 2.269922 -0.453291
v 0.601890 2.269922 -0.502042
v 0.568499 2.357012 -0.402884
v 0.582310 2.331504 -0.485693
v 0.518281 2.331504 -0.367240
v 0.535041 2.357012 -0.446222
v 0.497480 2.269922 -0.352476
v 0.487772 2.331504 -0.406751
v 0.497480 2.269922 -0.352476
v 0.468193 2.269922 -0.390402
v 0.487772 2.208340 -0.406751
v 0.518281 2.208340 -0.367240
v 0.535041 2.182832 -0.446222
v 0.568499 2.182832 -0.402884
v 0.582310 2.208340 -0.485692
v 0.618717 2.208340 -0.438527
v 0.531493 2.269922 -0.575999
v 0.514195 2.331504 -0.557252
v 0.472434 2.357012 -0.511994
v 0.468193 2.269922 -0.390402
v 0.430673 2.331504 -0.466736
v 0.413375 2.269922 -0.447989
v 0.430673 2.208340 -0.466736
v 0.472434 2.182832 -0.511994
v 0.514195 2.208340 -0.557252
v 0.457195 2.269922 -0.641162
v 0.441747 2.334113 -0.619522
v 0.404450 2.360702 -0.567277
v 0.413375 2.269922 -0.447989
v 0.367154 2.334113 -0.515033
v 0.351705 2.269922 -0.493392
v 0.367154 2.205731 -0.515033
v 0.404450 2.179142 -0.567277
v 0.441746 2.205731 -0.619522
v 0.369068 2.269922 -0.691552
v 0.357044 2.331504 -0.669056
v 0.328014 2.357012 -0.614747
v 0.298984 2.331504 -0.560436
v 0.286960 2.269922 -0.537941
v 0.286960 2.269922 -0.537941
v 0.298984 2.208340 -0.560436
v 0.328014 2.182832 -0.614747
v 0.357044 2.208340 -0.669056
v 0.273841 2.269922 -0.734571
v 0.264927 2.331504 -0.710671
v 0.243409 2.357012 -0.652972
v 0.221890 2.331504 -0.595272
v 0.212977 2.269922 -0.571372
v 0.212977 2.269922 -0.571372
v 0.221890 2.208340 -0.595272
v 0.243409 2.182832 -0.652972
v 0.264927 2.208340 -0.710671
v 0.212188 2.269922 -0.754524
v 0.205303 2.331504 -0.729969
v 0.188680 2.357012 -0.670687
v 0.172058 2.331504 -0.611406
v 0.165173 2.269922 -0.586850
v 0.172058 2.208340 -0.611406
v 0.188680 2.182832 -0.670687
v 0.205303 2.208340 -0.729969
v 0.205303 2.331504 -0.729969
v 0.192469 2.311960 -0.713405
v 0.181555 2.329373 -0.672809
v 0.181555 2.210472 -0.672809
v 0.192469 2.227884 -0.713405
v 0.205303 2.208340 -0.729969
v 0.172058 2.331504 -0.611406
v 0.170640 2.311960 -0.632213
v 0.166119 2.269922 -0.615397
v 0.212188 2.269922 -0.754524
v 0.196990 2.269922 -0.730221
v 0.170640 2.227885 -0.632213
v 0.172058 2.208340 -0.611406
v 0.188680 2.357012 -0.670687
v 0.188680 2.182832 -0.670687
v 0.537347 2.312304 -0.373495
v 0.572129 2.329860 -0.397711
v 0.568499 2.357012 -0.402884
v 0.639517 2.269922 -0.453291
v 0.621319 2.269922 -0.431959
v 0.606911 2.227540 -0.421928
v 0.568499 2.182832 -0.402884
v 0.572129 2.209985 -0.397711
v 0.537347 2.227540 -0.373495
v 0.522940 2.269922 -0.363464
v 0.518281 2.331504 -0.367240
v 0.618717 2.208340 -0.438527
v 0.606911 2.312304 -0.421928
v 0.618717 2.331504 -0.438527
v 0.518281 2.208340 -0.367240
v 0.710851 2.325976 -0.248144
v 0.732773 2.269922 -0.255793
v 0.702051 2.269922 -0.326232
v 0.657927 2.349194 -0.229678
v 0.681493 2.324683 -0.316660
v 0.605002 2.325976 -0.211211
v 0.631862 2.347365 -0.293550
v 0.583080 2.269922 -0.203562
v 0.582230 2.324683 -0.270441
v 0.583080 2.269922 -0.203562
v 0.561672 2.269922 -0.260868
v 0.582230 2.215162 -0.270441
v 0.605002 2.213868 -0.211211
v 0.631862 2.192479 -0.293550
v 0.657927 2.190650 -0.229678
v 0.681493 2.215162 -0.316660
v 0.710851 2.213868 -0.248144
v 0.681493 2.324683 -0.316660
v 0.665114 2.311960 -0.321893
v 0.627290 2.329373 -0.303548
v 0.627290 2.210472 -0.303548
v 0.665114 2.227884 -0.321893
v 0.681493 2.215162 -0.316660
v 0.582230 2.324683 -0.270441
v 0.589467 2.311960 -0.285201
v 0.573800 2.269922 -0.277602
v 0.702051 2.269922 -0.326232
v 0.680780 2.269922 -0.329493
v 0.589467 2.227885 -0.285201
v 0.582230 2.215162 -0.270441
v 0.631862 2.347365 -0.293550
v 0.631862 2.192479 -0.293550
v 0.683245 2.314754 -0.288597
v 0.700350 2.269922 -0.295825
v 0.656283 2.269922 -0.383629
v 0.641949 2.333323 -0.271147
v 0.640258 2.314754 -0.374247
v 0.600653 2.314754 -0.253697
v 0.601569 2.333323 -0.351597
v 0.583548 2.269922 -0.246469
v 0.562881 2.314754 -0.328947
v 0.583548 2.269922 -0.246469
v 0.546855 2.269922 -0.319565
v 0.562881 2.225091 -0.328947
v 0.600653 2.225091 -0.253697
v 0.601569 2.206521 -0.351597
v 0.641949 2.206521 -0.271147
v 0.640258 2.225091 -0.374247
v 0.683245 2.225091 -0.288597
v 0.601679 2.269922 -0.464465
v 0.586985 2.314754 -0.453110
v 0.551513 2.333323 -0.425696
v 0.546855 2.269922 -0.319565
v 0.516040 2.314754 -0.398281
v 0.501347 2.269922 -0.386926
v 0.516040 2.225091 -0.398281
v 0.551513 2.206521 -0.425696
v 0.586985 2.225091 -0.453110
v 0.201967 2.269922 -0.732959
v 0.103014 2.269922 -0.753183
v 0.100525 2.314754 -0.734781
v 0.197049 2.314754 -0.715052
v 0.094517 2.333323 -0.690354
v 0.185176 2.333323 -0.671821
v 0.088508 2.314754 -0.645927
v 0.173303 2.314754 -0.628591
v 0.086020 2.269922 -0.627525
v 0.173303 2.225091 -0.628591
v 0.168385 2.269922 -0.610684
v 0.086020 2.269922 -0.627525
v 0.185176 2.206521 -0.671821
v 0.088508 2.225091 -0.645927
v 0.197049 2.225091 -0.715052
v 0.094517 2.206521 -0.690354
v 0.100525 2.225091 -0.734781
v -0.000000 2.269922 -0.760118
v -0.000000 2.314754 -0.741548
v -0.000000 2.333323 -0.696717
v -0.000000 2.314754 -0.651885
v -0.000000 2.269922 -0.633315
v -0.000000 2.225091 -0.651885
v -0.000000 2.206521 -0.696717
v -0.000000 2.225091 -0.741548
v -0.100526 2.314754 -0.734781
v -0.103014 2.269922 -0.753183
v -0.201967 2.269922 -0.732959
v -0.094517 2.333323 -0.690354
v -0.197049 2.314754 -0.715052
v -0.088509 2.314754 -0.645927
v -0.185176 2.333323 -0.671821
v -0.086020 2.269922 -0.627525
v -0.173303 2.314754 -0.628591
v -0.173303 2.225091 -0.628591
v -0.088509 2.225091 -0.645927
v -0.086020 2.269922 -0.627525
v -0.185176 2.206521 -0.671821
v -0.094517 2.206521 -0.690354
v -0.197049 2.225091 -0.715052
v -0.100526 2.225091 -0.734781
v -0.000000 2.269922 -0.633315
v -0.618717 1.426844 -0.438527
v -0.582310 1.426844 -0.485692
v -0.601890 1.365263 -0.502042
v -0.568499 1.452352 -0.402884
v -0.535041 1.452352 -0.446222
v -0.518281 1.426844 -0.367240
v -0.487772 1.426844 -0.406751
v -0.497480 1.365263 -0.352476
v -0.468193 1.365263 -0.390402
v -0.487772 1.303681 -0.406751
v -0.468193 1.365263 -0.390402
v -0.497480 1.365263 -0.352476
v -0.535041 1.278173 -0.446222
v -0.518281 1.303681 -0.367240
v -0.582310 1.303681 -0.485692
v -0.568499 1.278173 -0.402883
v -0.618717 1.303681 -0.438527
v -0.514195 1.426844 -0.557252
v -0.531493 1.365263 -0.575999
v -0.472434 1.452352 -0.511994
v -0.430673 1.426844 -0.466736
v -0.413375 1.365263 -0.447989
v -0.430673 1.303681 -0.466736
v -0.413375 1.365263 -0.447989
v -0.472434 1.278173 -0.511994
v -0.514195 1.303681 -0.557252
v -0.441747 1.429454 -0.619522
v -0.457195 1.365263 -0.641162
v -0.404450 1.456043 -0.567277
v -0.367154 1.429454 -0.515032
v -0.351705 1.365263 -0.493392
v -0.367154 1.301071 -0.515032
v -0.351705 1.365263 -0.493392
v -0.404450 1.274482 -0.567277
v -0.441746 1.301071 -0.619522
v -0.357044 1.426844 -0.669056
v -0.369068 1.365263 -0.691552
v -0.328014 1.452352 -0.614746
v -0.298984 1.426844 -0.560436
v -0.286960 1.365263 -0.537940
v -0.298984 1.303681 -0.560436
v -0.286960 1.365263 -0.537940
v -0.328014 1.278173 -0.614746
v -0.357044 1.303681 -0.669056
v -0.264927 1.426844 -0.710671
v -0.273841 1.365263 -0.734571
v -0.243409 1.452352 -0.652972
v -0.221890 1.426844 -0.595272
v -0.212977 1.365263 -0.571372
v -0.221890 1.303681 -0.595272
v -0.212977 1.365263 -0.571372
v -0.243409 1.278173 -0.652972
v -0.264927 1.303681 -0.710671
v -0.205303 1.426844 -0.729969
v -0.212188 1.365263 -0.754524
v -0.188680 1.452352 -0.670687
v -0.172058 1.426844 -0.611405
v -0.165173 1.365263 -0.586850
v -0.172058 1.303681 -0.611405
v -0.165173 1.365263 -0.586850
v -0.188680 1.278173 -0.670687
v -0.205303 1.303681 -0.729969
v -0.205303 1.426844 -0.729969
v -0.188680 1.452352 -0.670687
v -0.181555 1.424713 -0.672809
v -0.205303 1.303681 -0.729969
v -0.192469 1.323225 -0.713405
v -0.181555 1.305812 -0.672809
v -0.172058 1.426844 -0.611405
v -0.165173 1.365263 -0.586850
v -0.166119 1.365263 -0.615397
v -0.212188 1.365263 -0.754524
v -0.192469 1.407300 -0.713405
v -0.172058 1.303681 -0.611405
v -0.170640 1.323225 -0.632213
v -0.170640 1.407301 -0.632213
v -0.188680 1.278173 -0.670687
v -0.196990 1.365263 -0.730221
v -0.568499 1.452352 -0.402884
v -0.572129 1.425200 -0.397711
v -0.537347 1.407645 -0.373495
v -0.639517 1.365263 -0.453291
v -0.618717 1.303681 -0.438527
v -0.606911 1.322881 -0.421928
v -0.568499 1.278173 -0.402883
v -0.518281 1.303681 -0.367240
v -0.537347 1.322881 -0.373495
v -0.518281 1.426844 -0.367240
v -0.522940 1.365263 -0.363464
v -0.572129 1.305326 -0.397711
v -0.621319 1.365263 -0.431958
v -0.606911 1.407645 -0.421928
v -0.618717 1.426844 -0.438527
v -0.497480 1.365263 -0.352476
v -0.710851 1.421317 -0.248144
v -0.681493 1.420023 -0.316660
v -0.702051 1.365263 -0.326232
v -0.657927 1.444535 -0.229677
v -0.631862 1.442706 -0.293550
v -0.605002 1.421317 -0.211211
v -0.582230 1.420023 -0.270441
v -0.583080 1.365263 -0.203562
v -0.561672 1.365263 -0.260868
v -0.582230 1.310503 -0.270441
v -0.561672 1.365263 -0.260868
v -0.583080 1.365263 -0.203562
v -0.631862 1.287820 -0.293550
v -0.605002 1.309209 -0.211211
v -0.681493 1.310503 -0.316660
v -0.657927 1.285991 -0.229677
v -0.710851 1.309209 -0.248144
v -0.681493 1.420023 -0.316660
v -0.631862 1.442706 -0.293550
v -0.627290 1.424713 -0.303547
v -0.681493 1.310503 -0.316660
v -0.665114 1.323225 -0.321893
v -0.627290 1.305812 -0.303547
v -0.582230 1.420023 -0.270441
v -0.561672 1.365263 -0.260868
v -0.573800 1.365263 -0.277602
v -0.702051 1.365263 -0.326232
v -0.665114 1.407300 -0.321893
v -0.582230 1.310503 -0.270441
v -0.589467 1.323225 -0.285201
v -0.589467 1.407301 -0.285201
v -0.631862 1.287820 -0.293550
v -0.680780 1.365263 -0.329492
v -0.683245 1.410094 -0.288597
v -0.640258 1.410094 -0.374247
v -0.656283 1.365263 -0.383629
v -0.641949 1.428664 -0.271147
v -0.601569 1.428664 -0.351597
v -0.600653 1.410094 -0.253697
v -0.562881 1.410094 -0.328947
v -0.583548 1.365263 -0.246469
v -0.546855 1.365263 -0.319564
v -0.562881 1.320431 -0.328947
v -0.546855 1.365263 -0.319564
v -0.583548 1.365263 -0.246469
v -0.601569 1.301862 -0.351597
v -0.600653 1.320431 -0.253697
v -0.640258 1.320431 -0.374247
v -0.641949 1.301862 -0.271147
v -0.683245 1.320431 -0.288597
v -0.586985 1.410094 -0.453110
v -0.601679 1.365263 -0.464465
v -0.551513 1.428664 -0.425696
v -0.516040 1.410094 -0.398281
v -0.501347 1.365263 -0.386926
v -0.516040 1.320431 -0.398281
v -0.501347 1.365263 -0.386926
v -0.551513 1.301862 -0.425695
v -0.586985 1.320431 -0.453110
v 0.618717 1.426844 -0.438527
v 0.639517 1.365263 -0.453291
v 0.601890 1.365263 -0.502042
v 0.568499 1.452352 -0.402884
v 0.582310 1.426844 -0.485692
v 0.518281 1.426844 -0.367240
v 0.535041 1.452352 -0.446222
v 0.497480 1.365263 -0.352476
v 0.487772 1.426844 -0.406751
v 0.497480 1.365263 -0.352476
v 0.468193 1.365263 -0.390402
v 0.487772 1.303681 -0.406751
v 0.518281 1.303681 -0.367240
v 0.535041 1.278173 -0.446222
v 0.568499 1.278173 -0.402883
v 0.582310 1.303681 -0.485692
v 0.618717 1.303681 -0.438527
v 0.531493 1.365263 -0.575999
v 0.514195 1.426844 -0.557252
v 0.472434 1.452352 -0.511994
v 0.468193 1.365263 -0.390402
v 0.430673 1.426844 -0.466736
v 0.413375 1.365263 -0.447989
v 0.430673 1.303681 -0.466736
v 0.472434 1.278173 -0.511994
v 0.514195 1.303681 -0.557252
v 0.457195 1.365263 -0.641162
v 0.441747 1.429454 -0.619522
v 0.404450 1.456043 -0.567277
v 0.413375 1.365263 -0.447989
v 0.367154 1.429454 -0.515032
v 0.351705 1.365263 -0.493392
v 0.367154 1.301071 -0.515032
v 0.404450 1.274482 -0.567277
v 0.441746 1.301071 -0.619522
v 0.369068 1.365263 -0.691552
v 0.357044 1.426844 -0.669056
v 0.328014 1.452352 -0.614746
v 0.298984 1.426844 -0.560436
v 0.286960 1.365263 -0.537940
v 0.286960 1.365263 -0.537940
v 0.298984 1.303681 -0.560436
v 0.328014 1.278173 -0.614746
v 0.357044 1.303681 -0.669056
v 0.273841 1.365263 -0.734571
v 0.264927 1.426844 -0.710671
v 0.243409 1.452352 -0.652972
v 0.221890 1.426844 -0.595272
v 0.212977 1.365263 -0.571372
v 0.212977 1.365263 -0.571372
v 0.221890 1.303681 -0.595272
v 0.243409 1.278173 -0.652972
v 0.264927 1.303681 -0.710671
v 0.212188 1.365263 -0.754524
v 0.205303 1.426844 -0.729969
v 0.188680 1.452352 -0.670687
v 0.172058 1.426844 -0.611405
v 0.165173 1.365263 -0.586850
v 0.172058 1.303681 -0.611405
v 0.188680 1.278173 -0.670687
v 0.205303 1.303681 -0.729969
v 0.205303 1.426844 -0.729969
v 0.192469 1.407300 -0.713405
v 0.181555 1.424713 -0.672809
v 0.181555 1.305812 -0.672809
v 0.192469 1.323225 -0.713405
v 0.205303 1.303681 -0.729969
v 0.172058 1.426844 -0.611405
v 0.170640 1.407301 -0.632213
v 0.166119 1.365263 -0.615397
v 0.212188 1.365263 -0.754524
v 0.196990 1.365263 -0.730221
v 0.170640 1.323225 -0.632213
v 0.172058 1.303681 -0.611405
v 0.188680 1.452352 -0.670687
v 0.188680 1.278173 -0.670687
v 0.537347 1.407645 -0.373495
v 0.572129 1.425200 -0.397711
v 0.568499 1.452352 -0.402884
v 0.639517 1.365263 -0.453291
v 0.621319 1.365263 -0.431958
v 0.606911 1.322881 -0.421928
v 0.568499 1.278173 -0.402883
v 0.572129 1.305326 -0.397711
v 0.537347 1.322881 -0.373495
v 0.522940 1.365263 -0.363464
v 0.518281 1.426844 -0.367240
v 0.618717 1.303681 -0.438527
v 0.606911 1.407645 -0.421928
v 0.618717 1.426844 -0.438527
v 0.518281 1.303681 -0.367240
v 0.710851 1.421317 -0.248144
v 0.732773 1.365263 -0.255793
v 0.702051 1.365263 -0.326232
v 0.657927 1.444535 -0.229677
v 0.681493 1.420023 -0.316660
v 0.605002 1.421317 -0.211211
v 0.631862 1.442706 -0.293550
v 0.583080 1.365263 -0.203562
v 0.582230 1.420023 -0.270441
v 0.583080 1.365263 -0.203562
v 0.561672 1.365263 -0.260868
v 0.582230 1.310503 -0.270441
v 0.605002 1.309209 -0.211211
v 0.631862 1.287820 -0.293550
v 0.657927 1.285991 -0.229677
v 0.681493 1.310503 -0.316660
v 0.710851 1.309209 -0.248144
v 0.681493 1.420023 -0.316660
v 0.665114 1.407300 -0.321893
v 0.627290 1.424713 -0.303547
v 0.627290 1.305812 -0.303547
v 0.665114 1.323225 -0.321893
v 0.681493 1.310503 -0.316660
v 0.582230 1.420023 -0.270441
v 0.589467 1.407301 -0.285201
v 0.573800 1.365263 -0.277602
v 0.702051 1.365263 -0.326232
v 0.680780 1.365263 -0.329492
v 0.589467 1.323225 -0.285201
v 0.582230 1.310503 -0.270441
v 0.631862 1.442706 -0.293550
v 0.631862 1.287820 -0.293550
v 0.683245 1.410094 -0.288597
v 0.700350 1.365263 -0.295825
v 0.656283 1.365263 -0.383629
v 0.641949 1.428664 -0.271147
v 0.640258 1.410094 -0.374247
v 0.600653 1.410094 -0.253697
v 0.601569 1.428664 -0.351597
v 0.583548 1.365263 -0.246469
v 0.562881 1.410094 -0.328947
v 0.583548 1.365263 -0.246469
v 0.546855 1.365263 -0.319564
v 0.562881 1.320431 -0.328947
v 0.600653 1.320431 -0.253697
v 0.601569 1.301862 -0.351597
v 0.641949 1.301862 -0.271147
v 0.640258 1.320431 -0.374247
v 0.683245 1.320431 -0.288597
v 0.601679 1.365263 -0.464465
v 0.586985 1.410094 -0.453110
v 0.551513 1.428664 -0.425696
v 0.546855 1.365263 -0.319564
v 0.516040 1.410094 -0.398281
v 0.501347 1.365263 -0.386926
v 0.516040 1.320431 -0.398281
v 0.551513 1.301862 -0.425695
v 0.586985 1.320431 -0.453110
v 0.201967 1.365263 -0.732959
v 0.103014 1.365263 -0.753183
v 0.100525 1.410094 -0.734781
v 0.197049 1.410094 -0.715052
v 0.094517 1.428664 -0.690354
v 0.185176 1.428664 -0.671821
v 0.088508 1.410094 -0.645927
v 0.173303 1.410094 -0.628591
v 0.086020 1.365263 -0.627525
v 0.173303 1.320431 -0.628591
v 0.168385 1.365263 -0.610684
v 0.086020 1.365263 -0.627525
v 0.185176 1.301861 -0.671821
v 0.088508 1.320431 -0.645927
v 0.197049 1.320431 -0.715052
v 0.094517 1.301861 -0.690354
v 0.100525 1.320431 -0.734781
v -0.000000 1.365263 -0.760118
v -0.000000 1.410094 -0.741548
v -0.000000 1.428664 -0.696717
v -0.000000 1.410094 -0.651885
v -0.000000 1.365263 -0.633315
v -0.000000 1.320431 -0.651885
v -0.000000 1.301861 -0.696716
v -0.000000 1.320431 -0.741548
v -0.100526 1.410094 -0.734781
v -0.103014 1.365263 -0.753183
v -0.201967 1.365263 -0.732959
v -0.094517 1.428664 -0.690354
v -0.197049 1.410094 -0.715052
v -0.088509 1.410094 -0.645927
v -0.185176 1.428664 -0.671821
v -0.086020 1.365263 -0.627525
v -0.173303 1.410094 -0.628591
v -0.173303 1.320431 -0.628591
v -0.088509 1.320431 -0.645927
v -0.086020 1.365263 -0.627525
v -0.185176 1.301861 -0.671821
v -0.094517 1.301861 -0.690354
v -0.197049 1.320431 -0.715052
v -0.100526 1.320431 -0.734781
v -0.000000 1.365263 -0.633315
v -0.950720 3.122873 -0.103688
v -0.950720 3.122873 0.103687
v -0.898106 3.192864 0.103687
v -0.898106 3.192864 -0.103688
v -0.898106 3.192864 0.103687
v -0.898106 3.266421 0.058695
v -0.950720 3.045814 -0.103688
v -0.950720 3.122873 -0.103688
v -0.842829 3.122873 -0.103688
v -0.898106 3.192864 -0.103688
v -0.842829 3.192864 -0.103688
v -0.898106 3.266421 -0.058696
v -0.842829 3.266421 -0.058696
v -0.842829 3.192864 -0.103688
v -0.950720 5.182322 -0.103689
v -0.950720 5.182322 0.103687
v -0.950720 5.268285 0.103687
v -0.950720 3.045814 -0.103688
v -0.950720 3.045814 0.103687
v -0.950720 3.122873 0.103687
v -0.842829 3.122873 0.103687
v -0.842829 3.122873 -0.103688
v -0.842829 3.192864 -0.103688
v -0.842829 5.182322 -0.103689
v -0.842829 5.268285 -0.103689
v -0.842829 5.268285 0.103687
v -0.898106 3.266421 0.058695
v -0.842829 3.266421 0.058695
v -0.842829 5.038773 0.058695
v -0.842829 3.192864 0.103687
v -0.842829 3.266421 -0.058696
v -0.842829 3.122873 0.103687
v -0.950720 3.122873 0.103687
v -0.950720 3.045814 0.103687
v -0.898106 3.192864 0.103687
v -0.842829 3.192864 0.103687
v -0.842829 3.266421 0.058695
v -0.898106 3.266421 0.058695
v -0.842829 3.045814 0.103687
v -0.842829 3.045814 -0.103688
v -0.898106 5.112329 -0.103689
v -0.898106 5.112329 0.103687
v -0.950720 5.182322 0.103687
v -0.898106 5.038773 -0.058696
v -0.898106 5.038773 0.058695
v -0.898106 5.112329 0.103687
v -0.842829 5.182322 -0.103689
v -0.950720 5.182322 -0.103689
v -0.950720 5.268285 -0.103689
v -0.898106 5.112329 -0.103689
v -0.842829 5.112329 -0.103689
v -0.842829 5.038773 -0.058696
v -0.898106 5.038773 -0.058696
v -0.898106 3.266421 -0.058696
v -0.842829 5.112329 -0.103689
v -0.842829 5.182322 0.103687
v -0.842829 5.038773 -0.058696
v -0.842829 5.038773 0.058695
v -0.950720 5.268285 0.103687
v -0.950720 5.182322 0.103687
v -0.842829 5.182322 0.103687
v -0.898106 5.112329 0.103687
v -0.842829 5.112329 0.103687
v -0.898106 5.038773 0.058695
v -0.842829 5.038773 0.058695
v -0.842829 5.112329 0.103687
v -0.842829 5.038773 -0.058696
v -0.842829 3.266421 -0.058696
v -0.898106 3.266421 -0.058696
v -0.166954 3.962238 0.425966
v -0.168801 3.986245 0.436810
v -0.142470 3.992115 0.463528
v -0.267694 4.009196 0.490168
v -0.293500 3.982913 0.515972
v -0.293365 4.003566 0.547488
v -0.274938 4.017877 0.469778
v -0.255610 3.968700 0.461533
v -0.253781 3.973796 0.484233
v -0.267694 4.009196 0.490168
v -0.258653 4.038437 0.513521
v -0.215718 3.939774 0.482315
v -0.225064 3.952974 0.499193
v -0.166960 3.990026 0.552299
v -0.185395 4.037841 0.560636
v -0.203237 4.023568 0.555573
v -0.225288 4.066767 0.539855
v -0.231954 4.044390 0.540613
v -0.178628 3.948043 0.519950
v -0.198365 3.958927 0.526284
v -0.189966 3.989148 0.549571
v -0.198365 3.958927 0.526284
v -0.262378 4.058497 0.502220
v -0.177357 4.100279 0.488512
v -0.217674 4.091290 0.447603
v -0.245540 4.090354 0.467993
v -0.126638 3.971226 0.466875
v -0.113955 4.016861 0.502039
v -0.123504 4.002782 0.532042
v -0.126638 3.971226 0.466875
v -0.138427 3.949087 0.490668
v -0.185863 3.938511 0.442535
v -0.133994 4.068836 0.511102
v -0.198104 4.100930 0.516126
v -0.147082 4.063935 0.542705
v -0.166954 3.962238 0.425966
v -0.236885 3.975506 0.415956
v -0.231327 4.047135 0.412338
v -0.261604 4.038402 0.426500
v -0.210318 3.993680 0.403376
v -0.178628 3.948043 0.519950
v -0.134187 4.021920 0.486494
v -0.113955 4.016861 0.502039
v -0.175595 4.076400 0.477659
v -0.201926 4.070529 0.450941
v -0.217674 4.091290 0.447603
v -0.231327 4.047135 0.412338
v -0.210843 4.041692 0.427910
v -0.197122 4.006780 0.422056
v -0.210318 3.993680 0.403376
v -0.147274 4.055865 0.492413
v -0.177357 4.100279 0.488512
v -0.271422 3.955912 0.501721
v -0.303001 3.903962 0.524957
v -0.329700 3.923965 0.541906
v -0.225064 3.952974 0.499193
v -0.240066 3.938379 0.513081
v -0.239742 3.988240 0.589166
v -0.218506 3.962007 0.575062
v -0.189966 3.989148 0.549571
v -0.271099 4.005772 0.577806
v -0.203237 4.023568 0.555573
v -0.217799 3.940586 0.543398
v -0.217799 3.940586 0.543398
v -0.198365 3.958927 0.526284
v -0.258653 4.038437 0.513521
v -0.253781 3.973796 0.484233
v -0.367021 3.861644 0.593318
v -0.348440 3.858772 0.625973
v -0.314121 3.937612 0.608152
v -0.334306 3.937903 0.576366
v -0.269849 3.889612 0.535449
v -0.280969 3.923263 0.618644
v -0.255227 3.903846 0.601909
v -0.249664 3.889321 0.567236
v -0.249664 3.889321 0.567236
v -0.368379 3.753830 0.629587
v -0.332460 3.749580 0.640139
v -0.313484 3.848869 0.635956
v -0.327486 3.844671 0.538582
v -0.358341 3.855803 0.557119
v -0.292530 3.834769 0.548565
v -0.283694 3.838087 0.617671
v -0.273950 3.831896 0.581220
v -0.273950 3.831896 0.581220
v -0.306110 3.756952 0.553384
v -0.306576 3.653765 0.538661
v -0.342509 3.655104 0.527405
v -0.288428 3.751788 0.586256
v -0.300466 3.748805 0.622424
v -0.288428 3.751788 0.586256
v -0.386061 3.758995 0.596715
v -0.342030 3.761203 0.542832
v -0.375146 3.762049 0.560780
v -0.378546 3.523931 0.537332
v -0.360080 3.509133 0.566656
v -0.369566 3.631593 0.611013
v -0.333633 3.630256 0.622269
v -0.301427 3.636091 0.605936
v -0.289092 3.645933 0.571109
v -0.289092 3.645933 0.571109
v -0.387049 3.639426 0.578565
v -0.375842 3.649164 0.543934
v -0.335616 3.551610 0.490024
v -0.368413 3.541526 0.505590
v -0.299368 3.548276 0.499753
v -0.323833 3.505800 0.576384
v -0.292156 3.515720 0.561013
v -0.280903 3.533478 0.529077
v -0.280903 3.533478 0.529077
v -0.296442 3.415859 0.499457
v -0.284793 3.436297 0.469316
v -0.380949 3.444744 0.488709
v -0.363329 3.421804 0.512858
v -0.337875 3.471213 0.440845
v -0.370406 3.465210 0.458880
v -0.302413 3.459237 0.445167
v -0.327867 3.409828 0.517180
v -0.284793 3.436297 0.469316
v -0.369843 3.315005 0.420744
v -0.339282 3.318973 0.401038
v -0.402382 3.333858 0.423076
v -0.326067 3.343054 0.374441
v -0.340473 3.373525 0.357594
v -0.326067 3.343054 0.374441
v -0.416789 3.364329 0.406229
v -0.373012 3.392378 0.359926
v -0.404623 3.388568 0.380071
v -0.468469 3.330806 0.285682
v -0.482127 3.302619 0.306629
v -0.544948 3.266295 0.191196
v -0.535592 3.230188 0.195904
v -0.407107 3.315179 0.256746
v -0.437395 3.336008 0.265020
v -0.440080 3.247130 0.307315
v -0.410016 3.252488 0.287177
v -0.470367 3.267959 0.315589
v -0.395348 3.280519 0.265707
v -0.395348 3.280519 0.265707
v -0.454532 3.245807 0.158354
v -0.490568 3.222627 0.042633
v -0.497466 3.259484 0.039658
v -0.494245 3.302871 0.161315
v -0.527821 3.296401 0.176868
v -0.463888 3.281914 0.153646
v -0.505234 3.209232 0.188235
v -0.472721 3.215832 0.173094
v -0.454532 3.245807 0.158354
v -0.555074 3.178044 -0.084458
v -0.519310 3.183839 -0.083071
v -0.512187 3.192609 0.050954
v -0.490568 3.222627 0.042633
v -0.584143 3.245440 0.060131
v -0.577246 3.208584 0.063106
v -0.527730 3.281432 0.043551
v -0.563633 3.275615 0.052031
v -0.546981 3.186635 0.059213
v -0.514454 3.277356 -0.210509
v -0.550053 3.271595 -0.220221
v -0.569353 3.267705 -0.082619
v -0.585343 3.200324 -0.084924
v -0.496277 3.213917 -0.081493
v -0.502191 3.251055 -0.080732
v -0.496277 3.213917 -0.081493
v -0.591257 3.237463 -0.084163
v -0.532460 3.273336 -0.081198
v -0.512540 3.255028 -0.360181
v -0.504854 3.218225 -0.361322
v -0.564208 3.204279 -0.228551
v -0.570661 3.241325 -0.227694
v -0.484719 3.255233 -0.204246
v -0.534472 3.182156 -0.222288
v -0.499969 3.188076 -0.212851
v -0.478265 3.218186 -0.205103
v -0.478265 3.218186 -0.205103
v -0.422791 3.236469 -0.465424
v -0.399920 3.214180 -0.445676
v -0.464855 3.290722 -0.325470
v -0.495971 3.285058 -0.345330
v -0.437417 3.268704 -0.312234
v -0.477416 3.196207 -0.348085
v -0.447275 3.202031 -0.328794
v -0.429731 3.231901 -0.313375
v -0.429731 3.231901 -0.313375
v -0.370297 3.286188 -0.400186
v -0.296223 3.296375 -0.453933
v -0.313632 3.318500 -0.478838
v -0.362802 3.249336 -0.399545
v -0.375864 3.219680 -0.419189
v -0.362802 3.249336 -0.399545
v -0.430286 3.273321 -0.466065
v -0.393168 3.308478 -0.419935
v -0.418016 3.303148 -0.447222
v -0.250429 3.288598 -0.563075
v -0.248119 3.251496 -0.557336
v -0.335285 3.245640 -0.527455
v -0.317876 3.223515 -0.502550
v -0.299822 3.229372 -0.471659
v -0.290256 3.259391 -0.450562
v -0.290256 3.259391 -0.450562
v -0.341253 3.282624 -0.530826
v -0.332284 3.312804 -0.510688
v -0.235016 3.235351 -0.492504
v -0.212263 3.236597 -0.497779
v -0.212263 3.266788 -0.474858
v -0.240374 3.324765 -0.505252
v -0.247221 3.318947 -0.541502
v -0.233898 3.302644 -0.475561
v -0.241643 3.229375 -0.527645
v -0.231588 3.265542 -0.469821
v -0.231588 3.265542 -0.469821
v -0.212263 3.289843 -0.569993
v -0.212263 3.252741 -0.563919
v -0.212263 3.326011 -0.511312
v -0.212263 3.320193 -0.548202
v -0.212263 3.303890 -0.480931
v -0.212263 3.230620 -0.533539
v -0.212263 3.266788 -0.474858
v -0.215867 3.310136 -0.583028
v -0.082350 3.310136 -0.583028
v -0.082350 3.276620 -0.592009
v -0.215867 3.334670 -0.558494
v -0.082350 3.334670 -0.558493
v -0.215867 3.343651 -0.524978
v -0.082350 3.343651 -0.524978
v -0.215867 3.334670 -0.491463
v -0.082350 3.334670 -0.491463
v -0.215867 3.310136 -0.466929
v -0.082350 3.310136 -0.466929
v -0.215867 3.276620 -0.457948
v -0.082350 3.276620 -0.457948
v -0.215867 3.243105 -0.466929
v -0.082350 3.243105 -0.466929
v -0.215867 3.218571 -0.491463
v -0.082350 3.218571 -0.491463
v -0.215867 3.209590 -0.524978
v -0.082350 3.209590 -0.524978
v -0.215867 3.209590 -0.524978
v -0.215867 3.218571 -0.558493
v -0.082350 3.218571 -0.558493
v -0.082350 3.334670 -0.558493
v -0.082350 3.313899 -0.546501
v -0.082350 3.298143 -0.562256
v -0.215867 3.276620 -0.592009
v -0.082350 3.243105 -0.583028
v -0.215867 3.243105 -0.583028
v -0.215867 3.238854 -0.524978
v -0.215867 3.243914 -0.543862
v -0.215867 3.218571 -0.558493
v -0.082350 3.218571 -0.558493
v -0.082350 3.239343 -0.546501
v -0.082350 3.233575 -0.524978
v -0.082350 3.239343 -0.503456
v -0.082350 3.218571 -0.491463
v -0.082350 3.255098 -0.487700
v -0.082350 3.276620 -0.481933
v -0.082350 3.276620 -0.457948
v -0.082350 3.298143 -0.487700
v -0.082350 3.313899 -0.503456
v -0.082350 3.334670 -0.491463
v -0.082350 3.319665 -0.524978
v -0.082350 3.276620 -0.592009
v -0.082350 3.276620 -0.568023
v -0.082350 3.255098 -0.562256
v -0.215867 3.243914 -0.506095
v -0.215867 3.209590 -0.524978
v -0.215867 3.257737 -0.492272
v -0.215867 3.218571 -0.491463
v -0.215867 3.276620 -0.457948
v -0.215867 3.276620 -0.487212
v -0.215867 3.295504 -0.492272
v -0.215867 3.334670 -0.491463
v -0.215867 3.309327 -0.506095
v -0.215867 3.343651 -0.524978
v -0.215867 3.314387 -0.524978
v -0.215867 3.257737 -0.557685
v -0.215867 3.276620 -0.562745
v -0.215867 3.276620 -0.592009
v -0.215867 3.295504 -0.557685
v -0.215867 3.309327 -0.543862
v -0.215867 3.334670 -0.558494
v 0.898106 3.192864 0.103687
v 0.950720 3.122873 0.103687
v 0.950720 3.122873 -0.103688
v 0.898106 3.266421 -0.058696
v 0.898106 3.266421 0.058695
v 0.898106 3.192864 0.103687
v 0.842829 3.122873 -0.103688
v 0.950720 3.122873 -0.103688
v 0.950720 3.045814 -0.103688
v 0.898106 3.192864 -0.103688
v 0.842829 3.192864 -0.103688
v 0.842829 3.266421 -0.058696
v 0.898106 3.266421 -0.058696
v 0.950720 5.268285 0.103687
v 0.950720 5.182322 0.103687
v 0.950720 5.182322 -0.103689
v 0.950720 3.122873 0.103687
v 0.950720 3.045814 0.103687
v 0.950720 3.045814 -0.103688
v 0.842829 3.192864 -0.103688
v 0.842829 3.122873 -0.103688
v 0.842829 3.122873 0.103687
v 0.842829 5.268285 0.103687
v 0.842829 5.268285 -0.103689
v 0.842829 5.182322 -0.103689
v 0.842829 5.038773 0.058695
v 0.842829 3.266421 0.058695
v 0.898106 3.266421 0.058695
v 0.842829 3.266421 -0.058696
v 0.842829 3.192864 0.103687
v 0.950720 3.045814 0.103687
v 0.950720 3.122873 0.103687
v 0.842829 3.122873 0.103687
v 0.898106 3.192864 0.103687
v 0.842829 3.192864 0.103687
v 0.898106 3.266421 0.058695
v 0.842829 3.266421 0.058695
v 0.842829 3.192864 0.103687
v 0.842829 3.045814 -0.103688
v 0.842829 3.045814 0.103687
v 0.950720 5.182322 0.103687
v 0.898106 5.112329 0.103687
v 0.898106 5.112329 -0.103689
v 0.898106 5.112329 0.103687
v 0.898106 5.038773 0.058695
v 0.898106 5.038773 -0.058696
v 0.950720 5.268285 -0.103689
v 0.950720 5.182322 -0.103689
v 0.842829 5.182322 -0.103689
v 0.898106 5.112329 -0.103689
v 0.842829 5.112329 -0.103689
v 0.898106 5.038773 -0.058696
v 0.842829 5.038773 -0.058696
v 0.842829 5.112329 -0.103689
v 0.842829 5.182322 0.103687
v 0.842829 5.112329 -0.103689
v 0.842829 3.266421 0.058695
v 0.842829 5.038773 0.058695
v 0.842829 5.038773 -0.058696
v 0.842829 5.112329 0.103687
v 0.842829 5.182322 0.103687
v 0.950720 5.182322 0.103687
v 0.950720 5.268285 0.103687
v 0.898106 5.112329 0.103687
v 0.842829 5.112329 0.103687
v 0.842829 5.038773 0.058695
v 0.898106 5.038773 0.058695
v 0.898106 3.266421 -0.058696
v 0.842829 3.266421 -0.058696
v 0.842829 5.038773 -0.058696
v 0.166954 3.962238 0.425966
v 0.126638 3.971226 0.466875
v 0.142470 3.992115 0.463528
v 0.267694 4.009196 0.490168
v 0.258653 4.038437 0.513521
v 0.293365 4.003566 0.547488
v 0.274938 4.017877 0.469778
v 0.267694 4.009196 0.490168
v 0.253781 3.973796 0.484233
v 0.258653 4.038437 0.513521
v 0.255610 3.968700 0.461533
v 0.225064 3.952974 0.499193
v 0.166960 3.990026 0.552299
v 0.189966 3.989148 0.549571
v 0.203237 4.023568 0.555573
v 0.231954 4.044390 0.540613
v 0.225288 4.066767 0.539855
v 0.215718 3.939774 0.482315
v 0.198365 3.958927 0.526284
v 0.198365 3.958927 0.526284
v 0.262378 4.058497 0.502220
v 0.177357 4.100279 0.488512
v 0.198104 4.100930 0.516126
v 0.245540 4.090354 0.467993
v 0.126638 3.971226 0.466875
v 0.138427 3.949087 0.490668
v 0.123504 4.002782 0.532042
v 0.185863 3.938511 0.442535
v 0.138427 3.949087 0.490668
v 0.126638 3.971226 0.466875
v 0.133994 4.068836 0.511102
v 0.147082 4.063935 0.542705
v 0.236885 3.975506 0.415956
v 0.166954 3.962238 0.425966
v 0.261604 4.038402 0.426500
v 0.231327 4.047135 0.412338
v 0.210318 3.993680 0.403376
v 0.178628 3.948043 0.519950
v 0.178628 3.948043 0.519950
v 0.185395 4.037841 0.560636
v 0.113955 4.016861 0.502039
v 0.134187 4.021920 0.486494
v 0.217674 4.091290 0.447603
v 0.201926 4.070529 0.450941
v 0.175595 4.076400 0.477659
v 0.231327 4.047135 0.412338
v 0.210318 3.993680 0.403376
v 0.197122 4.006780 0.422056
v 0.210843 4.041692 0.427910
v 0.168801 3.986245 0.436810
v 0.133994 4.068836 0.511102
v 0.147274 4.055865 0.492413
v 0.177357 4.100279 0.488512
v 0.271422 3.955912 0.501721
v 0.293500 3.982913 0.515972
v 0.329700 3.923965 0.541906
v 0.225064 3.952974 0.499193
v 0.253781 3.973796 0.484233
v 0.189966 3.989148 0.549571
v 0.218506 3.962007 0.575062
v 0.239742 3.988240 0.589166
v 0.203237 4.023568 0.555573
v 0.271099 4.005772 0.577806
v 0.240066 3.938379 0.513081
v 0.217799 3.940586 0.543398
v 0.198365 3.958927 0.526284
v 0.217799 3.940586 0.543398
v 0.231954 4.044390 0.540613
v 0.314121 3.937612 0.608152
v 0.348440 3.858772 0.625973
v 0.367021 3.861644 0.593318
v 0.334306 3.937903 0.576366
v 0.303001 3.903962 0.524957
v 0.255227 3.903846 0.601909
v 0.280969 3.923263 0.618644
v 0.269849 3.889612 0.535449
v 0.249664 3.889321 0.567236
v 0.313484 3.848869 0.635956
v 0.332460 3.749580 0.640139
v 0.368379 3.753830 0.629587
v 0.358341 3.855803 0.557119
v 0.327486 3.844671 0.538582
v 0.283694 3.838087 0.617671
v 0.249664 3.889321 0.567236
v 0.292530 3.834769 0.548565
v 0.273950 3.831896 0.581220
v 0.306110 3.756952 0.553384
v 0.342030 3.761203 0.542832
v 0.342509 3.655104 0.527405
v 0.273950 3.831896 0.581220
v 0.288428 3.751788 0.586256
v 0.386061 3.758995 0.596715
v 0.375146 3.762049 0.560780
v 0.300466 3.748805 0.622424
v 0.369566 3.631593 0.611013
v 0.360080 3.509133 0.566656
v 0.378546 3.523931 0.537332
v 0.301427 3.636091 0.605936
v 0.333633 3.630256 0.622269
v 0.288428 3.751788 0.586256
v 0.306576 3.653765 0.538661
v 0.289092 3.645933 0.571109
v 0.387049 3.639426 0.578565
v 0.375842 3.649164 0.543934
v 0.368413 3.541526 0.505590
v 0.335616 3.551610 0.490024
v 0.292156 3.515720 0.561013
v 0.323833 3.505800 0.576384
v 0.289092 3.645933 0.571109
v 0.299368 3.548276 0.499753
v 0.280903 3.533478 0.529077
v 0.284793 3.436297 0.469316
v 0.363329 3.421804 0.512858
v 0.380949 3.444744 0.488709
v 0.370406 3.465210 0.458880
v 0.337875 3.471213 0.440845
v 0.296442 3.415859 0.499457
v 0.327867 3.409828 0.517180
v 0.280903 3.533478 0.529077
v 0.302413 3.459237 0.445167
v 0.339282 3.318973 0.401038
v 0.369843 3.315005 0.420744
v 0.340473 3.373525 0.357594
v 0.326067 3.343054 0.374441
v 0.326067 3.343054 0.374441
v 0.402382 3.333858 0.423076
v 0.404623 3.388568 0.380071
v 0.416789 3.364329 0.406229
v 0.373012 3.392378 0.359926
v 0.482127 3.302619 0.306629
v 0.468469 3.330806 0.285682
v 0.470367 3.267959 0.315589
v 0.535592 3.230188 0.195904
v 0.437395 3.336008 0.265020
v 0.407107 3.315179 0.256746
v 0.410016 3.252488 0.287177
v 0.440080 3.247130 0.307315
v 0.395348 3.280519 0.265707
v 0.395348 3.280519 0.265707
v 0.454532 3.245807 0.158354
v 0.463888 3.281914 0.153646
v 0.497466 3.259484 0.039658
v 0.527821 3.296401 0.176868
v 0.494245 3.302871 0.161315
v 0.544948 3.266295 0.191196
v 0.472721 3.215832 0.173094
v 0.505234 3.209232 0.188235
v 0.454532 3.245807 0.158354
v 0.512187 3.192609 0.050954
v 0.519310 3.183839 -0.083071
v 0.555074 3.178044 -0.084458
v 0.490568 3.222627 0.042633
v 0.577246 3.208584 0.063106
v 0.563633 3.275615 0.052031
v 0.584143 3.245440 0.060131
v 0.527730 3.281432 0.043551
v 0.546981 3.186635 0.059213
v 0.569353 3.267705 -0.082619
v 0.550053 3.271595 -0.220221
v 0.514454 3.277356 -0.210509
v 0.585343 3.200324 -0.084924
v 0.490568 3.222627 0.042633
v 0.502191 3.251055 -0.080732
v 0.496277 3.213917 -0.081493
v 0.591257 3.237463 -0.084163
v 0.532460 3.273336 -0.081198
v 0.564208 3.204279 -0.228551
v 0.504854 3.218225 -0.361322
v 0.512540 3.255028 -0.360181
v 0.570661 3.241325 -0.227694
v 0.499969 3.188076 -0.212851
v 0.534472 3.182156 -0.222288
v 0.496277 3.213917 -0.081493
v 0.484719 3.255233 -0.204246
v 0.478265 3.218186 -0.205103
v 0.477416 3.196207 -0.348085
v 0.399920 3.214180 -0.445676
v 0.495971 3.285058 -0.345330
v 0.464855 3.290722 -0.325470
v 0.447275 3.202031 -0.328794
v 0.437417 3.268704 -0.312234
v 0.429731 3.231901 -0.313375
v 0.429731 3.231901 -0.313375
v 0.370297 3.286188 -0.400186
v 0.393168 3.308478 -0.419935
v 0.313632 3.318500 -0.478838
v 0.362802 3.249336 -0.399545
v 0.362802 3.249336 -0.399545
v 0.375864 3.219680 -0.419189
v 0.422791 3.236469 -0.465424
v 0.418016 3.303148 -0.447222
v 0.430286 3.273321 -0.466065
v 0.335285 3.245640 -0.527455
v 0.248119 3.251496 -0.557336
v 0.250429 3.288598 -0.563075
v 0.299822 3.229372 -0.471659
v 0.317876 3.223515 -0.502550
v 0.296223 3.296375 -0.453933
v 0.290256 3.259391 -0.450562
v 0.341253 3.282624 -0.530826
v 0.332284 3.312804 -0.510688
v 0.235016 3.235351 -0.492504
v 0.231588 3.265542 -0.469821
v 0.212263 3.266788 -0.474858
v 0.247221 3.318947 -0.541502
v 0.240374 3.324765 -0.505252
v 0.241643 3.229375 -0.527645
v 0.233898 3.302644 -0.475561
v 0.231588 3.265542 -0.469821
v 0.212263 3.252741 -0.563919
v 0.212263 3.320193 -0.548202
v 0.212263 3.326011 -0.511312
v 0.212263 3.289843 -0.569993
v 0.212263 3.303890 -0.480931
v 0.212263 3.236597 -0.497779
v 0.212263 3.230620 -0.533539
v 0.212263 3.266788 -0.474858
v 0.082350 3.276620 -0.592009
v 0.082350 3.310136 -0.583028
v 0.215867 3.310136 -0.583028
v 0.082350 3.334670 -0.558493
v 0.215867 3.334670 -0.558494
v 0.082350 3.343651 -0.524978
v 0.082350 3.334670 -0.491463
v 0.215867 3.334670 -0.491463
v 0.082350 3.310136 -0.466929
v 0.215867 3.310136 -0.466929
v 0.082350 3.276620 -0.457948
v 0.215867 3.276620 -0.457948
v 0.082350 3.243105 -0.466929
v 0.215867 3.243105 -0.466929
v 0.082350 3.218571 -0.491463
v 0.215867 3.218571 -0.491463
v 0.082350 3.209590 -0.524978
v 0.215867 3.209590 -0.524978
v 0.215867 3.209590 -0.524978
v 0.082350 3.209590 -0.524978
v 0.082350 3.218571 -0.558493
v 0.082350 3.334670 -0.558493
v 0.082350 3.310136 -0.583028
v 0.082350 3.298143 -0.562256
v 0.082350 3.243105 -0.583028
v 0.215867 3.276620 -0.592009
v 0.215867 3.243105 -0.583028
v 0.215867 3.218571 -0.558493
v 0.215867 3.243914 -0.543862
v 0.215867 3.238854 -0.524978
v 0.082350 3.218571 -0.558493
v 0.082350 3.209590 -0.524978
v 0.082350 3.233575 -0.524978
v 0.082350 3.218571 -0.491463
v 0.082350 3.239343 -0.503456
v 0.082350 3.243105 -0.466929
v 0.082350 3.255098 -0.487700
v 0.082350 3.276620 -0.457948
v 0.082350 3.276620 -0.481933
v 0.082350 3.310136 -0.466929
v 0.082350 3.298143 -0.487700
v 0.082350 3.334670 -0.491463
v 0.082350 3.313899 -0.503456
v 0.082350 3.343651 -0.524978
v 0.082350 3.319665 -0.524978
v 0.082350 3.276620 -0.592009
v 0.082350 3.243105 -0.583028
v 0.082350 3.255098 -0.562256
v 0.082350 3.276620 -0.568023
v 0.082350 3.313899 -0.546501
v 0.082350 3.239343 -0.546501
v 0.215867 3.209590 -0.524978
v 0.215867 3.243914 -0.506095
v 0.215867 3.218571 -0.491463
v 0.215867 3.257737 -0.492272
v 0.215867 3.276620 -0.457948
v 0.215867 3.243105 -0.466929
v 0.215867 3.276620 -0.487212
v 0.215867 3.295504 -0.492272
v 0.215867 3.334670 -0.491463
v 0.215867 3.310136 -0.466929
v 0.215867 3.343651 -0.524978
v 0.215867 3.309327 -0.506095
v 0.215867 3.276620 -0.592009
v 0.215867 3.276620 -0.562745
v 0.215867 3.257737 -0.557685
v 0.215867 3.310136 -0.583028
v 0.215867 3.295504 -0.557685
v 0.215867 3.314387 -0.524978
v 0.215867 3.309327 -0.543862
v 0.215867 3.243105 -0.583028
v 0.215867 3.334670 -0.558494
v 0.146153 4.057830 0.498698
v 0.134696 4.065889 0.494754
v 0.117514 4.023795 0.485708
v 0.207184 4.074374 0.451804
v 0.202339 4.084538 0.441446
v 0.169922 4.091824 0.475499
v 0.201387 4.003035 0.418884
v 0.195401 4.005394 0.405018
v 0.211874 4.048602 0.412640
v 0.169660 3.979922 0.435603
v 0.140377 3.986613 0.465837
v 0.128183 3.985618 0.457853
v 0.216923 4.042160 0.425593
v 0.161613 3.977576 0.424083
v 0.195401 4.005394 0.405018
v 0.177842 4.080812 0.482082
v 0.131097 4.019567 0.492009
v 0.109398 3.971087 0.465647
v 0.154247 3.960109 0.411517
v 0.217243 4.057332 0.387595
v 0.196409 3.997350 0.380467
v 0.172200 4.122022 0.476598
v 0.105078 4.031380 0.509232
v 0.108562 4.091278 0.533712
v 0.226213 4.119416 0.402926
v 0.196409 3.997350 0.380467
v 0.045203 4.341751 0.543148
v 0.040325 4.330836 0.541438
v 0.070298 4.318867 0.521160
v 0.000003 4.352470 0.554068
v 0.000010 4.341661 0.550750
v 0.107299 4.315457 0.500158
v 0.098993 4.304867 0.500099
v 0.161233 4.294339 0.467148
v 0.257230 4.145211 0.343959
v 0.271214 4.216697 0.374330
v 0.259274 4.214055 0.378175
v 0.075728 4.329066 0.521447
v 0.222233 4.289374 0.437336
v 0.214091 4.279035 0.434736
v 0.249860 4.256551 0.404156
v 0.237139 4.077174 0.321433
v 0.245243 4.144518 0.350414
v 0.260960 4.263210 0.403706
v 0.227003 4.077672 0.329177
v 0.209415 4.008628 0.310554
v 0.166945 4.305436 0.469540
v 0.000008 3.872262 0.265250
v 0.071384 3.875538 0.267332
v 0.069331 3.881350 0.278281
v 0.131191 3.892613 0.273550
v 0.125415 3.899085 0.283867
v 0.188695 3.936759 0.288280
v 0.178927 3.940948 0.296980
v 0.209415 4.008628 0.310554
v 0.227003 4.077672 0.329177
v 0.245243 4.144518 0.350414
v 0.259274 4.214055 0.378175
v 0.230751 4.181152 0.419187
v 0.249860 4.256551 0.404156
v 0.227332 4.225217 0.433815
v 0.069331 3.881350 0.278281
v 0.069063 3.861581 0.336590
v -0.000003 3.858486 0.335133
v 0.069365 3.848622 0.400460
v 0.000007 3.844246 0.398419
v 0.069459 3.858781 0.453153
v -0.000026 3.849077 0.453165
v 0.069505 3.885757 0.493553
v -0.000186 3.874266 0.498536
v 0.070716 3.939554 0.538400
v -0.000362 3.928891 0.546902
v 0.069874 4.011012 0.578530
v -0.000102 3.999431 0.586544
v 0.068895 4.090842 0.604654
v -0.000214 4.084323 0.615523
v 0.047133 4.173888 0.613999
v 0.050256 4.242725 0.596035
v 0.000010 4.244554 0.602398
v 0.043781 4.296762 0.567604
v 0.086473 4.172398 0.600197
v 0.098993 4.304867 0.500099
v 0.070298 4.318867 0.521160
v 0.084499 4.286984 0.546502
v 0.104177 4.274394 0.530131
v 0.149424 4.260301 0.496352
v 0.161233 4.294339 0.467148
v 0.189889 4.248776 0.466524
v 0.214091 4.279035 0.434736
v 0.040325 4.330836 0.541438
v 0.091906 4.236209 0.582956
v 0.107158 4.223900 0.561793
v 0.092782 4.023749 0.542931
v 0.091965 3.955633 0.507286
v 0.091206 4.091977 0.575543
v 0.101006 4.167210 0.574450
v 0.000010 4.341661 0.550750
v 0.000010 4.299413 0.575705
v 0.110075 3.882630 0.344132
v 0.101966 3.880363 0.398183
v 0.092647 3.886191 0.442266
v 0.090578 3.908512 0.474242
v 0.125415 3.899085 0.283867
v 0.120441 3.906435 0.394123
v 0.102539 3.934537 0.458427
v 0.164466 3.928349 0.353672
v 0.121640 3.931216 0.419935
v 0.209415 4.008628 0.310554
v 0.177240 4.207070 0.484041
v 0.176010 4.161899 0.481563
v 0.121952 4.160544 0.538908
v 0.133853 4.216850 0.527211
v 0.271240 4.225889 0.359230
v 0.260452 4.273310 0.388044
v 0.217529 4.013163 0.285760
v 0.234141 4.083135 0.303126
v 0.165712 4.317370 0.456028
v 0.000008 3.881314 0.249721
v 0.071209 3.886368 0.251462
v 0.069196 3.897879 0.255293
v 0.130394 3.903315 0.257562
v 0.125704 3.913738 0.261398
v 0.187983 3.943669 0.270721
v 0.219793 4.007435 0.303092
v 0.255309 4.154945 0.326268
v 0.221143 4.302106 0.422992
v 0.071653 4.339599 0.508140
v 0.109456 4.326340 0.482916
v 0.044700 4.353287 0.531680
v 0.000001 4.363923 0.543451
v -0.117498 4.023796 0.485707
v -0.134680 4.065890 0.494753
v -0.146137 4.057831 0.498699
v -0.169905 4.091823 0.475497
v -0.202321 4.084537 0.441444
v -0.207165 4.074373 0.451806
v -0.211855 4.048603 0.412641
v -0.195383 4.005396 0.405018
v -0.201369 4.003035 0.418885
v -0.169641 3.979922 0.435604
v -0.161596 3.977578 0.424082
v -0.128166 3.985618 0.457853
v -0.195383 4.005396 0.405018
v -0.177824 4.080811 0.482083
v -0.140359 3.986613 0.465839
v -0.154229 3.960111 0.411516
v -0.109379 3.971087 0.465646
v -0.226194 4.119416 0.402925
v -0.217223 4.057333 0.387595
v -0.196390 3.997352 0.380466
v -0.108543 4.091279 0.533711
v -0.172182 4.122022 0.476596
v -0.105059 4.031380 0.509231
v -0.196390 3.997352 0.380466
v -0.070282 4.318868 0.521159
v -0.040308 4.330835 0.541437
v -0.045186 4.341750 0.543146
v -0.161217 4.294339 0.467148
v -0.098976 4.304865 0.500097
v -0.107282 4.315456 0.500157
v -0.257210 4.145212 0.343959
v -0.245224 4.144520 0.350413
v -0.259258 4.214055 0.378176
v -0.075710 4.329066 0.521446
v -0.249844 4.256550 0.404156
v -0.214073 4.279035 0.434734
v -0.222216 4.289373 0.437334
v -0.237119 4.077175 0.321432
v -0.226983 4.077673 0.329177
v -0.271196 4.216697 0.374329
v -0.209396 4.008629 0.310554
v -0.166928 4.305435 0.469539
v 0.000006 3.878307 0.276795
v -0.069315 3.881351 0.278281
v -0.071368 3.875538 0.267333
v -0.125398 3.899086 0.283867
v -0.131174 3.892614 0.273551
v -0.178909 3.940949 0.296979
v -0.226983 4.077673 0.329177
v -0.209396 4.008629 0.310554
v -0.245224 4.144520 0.350413
v -0.230732 4.181153 0.419185
v -0.259258 4.214055 0.378176
v -0.227314 4.225217 0.433813
v -0.069046 3.861582 0.336591
v -0.069315 3.881351 0.278281
v -0.069349 3.848623 0.400460
v -0.069443 3.858782 0.453152
v -0.069491 3.885758 0.493551
v -0.070703 3.939556 0.538398
v -0.069860 4.011013 0.578529
v -0.068880 4.090843 0.604652
v 0.000010 4.171665 0.619915
v -0.047118 4.173889 0.613999
v -0.050240 4.242725 0.596034
v -0.043764 4.296762 0.567603
v -0.091889 4.236209 0.582955
v -0.086456 4.172398 0.600196
v -0.098976 4.304865 0.500097
v -0.104160 4.274393 0.530129
v -0.084481 4.286983 0.546501
v -0.149406 4.260300 0.496350
v -0.189872 4.248776 0.466522
v -0.161217 4.294339 0.467148
v -0.214073 4.279035 0.434734
v -0.249844 4.256550 0.404156
v -0.070282 4.318868 0.521159
v -0.107140 4.223899 0.561792
v -0.091946 3.955633 0.507285
v -0.092762 4.023750 0.542930
v -0.100987 4.167210 0.574449
v -0.091187 4.091978 0.575542
v -0.040308 4.330835 0.541437
v -0.101948 3.880365 0.398183
v -0.110057 3.882632 0.344132
v -0.092628 3.886193 0.442265
v -0.090559 3.908513 0.474241
v -0.125398 3.899086 0.283867
v -0.121623 3.931217 0.419933
v -0.120423 3.906436 0.394122
v -0.102520 3.934537 0.458426
v -0.164460 3.928342 0.353678
v -0.209396 4.008629 0.310554
v -0.175992 4.161900 0.481561
v -0.177222 4.207070 0.484039
v -0.121934 4.160544 0.538906
v -0.133835 4.216850 0.527210
v -0.222481 4.086932 0.300438
v -0.234127 4.083133 0.303129
v -0.255295 4.154944 0.326271
v -0.271225 4.225887 0.359233
v -0.260942 4.263209 0.403704
v -0.217516 4.013161 0.285764
v -0.219773 4.007436 0.303091
v -0.165697 4.317369 0.456029
v -0.071193 3.886368 0.251463
v -0.130378 3.903315 0.257563
v -0.188677 3.936760 0.288280
v -0.187968 3.943667 0.270724
v -0.221127 4.302104 0.422993
v -0.071640 4.339599 0.508143
v -0.244326 4.160004 0.324100
v -0.109442 4.326340 0.482922
v -0.044689 4.353288 0.531686
v 0.180266 3.951477 0.268334
v 0.206485 4.017834 0.282941
v 0.222485 4.086937 0.300434
v 0.244332 4.160009 0.324095
v 0.250305 4.271247 0.381449
v 0.161390 4.313396 0.446249
v 0.214011 4.296823 0.414364
v 0.063672 4.333926 0.500115
v 0.260802 4.228817 0.354955
v 0.106306 4.319799 0.471102
v 0.000007 4.360220 0.533528
v 0.038221 4.348205 0.521870
v -0.180258 3.951470 0.268336
v -0.260442 4.273308 0.388052
v -0.250317 4.271246 0.381475
v -0.206483 4.017830 0.282944
v -0.161429 4.313277 0.446254
v -0.069180 3.897879 0.255293
v -0.125688 3.913738 0.261397
v -0.213995 4.296823 0.414363
v -0.063666 4.333930 0.500124
v -0.106295 4.319802 0.471122
v -0.038228 4.348213 0.521892
v 0.257682 4.399762 0.365628
v 0.243742 4.342849 0.384369
v 0.275176 4.311272 0.340389
v 0.139918 3.920732 0.201748
v 0.122245 3.883135 0.146040
v 0.177959 3.939390 0.104707
v 0.000008 3.884439 0.211359
v 0.000008 3.846335 0.177701
v 0.068736 3.857019 0.170188
v 0.068403 3.709899 0.076668
v 0.069539 3.662977 0.052456
v 0.126318 3.680098 0.032093
v 0.074494 3.893704 0.209532
v -0.000616 3.701648 0.085490
v -0.001514 3.655782 0.058134
v 0.131485 3.724358 0.058293
v 0.168505 3.703835 0.004456
v 0.124872 3.804750 0.096193
v 0.175832 3.767133 0.030952
v 0.000036 3.778411 0.126107
v 0.069223 3.787216 0.116887
v 0.178210 3.855817 0.059548
v 0.216145 3.984994 0.060660
v 0.244569 4.016492 0.143032
v 0.250995 4.048841 -0.003912
v 0.277632 4.084309 0.077011
v 0.269986 4.153618 -0.030149
v 0.212328 3.771100 0.012408
v 0.211970 3.715196 -0.009099
v 0.245618 3.744190 -0.052681
v 0.216725 3.889738 0.015858
v 0.247342 3.939055 -0.052769
v 0.257668 3.818608 -0.055978
v 0.247065 3.793473 -0.124954
v 0.242608 3.833448 -0.149371
v 0.244788 3.899156 -0.132514
v 0.257314 3.892452 -0.205318
v 0.213263 3.989131 -0.238781
v 0.248388 3.948542 -0.194138
v 0.249018 3.913142 -0.233996
v 0.193665 3.928294 -0.281566
v 0.161725 3.955477 -0.316111
v 0.166605 4.024112 -0.281717
v 0.108767 3.979934 -0.328026
v 0.120708 4.049980 -0.298175
v 0.071183 3.993057 -0.343808
v 0.235390 3.976685 -0.135453
v 0.239181 4.052911 -0.148065
v 0.258185 4.034905 -0.078413
v 0.265676 4.138825 -0.106602
v 0.066172 4.063312 -0.309026
v 0.077776 4.125925 -0.281266
v 0.224503 4.044960 -0.189202
v 0.142538 4.110278 -0.260637
v 0.190412 4.081414 -0.230210
v -0.000010 4.071578 -0.317077
v 0.000006 4.132644 -0.288677
v -0.000133 4.001352 -0.349264
v 0.235735 4.135206 -0.178475
v 0.232822 4.249804 -0.181794
v 0.274886 4.250222 -0.107884
v 0.000008 4.199302 -0.258275
v 0.085073 4.193686 -0.255381
v 0.165845 4.175364 -0.234523
v 0.000008 4.266173 -0.259999
v 0.090387 4.265748 -0.254511
v 0.168853 4.258047 -0.230004
v 0.304997 4.259190 -0.012696
v 0.314594 4.237155 0.045070
v 0.287142 4.334304 -0.126294
v 0.322529 4.326156 -0.037334
v 0.308636 4.441702 -0.146473
v 0.340695 4.401400 -0.058772
v 0.330171 4.540823 -0.136660
v 0.353841 4.486814 -0.064459
v 0.351301 4.582608 -0.055807
v 0.358018 4.614558 0.038845
v 0.358934 4.552771 0.029850
v 0.352499 4.590102 0.156792
v 0.352044 4.527888 0.094776
v 0.330762 4.495917 0.220960
v 0.337051 4.467495 0.132153
v 0.314186 4.397505 0.219150
v 0.328470 4.390195 0.130323
v 0.303435 4.287335 0.199251
v 0.292005 4.204515 0.145012
v 0.319602 4.262640 0.089078
v 0.251462 4.043245 0.167549
v 0.270398 4.104716 0.161122
v 0.249399 4.099467 0.225308
v 0.302456 4.159429 0.056769
v 0.235480 4.033374 0.208628
v 0.275455 4.174172 0.248506
v 0.090440 4.353567 -0.288419
v 0.085607 4.475088 -0.340401
v 0.206325 4.460314 -0.296190
v 0.177745 4.352552 -0.258448
v 0.000008 4.357927 -0.295782
v 0.248564 4.342310 -0.198096
v 0.274595 4.446934 -0.224933
v 0.000015 4.472982 -0.348245
v 0.070293 4.523273 -0.348934
v -0.000012 4.509902 -0.354949
v 0.000015 4.550502 -0.342916
v 0.055537 4.559801 -0.339543
v 0.093447 4.599753 -0.335848
v 0.138009 4.578707 -0.346950
v 0.107649 4.655149 -0.324918
v 0.155896 4.660640 -0.328084
v 0.095396 4.706869 -0.310292
v 0.133769 4.733728 -0.314779
v 0.055114 4.749279 -0.302059
v 0.000008 4.761002 -0.299801
v 0.000018 4.804180 -0.302140
v 0.072925 4.790668 -0.303468
v -0.000009 4.843054 -0.277262
v 0.168737 4.761934 -0.286349
v 0.198404 4.661993 -0.305308
v 0.174311 4.550637 -0.336471
v 0.000008 4.651674 -0.312683
v 0.000008 4.599460 -0.327117
v 0.000008 4.698097 -0.299344
v 0.000008 4.914162 -0.198122
v 0.106273 4.897552 -0.203948
v 0.000008 4.976347 -0.093890
v 0.099852 4.963362 -0.097563
v 0.000008 5.002925 0.025643
v 0.099970 4.994371 0.038725
v 0.000008 4.985221 0.190531
v 0.196256 4.855880 -0.194188
v 0.264980 4.788067 -0.177237
v 0.094299 4.827004 -0.280410
v 0.245108 4.693611 -0.258854
v 0.306367 4.727914 -0.145529
v 0.293626 4.637506 -0.216057
v 0.336466 4.651154 -0.100898
v 0.208463 4.930975 -0.078624
v 0.287126 4.857176 -0.059410
v 0.332735 4.773623 -0.027325
v 0.291022 4.538765 -0.223034
v 0.321017 4.597924 -0.166623
v 0.225623 4.556022 -0.296530
v 0.291649 4.888475 0.069356
v 0.205588 4.961367 0.048638
v 0.190691 4.946586 0.182619
v 0.355377 4.696321 0.010335
v 0.339040 4.792100 0.084118
v 0.275711 4.880876 0.190192
v 0.336699 4.609211 0.278283
v 0.323530 4.527523 0.320255
v 0.093785 4.976216 0.190439
v 0.302078 4.421993 0.270229
v 0.288315 4.445726 0.360187
v 0.270644 4.545467 0.419969
v 0.242547 4.464547 0.447922
v 0.180808 4.550543 0.489147
v 0.169027 4.471747 0.501404
v 0.083941 4.546365 0.525061
v 0.078173 4.465858 0.527263
v 0.000007 4.540439 0.521019
v 0.360829 4.682587 0.118461
v 0.327046 4.792483 0.192972
v 0.342099 4.700884 0.242462
v 0.092413 4.642751 0.515725
v 0.000009 4.634248 0.521170
v 0.093048 4.753417 0.483631
v 0.000008 4.748830 0.494463
v 0.087099 4.850650 0.419641
v 0.000008 4.853262 0.427663
v 0.086517 4.932103 0.316577
v 0.000008 4.941396 0.319887
v 0.190901 4.643930 0.475495
v 0.198420 4.739074 0.438694
v 0.280095 4.632788 0.392464
v 0.286597 4.714211 0.352733
v 0.168924 4.906410 0.308797
v 0.239381 4.867496 0.290546
v 0.275515 4.794098 0.319504
v 0.185240 4.831323 0.389407
v 0.057655 4.409492 0.494318
v 0.149022 4.417979 0.472022
v 0.220066 4.412826 0.423639
v -0.038228 4.348213 0.521892
v 0.000007 4.360220 0.533528
v -0.000001 4.409038 0.516277
v 0.038221 4.348205 0.521870
v 0.131315 4.368238 0.466339
v 0.106306 4.319799 0.471102
v 0.161390 4.313396 0.446249
v 0.188010 4.349561 0.431568
v 0.214011 4.296823 0.414364
v -0.000022 4.456333 0.516417
v 0.082781 4.376237 0.467883
v 0.291838 4.351641 0.302192
v 0.063672 4.333926 0.500115
v 0.292967 4.256490 0.290203
v 0.319602 4.262640 0.089078
v 0.314594 4.237155 0.045070
v 0.350468 4.271456 0.027321
v 0.321586 4.316123 0.116038
v 0.349009 4.301814 0.057277
v 0.353841 4.486814 -0.064459
v 0.357902 4.535131 -0.027682
v 0.391000 4.536328 -0.034710
v 0.345444 4.356042 0.080639
v 0.338171 4.390139 0.112955
v 0.337051 4.467495 0.132153
v 0.328470 4.390195 0.130323
v 0.358934 4.552771 0.029850
v 0.385877 4.554086 0.017746
v 0.352044 4.527888 0.094776
v 0.371824 4.530496 0.076216
v 0.361405 4.459308 0.107557
v 0.304997 4.259190 -0.012696
v 0.352722 4.276296 -0.007813
v 0.340695 4.401400 -0.058772
v 0.382163 4.399069 -0.058923
v 0.354897 4.319562 -0.030406
v 0.322529 4.326156 -0.037334
v 0.389714 4.485710 -0.066215
v 0.411195 4.534300 -0.029254
v 0.409628 4.483429 -0.062131
v 0.372854 4.317700 -0.017629
v 0.387468 4.520515 0.069753
v 0.402117 4.545953 0.025539
v 0.399754 4.398625 -0.051490
v 0.368807 4.453589 0.091898
v 0.402489 4.463222 -0.014071
v 0.391571 4.389613 0.001851
v 0.342955 4.377552 0.043596
v 0.368453 4.452427 0.048356
v 0.392160 4.509397 0.004295
v 0.346627 4.343746 0.040164
v 0.373659 4.336122 0.011354
v 0.378548 4.498112 0.042509
v 0.231310 3.881586 -0.239002
v 0.213365 3.735142 -0.088012
v 0.199285 3.702235 -0.033242
v 0.104718 3.718906 -0.101502
v 0.218499 3.821276 -0.163592
v 0.239817 3.860478 -0.205375
v 0.213365 3.735142 -0.088012
v 0.214342 3.781242 -0.136443
v 0.239817 3.860478 -0.205375
v 0.218499 3.821276 -0.163592
v 0.152130 3.822011 -0.187277
v 0.068935 3.662295 0.018875
v -0.000027 3.647730 0.024692
v 0.072655 3.895460 -0.276042
v 0.060936 3.837995 -0.266292
v 0.000210 3.864022 -0.273071
v 0.042453 3.696094 -0.074451
v 0.137016 3.693716 -0.018733
v 0.068935 3.662295 0.018875
v -0.000027 3.647730 0.024692
v -0.000011 3.696095 -0.060743
v 0.105978 3.677368 -0.008329
v 0.199285 3.702235 -0.033242
v 0.137016 3.693716 -0.018733
v 0.105978 3.677368 -0.008329
v 0.130338 3.922604 -0.298232
v 0.087562 3.943155 -0.323250
v 0.161571 3.899512 -0.270656
v 0.231310 3.881586 -0.239002
v 0.125084 3.865679 -0.238187
v 0.161571 3.899512 -0.270656
v 0.130338 3.922604 -0.298232
v 0.001186 3.967383 -0.339294
v 0.044151 3.957056 -0.334680
v -0.000013 3.916915 -0.292719
v 0.214342 3.781242 -0.136443
v 0.147514 3.762641 -0.141801
v 0.087562 3.943155 -0.323250
v 0.044151 3.957056 -0.334680
v 0.116513 3.793030 -0.205711
v 0.098755 3.824651 -0.240207
v 0.035940 3.712152 -0.121217
v 0.088576 3.724329 -0.140845
v 0.110190 3.756381 -0.169975
v 0.000029 3.710821 -0.111197
v 0.049127 3.753874 -0.163734
v 0.000003 3.745928 -0.172743
v -0.000011 3.786384 -0.205203
v 0.057992 3.799439 -0.215418
v -0.275196 4.311277 0.340409
v -0.243735 4.342851 0.384376
v -0.257640 4.399771 0.365610
v 0.069196 3.897879 0.255293
v 0.000008 3.892757 0.250103
v -0.177952 3.939384 0.104709
v -0.122232 3.883133 0.146042
v -0.139905 3.920725 0.201747
v -0.068725 3.857011 0.170196
v -0.126307 3.680092 0.032097
v -0.069622 3.663171 0.052341
v -0.068416 3.709909 0.076620
v -0.074480 3.893700 0.209534
v -0.168489 3.703833 0.004458
v -0.131474 3.724356 0.058299
v -0.175826 3.767131 0.030959
v -0.124861 3.804747 0.096199
v -0.069423 3.786486 0.118063
v -0.178203 3.855814 0.059554
v -0.244565 4.016486 0.143034
v -0.216140 3.984987 0.060661
v -0.277628 4.084304 0.077009
v -0.250992 4.048837 -0.003908
v -0.302451 4.159426 0.056770
v -0.270090 4.153597 -0.030173
v -0.212319 3.771099 0.012415
v -0.257666 3.818608 -0.055976
v -0.245614 3.744183 -0.052680
v -0.216717 3.889737 0.015865
v -0.211961 3.715191 -0.009093
v -0.247341 3.939053 -0.052770
v -0.247058 3.793468 -0.124959
v -0.244785 3.899158 -0.132519
v -0.242602 3.833447 -0.149378
v -0.248386 3.948546 -0.194140
v -0.257311 3.892448 -0.205322
v -0.212739 3.988813 -0.238048
v -0.249016 3.913144 -0.234000
v -0.166581 4.024108 -0.281714
v -0.161682 3.955487 -0.316050
v -0.120658 4.049902 -0.298040
v -0.108736 3.979907 -0.327845
v -0.066178 4.063343 -0.309070
v -0.071415 3.993070 -0.344534
v -0.258183 4.034903 -0.078416
v -0.239179 4.052909 -0.148068
v -0.235386 3.976684 -0.135459
v -0.265675 4.138824 -0.106605
v -0.235730 4.135205 -0.178482
v -0.142520 4.110277 -0.260632
v -0.077730 4.125903 -0.281145
v -0.224499 4.044960 -0.189208
v -0.190403 4.081415 -0.230217
v -0.194160 3.928292 -0.281879
v 0.000006 4.132644 -0.288677
v -0.000010 4.071578 -0.317077
v -0.000133 4.001352 -0.349264
v -0.274884 4.250222 -0.107889
v -0.232812 4.249801 -0.181801
v -0.305387 4.258824 -0.012978
v -0.085058 4.193687 -0.255385
v 0.000008 4.199302 -0.258275
v -0.165832 4.175366 -0.234528
v -0.090371 4.265748 -0.254513
v 0.000008 4.266173 -0.259999
v -0.168840 4.258047 -0.230010
v -0.314671 4.237145 0.045046
v -0.322555 4.326138 -0.037385
v -0.287138 4.334301 -0.126299
v -0.340681 4.401398 -0.058777
v -0.308632 4.441699 -0.146478
v -0.353830 4.486816 -0.064465
v -0.330168 4.540822 -0.136665
v -0.357898 4.535136 -0.027684
v -0.351300 4.582608 -0.055810
v -0.358930 4.552777 0.029850
v -0.358017 4.614557 0.038845
v -0.351961 4.527856 0.094736
v -0.352498 4.590100 0.156794
v -0.337995 4.467445 0.132557
v -0.330761 4.495914 0.220963
v -0.329201 4.390069 0.130640
v -0.314184 4.397503 0.219152
v -0.320824 4.316258 0.115630
v -0.303434 4.287333 0.199253
v -0.317817 4.263053 0.088898
v -0.292003 4.204512 0.145013
v -0.249396 4.099463 0.225311
v -0.270395 4.104713 0.161126
v -0.251458 4.043241 0.167552
v -0.235476 4.033371 0.208633
v -0.275452 4.174167 0.248509
v -0.292965 4.256488 0.290205
v -0.205969 4.460518 -0.295617
v -0.085665 4.474958 -0.340798
v -0.090427 4.353554 -0.288443
v -0.177732 4.352549 -0.258454
v 0.000008 4.357927 -0.295782
v -0.248556 4.342306 -0.198102
v -0.274620 4.446921 -0.224960
v 0.000015 4.472982 -0.348245
v -0.055519 4.559770 -0.339440
v 0.000015 4.550502 -0.342916
v -0.000012 4.509902 -0.354949
v -0.137336 4.577764 -0.342278
v -0.093660 4.599389 -0.334852
v -0.155968 4.660987 -0.328767
v -0.107628 4.655155 -0.324933
v -0.133713 4.734209 -0.316030
v -0.094838 4.706880 -0.311662
v -0.072849 4.790953 -0.304320
v -0.054901 4.749064 -0.302944
v 0.000018 4.804180 -0.302140
v 0.000008 4.761002 -0.299801
v -0.000009 4.843054 -0.277262
v -0.169329 4.763065 -0.287574
v -0.094242 4.825279 -0.278732
v -0.199658 4.662953 -0.306977
v -0.171672 4.550763 -0.331643
v -0.070802 4.523644 -0.351857
v 0.000008 4.698097 -0.299344
v 0.000008 4.651674 -0.312683
v 0.000008 4.599460 -0.327117
v -0.105859 4.896156 -0.202702
v 0.000008 4.914162 -0.198122
v -0.099836 4.963365 -0.097564
v 0.000008 4.976347 -0.093890
v -0.099955 4.994374 0.038725
v 0.000008 5.002925 0.025643
v -0.093770 4.976218 0.190439
v 0.000008 4.985221 0.190531
v -0.244278 4.693372 -0.258137
v -0.264968 4.788069 -0.177240
v -0.196248 4.855889 -0.194197
v -0.293584 4.637502 -0.216042
v -0.306363 4.727917 -0.145534
v -0.336464 4.651155 -0.100902
v -0.287120 4.857182 -0.059414
v -0.208450 4.930981 -0.078627
v -0.355375 4.696322 0.010332
v -0.332732 4.773626 -0.027328
v -0.225873 4.555960 -0.296899
v -0.290993 4.538767 -0.223026
v -0.321013 4.597925 -0.166627
v -0.291644 4.888483 0.069356
v -0.275703 4.880883 0.190195
v -0.190677 4.946592 0.182621
v -0.205575 4.961372 0.048638
v -0.339037 4.792105 0.084119
v -0.360828 4.682587 0.118462
v -0.327043 4.792488 0.192975
v -0.323528 4.527521 0.320257
v -0.336698 4.609211 0.278284
v -0.302090 4.421988 0.270239
v -0.288320 4.445716 0.360196
v -0.242538 4.464544 0.447929
v -0.270637 4.545467 0.419977
v -0.169013 4.471745 0.501409
v -0.180791 4.550544 0.489146
v -0.078157 4.465858 0.527265
v -0.083860 4.546307 0.524728
v -0.342097 4.700886 0.242466
v -0.092412 4.642760 0.515798
v -0.093010 4.753380 0.483558
v 0.000008 4.853262 0.427663
v -0.087084 4.850652 0.419643
v 0.000008 4.941396 0.319887
v -0.086501 4.932105 0.316578
v -0.198409 4.739077 0.438701
v -0.190950 4.643943 0.475586
v -0.280088 4.632790 0.392471
v -0.286591 4.714213 0.352739
v -0.239371 4.867502 0.290550
v -0.168910 4.906415 0.308800
v -0.275508 4.794103 0.319509
v -0.185227 4.831327 0.389412
v -0.149006 4.417977 0.472025
v -0.057641 4.409489 0.494322
v -0.220057 4.412821 0.423645
v -0.187996 4.349558 0.431572
v -0.213995 4.296823 0.414363
v -0.291856 4.351643 0.302209
v -0.131299 4.368237 0.466340
v -0.082765 4.376237 0.467883
v -0.244326 4.160004 0.324100
v -0.317817 4.263053 0.088898
v -0.349007 4.301811 0.057283
v -0.350461 4.271449 0.027324
v -0.320824 4.316258 0.115630
v -0.346339 4.356124 0.081469
v -0.353830 4.486816 -0.064465
v -0.389699 4.485709 -0.066212
v -0.390998 4.536330 -0.034707
v -0.338323 4.390613 0.112468
v -0.337995 4.467445 0.132557
v -0.361460 4.459289 0.107544
v -0.357898 4.535136 -0.027684
v -0.385861 4.554085 0.017746
v -0.358930 4.552777 0.029850
v -0.371810 4.530499 0.076219
v -0.351961 4.527856 0.094736
v -0.305387 4.258824 -0.012978
v -0.314671 4.237145 0.045046
v -0.354891 4.319555 -0.030404
v -0.382147 4.399069 -0.058924
v -0.340681 4.401398 -0.058777
v -0.352708 4.276292 -0.007818
v -0.322555 4.326138 -0.037385
v -0.409623 4.483430 -0.062138
v -0.411190 4.534306 -0.029258
v -0.372849 4.317696 -0.017634
v -0.402111 4.545959 0.025542
v -0.387465 4.520515 0.069759
v -0.399748 4.398621 -0.051496
v -0.368806 4.453587 0.091899
v -0.391568 4.389610 0.001855
v -0.402488 4.463222 -0.014071
v -0.373656 4.336119 0.011358
v -0.368445 4.452423 0.048363
v -0.342945 4.377549 0.043603
v -0.392156 4.509393 0.004301
v -0.346615 4.343748 0.040170
v -0.378546 4.498110 0.042512
v -0.161363 3.899629 -0.270539
v -0.231297 3.881582 -0.239007
v -0.213820 3.733966 -0.088800
v -0.147517 3.762589 -0.141845
v -0.105168 3.717866 -0.101690
v -0.239816 3.860479 -0.205376
v -0.217432 3.821366 -0.164513
v -0.214327 3.781240 -0.136445
v -0.213820 3.733966 -0.088800
v -0.239816 3.860479 -0.205376
v -0.154706 3.818348 -0.190335
v -0.217432 3.821366 -0.164513
v -0.105762 3.677350 -0.008395
v -0.068909 3.662349 0.018896
v -0.060921 3.837993 -0.266293
v -0.072816 3.895332 -0.276687
v -0.042865 3.696551 -0.073062
v -0.137451 3.693693 -0.018955
v -0.068909 3.662349 0.018896
v -0.105762 3.677350 -0.008395
v -0.199271 3.702230 -0.033243
v -0.137451 3.693693 -0.018955
v -0.131409 3.922980 -0.296914
v -0.161363 3.899629 -0.270539
v -0.128441 3.865471 -0.239835
v -0.231297 3.881582 -0.239007
v -0.131409 3.922980 -0.296914
v -0.046326 3.959307 -0.332624
v -0.214327 3.781240 -0.136445
v -0.046326 3.959307 -0.332624
v -0.087546 3.943156 -0.323250
v -0.087546 3.943156 -0.323250
v -0.199271 3.702230 -0.033243
v 0.001186 3.967383 -0.339294
v -0.098742 3.824648 -0.240211
v -0.116484 3.793012 -0.205713
v -0.088560 3.724327 -0.140846
v -0.035924 3.712153 -0.121216
v -0.110177 3.756377 -0.169979
v -0.049111 3.753873 -0.163734
v -0.057977 3.799440 -0.215416
v -1.255553 0.160548 -0.249745
v -1.182705 0.160548 -0.489893
v -1.183184 0.003411 -0.490091
v -1.064406 0.160548 -0.711214
v -0.905203 0.160548 -0.905203
v -0.905570 0.003411 -0.905570
v -0.711213 0.160548 -1.064407
v -0.711502 0.003411 -1.064838
v -0.489892 0.160548 -1.182705
v -0.490091 0.003411 -1.183184
v -0.249745 0.160548 -1.255553
v -0.249846 0.003411 -1.256061
v 0.000000 0.160548 -1.280151
v 0.000000 0.003411 -1.280669
v 0.000000 0.160548 -1.280151
v 0.249745 0.160548 -1.255553
v 0.249846 0.003411 -1.256062
v 0.489892 0.160548 -1.182705
v 0.490091 0.003411 -1.183184
v 0.711214 0.160548 -1.064407
v 0.711502 0.003411 -1.064838
v 0.905203 0.160548 -0.905203
v 0.905570 0.003411 -0.905570
v 1.064407 0.160548 -0.711213
v 1.064838 0.003411 -0.711502
v 1.182705 0.160548 -0.489892
v 1.183184 0.003411 -0.490091
v 1.255553 0.160548 -0.249745
v 1.256062 0.003411 -0.249846
v 1.280151 0.160548 0.000000
v 1.255553 0.160548 0.249746
v 1.256061 0.003411 0.249847
v 1.182705 0.160548 0.489893
v 1.183184 0.003411 0.490092
v 1.064406 0.160548 0.711214
v 1.064837 0.003411 0.711502
v 0.905203 0.160548 0.905204
v 0.711213 0.160548 1.064407
v 0.711501 0.003412 1.064838
v 0.489891 0.160548 1.182706
v 0.490090 0.003412 1.183184
v 0.249744 0.160548 1.255553
v 0.249845 0.003412 1.256062
v -0.000001 0.160548 1.280151
v -0.000001 0.003412 1.280669
v -0.249746 0.160548 1.255553
v -0.249848 0.003412 1.256061
v -0.489894 0.160548 1.182705
v -0.490092 0.003412 1.183184
v -0.711215 0.160548 1.064406
v -0.711503 0.003412 1.064837
v -0.905204 0.160548 0.905202
v -0.905571 0.003412 0.905569
v -1.064407 0.160548 0.711212
v -1.064838 0.003411 0.711500
v -1.182706 0.160548 0.489891
v -1.183185 0.003411 0.490089
v -1.255553 0.160548 0.249743
v -1.256062 0.003411 0.249844
v -1.280151 0.160548 -0.000000
v -1.256061 0.003411 -0.249846
v -1.205629 0.212706 -0.239815
v -1.135678 0.212706 -0.470414
v -1.182705 0.160548 -0.489893
v -1.022083 0.212706 -0.682934
v -1.064406 0.160548 -0.711214
v -0.869210 0.212706 -0.869210
v -0.905203 0.160548 -0.905203
v -0.682934 0.212706 -1.022083
v -0.711213 0.160548 -1.064407
v -0.470413 0.212706 -1.135678
v -0.489892 0.160548 -1.182705
v -0.239815 0.212706 -1.205629
v -0.249745 0.160548 -1.255553
v 0.000000 0.212706 -1.229249
v 0.239815 0.212706 -1.205629
v 0.249745 0.160548 -1.255553
v 0.470413 0.212706 -1.135678
v 0.489892 0.160548 -1.182705
v 0.682934 0.212706 -1.022083
v 0.711214 0.160548 -1.064407
v 0.869210 0.212706 -0.869210
v 0.905203 0.160548 -0.905203
v 1.022083 0.212706 -0.682934
v 1.064407 0.160548 -0.711213
v 1.135678 0.212706 -0.470413
v 1.205629 0.212706 -0.239814
v 1.255553 0.160548 -0.249745
v 1.229249 0.212706 0.000001
v 1.280151 0.160548 0.000000
v 1.205629 0.212706 0.239815
v 1.255553 0.160548 0.249746
v 1.135678 0.212706 0.470414
v 1.022083 0.212706 0.682935
v 1.064406 0.160548 0.711214
v 0.869210 0.212706 0.869211
v 0.905203 0.160548 0.905204
v 0.682933 0.212706 1.022084
v 0.711213 0.160548 1.064407
v 0.470412 0.212706 1.135678
v 0.489891 0.160548 1.182706
v 0.239814 0.212706 1.205629
v -0.000002 0.212706 1.229249
v -0.000001 0.160548 1.280151
v -0.239815 0.212706 1.205629
v -0.249746 0.160548 1.255553
v -0.470415 0.212706 1.135677
v -0.682935 0.212706 1.022082
v -0.711215 0.160548 1.064406
v -0.869212 0.212706 0.869209
v -0.905204 0.160548 0.905202
v -1.022084 0.212706 0.682933
v -1.064407 0.160548 0.711212
v -1.135679 0.212706 0.470412
v -1.182706 0.160548 0.489891
v -1.205629 0.212706 0.239813
v -1.255553 0.160548 0.249743
v -1.229249 0.212706 -0.000000
v -1.255553 0.160548 -0.249745
v -1.229249 0.212706 -0.000000
v -1.205629 0.212706 0.239813
v -1.066933 0.213186 0.212224
v -1.135679 0.212706 0.470412
v -1.005030 0.213186 0.416295
v -1.022084 0.212706 0.682933
v -0.904503 0.213186 0.604368
v -0.869212 0.212706 0.869209
v -0.769217 0.213186 0.769215
v -0.682935 0.212706 1.022082
v -0.470415 0.212706 1.135677
v -0.416298 0.213186 1.005028
v -0.239815 0.212706 1.205629
v -0.212227 0.213186 1.066933
v -0.000002 0.212706 1.229249
v -0.000001 0.213186 1.087835
v 0.239814 0.212706 1.205629
v 0.470412 0.212706 1.135678
v 0.416296 0.213186 1.005029
v 0.682933 0.212706 1.022084
v 0.604368 0.213186 0.904503
v 0.869210 0.212706 0.869211
v 0.769215 0.213186 0.769216
v 1.022083 0.212706 0.682935
v 1.135678 0.212706 0.470414
v 1.005029 0.213186 0.416297
v 1.205629 0.212706 0.239815
v 1.066933 0.213186 0.212227
v 1.229249 0.212706 0.000001
v 1.087835 0.213186 0.000000
v 1.205629 0.212706 -0.239814
v 1.066933 0.213186 -0.212226
v 1.135678 0.212706 -0.470413
v 1.022083 0.212706 -0.682934
v 0.904502 0.213186 -0.604369
v 0.869210 0.212706 -0.869210
v 0.769216 0.213186 -0.769216
v 0.682934 0.212706 -1.022083
v 0.604369 0.213186 -0.904502
v 0.470413 0.212706 -1.135678
v 0.416297 0.213186 -1.005029
v 0.239815 0.212706 -1.205629
v 0.212226 0.213186 -1.066933
v 0.000000 0.212706 -1.229249
v -0.239815 0.212706 -1.205629
v -0.212226 0.213186 -1.066933
v -0.470413 0.212706 -1.135678
v -0.416296 0.213186 -1.005029
v -0.682934 0.212706 -1.022083
v -0.604369 0.213186 -0.904502
v -0.869210 0.212706 -0.869210
v -1.022083 0.212706 -0.682934
v -0.904502 0.213186 -0.604369
v -1.135678 0.212706 -0.470414
v -1.005029 0.213186 -0.416297
v -1.205629 0.212706 -0.239815
v -1.066933 0.213186 -0.212226
v -1.087835 0.213186 -0.000000
v -1.066933 0.213186 0.212224
v -1.066451 0.319115 0.212128
v -1.005030 0.213186 0.416295
v -1.004575 0.319116 0.416107
v -0.904503 0.213186 0.604368
v -0.904094 0.319116 0.604094
v -0.769217 0.213186 0.769215
v -0.604370 0.213186 0.904501
v -0.604097 0.319116 0.904092
v -0.416298 0.213186 1.005028
v -0.212227 0.213186 1.066933
v -0.212131 0.319116 1.066450
v -0.000001 0.213186 1.087835
v -0.000001 0.319116 1.087344
v 0.212225 0.213186 1.066933
v 0.212129 0.319116 1.066451
v 0.416296 0.213186 1.005029
v 0.416108 0.319116 1.004575
v 0.604368 0.213186 0.904503
v 0.604095 0.319116 0.904094
v 0.769215 0.213186 0.769216
v 0.768868 0.319116 0.768869
v 0.904502 0.213186 0.604370
v 0.904093 0.319116 0.604096
v 1.005029 0.213186 0.416297
v 1.004574 0.319116 0.416109
v 1.066933 0.213186 0.212227
v 1.066451 0.319115 0.212131
v 1.087835 0.213186 0.000000
v 1.087344 0.319115 0.000000
v 1.066933 0.213186 -0.212226
v 1.066451 0.319115 -0.212130
v 1.005029 0.213186 -0.416296
v 1.004575 0.319115 -0.416108
v 0.904502 0.213186 -0.604369
v 0.769216 0.213186 -0.769216
v 0.768868 0.319115 -0.768868
v 0.604369 0.213186 -0.904502
v 0.604096 0.319115 -0.904093
v 0.416297 0.213186 -1.005029
v 0.416108 0.319115 -1.004575
v 0.212226 0.213186 -1.066933
v 0.212130 0.319115 -1.066451
v 0.000000 0.213186 -1.087835
v 0.000000 0.319115 -1.087344
v 0.000000 0.213186 -1.087835
v -0.212226 0.213186 -1.066933
v -0.212130 0.319115 -1.066451
v -0.416296 0.213186 -1.005029
v -0.604369 0.213186 -0.904502
v -0.604096 0.319115 -0.904093
v -0.769216 0.213186 -0.769216
v -0.904502 0.213186 -0.604369
v -0.904093 0.319115 -0.604096
v -1.005029 0.213186 -0.416297
v -1.004574 0.319115 -0.416109
v -1.066933 0.213186 -0.212226
v -1.066450 0.319115 -0.212130
v -1.087343 0.319115 -0.000000
v -0.947737 0.398388 -0.000000
v -1.087343 0.319115 -0.000000
v -1.066451 0.319115 0.212128
v -1.004575 0.319116 0.416107
v -0.875596 0.398389 0.362682
v -0.904094 0.319116 0.604094
v -0.768869 0.319116 0.768867
v -0.670152 0.398389 0.670151
v -0.604097 0.319116 0.904092
v -0.526536 0.398389 0.788014
v -0.416110 0.319116 1.004574
v -0.362684 0.398389 0.875595
v -0.212131 0.319116 1.066450
v -0.000001 0.319116 1.087344
v -0.000001 0.398389 0.947738
v 0.212129 0.319116 1.066451
v 0.184894 0.398389 0.929527
v 0.416108 0.319116 1.004575
v 0.362683 0.398389 0.875595
v 0.604095 0.319116 0.904094
v 0.526534 0.398389 0.788015
v 0.768868 0.319116 0.768869
v 0.670151 0.398389 0.670152
v 0.904093 0.319116 0.604096
v 0.788015 0.398389 0.526535
v 1.004574 0.319116 0.416109
v 0.875595 0.398389 0.362684
v 1.066451 0.319115 0.212131
v 1.087344 0.319115 0.000000
v 0.947737 0.398388 0.000000
v 1.066451 0.319115 -0.212130
v 0.929527 0.398388 -0.184894
v 1.004575 0.319115 -0.416108
v 0.904093 0.319115 -0.604096
v 0.788015 0.398388 -0.526535
v 0.768868 0.319115 -0.768868
v 0.670152 0.398388 -0.670152
v 0.604096 0.319115 -0.904093
v 0.526535 0.398388 -0.788015
v 0.416108 0.319115 -1.004575
v 0.362683 0.398388 -0.875595
v 0.212130 0.319115 -1.066451
v 0.184894 0.398388 -0.929527
v 0.000000 0.319115 -1.087344
v 0.000000 0.398388 -0.947738
v -0.212130 0.319115 -1.066451
v -0.184894 0.398388 -0.929527
v -0.416108 0.319115 -1.004575
v -0.604096 0.319115 -0.904093
v -0.526535 0.398388 -0.788015
v -0.768868 0.319115 -0.768868
v -0.670152 0.398388 -0.670152
v -0.904093 0.319115 -0.604096
v -0.788015 0.398388 -0.526535
v -1.004574 0.319115 -0.416109
v -0.875595 0.398388 -0.362684
v -1.066450 0.319115 -0.212130
v -0.929527 0.398388 -0.184895
v -0.929527 0.398388 -0.184895
v -0.929345 0.548155 -0.184858
v -0.875424 0.548155 -0.362613
v -0.787860 0.548155 -0.526432
v -0.788015 0.398388 -0.526535
v -0.670020 0.548154 -0.670020
v -0.670152 0.398388 -0.670152
v -0.526431 0.548154 -0.787861
v -0.526535 0.398388 -0.788015
v -0.362612 0.548154 -0.875424
v -0.362683 0.398388 -0.875595
v -0.184858 0.548154 -0.929345
v -0.184894 0.398388 -0.929527
v 0.000000 0.548154 -0.947552
v 0.000000 0.398388 -0.947738
v 0.000000 0.548154 -0.947552
v 0.184858 0.548154 -0.929345
v 0.184894 0.398388 -0.929527
v 0.362612 0.548154 -0.875424
v 0.362683 0.398388 -0.875595
v 0.526432 0.548154 -0.787861
v 0.670020 0.548154 -0.670020
v 0.670152 0.398388 -0.670152
v 0.787861 0.548155 -0.526432
v 0.788015 0.398388 -0.526535
v 0.875424 0.548155 -0.362612
v 0.875595 0.398388 -0.362683
v 0.929345 0.548155 -0.184858
v 0.929527 0.398388 -0.184894
v 0.947552 0.548155 0.000000
v 0.947737 0.398388 0.000000
v 0.929345 0.548155 0.184859
v 0.929527 0.398388 0.184895
v 0.875424 0.548155 0.362613
v 0.875595 0.398389 0.362684
v 0.787860 0.548155 0.526432
v 0.670020 0.548155 0.670021
v 0.670151 0.398389 0.670152
v 0.526431 0.548155 0.787861
v 0.526534 0.398389 0.788015
v 0.362612 0.548155 0.875424
v 0.362683 0.398389 0.875595
v 0.184857 0.548155 0.929345
v -0.000001 0.548155 0.947552
v -0.000001 0.398389 0.947738
v -0.184859 0.548155 0.929345
v -0.184895 0.398389 0.929527
v -0.362613 0.548155 0.875423
v -0.526433 0.548155 0.787860
v -0.526536 0.398389 0.788014
v -0.670021 0.548155 0.670019
v -0.787861 0.548155 0.526430
v -0.788016 0.398389 0.526534
v -0.875424 0.548155 0.362611
v -0.875596 0.398389 0.362682
v -0.929345 0.548155 0.184857
v -0.947552 0.548155 -0.000000
v -0.947737 0.398388 -0.000000
v -0.929345 0.548155 -0.184858
v -0.880893 0.597310 -0.175220
v -0.829783 0.597310 -0.343708
v -0.746785 0.597310 -0.498986
v -0.787860 0.548155 -0.526432
v -0.635088 0.597310 -0.635089
v -0.498985 0.597310 -0.746785
v -0.526431 0.548154 -0.787861
v -0.343707 0.597310 -0.829783
v -0.362612 0.548154 -0.875424
v -0.175220 0.597310 -0.880893
v -0.184858 0.548154 -0.929345
v 0.000000 0.597310 -0.898151
v 0.000000 0.548154 -0.947552
v 0.175220 0.597310 -0.880893
v 0.184858 0.548154 -0.929345
v 0.343707 0.597310 -0.829783
v 0.498986 0.597310 -0.746785
v 0.526432 0.548154 -0.787861
v 0.635089 0.597310 -0.635088
v 0.670020 0.548154 -0.670020
v 0.746785 0.597310 -0.498986
v 0.787861 0.548155 -0.526432
v 0.829783 0.597310 -0.343707
v 0.875424 0.548155 -0.362612
v 0.880893 0.597310 -0.175220
v 0.898151 0.597310 0.000000
v 0.947552 0.548155 0.000000
v 0.880893 0.597310 0.175221
v 0.929345 0.548155 0.184859
v 0.829783 0.597310 0.343708
v 0.875424 0.548155 0.362613
v 0.746785 0.597310 0.498986
v 0.635088 0.597310 0.635089
v 0.670020 0.548155 0.670021
v 0.498985 0.597310 0.746785
v 0.526431 0.548155 0.787861
v 0.343707 0.597310 0.829783
v 0.362612 0.548155 0.875424
v 0.175219 0.597310 0.880893
v 0.184857 0.548155 0.929345
v -0.000001 0.597310 0.898151
v -0.000001 0.548155 0.947552
v -0.175222 0.597310 0.880893
v -0.184859 0.548155 0.929345
v -0.343708 0.597310 0.829783
v -0.362613 0.548155 0.875423
v -0.498987 0.597310 0.746784
v -0.635089 0.597310 0.635087
v -0.670021 0.548155 0.670019
v -0.746786 0.597310 0.498985
v -0.787861 0.548155 0.526430
v -0.829783 0.597310 0.343706
v -0.875424 0.548155 0.362611
v -0.880893 0.597310 0.175219
v -0.929345 0.548155 0.184857
v -0.898151 0.597310 -0.000000
v -0.947552 0.548155 -0.000000
v 0.343707 0.597310 0.829783
v 0.324955 0.597091 0.784512
v 0.165660 0.597091 0.832833
v -0.746785 0.597310 -0.498986
v -0.829783 0.597310 -0.343708
v -0.784512 0.597091 -0.324956
v -0.829783 0.597310 0.343706
v -0.746786 0.597310 0.498985
v -0.706043 0.597091 0.471761
v 0.175220 0.597310 -0.880893
v 0.165661 0.597091 -0.832833
v 0.324955 0.597091 -0.784512
v 0.880893 0.597310 0.175221
v 0.898151 0.597310 0.000000
v 0.849149 0.597091 0.000000
v -0.000001 0.597310 0.898151
v 0.175219 0.597310 0.880893
v -0.706042 0.597091 -0.471762
v -0.600439 0.597091 -0.600439
v -0.880893 0.597310 0.175219
v -0.784512 0.597091 0.324954
v 0.343707 0.597310 -0.829783
v 0.471762 0.597091 -0.706042
v 0.829783 0.597310 0.343708
v 0.832833 0.597091 0.165661
v -0.000001 0.597091 0.849149
v -0.165662 0.597091 0.832833
v -0.498985 0.597310 -0.746785
v -0.635088 0.597310 -0.635089
v -0.832833 0.597091 0.165659
v -0.849149 0.597091 -0.000000
v 0.498986 0.597310 -0.746785
v 0.600440 0.597091 -0.600439
v 0.746785 0.597310 0.498986
v 0.784512 0.597091 0.324956
v -0.175222 0.597310 0.880893
v -0.324956 0.597091 0.784511
v -0.471762 0.597091 -0.706042
v -0.324955 0.597091 -0.784512
v 0.746785 0.597310 -0.498986
v 0.635089 0.597310 -0.635088
v 0.635088 0.597310 0.635089
v 0.706041 0.597091 0.471763
v -0.498987 0.597310 0.746784
v -0.343708 0.597310 0.829783
v -0.343707 0.597310 -0.829783
v -0.165661 0.597091 -0.832833
v 0.706042 0.597091 -0.471762
v 0.784512 0.597091 -0.324955
v 0.600439 0.597091 0.600440
v 0.471761 0.597091 0.706042
v -0.898151 0.597310 -0.000000
v -0.832833 0.597091 -0.165661
v -0.635089 0.597310 0.635087
v -0.471763 0.597091 0.706041
v -0.175220 0.597310 -0.880893
v 0.000000 0.597091 -0.849149
v 0.829783 0.597310 -0.343707
v 0.832833 0.597091 -0.165660
v 0.498985 0.597310 0.746785
v -0.880893 0.597310 -0.175220
v -0.600440 0.597091 0.600438
v 0.000000 0.597310 -0.898151
v 0.880893 0.597310 -0.175220
v -1.280669 0.003411 -0.000000
v -1.256061 0.003411 -0.249846
v -0.000000 0.004222 -0.000000
v -1.183184 0.003411 -0.490091
v -1.064837 0.003411 -0.711502
v -0.905570 0.003411 -0.905570
v -0.711502 0.003411 -1.064838
v -0.490091 0.003411 -1.183184
v -0.249846 0.003411 -1.256061
v 0.000000 0.003411 -1.280669
v 0.249846 0.003411 -1.256062
v 0.490091 0.003411 -1.183184
v 0.711502 0.003411 -1.064838
v 0.905570 0.003411 -0.905570
v 1.064838 0.003411 -0.711502
v 1.183184 0.003411 -0.490091
v 1.256062 0.003411 -0.249846
v 1.280669 0.003411 0.000001
v 1.256061 0.003411 0.249847
v 1.183184 0.003411 0.490092
v 1.064837 0.003411 0.711502
v 0.905569 0.003412 0.905571
v 0.711501 0.003412 1.064838
v 0.490090 0.003412 1.183184
v 0.249845 0.003412 1.256062
v -0.000001 0.003412 1.280669
v -0.249848 0.003412 1.256061
v -0.490092 0.003412 1.183184
v -0.711503 0.003412 1.064837
v -0.905571 0.003412 0.905569
v -1.064838 0.003411 0.711500
v -1.183185 0.003411 0.490089
v -1.256062 0.003411 0.249844
v -0.000000 3.490652 -0.225119
v 0.040341 3.499795 -0.219353
v 0.040860 3.461012 -0.159529
v 0.069873 3.524776 -0.203602
v 0.070772 3.486314 -0.143576
v 0.080683 3.558900 -0.182086
v 0.081720 3.520877 -0.121782
v 0.069873 3.593024 -0.160569
v 0.070772 3.555441 -0.099989
v 0.040341 3.618005 -0.144818
v -0.000000 3.627149 -0.139053
v -0.000000 3.590004 -0.078196
v -0.040342 3.618005 -0.144818
v -0.040860 3.580742 -0.084035
v -0.069873 3.593024 -0.160569
v -0.080683 3.558900 -0.182086
v -0.081721 3.520878 -0.121782
v -0.069873 3.524776 -0.203602
v -0.080683 3.558900 -0.182086
v -0.069873 3.593024 -0.160569
v -0.052333 3.591142 -0.176571
v -0.040342 3.499795 -0.219353
v -0.000000 3.490652 -0.225119
v -0.000000 3.451751 -0.165369
v -0.040860 3.461012 -0.159529
v -0.000000 3.590004 -0.078196
v -0.040860 3.580742 -0.084035
v -0.026540 3.558345 -0.095018
v 0.052332 3.591142 -0.176571
v 0.052613 3.729949 -0.380075
v 0.030376 3.746788 -0.365604
v -0.040342 3.618005 -0.144818
v -0.030214 3.609852 -0.164774
v -0.000000 3.627149 -0.139053
v -0.000000 3.616700 -0.160456
v 0.040341 3.618005 -0.144818
v 0.030214 3.609852 -0.164774
v 0.069873 3.593024 -0.160569
v 0.052332 3.591142 -0.176571
v 0.080683 3.558900 -0.182086
v 0.060428 3.565585 -0.192686
v -0.000000 3.490652 -0.225119
v -0.040342 3.499795 -0.219353
v -0.030214 3.521317 -0.220598
v 0.040341 3.499795 -0.219353
v -0.000000 3.514469 -0.224916
v 0.069873 3.524776 -0.203602
v 0.052332 3.540027 -0.208801
v -0.069873 3.524776 -0.203602
v -0.052333 3.540027 -0.208801
v 0.030214 3.521317 -0.220598
v -0.060428 3.565585 -0.192686
v -0.000000 3.564361 -0.091225
v 0.026540 3.558345 -0.095018
v 0.040860 3.580742 -0.084035
v 0.045969 3.541911 -0.105380
v 0.070772 3.555441 -0.099989
v 0.053080 3.519461 -0.119536
v -0.040860 3.461012 -0.159529
v -0.000000 3.451751 -0.165369
v -0.000000 3.474561 -0.147847
v 0.040860 3.461012 -0.159529
v 0.026540 3.480576 -0.144054
v 0.081720 3.520877 -0.121782
v 0.045969 3.497011 -0.133691
v -0.026540 3.480576 -0.144054
v -0.045969 3.497011 -0.133691
v 0.070772 3.486314 -0.143576
v -0.070772 3.486314 -0.143576
v -0.053081 3.519461 -0.119536
v -0.081721 3.520878 -0.121782
v -0.045969 3.541911 -0.105380
v -0.070772 3.555441 -0.099989
v -0.030377 3.746788 -0.365604
v -0.052614 3.729949 -0.380075
v -0.052333 3.591142 -0.176571
v -0.030377 3.667104 -0.434080
v -0.000000 3.660940 -0.439377
v -0.000000 3.514469 -0.224916
v 0.030214 3.521317 -0.220598
v 0.030376 3.667104 -0.434080
v 0.052613 3.683943 -0.419610
v -0.060753 3.706946 -0.399842
v -0.060428 3.565585 -0.192686
v 0.030214 3.609852 -0.164774
v -0.000000 3.752952 -0.360308
v 0.030400 4.258984 -0.714042
v 0.030400 4.379333 -0.723313
v -0.000000 4.378835 -0.715183
v 0.052332 3.540027 -0.208801
v 0.060753 3.706946 -0.399842
v -0.052614 3.683943 -0.419609
v -0.052333 3.540027 -0.208801
v -0.030214 3.609852 -0.164774
v -0.000000 3.616700 -0.160456
v -0.000000 3.752952 -0.360308
v 0.060428 3.565585 -0.192686
v -0.030214 3.521317 -0.220598
v -0.052654 4.141978 -0.703657
v -0.030400 4.149177 -0.682599
v -0.030400 4.258984 -0.714042
v -0.000000 3.902670 -0.516536
v 0.030400 4.115113 -0.782245
v 0.030400 4.242665 -0.818078
v 0.052654 4.246113 -0.796093
v -0.000000 4.151812 -0.674891
v -0.000000 4.260246 -0.705995
v -0.030400 4.385777 -0.828424
v -0.052654 4.384416 -0.806211
v -0.052654 4.510695 -0.788547
v -0.000000 4.112478 -0.789953
v -0.000000 4.241403 -0.826125
v -0.030400 4.115113 -0.782245
v -0.030400 4.242665 -0.818078
v -0.052654 4.122311 -0.761188
v -0.060800 4.132145 -0.732422
v -0.060800 4.250824 -0.766060
v 0.030400 4.149177 -0.682599
v -0.000000 4.260246 -0.705995
v -0.052654 4.246113 -0.796093
v 0.052654 4.141978 -0.703657
v 0.052654 4.255535 -0.736027
v -0.052654 4.255535 -0.736027
v 0.060799 4.132145 -0.732422
v 0.060799 4.250824 -0.766060
v -0.052654 3.843910 -0.586283
v -0.060800 3.863497 -0.563034
v -0.060800 4.003445 -0.666750
v 0.060799 3.863497 -0.563034
v 0.052654 3.883084 -0.539785
v -0.000000 3.824324 -0.609532
v 0.030400 3.829572 -0.603302
v -0.030400 3.897422 -0.522766
v 0.030400 3.897422 -0.522766
v -0.030400 3.829572 -0.603302
v 0.052654 3.843910 -0.586283
v -0.052654 3.883084 -0.539785
v -0.000000 3.902670 -0.516536
v 0.052654 3.988574 -0.693264
v 0.052654 4.122311 -0.761188
v -0.000000 4.033188 -0.613723
v 0.060799 4.003445 -0.666750
v 0.052654 4.018317 -0.640237
v -0.052654 3.988574 -0.693264
v -0.000000 3.973702 -0.719778
v 0.030400 3.977687 -0.712674
v -0.030400 4.029203 -0.620827
v 0.030400 4.029203 -0.620827
v -0.030400 3.977687 -0.712674
v -0.052654 4.018317 -0.640237
v -0.000000 4.033188 -0.613723
v -0.000000 4.151812 -0.674891
v -0.030400 4.379333 -0.723313
v -0.000000 4.378835 -0.715183
v 0.030400 4.385777 -0.828424
v 0.052654 4.384416 -0.806211
v -0.060800 4.382555 -0.775868
v 0.052654 4.380695 -0.745526
v -0.000000 4.386276 -0.836554
v 0.060799 4.382555 -0.775868
v -0.052654 4.380695 -0.745526
v -0.030400 4.515890 -0.810186
v -0.052654 4.629760 -0.734691
v 0.030400 4.515890 -0.810186
v 0.052654 4.510695 -0.788547
v -0.060800 4.503599 -0.758987
v 0.052654 4.496502 -0.729427
v 0.030400 4.491307 -0.707788
v -0.000000 4.517792 -0.818106
v 0.060799 4.503598 -0.758987
v -0.052654 4.496502 -0.729427
v -0.000000 4.489405 -0.699867
v -0.030400 4.491307 -0.707788
v -0.000000 4.489405 -0.699867
v -0.000000 4.575362 -0.661492
v -0.000000 4.615335 -0.616548
v -0.030400 4.622246 -0.620773
v 0.030400 4.643034 -0.752553
v 0.052654 4.629760 -0.734691
v -0.060800 4.611628 -0.710291
v 0.052654 4.593494 -0.685892
v 0.030400 4.580220 -0.668030
v -0.000000 4.647893 -0.759091
v 0.060799 4.611628 -0.710292
v -0.052654 4.593494 -0.685892
v -0.030400 4.643034 -0.752553
v -0.000000 4.575362 -0.661492
v -0.030400 4.580220 -0.668030
v -0.052654 4.641129 -0.632315
v -0.030400 4.642648 -0.582187
v -0.052654 4.692718 -0.663847
v -0.030400 4.711600 -0.675389
v 0.030400 4.711600 -0.675389
v -0.060800 4.666923 -0.648081
v 0.052654 4.641129 -0.632315
v -0.000000 4.718512 -0.679613
v 0.052654 4.692718 -0.663847
v 0.060799 4.666923 -0.648081
v 0.030400 4.622246 -0.620773
v 0.030400 4.642648 -0.582187
v 0.030400 4.646894 -0.557253
v -0.000000 4.638902 -0.558589
v -0.000000 4.634656 -0.580614
v -0.052654 4.724137 -0.598234
v 0.030400 4.745973 -0.602533
v 0.052654 4.724137 -0.598234
v -0.060800 4.694310 -0.592360
v 0.052654 4.664483 -0.586487
v -0.000000 4.753964 -0.604107
v 0.060799 4.694310 -0.592360
v -0.052654 4.664483 -0.586487
v -0.030400 4.745973 -0.602533
v -0.000000 4.634656 -0.580614
v -0.030400 4.646894 -0.557253
v -0.000000 4.638902 -0.558589
v -0.052654 4.728377 -0.543633
v 0.030400 4.750211 -0.539983
v 0.052654 4.728377 -0.543633
v -0.060800 4.698552 -0.548618
v 0.052654 4.668727 -0.553604
v -0.000000 4.758202 -0.538648
v 0.060799 4.698552 -0.548618
v -0.052654 4.668727 -0.553604
v -0.030400 4.750211 -0.539983
v -0.000000 3.431037 -0.310909
v 0.118979 3.431037 -0.287242
v 0.118979 3.371175 -0.287242
v 0.219845 3.431037 -0.219846
v 0.219845 3.371175 -0.219846
v 0.287241 3.431037 -0.118980
v 0.287241 3.371175 -0.118980
v 0.310908 3.431037 -0.000000
v 0.310908 3.371175 -0.000000
v 0.287241 3.431037 0.118979
v 0.287241 3.371175 0.118979
v 0.219845 3.431037 0.219845
v 0.219845 3.371175 0.219845
v 0.118979 3.431037 0.287241
v 0.118979 3.371175 0.287241
v -0.000000 3.431037 0.310908
v -0.000000 3.371175 0.310908
v -0.118980 3.431037 0.287241
v -0.118980 3.371175 0.287241
v -0.219845 3.431037 0.219845
v -0.219845 3.371175 0.219845
v -0.287242 3.431037 0.118979
v -0.287242 3.371175 0.118979
v -0.310908 3.431037 -0.000000
v -0.310908 3.371175 -0.000000
v -0.287242 3.431037 -0.118980
v -0.287242 3.371175 -0.118980
v -0.219845 3.431037 -0.219846
v -0.219845 3.371175 -0.219846
v 0.310908 3.431037 -0.000000
v 0.124550 3.442587 -0.000000
v 0.115070 3.442587 0.047663
v -0.118979 3.431037 -0.287242
v -0.000000 3.431037 -0.310909
v -0.000000 3.371175 -0.310909
v -0.118979 3.371175 -0.287242
v -0.115070 3.442587 0.047663
v -0.088071 3.442587 0.088070
v -0.069902 3.463620 0.047313
v -0.219845 3.431037 0.219845
v -0.118980 3.431037 0.287241
v -0.047664 3.442587 0.115069
v -0.219845 3.431037 -0.219846
v -0.088071 3.442587 -0.088071
v -0.047664 3.442587 -0.115070
v 0.219845 3.431037 -0.219846
v 0.088070 3.442587 -0.088071
v 0.115070 3.442587 -0.047664
v -0.000000 3.431037 0.310908
v 0.118979 3.431037 0.287241
v 0.047663 3.442587 0.115069
v -0.000000 3.431037 -0.310909
v -0.000000 3.442587 -0.124551
v 0.047663 3.442587 -0.115070
v -0.310908 3.431037 -0.000000
v -0.124551 3.442587 -0.000000
v -0.115070 3.442587 -0.047664
v 0.287241 3.431037 0.118979
v 0.088070 3.442587 0.088070
v -0.088071 3.442587 0.088070
v -0.115070 3.442587 0.047663
v -0.118979 3.431037 -0.287242
v 0.287241 3.431037 -0.118980
v -0.000000 3.442587 0.124550
v -0.287242 3.431037 -0.118980
v 0.118979 3.431037 -0.287242
v 0.219845 3.431037 0.219845
v -0.287242 3.431037 0.118979
v -0.000000 3.446430 -0.120567
v -0.037831 3.447196 -0.113081
v -0.021946 3.478475 -0.151205
v 0.115070 3.442587 -0.047664
v 0.091331 3.452646 -0.059859
v 0.098856 3.456500 -0.022225
v -0.124551 3.442587 -0.000000
v -0.091331 3.460353 0.015409
v 0.124550 3.442587 -0.000000
v 0.091331 3.460353 0.015409
v -0.115070 3.442587 -0.047664
v -0.098856 3.456500 -0.022225
v 0.115070 3.442587 0.047663
v 0.069902 3.463620 0.047313
v -0.088071 3.442587 -0.088071
v -0.091331 3.452646 -0.059859
v 0.088070 3.442587 0.088070
v 0.037830 3.465803 0.068631
v -0.047664 3.442587 -0.115070
v -0.069902 3.449379 -0.091764
v 0.047663 3.442587 0.115069
v -0.000000 3.466570 0.076117
v -0.000000 3.442587 -0.124551
v -0.000000 3.446430 -0.120567
v 0.037830 3.447196 -0.113081
v -0.000000 3.442587 -0.124551
v -0.047664 3.442587 0.115069
v -0.000000 3.442587 0.124550
v 0.047663 3.442587 -0.115070
v 0.069902 3.449379 -0.091764
v -0.037831 3.465803 0.068631
v 0.088070 3.442587 -0.088071
v -0.000000 3.571845 -0.092432
v 0.021945 3.478475 -0.151205
v 0.040550 3.488996 -0.144582
v -0.021946 3.568151 -0.094757
v 0.052981 3.504740 -0.134671
v -0.040550 3.557630 -0.101379
v 0.057346 3.523313 -0.122981
v -0.052981 3.541885 -0.111290
v 0.052981 3.541885 -0.111290
v -0.057347 3.523313 -0.122981
v 0.040550 3.557630 -0.101379
v -0.052981 3.504740 -0.134671
v 0.021945 3.568151 -0.094757
v -0.040550 3.488996 -0.144582
v -0.000000 3.474781 -0.153530
v -0.152022 3.327295 -0.524978
v -0.152022 3.312453 -0.489147
v -0.035832 3.312453 -0.489147
v 0.152022 3.312453 -0.560810
v 0.152022 3.276620 -0.575652
v -0.152022 3.276620 -0.575652
v -0.152022 3.225947 -0.524978
v -0.000000 3.225947 -0.524978
v -0.035832 3.240788 -0.489147
v -0.152022 3.240788 -0.489147
v -0.050674 3.276620 -0.474304
v -0.050674 3.276620 -0.474304
v -0.000000 3.327295 -0.423262
v -0.000000 3.327295 -0.524978
v -0.035832 3.312453 -0.489147
v 0.035832 3.312453 -0.423262
v 0.035832 3.312453 -0.489147
v 0.050674 3.276620 -0.436380
v 0.050674 3.276620 -0.474304
v 0.035832 3.240788 -0.450980
v 0.035832 3.240788 -0.489147
v -0.000000 3.225947 -0.455710
v -0.000000 3.225947 -0.455710
v -0.035832 3.240788 -0.450980
v -0.035832 3.240788 -0.489147
v -0.050674 3.276620 -0.436380
v -0.050674 3.276620 -0.474304
v -0.035832 3.312453 -0.423262
v 0.152022 3.327295 -0.524978
v -0.000000 3.327295 -0.524978
v 0.035832 3.312453 -0.489147
v -0.152022 3.312453 -0.560810
v -0.152022 3.240788 -0.560810
v 0.152022 3.240788 -0.560810
v 0.152022 3.225947 -0.524978
v 0.152022 3.240788 -0.489147
v 0.035832 3.240788 -0.489147
v 0.152022 3.276620 -0.474304
v 0.050674 3.276620 -0.474304
v 0.050674 3.276620 -0.474304
v 0.152022 3.276620 -0.474304
v 0.152022 3.312453 -0.489147
v 0.142229 4.602415 -0.348876
v 0.142229 4.615845 -0.425356
v 0.153935 4.673808 -0.415178
v -0.118613 4.608932 -0.330151
v -0.141927 4.602415 -0.348876
v -0.108591 4.553276 -0.357505
v 0.108893 4.767482 -0.319890
v 0.059001 4.800315 -0.314125
v 0.049344 4.774357 -0.301103
v -0.090747 4.567856 -0.337364
v -0.058700 4.520442 -0.363270
v 0.000151 4.811845 -0.312100
v 0.000151 4.783995 -0.299410
v 0.000151 4.530772 -0.343876
v 0.000151 4.508912 -0.365295
v 0.059001 4.520442 -0.363270
v -0.058700 4.800315 -0.314125
v -0.049043 4.774358 -0.301103
v 0.108893 4.553276 -0.357505
v 0.091049 4.567856 -0.337364
v -0.108591 4.767482 -0.319890
v 0.142229 4.602415 -0.348876
v 0.118914 4.608932 -0.330151
v -0.141927 4.718342 -0.328519
v -0.118613 4.705836 -0.313135
v 0.153935 4.660378 -0.338698
v -0.153633 4.660378 -0.338698
v 0.128700 4.657384 -0.321643
v 0.142229 4.718342 -0.328519
v -0.128398 4.657384 -0.321643
v 0.091049 4.746912 -0.305922
v 0.000151 4.825274 -0.388580
v 0.000151 4.774078 -0.493030
v -0.032490 4.767684 -0.494153
v -0.141927 4.731772 -0.404999
v -0.153633 4.673808 -0.415178
v -0.153633 4.660378 -0.338698
v 0.142229 4.731772 -0.404999
v 0.142229 4.718342 -0.328519
v -0.141927 4.615845 -0.425356
v -0.141927 4.602415 -0.348876
v 0.108893 4.780911 -0.396371
v 0.108893 4.767482 -0.319890
v -0.108591 4.566705 -0.433985
v -0.108591 4.553276 -0.357505
v 0.059001 4.813745 -0.390605
v -0.058700 4.533872 -0.439750
v -0.058700 4.520442 -0.363270
v 0.059001 4.800315 -0.314125
v 0.000151 4.825274 -0.388580
v 0.000151 4.522342 -0.441775
v 0.059001 4.533872 -0.439750
v 0.059001 4.520442 -0.363270
v 0.000151 4.522342 -0.441775
v -0.058700 4.813745 -0.390605
v -0.058700 4.800315 -0.314125
v 0.108893 4.566705 -0.433985
v 0.108893 4.553276 -0.357505
v -0.108591 4.780911 -0.396371
v -0.141927 4.718342 -0.328519
v -0.078651 4.657920 -0.513427
v -0.060881 4.673058 -0.557073
v -0.046561 4.651949 -0.560779
v 0.059001 4.533872 -0.439750
v 0.032792 4.612455 -0.521410
v 0.060463 4.630666 -0.518213
v -0.058700 4.813745 -0.390605
v -0.060161 4.749473 -0.497350
v 0.142229 4.615845 -0.425356
v 0.108893 4.566705 -0.433985
v -0.141927 4.731772 -0.404999
v -0.108591 4.780911 -0.396371
v 0.153935 4.673808 -0.415178
v 0.078952 4.657920 -0.513427
v -0.153633 4.673808 -0.415178
v -0.078651 4.722218 -0.502136
v 0.085445 4.690069 -0.507782
v 0.078952 4.722218 -0.502136
v -0.085143 4.690069 -0.507782
v 0.142229 4.731772 -0.404999
v 0.060463 4.749473 -0.497350
v -0.141927 4.615845 -0.425356
v -0.060161 4.630666 -0.518213
v 0.059001 4.813745 -0.390605
v 0.108893 4.780911 -0.396371
v -0.058700 4.533872 -0.439750
v -0.108591 4.566705 -0.433985
v 0.032792 4.767684 -0.494153
v 0.000151 4.522342 -0.441775
v 0.000151 4.606061 -0.522533
v -0.032490 4.612455 -0.521410
v 0.000151 4.606061 -0.522533
v 0.046863 4.743965 -0.544621
v 0.025431 4.758070 -0.542145
v -0.025129 4.637845 -0.563256
v 0.000151 4.763022 -0.541275
v 0.000151 4.632892 -0.564126
v 0.000151 4.632892 -0.564126
v 0.025431 4.637845 -0.563256
v 0.046863 4.651949 -0.560779
v -0.025129 4.758070 -0.542145
v 0.061183 4.673058 -0.557073
v -0.046561 4.743965 -0.544621
v 0.066212 4.697957 -0.552700
v -0.060881 4.722857 -0.548328
v -0.065910 4.697957 -0.552700
v 0.061183 4.722857 -0.548328
v -0.060881 4.722857 -0.548328
v -0.048723 4.717896 -0.549199
v -0.052750 4.697957 -0.552700
v 0.066212 4.697957 -0.552700
v 0.061183 4.673058 -0.557073
v 0.049025 4.678018 -0.556202
v -0.046561 4.743965 -0.544621
v -0.037256 4.734800 -0.546231
v 0.046863 4.651949 -0.560779
v 0.037557 4.661114 -0.559170
v -0.025129 4.758070 -0.542145
v -0.020093 4.746095 -0.544248
v 0.025431 4.637845 -0.563256
v 0.020395 4.649819 -0.561153
v 0.000151 4.763022 -0.541275
v 0.000151 4.750061 -0.543551
v 0.000151 4.632892 -0.564126
v -0.025129 4.637845 -0.563256
v -0.020093 4.649819 -0.561153
v 0.000151 4.645854 -0.561850
v 0.025431 4.758070 -0.542145
v 0.020395 4.746095 -0.544248
v -0.046561 4.651949 -0.560779
v -0.037256 4.661114 -0.559170
v 0.046863 4.743965 -0.544621
v 0.037557 4.734800 -0.546231
v -0.060881 4.673058 -0.557073
v -0.048723 4.678018 -0.556202
v 0.061183 4.722857 -0.548328
v 0.049025 4.717896 -0.549199
v -0.065910 4.697957 -0.552700
v 0.053052 4.697957 -0.552700
v 0.248888 5.808370 0.418580
v 0.147536 5.808415 0.472753
v 0.173273 5.785325 0.471249
v 0.122070 5.731995 0.613688
v 0.199968 5.731914 0.589916
v 0.179937 5.807449 0.550977
v 0.613688 5.731995 0.122070
v 0.569046 5.808361 0.112874
v 0.550977 5.807449 0.179937
v 0.382683 5.302783 0.923879
v 0.347593 5.210747 0.839166
v 0.504628 5.210747 0.755229
v 0.923879 5.302783 0.382683
v 0.839166 5.210747 0.347594
v 0.890854 5.210747 0.177202
v 0.195089 5.302783 0.980785
v 0.177201 5.210747 0.890853
v 0.831469 5.302783 0.555570
v 0.755229 5.210747 0.504628
v 0.642269 5.210747 0.642270
v 0.707106 5.302783 0.707107
v 0.555570 5.302783 0.831469
v -0.728672 5.610012 -0.000002
v -0.733984 5.572521 -0.000002
v -0.721379 5.572528 0.127836
v 0.457262 5.655132 0.457262
v 0.359268 5.655132 0.537683
v 0.527730 5.499552 0.789805
v 0.537683 5.655132 0.359268
v 0.671673 5.499552 0.671674
v 0.359268 5.655132 0.537683
v 0.457262 5.655132 0.457262
v 0.402569 5.785325 0.402569
v 0.497139 5.808363 0.092827
v 0.450826 5.808415 0.129932
v 0.472754 5.808415 0.147537
v 0.910151 5.420167 0.343171
v 0.831469 5.302783 0.555570
v 0.923879 5.302783 0.382683
v 0.486016 5.785233 0.291418
v 0.533054 5.784888 0.198873
v 0.471249 5.785325 0.173273
v 0.427294 5.785325 0.255507
v 0.353335 5.785325 0.353335
v 0.294815 5.785245 0.484290
v 0.402569 5.785325 0.402569
v 0.696705 5.210747 0.288584
v 0.739618 5.210747 0.147119
v 0.890854 5.210747 0.177202
v 0.755229 5.210747 0.504628
v 0.627018 5.210747 0.418960
v 0.533235 5.210747 0.533235
v 0.504628 5.210747 0.755229
v 0.418959 5.210747 0.627018
v 0.347593 5.210747 0.839166
v 0.288584 5.210747 0.696705
v 0.177201 5.210747 0.890853
v 0.147118 5.210747 0.739618
v 0.506550 5.206265 0.338466
v 0.562849 5.206265 0.233139
v 0.618903 5.254169 0.256358
v 0.430786 5.206265 0.430786
v 0.556998 5.254169 0.372174
v 0.372174 5.254169 0.556998
v 0.338466 5.206265 0.506550
v 0.233139 5.206265 0.562849
v 0.130690 5.254169 0.657024
v 0.118853 5.206265 0.597517
v -0.609224 5.206265 -0.000001
v -0.597518 5.206265 0.118852
v -0.657025 5.254169 0.130689
v 0.147118 5.210747 0.739618
v 0.130690 5.254169 0.657024
v 0.256357 5.254169 0.618903
v 0.288584 5.210747 0.696705
v 0.372174 5.254169 0.556998
v 0.473688 5.254169 0.473688
v 0.533235 5.210747 0.533235
v 0.556998 5.254169 0.372174
v 0.627018 5.210747 0.418960
v 0.618903 5.254169 0.256358
v 0.696705 5.210747 0.288584
v 0.657024 5.254169 0.130690
v 0.739618 5.210747 0.147119
v 0.118853 5.206265 0.597517
v 0.110572 5.206265 0.555883
v 0.216895 5.206265 0.523631
v 0.562849 5.206265 0.233139
v 0.523631 5.206265 0.216895
v 0.555884 5.206265 0.110572
v 0.506550 5.206265 0.338466
v 0.471255 5.206265 0.314883
v 0.430786 5.206265 0.430786
v 0.400770 5.206265 0.400770
v 0.338466 5.206265 0.506550
v 0.314882 5.206265 0.471255
v 0.233139 5.206265 0.562849
v 0.314882 5.206265 0.471255
v 0.308612 5.246550 0.461870
v 0.392788 5.246550 0.392788
v 0.216895 5.206265 0.523631
v 0.212575 5.246550 0.513203
v 0.110572 5.206265 0.555883
v 0.108369 5.246550 0.544813
v 0.555884 5.206265 0.110572
v 0.523631 5.206265 0.216895
v 0.513203 5.246550 0.212575
v 0.471255 5.206265 0.314883
v 0.461870 5.246550 0.308612
v 0.400770 5.206265 0.400770
v -0.589917 5.731914 0.199968
v -0.580596 5.696550 0.218643
v -0.533055 5.784888 0.198873
v 0.671673 5.499552 0.671674
v 0.527730 5.499552 0.789805
v 0.555570 5.302783 0.831469
v 0.235497 5.551071 0.734181
v 0.169323 5.572590 0.708732
v 0.127837 5.572528 0.721378
v 0.258458 5.587322 0.724748
v 0.247468 5.655132 0.597441
v -0.229411 5.808372 0.397653
v -0.129933 5.808415 0.450825
v -0.108742 5.901594 0.376217
v 0.879272 5.428420 0.305072
v 0.904237 5.378476 0.255700
v 0.908107 5.482250 0.165028
v 0.721379 5.572528 0.127838
v 0.708733 5.572590 0.169323
v 0.734181 5.551071 0.235497
v 0.334873 5.497869 0.889079
v 0.300074 5.481417 0.868515
v 0.305062 5.428543 0.879250
v 0.293105 5.369221 0.937157
v 0.192059 5.368345 0.965548
v 0.195089 5.302783 0.980785
v 0.258458 5.587322 0.724748
v 0.235497 5.551071 0.734181
v 0.142156 5.610012 0.714669
v 0.127837 5.572528 0.721378
v 0.169323 5.572590 0.708732
v 0.889079 5.497869 0.334873
v 0.910151 5.420167 0.343171
v 0.879272 5.428420 0.305072
v 0.165027 5.482250 0.908106
v 0.255446 5.378476 0.904315
v 0.305062 5.428543 0.879250
v 0.724749 5.587322 0.258458
v 0.699147 5.610063 0.193417
v 0.597441 5.655132 0.247468
v 0.258525 5.785325 0.425681
v 0.173273 5.785325 0.471249
v 0.580596 5.696550 0.218644
v 0.597441 5.655132 0.247468
v 0.634241 5.655132 0.126158
v 0.218644 5.696550 0.580595
v 0.121372 5.696593 0.610179
v 0.126158 5.655132 0.634240
v 0.472754 5.808415 0.147537
v 0.471249 5.785325 0.173273
v 0.533054 5.784888 0.198873
v 0.199968 5.731914 0.589916
v 0.218644 5.696550 0.580595
v 0.198873 5.784888 0.533054
v 0.589916 5.731914 0.199969
v 0.580596 5.696550 0.218644
v 0.610180 5.696593 0.121372
v 0.199968 5.731914 0.589916
v 0.122070 5.731995 0.613688
v 0.121372 5.696593 0.610179
v 0.345658 5.808361 0.345657
v 0.353335 5.785325 0.353335
v 0.427294 5.785325 0.255507
v 0.258525 5.785325 0.425681
v 0.420498 5.808372 0.245300
v 0.471249 5.785325 0.173273
v 0.147536 5.808415 0.472753
v 0.179937 5.807449 0.550977
v 0.589916 5.731914 0.199969
v 0.550977 5.807449 0.179937
v 0.965548 5.368345 0.192059
v 0.930575 5.378401 0.169532
v 0.904237 5.378476 0.255700
v 0.255446 5.378476 0.904315
v 0.169531 5.378401 0.930574
v 0.192059 5.368345 0.965548
v 0.397653 5.808372 0.229410
v 0.420498 5.808372 0.245300
v 0.326020 5.808361 0.326020
v 0.345658 5.808361 0.345657
v 0.233061 5.808370 0.395701
v 0.248888 5.808370 0.418580
v 0.129932 5.808415 0.450825
v 0.147536 5.808415 0.472753
v 0.397653 5.808372 0.229410
v 0.332444 5.901559 0.190634
v 0.272176 5.901549 0.272166
v 0.233061 5.808370 0.395701
v 0.326020 5.808361 0.326020
v 0.195880 5.901558 0.329341
v 0.108754 5.901594 0.376212
v 0.450826 5.808415 0.129932
v 0.497139 5.808363 0.092827
v 0.410085 5.901550 0.073039
v 0.129932 5.808415 0.450825
v 0.075681 5.901550 0.409559
v 0.376218 5.901594 0.108741
v 0.000001 5.302783 -1.000001
v 0.195091 5.302783 -0.980786
v 0.177202 5.210747 -0.890855
v 0.000000 5.254169 -0.669897
v 0.000000 5.206265 -0.609224
v -0.118853 5.206265 -0.597518
v 0.669896 5.254169 -0.000000
v 0.657024 5.254169 -0.130691
v 0.739618 5.210747 -0.147119
v 0.000007 5.901550 0.417279
v 0.000265 5.900046 0.256324
v -0.073040 5.901550 0.410085
v 0.754108 5.210747 -0.000000
v 0.908307 5.210747 -0.000000
v 0.092827 5.808363 0.497138
v -0.556999 5.254169 0.372173
v -0.618904 5.254169 0.256357
v -0.562850 5.206265 0.233138
v 0.708733 5.572590 0.169323
v 0.721379 5.572528 0.127838
v 0.714670 5.610012 0.142156
v -0.000007 5.901550 -0.417281
v -0.000266 5.900046 -0.256325
v 0.073039 5.901550 -0.410086
v 0.000000 5.808361 -0.508377
v -0.000007 5.901550 -0.417281
v 0.073039 5.901550 -0.410086
v 0.609223 5.206265 -0.000000
v 0.566774 5.206265 -0.000000
v 0.555884 5.206265 -0.110573
v 0.000000 5.808361 -0.580274
v -0.112875 5.808361 -0.569048
v -0.092827 5.808363 -0.497140
v 0.256324 5.900046 -0.000266
v 0.236914 5.900046 0.097845
v 0.376218 5.901594 0.108741
v 0.332444 5.901559 0.190634
v 0.181436 5.900046 0.181060
v -0.121373 5.696593 0.610179
v -0.126159 5.655132 0.634240
v -0.000001 5.655132 0.646666
v 0.724749 5.587322 0.258458
v 0.868515 5.481417 0.300074
v 0.533054 5.784888 0.198873
v 0.486016 5.785233 0.291418
v 0.198873 5.784888 0.533054
v 0.247468 5.655132 0.597441
v 0.294815 5.785245 0.484290
v 0.537683 5.655132 0.359268
v 0.789805 5.499552 0.527731
v 0.343073 5.419975 0.909695
v 0.382683 5.302783 0.923879
v 0.937615 5.369421 0.293316
v 0.980785 5.302783 0.195090
v 0.634241 5.655132 0.126158
v 0.193417 5.610063 0.699146
v 0.293105 5.369221 0.937157
v 0.734181 5.551071 0.235497
v 0.699147 5.610063 0.193417
v 0.937615 5.369421 0.293316
v 0.193417 5.610063 0.699146
v 0.126158 5.655132 0.634240
v 0.334873 5.497869 0.889079
v 0.789805 5.499552 0.527731
v 0.889079 5.497869 0.334873
v -0.169324 5.572590 0.708732
v -0.127839 5.572528 0.721378
v -0.142158 5.610012 0.714669
v -0.734182 5.551071 0.235496
v -0.724750 5.587322 0.258457
v -0.699147 5.610063 0.193416
v -0.179938 5.807449 0.550977
v -0.112876 5.808361 0.569046
v -0.092828 5.808363 0.497138
v -0.580596 5.696550 0.218643
v -0.610180 5.696593 0.121371
v -0.634241 5.655132 0.126157
v -0.147538 5.808415 0.472753
v -0.173274 5.785325 0.471249
v -0.198875 5.784888 0.533053
v -0.484291 5.785245 0.294814
v -0.425682 5.785325 0.258524
v -0.471250 5.785325 0.173272
v -0.430787 5.206265 0.430785
v -0.400771 5.206265 0.400769
v -0.314884 5.206265 0.471255
v -0.291419 5.785233 0.486016
v -0.198875 5.784888 0.533053
v -0.173274 5.785325 0.471249
v 0.000000 5.731991 -0.625707
v -0.122071 5.731995 -0.613689
v -0.597442 5.655132 0.247467
v -0.537684 5.655132 0.359267
v -0.484291 5.785245 0.294814
v -0.472755 5.808415 0.147536
v -0.550978 5.807449 0.179936
v -0.497139 5.808363 0.092826
v -0.409560 5.901550 0.075680
v -0.417280 5.901550 0.000006
v -0.127838 5.572528 -0.721380
v 0.000000 5.572521 -0.733984
v 0.000001 5.482253 -0.924363
v 0.338467 5.206265 -0.506552
v 0.233140 5.206265 -0.562850
v 0.256358 5.254169 -0.618904
v -0.127839 5.572528 0.721378
v -0.165029 5.482250 0.908106
v -0.000001 5.482253 0.924362
v -0.130691 5.254169 0.657024
v -0.000001 5.254169 0.669895
v -0.000001 5.210747 0.754108
v -0.258459 5.587322 0.724748
v -0.359269 5.655132 0.537682
v -0.527732 5.499552 0.789804
v -0.714671 5.610012 0.142155
v -0.708733 5.572590 0.169322
v -0.506551 5.206265 0.338465
v -0.471256 5.206265 0.314882
v -0.707108 5.302783 0.707106
v -0.671675 5.499552 0.671673
v -0.789806 5.499552 0.527730
v -0.909696 5.419975 0.343072
v -0.937158 5.369221 0.293104
v -0.923880 5.302783 0.382682
v -0.126159 5.655132 0.634240
v -0.247469 5.655132 0.597441
v -0.193419 5.610063 0.699146
v -0.473689 5.254169 0.473687
v -0.430787 5.206265 0.430785
v -0.338467 5.206265 0.506550
v -0.305074 5.428420 0.879271
v -0.343172 5.420167 0.910151
v -0.293317 5.369421 0.937614
v -0.258459 5.587322 0.724748
v -0.334875 5.497869 0.889079
v -0.300076 5.481417 0.868515
v -0.169324 5.572590 0.708732
v -0.235498 5.551071 0.734180
v -0.724750 5.587322 0.258457
v -0.537684 5.655132 0.359267
v -0.597442 5.655132 0.247467
v -0.247469 5.655132 0.597441
v -0.198875 5.784888 0.533053
v -0.291419 5.785233 0.486016
v -0.418581 5.808370 0.248888
v -0.472755 5.808415 0.147536
v -0.471250 5.785325 0.173272
v -0.129933 5.808415 0.450825
v -0.147538 5.808415 0.472753
v -0.345659 5.808361 0.345657
v -0.425682 5.785325 0.258524
v -0.199970 5.731914 0.589916
v -0.218645 5.696550 0.580595
v -0.121373 5.696593 0.610179
v -0.256359 5.254169 0.618903
v -0.147120 5.210747 0.739617
v -0.506551 5.206265 -0.338468
v -0.556998 5.254169 -0.372176
v -0.473688 5.254169 -0.473689
v -0.092828 5.808363 0.497138
v -0.073040 5.901550 0.410085
v -0.699147 5.610063 0.193416
v -0.634241 5.655132 0.126157
v -0.533055 5.784888 0.198873
v -0.908108 5.482250 0.165026
v -0.904316 5.378476 0.255445
v -0.879251 5.428543 0.305061
v -0.879251 5.428543 0.305061
v -0.904316 5.378476 0.255445
v -0.937158 5.369221 0.293104
v -0.789806 5.499552 0.527730
v -0.527732 5.499552 0.789804
v -0.471256 5.206265 0.314882
v -0.461871 5.246550 0.308611
v -0.392789 5.246550 0.392788
v -0.734182 5.551071 0.235496
v -0.708733 5.572590 0.169322
v -0.721379 5.572528 0.127836
v -0.923880 5.302783 0.382682
v -0.839167 5.210747 0.347592
v -0.755231 5.210747 0.504627
v -0.890855 5.210747 0.177200
v -0.739619 5.210747 0.147118
v -0.696706 5.210747 0.288583
v -0.256359 5.254169 0.618903
v -0.233140 5.206265 0.562848
v -0.118854 5.206265 0.597517
v -0.272167 5.901549 0.272176
v -0.181061 5.900046 0.181436
v -0.329342 5.901558 0.195879
v -0.889080 5.497869 0.334872
v -0.343172 5.420167 0.910151
v -0.555571 5.302783 0.831469
v -0.382684 5.302783 0.923879
v -0.334875 5.497869 0.889079
v -0.395703 5.808370 0.233061
v -0.329342 5.901558 0.195879
v -0.376213 5.901594 0.108753
v -0.739619 5.210747 0.147118
v -0.657025 5.254169 0.130689
v -0.618904 5.254169 0.256357
v -0.555884 5.206265 0.110571
v -0.544814 5.246550 0.108369
v -0.513204 5.246550 0.212574
v -0.597518 5.206265 0.118852
v -0.555884 5.206265 0.110571
v -0.523632 5.206265 0.216894
v -0.980786 5.302783 0.195089
v -0.890855 5.210747 0.177200
v -0.473689 5.254169 0.473687
v -0.372175 5.254169 0.556997
v -0.418961 5.210747 0.627017
v -0.169532 5.378401 -0.930576
v 0.000001 5.378309 -0.947302
v 0.000001 5.368345 -0.984465
v -0.556999 5.254169 0.372173
v -0.533236 5.210747 0.533234
v -0.930575 5.378401 0.169531
v -0.965549 5.368345 0.192058
v -0.233140 5.206265 0.562848
v -0.216896 5.206265 0.523631
v -0.110573 5.206265 0.555883
v -0.142156 5.610012 -0.714671
v -0.126158 5.655132 -0.634242
v 0.000000 5.655132 -0.646667
v -0.256325 5.900046 0.000265
v -0.236915 5.900046 -0.097847
v -0.376218 5.901594 -0.108743
v -0.288586 5.210747 0.696704
v -0.293317 5.369421 0.937614
v -0.195091 5.302783 0.980785
v -0.000001 5.808361 0.580272
v -0.000001 5.808361 0.508375
v -0.347595 5.210747 0.839166
v -0.288586 5.210747 0.696704
v -0.147120 5.210747 0.739617
v -0.696706 5.210747 0.288583
v -0.218645 5.696550 0.580595
v -0.450826 5.808415 0.129931
v -0.497139 5.808363 0.092826
v -0.472755 5.808415 0.147536
v -0.889080 5.497869 0.334872
v -0.868516 5.481417 0.300073
v -0.229411 5.808372 0.397653
v -0.245301 5.808372 0.420498
v 0.562849 5.206265 -0.233140
v 0.618903 5.254169 -0.256358
v 0.657024 5.254169 -0.130691
v -0.338467 5.206265 0.506550
v -0.400771 5.206265 0.400769
v -0.308613 5.246550 0.461870
v -0.562850 5.206265 0.233138
v -0.314884 5.206265 0.471255
v -0.212576 5.246550 0.513202
v -0.199970 5.731914 0.589916
v -0.179938 5.807449 0.550977
v -0.755231 5.210747 0.504627
v -0.627019 5.210747 0.418959
v -0.533236 5.210747 0.533234
v -0.122072 5.731995 0.613688
v -0.589917 5.731914 0.199968
v -0.613689 5.731995 0.122069
v -0.610180 5.696593 0.121371
v -0.550978 5.807449 0.179936
v -0.671675 5.499552 0.671673
v -0.457263 5.655132 0.457261
v -0.190636 5.901559 0.332444
v -0.272167 5.901549 0.272176
v -0.236712 5.900046 0.098336
v -0.359269 5.655132 0.537682
v -0.402570 5.785325 0.402569
v -0.965549 5.368345 0.192058
v -0.984465 5.368345 -0.000002
v -1.000000 5.302783 -0.000002
v -0.642271 5.210747 0.642269
v -0.707108 5.302783 0.707106
v -0.831471 5.302783 0.555569
v -0.450826 5.808415 0.129931
v -0.326021 5.808361 0.326019
v -0.376213 5.901594 0.108753
v -0.409560 5.901550 0.075680
v -0.839167 5.210747 0.347592
v -0.326021 5.808361 0.326019
v -0.395703 5.808370 0.233061
v -0.418581 5.808370 0.248888
v -0.504629 5.210747 0.755228
v -0.418961 5.210747 0.627017
v -0.345659 5.808361 0.345657
v -0.613689 5.731995 0.122069
v -0.589917 5.731914 0.199968
v -0.625706 5.731991 -0.000001
v -0.569047 5.808361 0.112873
v -0.000001 5.731991 0.625705
v -0.122072 5.731995 0.613688
v -0.486017 5.785233 -0.291420
v -0.427295 5.785325 -0.255509
v -0.353335 5.785325 -0.353337
v -0.613689 5.731995 -0.122072
v -0.569047 5.808361 -0.112876
v -0.550978 5.807449 -0.179938
v -0.609224 5.206265 -0.000001
v -0.597518 5.206265 -0.118855
v -0.555885 5.206265 -0.110573
v -0.580596 5.696550 -0.218646
v -0.533054 5.784888 -0.198875
v -0.597442 5.655132 -0.247470
v -0.372175 5.254169 0.556997
v -0.359268 5.655132 -0.537685
v -0.457262 5.655132 -0.457263
v -0.402570 5.785325 -0.402571
v 0.000000 5.610012 -0.728672
v 0.126158 5.655132 -0.634242
v -0.179937 5.807449 -0.550979
v -0.147537 5.808415 -0.472755
v 0.097846 5.900046 -0.236916
v 0.108741 5.901594 -0.376219
v 0.728671 5.610012 -0.000000
v 0.733983 5.572521 -0.000000
v 0.721379 5.572528 -0.127838
v -0.397654 5.808372 -0.229412
v -0.332445 5.901559 -0.190636
v -0.272177 5.901549 -0.272168
v -0.714671 5.610012 0.142155
v -0.646667 5.655132 -0.000001
v -0.789805 5.499552 -0.527732
v -0.537683 5.655132 -0.359270
v -0.457262 5.655132 -0.457263
v -0.908307 5.210747 -0.000002
v -1.000000 5.302783 -0.000002
v -0.980786 5.302783 -0.195092
v -0.294815 5.785245 -0.484292
v -0.258526 5.785325 -0.425683
v -0.173274 5.785325 -0.471251
v -0.839166 5.210747 -0.347596
v -0.890854 5.210747 -0.177203
v -0.382683 5.302783 -0.923881
v -0.347594 5.210747 -0.839167
v -0.504628 5.210747 -0.755231
v -0.642270 5.210747 -0.642272
v -0.755230 5.210747 -0.504630
v -0.831470 5.302783 -0.555572
v 0.169533 5.378401 -0.930576
v -0.471256 5.206265 -0.314884
v -0.461871 5.246550 -0.308613
v -0.513203 5.246550 -0.212577
v -0.400770 5.206265 -0.400771
v -0.392789 5.246550 -0.392790
v -0.233140 5.206265 -0.562850
v -0.216895 5.206265 -0.523633
v -0.314883 5.206265 -0.471257
v -0.506551 5.206265 -0.338468
v -0.471256 5.206265 -0.314884
v -0.523632 5.206265 -0.216896
v 0.669896 5.254169 -0.000000
v 0.609223 5.206265 -0.000000
v 0.597517 5.206265 -0.118854
v -0.562849 5.206265 -0.233141
v -0.618904 5.254169 -0.256360
v -0.562849 5.206265 -0.233141
v -0.879272 5.428420 -0.305074
v -0.904238 5.378476 -0.255702
v -0.908107 5.482250 -0.165030
v -0.618904 5.254169 -0.256360
v -0.657025 5.254169 -0.130691
v -0.739619 5.210747 -0.147121
v -0.597518 5.206265 -0.118855
v -0.657025 5.254169 -0.130691
v -0.450826 5.808415 -0.129934
v -0.497139 5.808363 -0.092829
v -0.410086 5.901550 -0.073040
v -0.345658 5.808361 -0.345659
v -0.248889 5.808370 -0.418582
v -0.258526 5.785325 -0.425683
v -0.789805 5.499552 -0.527732
v -0.671674 5.499552 -0.671676
v -0.707107 5.302783 -0.707108
v -0.589917 5.731914 -0.199970
v -0.580596 5.696550 -0.218646
v -0.610180 5.696593 -0.121374
v -0.338466 5.206265 -0.506552
v -0.430786 5.206265 -0.430787
v -0.314883 5.206265 -0.471257
v -0.308612 5.246550 -0.461872
v -0.110572 5.206265 -0.555885
v -0.108370 5.246550 -0.544815
v -0.212576 5.246550 -0.513204
v -0.235497 5.551071 -0.734182
v -0.169323 5.572590 -0.708734
v -0.177201 5.210747 -0.890855
v -0.147119 5.210747 -0.739619
v -0.288584 5.210747 -0.696706
v -0.000001 5.254169 0.669895
v -0.130691 5.254169 0.657024
v -0.256358 5.254169 -0.618904
v -0.130690 5.254169 -0.657025
v -0.332445 5.901559 -0.190636
v -0.193417 5.610063 -0.699148
v -0.247468 5.655132 -0.597443
v -0.721379 5.572528 -0.127839
v -0.908107 5.482250 -0.165030
v -0.924363 5.482253 -0.000002
v -0.527731 5.499552 -0.789807
v -0.359268 5.655132 -0.537685
v -0.258458 5.587322 -0.724750
v -0.305062 5.428543 -0.879252
v -0.255446 5.378476 -0.904316
v -0.293105 5.369221 -0.937159
v -0.165027 5.482250 -0.908108
v -0.255446 5.378476 -0.904316
v -0.305062 5.428543 -0.879252
v -0.580273 5.808361 -0.000001
v -0.724749 5.587322 -0.258460
v -0.699147 5.610063 -0.193419
v -0.597442 5.655132 -0.247470
v -0.216895 5.206265 -0.523633
v -0.523632 5.206265 -0.216896
v -0.544814 5.246550 -0.108371
v -0.669896 5.254169 -0.000001
v -0.708733 5.572590 -0.169325
v -0.734182 5.551071 -0.235499
v -0.527731 5.499552 -0.789807
v -0.555570 5.302783 -0.831471
v -0.338466 5.206265 -0.506552
v -0.400770 5.206265 -0.400771
v -0.486017 5.785233 -0.291420
v -0.497139 5.808363 -0.092829
v -0.450826 5.808415 -0.129934
v -0.472755 5.808415 -0.147538
v -0.147537 5.808415 -0.472755
v -0.173274 5.785325 -0.471251
v -0.634241 5.655132 -0.126160
v -0.625706 5.731991 -0.000001
v -0.613689 5.731995 -0.122072
v -0.343073 5.419975 -0.909697
v -0.293105 5.369221 -0.937159
v -0.382683 5.302783 -0.923881
v -0.198874 5.784888 -0.533055
v -0.218644 5.696550 -0.580597
v -0.247468 5.655132 -0.597443
v 0.272167 5.901549 -0.272178
v 0.181061 5.900046 -0.181437
v 0.329342 5.901558 -0.195881
v -0.420499 5.808372 -0.245302
v -0.427295 5.785325 -0.255509
v -0.471250 5.785325 -0.173275
v -0.402570 5.785325 -0.402571
v -0.930575 5.378401 -0.169534
v -0.947301 5.378309 -0.000002
v -0.924363 5.482253 -0.000002
v -0.129932 5.808415 -0.450827
v -0.108755 5.901594 -0.376214
v -0.075681 5.901550 -0.409561
v -0.192059 5.368345 -0.965549
v -0.195090 5.302783 -0.980786
v -0.965549 5.368345 -0.192061
v -0.930575 5.378401 -0.169534
v -0.904238 5.378476 -0.255702
v -0.879272 5.428420 -0.305074
v -0.910152 5.420167 -0.343173
v -0.937615 5.369421 -0.293318
v -0.326021 5.808361 -0.326022
v -0.233062 5.808370 -0.395703
v -0.248889 5.808370 -0.418582
v -0.353335 5.785325 -0.353337
v -0.235497 5.551071 -0.734182
v -0.258458 5.587322 -0.724750
v -0.193417 5.610063 -0.699148
v -0.294815 5.785245 -0.484292
v -0.334873 5.497869 -0.889081
v -0.889080 5.497869 -0.334875
v -0.504628 5.210747 -0.755231
v -0.418960 5.210747 -0.627020
v -0.533235 5.210747 -0.533237
v -0.839166 5.210747 -0.347596
v -0.696705 5.210747 -0.288586
v -0.739619 5.210747 -0.147121
v -0.589917 5.731914 -0.199970
v -0.550978 5.807449 -0.179938
v -0.533054 5.784888 -0.198875
v -0.334873 5.497869 -0.889081
v -0.300074 5.481417 -0.868517
v -0.734182 5.551071 -0.235499
v -0.708733 5.572590 -0.169325
v -0.699147 5.610063 -0.193419
v -0.566775 5.206265 -0.000001
v -0.555487 5.246550 -0.000001
v -0.199969 5.731914 -0.589918
v -0.122071 5.731995 -0.613689
v -0.121372 5.696593 -0.610181
v -0.233062 5.808370 -0.395703
v -0.195880 5.901558 -0.329343
v -0.533054 5.784888 -0.198875
v -0.471250 5.785325 -0.173275
v -0.397654 5.808372 -0.229412
v -0.420499 5.808372 -0.245302
v -0.118853 5.206265 -0.597518
v -0.110572 5.206265 -0.555885
v -0.195090 5.302783 -0.980786
v -0.177201 5.210747 -0.890855
v -0.473688 5.254169 -0.473689
v -0.556998 5.254169 -0.372176
v -0.627018 5.210747 -0.418961
v -0.721379 5.572528 -0.127839
v -0.345658 5.808361 -0.345659
v -0.195880 5.901558 -0.329343
v -0.181437 5.900046 -0.181062
v -0.098337 5.900046 -0.236712
v -0.129932 5.808415 -0.450827
v -0.622134 5.696593 -0.000001
v -0.610180 5.696593 -0.121374
v -0.634241 5.655132 -0.126160
v -0.965549 5.368345 -0.192061
v -0.980786 5.302783 -0.195092
v -0.508376 5.808361 -0.000001
v -0.326021 5.808361 -0.326022
v -0.372174 5.254169 -0.556999
v -0.533235 5.210747 -0.533237
v -0.508376 5.808361 -0.000001
v 0.580273 5.808361 -0.000000
v 0.569046 5.808361 -0.112875
v 0.497139 5.808363 -0.092828
v 0.000000 5.731991 -0.625707
v 0.122071 5.731995 -0.613689
v 0.121372 5.696593 -0.610181
v 0.622134 5.696593 -0.000000
v 0.646666 5.655132 -0.000000
v 0.634241 5.655132 -0.126159
v -0.910152 5.420167 -0.343173
v -0.831470 5.302783 -0.555572
v -0.923880 5.302783 -0.382685
v -0.192059 5.368345 -0.965549
v -0.075681 5.901550 -0.409561
v 0.497139 5.808363 -0.092828
v 0.409560 5.901550 -0.075682
v 0.417280 5.901550 -0.000008
v -0.376218 5.901594 -0.108743
v -0.142156 5.610012 -0.714671
v -0.127838 5.572528 -0.721380
v -0.169323 5.572590 -0.708734
v 0.000000 5.808361 -0.508377
v 0.092828 5.808363 -0.497140
v 0.121372 5.696593 -0.610181
v 0.126158 5.655132 -0.634242
v 0.000000 5.655132 -0.646667
v -0.728672 5.610012 -0.000002
v 0.980785 5.302783 -0.195090
v 0.965548 5.368345 -0.192060
v 0.984464 5.368345 0.000000
v -0.937615 5.369421 -0.293318
v -0.889080 5.497869 -0.334875
v -0.121372 5.696593 -0.610181
v -0.126158 5.655132 -0.634242
v -0.000001 5.731991 0.625705
v -0.627018 5.210747 -0.418961
v -0.755230 5.210747 -0.504630
v -0.199969 5.731914 -0.589918
v -0.218644 5.696550 -0.580597
v -0.198874 5.784888 -0.533055
v 0.625705 5.731991 -0.000000
v 0.622134 5.696593 -0.000000
v 0.610180 5.696593 -0.121373
v -0.696705 5.210747 -0.288586
v -0.754109 5.210747 -0.000002
v -0.908307 5.210747 -0.000002
v -0.147537 5.808415 -0.472755
v -0.179937 5.807449 -0.550979
v -0.472755 5.808415 -0.147538
v -0.471250 5.785325 -0.173275
v -0.533054 5.784888 -0.198875
v -0.347594 5.210747 -0.839167
v -0.537683 5.655132 -0.359270
v -0.097846 5.900046 0.236914
v -0.108742 5.901594 0.376217
v -0.430786 5.206265 -0.430787
v -0.169532 5.378401 -0.930576
v 0.000001 5.482253 -0.924363
v 0.258459 5.587322 -0.724750
v 0.334874 5.497869 -0.889080
v 0.300075 5.481417 -0.868516
v 0.789805 5.499552 -0.527731
v 0.537683 5.655132 -0.359269
v 0.724749 5.587322 -0.258459
v 0.879250 5.428543 -0.305063
v 0.904315 5.378476 -0.255447
v 0.937157 5.369221 -0.293106
v 0.908107 5.482250 -0.165028
v 0.904315 5.378476 -0.255447
v 0.879250 5.428543 -0.305063
v 0.112875 5.808361 -0.569048
v 0.258459 5.587322 -0.724750
v 0.193418 5.610063 -0.699148
v 0.247469 5.655132 -0.597443
v 0.190635 5.901559 -0.332446
v 0.409560 5.901550 -0.075682
v 0.236711 5.900046 -0.098337
v 0.699147 5.610063 -0.193418
v 0.597442 5.655132 -0.247469
v 0.634241 5.655132 -0.126159
v 0.129933 5.808415 -0.450827
v 0.147537 5.808415 -0.472755
v 0.376212 5.901594 -0.108755
v 0.199969 5.731914 -0.589917
v 0.179937 5.807449 -0.550979
v 0.198874 5.784888 -0.533055
v 0.418581 5.808370 -0.248889
v 0.472754 5.808415 -0.147538
v 0.471249 5.785325 -0.173274
v 0.305073 5.428420 -0.879273
v 0.343172 5.420167 -0.910153
v 0.293316 5.369421 -0.937616
v -0.930575 5.378401 0.169531
v 0.293316 5.369421 -0.937616
v 0.382684 5.302783 -0.923881
v 0.195091 5.302783 -0.980786
v 0.909696 5.419975 -0.343074
v 0.937157 5.369221 -0.293106
v 0.923880 5.302783 -0.382684
v 0.000000 5.696593 -0.622135
v 0.000000 5.206265 -0.566775
v 0.000000 5.246550 -0.555488
v 0.533054 5.784888 -0.198874
v 0.580596 5.696550 -0.218645
v 0.597442 5.655132 -0.247469
v 0.247469 5.655132 -0.597443
v 0.198874 5.784888 -0.533055
v 0.291419 5.785233 -0.486018
v 0.613688 5.731995 -0.122071
v 0.589916 5.731914 -0.199970
v 0.550978 5.807449 -0.179938
v 0.110572 5.206265 -0.555885
v 0.216895 5.206265 -0.523632
v 0.212576 5.246550 -0.513204
v 0.523631 5.206265 -0.216896
v 0.513203 5.246550 -0.212576
v 0.461871 5.246550 -0.308613
v 0.506551 5.206265 -0.338467
v 0.471256 5.206265 -0.314884
v 0.400770 5.206265 -0.400771
v 0.000000 5.610012 -0.728672
v 0.000000 5.572521 -0.733984
v -0.233140 5.206265 -0.562850
v -0.372174 5.254169 -0.556999
v 0.671674 5.499552 -0.671674
v 0.789805 5.499552 -0.527731
v 0.831470 5.302783 -0.555571
v 0.127838 5.572528 -0.721380
v 0.169324 5.572590 -0.708734
v 0.235498 5.551071 -0.734182
v 0.165028 5.482250 -0.908108
v -0.733984 5.572521 -0.000002
v 0.625705 5.731991 -0.000000
v 0.130690 5.254169 -0.657025
v 0.000000 5.254169 -0.669897
v 0.000000 5.210747 -0.754109
v 0.473688 5.254169 -0.473689
v 0.430786 5.206265 -0.430787
v 0.338467 5.206265 -0.506552
v 0.314883 5.206265 -0.471257
v 0.216895 5.206265 -0.523632
v 0.562849 5.206265 -0.233140
v 0.523631 5.206265 -0.216896
v 0.471256 5.206265 -0.314884
v 0.392789 5.246550 -0.392789
v 0.555884 5.206265 -0.110573
v 0.544813 5.246550 -0.108371
v 0.314883 5.206265 -0.471257
v 0.400770 5.206265 -0.400771
v 0.734181 5.551071 -0.235498
v 0.708733 5.572590 -0.169324
v 0.721379 5.572528 -0.127838
v 0.308612 5.246550 -0.461871
v -0.000001 5.206265 0.609223
v 0.506551 5.206265 -0.338467
v 0.556998 5.254169 -0.372175
v 0.233140 5.206265 -0.562850
v 0.110572 5.206265 -0.555885
v 0.890854 5.210747 -0.177202
v 0.739618 5.210747 -0.147119
v 0.696705 5.210747 -0.288585
v 0.118854 5.206265 -0.597518
v 0.130690 5.254169 -0.657025
v 0.597517 5.206265 0.118853
v 0.646666 5.655132 -0.000000
v 0.714670 5.610012 0.142156
v 0.305073 5.428420 -0.879273
v 0.255701 5.378476 -0.904238
v 0.165028 5.482250 -0.908108
v 0.597517 5.206265 -0.118854
v -0.000001 5.368345 0.984464
v 0.965548 5.368345 0.192059
v 1.000000 5.302783 0.000000
v 0.508376 5.808361 -0.000000
v 0.618903 5.254169 -0.256358
v 0.556998 5.254169 -0.372175
v 0.627018 5.210747 -0.418961
v 0.473688 5.254169 -0.473689
v 0.372174 5.254169 -0.556999
v 0.418960 5.210747 -0.627019
v 0.508376 5.808361 -0.000000
v 0.256358 5.254169 -0.618904
v 0.147119 5.210747 -0.739619
v 0.457262 5.655132 -0.457263
v 0.613688 5.731995 0.122070
v 0.169324 5.572590 -0.708734
v 0.127838 5.572528 -0.721380
v 0.142157 5.610012 -0.714671
v 0.218645 5.696550 -0.580597
v 0.245301 5.808372 -0.420499
v 0.255507 5.785325 -0.427296
v 0.173274 5.785325 -0.471251
v 0.733983 5.572521 -0.000000
v 0.924362 5.482253 -0.000000
v 0.229411 5.808372 -0.397655
v 0.129933 5.808415 -0.450827
v 0.108741 5.901594 -0.376219
v 0.533235 5.210747 -0.533236
v 0.395702 5.808370 -0.233062
v 0.326021 5.808361 -0.326021
v 0.272167 5.901549 -0.272178
v 0.329342 5.901558 -0.195881
v 0.376212 5.901594 -0.108755
v 0.326021 5.808361 -0.326021
v 0.345658 5.808361 -0.345659
v 0.245301 5.808372 -0.420499
v 0.472754 5.808415 -0.147538
v 0.550978 5.807449 -0.179938
v 0.533054 5.784888 -0.198874
v 0.930575 5.378401 -0.169532
v 0.965548 5.368345 -0.192060
v 0.610180 5.696593 0.121372
v 0.984464 5.368345 0.000000
v 0.947301 5.378309 0.000000
v 0.450826 5.808415 -0.129933
v 0.345658 5.808361 -0.345659
v 0.353336 5.785325 -0.353336
v -0.000001 5.206265 0.566774
v -0.110573 5.206265 0.555883
v -0.108371 5.246550 0.544813
v 0.450826 5.808415 -0.129933
v 0.472754 5.808415 -0.147538
v 0.839166 5.210747 -0.347594
v 0.627018 5.210747 -0.418961
v 0.908107 5.482250 0.165028
v 0.395702 5.808370 -0.233062
v 0.537683 5.655132 -0.359269
v 0.484290 5.785245 -0.294816
v 0.359269 5.655132 -0.537684
v 0.402570 5.785325 -0.402570
v 0.734181 5.551071 -0.235498
v 0.724749 5.587322 -0.258459
v 0.699147 5.610063 -0.193418
v 0.147537 5.808415 -0.472755
v 0.173274 5.785325 -0.471251
v 0.889079 5.497869 -0.334874
v 0.868515 5.481417 -0.300075
v 0.930575 5.378401 0.169532
v 0.947301 5.378309 0.000000
v 0.924362 5.482253 -0.000000
v 0.418581 5.808370 -0.248889
v 0.589916 5.731914 -0.199970
v 0.580596 5.696550 -0.218645
v 0.889079 5.497869 -0.334874
v 0.192060 5.368345 -0.965549
v 0.255701 5.378476 -0.904238
v 0.566774 5.206265 -0.000000
v 0.544813 5.246550 0.108370
v 0.755230 5.210747 -0.504629
v 0.533235 5.210747 -0.533236
v 0.418960 5.210747 -0.627019
v 0.504629 5.210747 -0.755230
v 0.347594 5.210747 -0.839167
v 0.288585 5.210747 -0.696706
v 0.147119 5.210747 -0.739619
v 0.484290 5.785245 -0.294816
v 0.402570 5.785325 -0.402570
v 0.353336 5.785325 -0.353336
v 0.610180 5.696593 -0.121373
v 0.291419 5.785233 -0.486018
v 0.255507 5.785325 -0.427296
v 0.642270 5.210747 -0.642271
v 0.504629 5.210747 -0.755230
v 0.555571 5.302783 -0.831470
v 0.347594 5.210747 -0.839167
v 0.923880 5.302783 -0.382684
v 0.839166 5.210747 -0.347594
v 0.755230 5.210747 -0.504629
v 0.235498 5.551071 -0.734182
v 0.193418 5.610063 -0.699148
v 0.169533 5.378401 -0.930576
v 0.000001 5.378309 -0.947302
v 0.589916 5.731914 -0.199970
v 0.613688 5.731995 -0.122071
v 0.597517 5.206265 0.118853
v 0.707107 5.302783 -0.707107
v 0.831470 5.302783 -0.555571
v -0.947301 5.378309 -0.000002
v -0.984465 5.368345 -0.000002
v 0.425681 5.785325 -0.258526
v 0.471249 5.785325 -0.173274
v 0.359269 5.655132 -0.537684
v 0.671674 5.499552 -0.671674
v 0.122071 5.731995 -0.613689
v 0.179937 5.807449 -0.550979
v 0.343172 5.420167 -0.910153
v 0.555571 5.302783 -0.831470
v 0.190635 5.901559 -0.332446
v 0.457262 5.655132 -0.457263
v 0.288585 5.210747 -0.696706
v 0.000000 5.210747 -0.754109
v 0.000001 5.210747 -0.908308
v 0.417280 5.901550 -0.000008
v 0.410085 5.901550 0.073039
v -0.000001 5.610012 0.728671
v -0.000001 5.655132 0.646666
v 0.754108 5.210747 -0.000000
v 0.195880 5.901558 0.329341
v 0.098336 5.900046 0.236711
v 0.092828 5.808363 -0.497140
v -0.555885 5.206265 -0.110573
v 0.980785 5.302783 -0.195090
v 0.890854 5.210747 -0.177202
v 0.527731 5.499552 -0.789806
v 0.714670 5.610012 -0.142157
v 0.708733 5.572590 -0.169324
v 0.334874 5.497869 -0.889080
v 0.527731 5.499552 -0.789806
v 0.199969 5.731914 -0.589917
v 0.218645 5.696550 -0.580597
v 0.198874 5.784888 -0.533055
v 0.173274 5.785325 -0.471251
v 0.229411 5.808372 -0.397655
v 0.425681 5.785325 -0.258526
v 0.108754 5.901594 0.376212
v 0.075681 5.901550 0.409559
v 0.112874 5.808361 0.569046
v -0.000001 5.210747 0.754108
v -0.000001 5.206265 0.609223
v -0.000001 5.206265 0.566774
v -0.000001 5.246550 0.555486
v -0.000001 5.572521 0.733982
v -0.000001 5.378309 0.947300
v -0.000001 5.368345 0.984464
v -0.000001 5.610012 0.728671
v -0.000001 5.572521 0.733982
v -0.000001 5.696593 0.622133
v -0.000001 5.696593 0.622133
v 0.092827 5.808363 0.497138
v 0.000007 5.901550 0.417279
v 0.000001 5.368345 -0.984465
v 0.000001 5.302783 -1.000001
v 0.000000 5.206265 -0.609224
v 0.118854 5.206265 -0.597518
v 0.555487 5.246550 -0.000000
v -0.130690 5.254169 -0.657025
v -0.147119 5.210747 -0.739619
v -0.092827 5.808363 -0.497140
v 0.272176 5.901549 0.272166
v -0.190636 5.901559 0.332444
v 0.169531 5.378401 0.930574
v -0.000001 5.482253 0.924362
v 0.142156 5.610012 0.714669
v 0.908307 5.210747 -0.000000
v -0.353336 5.785325 0.353334
v -0.255508 5.785325 0.427294
v 1.000000 5.302783 0.000000
v 0.980785 5.302783 0.195090
v -0.523632 5.206265 0.216894
v -0.245301 5.808372 0.420498
v -0.173274 5.785325 0.471249
v -0.980786 5.302783 0.195089
v -0.216896 5.206265 0.523631
v -0.305074 5.428420 0.879271
v -0.255702 5.378476 0.904237
v -0.165029 5.482250 0.908106
v 0.000000 5.696593 -0.622135
v -0.000001 5.210747 0.908306
v -0.235498 5.551071 0.734180
v -0.193419 5.610063 0.699146
v -0.402570 5.785325 0.402569
v -0.353336 5.785325 0.353334
v -0.192061 5.368345 0.965547
v -0.169533 5.378401 0.930574
v -0.255702 5.378476 0.904237
v -0.504629 5.210747 0.755228
v -0.555571 5.302783 0.831469
v -0.457263 5.655132 0.457261
v -0.669896 5.254169 -0.000001
v -0.255508 5.785325 0.427294
v -0.347595 5.210747 0.839166
v -0.177203 5.210747 0.890853
v -0.195091 5.302783 0.980785
v -0.417280 5.901550 0.000006
v -0.410086 5.901550 -0.073040
v -0.714670 5.610012 -0.142158
v -0.000001 5.808361 0.508375
v -0.000001 5.302783 1.000000
v -0.707107 5.302783 -0.707108
v -0.555570 5.302783 -0.831471
v -0.622134 5.696593 -0.000001
v -0.671674 5.499552 -0.671676
v -0.192061 5.368345 0.965547
v -0.000001 5.302783 1.000000
v 0.108370 5.246550 -0.544815
v 0.000001 5.210747 -0.908308
v 0.000000 5.206265 -0.566775
v -0.288584 5.210747 -0.696706
v -0.256358 5.254169 -0.618904
v -0.169533 5.378401 0.930574
v -0.000001 5.378309 0.947300
v -0.646667 5.655132 -0.000001
v 0.707107 5.302783 -0.707107
v 0.430786 5.206265 -0.430787
v -0.754109 5.210747 -0.000002
v -0.199969 5.731914 -0.589918
v 0.192060 5.368345 -0.965549
v -0.108755 5.901594 -0.376214
v -0.724749 5.587322 -0.258460
v -0.868516 5.481417 -0.300076
v -0.272177 5.901549 -0.272168
v 0.714670 5.610012 -0.142157
v -0.118854 5.206265 0.597517
v -0.566775 5.206265 -0.000001
v -0.000001 5.210747 0.908306
v 0.930575 5.378401 -0.169532
v -0.236915 5.900046 -0.097847
v -0.169464 5.994239 -0.069990
v -0.129781 5.994239 -0.129513
v 0.236914 5.900046 0.097845
v 0.256324 5.900046 -0.000266
v 0.183347 5.994239 -0.000191
v 0.097846 5.900046 -0.236916
v 0.069988 5.994239 -0.169465
v 0.129512 5.994239 -0.129782
v 0.181061 5.900046 -0.181437
v 0.169318 5.994239 -0.070341
v 0.098336 5.900046 0.236711
v 0.070339 5.994239 0.169318
v 0.000190 5.994239 0.183347
v -0.000266 5.900046 -0.256325
v -0.000190 5.994239 -0.183349
v -0.098337 5.900046 -0.236712
v -0.070340 5.994239 -0.169319
v -0.181437 5.900046 -0.181062
v -0.097846 5.900046 0.236914
v -0.069989 5.994239 0.169463
v -0.129512 5.994239 0.129780
v -0.236712 5.900046 0.098336
v -0.181061 5.900046 0.181436
v 0.169464 5.994239 0.069988
v 0.129780 5.994239 0.129511
v 0.000265 5.900046 0.256324
v 0.181436 5.900046 0.181060
v -0.256325 5.900046 0.000265
v -0.183348 5.994239 0.000189
v 0.236711 5.900046 -0.098337
v -0.169319 5.994239 0.070339
v 0.000190 5.994239 0.183347
v 0.070339 5.994239 0.169318
v -0.000000 5.994239 -0.000001
v 0.129780 5.994239 0.129511
v 0.169464 5.994239 0.069988
v 0.183347 5.994239 -0.000191
v 0.169318 5.994239 -0.070341
v 0.129512 5.994239 -0.129782
v 0.069988 5.994239 -0.169465
v -0.000190 5.994239 -0.183349
v -0.070340 5.994239 -0.169319
v -0.129781 5.994239 -0.129513
v -0.169464 5.994239 -0.069990
v -0.183348 5.994239 0.000189
v -0.169319 5.994239 0.070339
v -0.129512 5.994239 0.129780
v -0.069989 5.994239 0.169463
v 0.108369 5.246550 0.544813
v -0.000001 5.246550 0.555486
v -0.000000 5.246550 -0.000001
v -0.108371 5.246550 0.544813
v -0.212576 5.246550 0.513202
v -0.308613 5.246550 0.461870
v -0.392789 5.246550 0.392788
v -0.461871 5.246550 0.308611
v -0.513204 5.246550 0.212574
v -0.544814 5.246550 0.108369
v -0.555487 5.246550 -0.000001
v -0.544814 5.246550 -0.108371
v -0.513203 5.246550 -0.212577
v -0.461871 5.246550 -0.308613
v -0.392789 5.246550 -0.392790
v -0.308612 5.246550 -0.461872
v -0.212576 5.246550 -0.513204
v -0.108370 5.246550 -0.544815
v 0.000000 5.246550 -0.555488
v 0.108370 5.246550 -0.544815
v 0.212576 5.246550 -0.513204
v 0.308612 5.246550 -0.461871
v 0.392789 5.246550 -0.392789
v 0.461871 5.246550 -0.308613
v 0.513203 5.246550 -0.212576
v 0.544813 5.246550 -0.108371
v 0.555487 5.246550 -0.000000
v 0.544813 5.246550 0.108370
v 0.513203 5.246550 0.212575
v 0.461870 5.246550 0.308612
v 0.392788 5.246550 0.392788
v 0.308612 5.246550 0.461870
v 0.212575 5.246550 0.513203
v 0.566157 2.742373 -0.566157
v 0.444827 2.742373 -0.665731
v 0.527232 2.742298 -0.789058
v 0.739720 2.742373 -0.306402
v 0.876754 2.742298 -0.363164
v 0.930757 2.742298 -0.185139
v -0.665730 2.742373 -0.444827
v -0.739720 2.742373 -0.306402
v -0.876754 2.742298 -0.363164
v -0.800667 2.742373 -0.000000
v -0.785282 2.742373 0.156201
v -0.930757 2.742298 0.185137
v -0.000001 2.742373 0.800667
v -0.000001 2.742298 0.948992
v -0.185140 2.742298 0.930757
v -0.566157 2.742373 -0.566157
v -0.671038 2.742298 -0.671039
v -0.527231 2.742298 -0.789058
v 0.800667 2.742373 -0.000000
v 0.785282 2.742373 -0.156202
v -0.156202 2.742373 -0.785283
v -0.306402 2.742373 -0.739720
v -0.363163 2.742298 -0.876754
v 0.000000 2.742373 -0.800667
v 0.000000 2.742298 -0.948992
v 0.185139 2.742298 -0.930757
v 0.156202 2.742373 0.785282
v 0.185138 2.742298 0.930757
v 0.306402 2.742373 -0.739720
v 0.156202 2.742373 -0.785283
v -0.785282 2.742373 -0.156203
v -0.930757 2.742298 -0.185140
v -0.739720 2.742373 0.306401
v -0.876754 2.742298 0.363162
v 0.665730 2.742373 -0.444827
v 0.789058 2.742298 -0.527232
v 0.566157 2.742373 0.566157
v 0.665730 2.742373 0.444827
v 0.789057 2.742298 0.527232
v -0.566158 2.742373 0.566156
v -0.671039 2.742298 0.671037
v -0.789058 2.742298 0.527230
v 0.363163 2.742298 -0.876755
v 0.306401 2.742373 0.739720
v 0.363163 2.742298 0.876754
v -0.444827 2.742373 -0.665731
v 0.739720 2.742373 0.306402
v 0.876754 2.742298 0.363164
v 0.785282 2.742373 0.156202
v 0.930757 2.742298 0.185139
v 0.671039 2.742298 -0.671039
v -0.156203 2.742373 0.785282
v -0.363164 2.742298 0.876753
v -0.789058 2.742298 -0.527232
v 0.948992 2.742298 0.000000
v 0.444826 2.742373 0.665730
v 0.527231 2.742298 0.789058
v -0.185139 2.742298 -0.930757
v -0.948992 2.742298 -0.000000
v -0.665731 2.742373 0.444825
v -0.306403 2.742373 0.739719
v -0.527233 2.742298 0.789057
v 0.671038 2.742298 0.671039
v -0.444828 2.742373 0.665729
v 0.789058 2.742298 -0.527232
v 0.671039 2.742298 -0.671039
v 0.706094 2.801095 -0.706095
v -0.185140 2.742298 0.930757
v -0.194812 2.801096 0.979380
v -0.382136 2.801096 0.922556
v -0.789058 2.742298 -0.527232
v -0.830279 2.801095 -0.554775
v -0.706094 2.801095 -0.706095
v 0.948992 2.742298 0.000000
v 0.998568 2.801095 0.000000
v 0.979381 2.801095 0.194811
v 0.363163 2.742298 0.876754
v 0.527231 2.742298 0.789058
v 0.554774 2.801095 0.830279
v 0.000000 2.742298 -0.948992
v -0.185139 2.742298 -0.930757
v -0.194811 2.801095 -0.979381
v -0.948992 2.742298 -0.000000
v -0.998568 2.801095 -0.000000
v -0.979381 2.801095 -0.194811
v -0.876754 2.742298 0.363162
v -0.789058 2.742298 0.527230
v -0.830280 2.801095 0.554773
v -0.527233 2.742298 0.789057
v -0.363164 2.742298 0.876753
v 0.671038 2.742298 0.671039
v 0.706094 2.801095 0.706095
v -0.554776 2.801095 0.830278
v -0.706095 2.801095 0.706093
v 0.527232 2.742298 -0.789058
v 0.554775 2.801095 -0.830279
v 0.876754 2.742298 -0.363164
v 0.922557 2.801095 -0.382136
v 0.979381 2.801095 -0.194811
v -0.876754 2.742298 -0.363164
v -0.922557 2.801095 -0.382136
v -0.930757 2.742298 0.185137
v -0.979381 2.801095 0.194809
v -0.000001 2.742298 0.948992
v -0.000001 2.801096 0.998568
v -0.671038 2.742298 -0.671039
v -0.554775 2.801095 -0.830279
v 0.930757 2.742298 -0.185139
v -0.363163 2.742298 -0.876754
v -0.382135 2.801095 -0.922557
v 0.000000 2.742298 -0.948992
v 0.000000 2.801095 -0.998569
v 0.194811 2.801095 -0.979381
v 0.185138 2.742298 0.930757
v 0.194810 2.801096 0.979381
v 0.363163 2.742298 -0.876755
v 0.185139 2.742298 -0.930757
v -0.930757 2.742298 -0.185140
v -0.922557 2.801095 0.382134
v 0.830279 2.801095 -0.554775
v 0.789057 2.742298 0.527232
v 0.830279 2.801095 0.554775
v -0.671039 2.742298 0.671037
v 0.382135 2.801095 -0.922557
v 0.382135 2.801096 0.922557
v -0.527231 2.742298 -0.789058
v 0.876754 2.742298 0.363164
v 0.922557 2.801095 0.382136
v 0.930757 2.742298 0.185139
v -0.706094 2.801095 -0.706095
v -0.706094 3.029701 -0.706095
v -0.554775 3.029701 -0.830279
v 0.979381 2.801095 -0.194811
v 0.979381 3.029701 -0.194811
v 0.998568 3.029701 0.000000
v -0.382135 2.801095 -0.922557
v -0.382135 3.029701 -0.922557
v -0.194811 3.029701 -0.979381
v 0.000000 2.801095 -0.998569
v 0.000000 3.029701 -0.998569
v 0.194811 3.029701 -0.979381
v 0.194810 2.801096 0.979381
v 0.194810 3.029701 0.979381
v -0.000001 3.029701 0.998568
v 0.194811 2.801095 -0.979381
v 0.382135 3.029701 -0.922557
v -0.979381 2.801095 -0.194811
v -0.979381 3.029701 -0.194811
v -0.922557 3.029701 -0.382136
v -0.922557 2.801095 0.382134
v -0.922557 3.029701 0.382134
v -0.979381 3.029701 0.194809
v 0.830279 2.801095 -0.554775
v 0.830279 3.029701 -0.554775
v 0.922557 3.029701 -0.382136
v 0.830279 2.801095 0.554775
v 0.830279 3.029701 0.554775
v 0.706094 3.029701 0.706094
v -0.706095 2.801095 0.706093
v -0.706095 3.029701 0.706093
v -0.830280 3.029701 0.554773
v 0.382135 2.801095 -0.922557
v 0.554775 3.029701 -0.830279
v 0.382135 2.801096 0.922557
v 0.382135 3.029701 0.922557
v -0.554775 2.801095 -0.830279
v 0.922557 2.801095 0.382136
v 0.922557 3.029701 0.382136
v 0.979381 2.801095 0.194811
v 0.979381 3.029701 0.194811
v 0.706094 2.801095 -0.706095
v 0.706094 3.029701 -0.706095
v -0.194812 2.801096 0.979380
v -0.194812 3.029701 0.979380
v -0.382136 3.029701 0.922556
v -0.830279 2.801095 -0.554775
v -0.830279 3.029701 -0.554775
v 0.998568 2.801095 0.000000
v 0.554774 2.801095 0.830279
v 0.554774 3.029701 0.830279
v -0.194811 2.801095 -0.979381
v 0.000000 3.029701 -0.998569
v -0.998568 2.801095 -0.000000
v -0.998568 3.029701 -0.000000
v -0.830280 2.801095 0.554773
v -0.382136 2.801096 0.922556
v -0.554776 3.029701 0.830278
v 0.706094 2.801095 0.706095
v -0.554776 2.801095 0.830278
v 0.554775 2.801095 -0.830279
v 0.922557 2.801095 -0.382136
v -0.922557 2.801095 -0.382136
v -0.979381 2.801095 0.194809
v -0.000001 2.801096 0.998568
v 0.830279 3.029701 -0.554775
v 0.750350 3.104030 -0.501368
v 0.833744 3.104030 -0.345348
v 0.706094 3.029701 0.706094
v 0.830279 3.029701 0.554775
v 0.750349 3.104030 0.501368
v -0.706095 3.029701 0.706093
v -0.638121 3.104030 0.638119
v -0.750350 3.104030 0.501366
v 0.382135 3.029701 -0.922557
v 0.345348 3.104030 -0.833744
v 0.501368 3.104030 -0.750350
v 0.194810 3.029701 0.979381
v 0.382135 3.029701 0.922557
v 0.345347 3.104030 0.833744
v -0.554775 3.029701 -0.830279
v -0.501367 3.104030 -0.750350
v -0.345348 3.104030 -0.833744
v 0.922557 3.029701 0.382136
v 0.833744 3.104030 0.345348
v 0.979381 3.029701 0.194811
v 0.885098 3.104030 0.176057
v 0.706094 3.029701 -0.706095
v 0.638120 3.104030 -0.638120
v -0.194812 3.029701 0.979380
v -0.176058 3.104030 0.885097
v -0.345349 3.104030 0.833743
v -0.706094 3.029701 -0.706095
v -0.830279 3.029701 -0.554775
v -0.750349 3.104030 -0.501368
v 0.998568 3.029701 0.000000
v 0.902438 3.104030 -0.000000
v 0.554774 3.029701 0.830279
v 0.501367 3.104030 0.750350
v -0.194811 3.029701 -0.979381
v -0.176057 3.104030 -0.885098
v 0.000000 3.104030 -0.902438
v -0.998568 3.029701 -0.000000
v -0.902438 3.104030 -0.000000
v -0.885098 3.104030 -0.176057
v -0.922557 3.029701 0.382134
v -0.830280 3.029701 0.554773
v -0.554776 3.029701 0.830278
v -0.382136 3.029701 0.922556
v 0.638120 3.104030 0.638120
v -0.501368 3.104030 0.750349
v 0.554775 3.029701 -0.830279
v 0.979381 3.029701 -0.194811
v 0.922557 3.029701 -0.382136
v -0.922557 3.029701 -0.382136
v -0.833744 3.104030 -0.345349
v -0.979381 3.029701 0.194809
v -0.885098 3.104030 0.176055
v -0.000001 3.029701 0.998568
v -0.000001 3.104030 0.902437
v -0.638120 3.104030 -0.638120
v 0.885098 3.104030 -0.176057
v -0.382135 3.029701 -0.922557
v 0.194811 3.029701 -0.979381
v 0.000000 3.029701 -0.998569
v 0.000000 3.104030 -0.902438
v 0.176056 3.104030 0.885097
v 0.176057 3.104030 -0.885098
v -0.979381 3.029701 -0.194811
v -0.833744 3.104030 0.345346
v 0.750350 3.104030 -0.501368
v 0.608066 3.104030 -0.406297
v 0.675647 3.104030 -0.279862
v 0.750349 3.104030 0.501368
v 0.608066 3.104030 0.406297
v 0.517118 3.104030 0.517118
v -0.638121 3.104030 0.638119
v -0.517119 3.104030 0.517117
v -0.608067 3.104030 0.406296
v 0.345348 3.104030 -0.833744
v 0.279862 3.104030 -0.675648
v 0.406297 3.104030 -0.608067
v 0.176056 3.104030 0.885097
v 0.345347 3.104030 0.833744
v 0.279862 3.104030 0.675647
v -0.501367 3.104030 -0.750350
v -0.406297 3.104030 -0.608067
v -0.279862 3.104030 -0.675647
v 0.833744 3.104030 0.345348
v 0.675647 3.104030 0.279862
v 0.885098 3.104030 0.176057
v 0.717263 3.104030 0.142673
v 0.638120 3.104030 -0.638120
v 0.517118 3.104030 -0.517118
v -0.176058 3.104030 0.885097
v -0.142673 3.104030 0.717263
v -0.279863 3.104030 0.675646
v -0.750349 3.104030 -0.501368
v -0.608066 3.104030 -0.406297
v -0.517118 3.104030 -0.517118
v 0.902438 3.104030 -0.000000
v 0.731315 3.104030 -0.000000
v 0.501367 3.104030 0.750350
v 0.406296 3.104030 0.608066
v -0.176057 3.104030 -0.885098
v -0.142672 3.104030 -0.717264
v 0.000000 3.104030 -0.731316
v -0.885098 3.104030 -0.176057
v -0.902438 3.104030 -0.000000
v -0.731315 3.104030 -0.000000
v -0.833744 3.104030 0.345346
v -0.750350 3.104030 0.501366
v -0.501368 3.104030 0.750349
v -0.345349 3.104030 0.833743
v 0.638120 3.104030 0.638120
v -0.406298 3.104030 0.608065
v 0.501368 3.104030 -0.750350
v 0.885098 3.104030 -0.176057
v 0.833744 3.104030 -0.345348
v -0.833744 3.104030 -0.345349
v -0.675647 3.104030 -0.279863
v -0.885098 3.104030 0.176055
v -0.717263 3.104030 0.142671
v -0.000001 3.104030 0.902437
v -0.000001 3.104030 0.731315
v -0.638120 3.104030 -0.638120
v 0.717263 3.104030 -0.142673
v -0.345348 3.104030 -0.833744
v 0.176057 3.104030 -0.885098
v 0.000000 3.104030 -0.902438
v 0.142672 3.104030 0.717263
v 0.142673 3.104030 -0.717264
v -0.717263 3.104030 -0.142673
v -0.675648 3.104030 0.279861
v -0.142673 3.104030 0.717263
v -0.135577 3.162984 0.681588
v -0.265943 3.162984 0.642041
v -0.357115 3.409451 0.190881
v -0.256884 3.409451 0.313013
v -0.189877 3.409451 0.231364
v -0.608066 3.104030 -0.406297
v -0.577823 3.162984 -0.386089
v -0.491398 3.162984 -0.491398
v 0.717263 3.104030 0.142673
v 0.731315 3.104030 -0.000000
v 0.694941 3.162984 -0.000000
v 0.406296 3.104030 0.608066
v 0.386088 3.162984 0.577823
v 0.265942 3.162984 0.642042
v -0.142672 3.104030 -0.717264
v -0.135576 3.162984 -0.681589
v 0.000000 3.162984 -0.694942
v -0.717263 3.104030 -0.142673
v -0.731315 3.104030 -0.000000
v -0.694941 3.162984 -0.000000
v -0.608067 3.104030 0.406296
v -0.577823 3.162984 0.386088
v -0.642043 3.162984 0.265941
v -0.279863 3.104030 0.675646
v -0.386089 3.162984 0.577822
v 0.517118 3.104030 0.517118
v 0.491397 3.162984 0.491398
v -0.406298 3.104030 0.608065
v -0.491398 3.162984 0.491397
v 0.406297 3.104030 -0.608067
v 0.386089 3.162984 -0.577823
v 0.491398 3.162984 -0.491398
v 0.717263 3.104030 -0.142673
v 0.675647 3.104030 -0.279862
v 0.642042 3.162984 -0.265943
v -0.675647 3.104030 -0.279863
v -0.642042 3.162984 -0.265943
v -0.717263 3.104030 0.142671
v -0.681588 3.162984 0.135575
v -0.000001 3.104030 0.731315
v -0.000001 3.162984 0.694941
v -0.517118 3.104030 -0.517118
v -0.386089 3.162984 -0.577823
v 0.681588 3.162984 -0.135577
v -0.279862 3.104030 -0.675647
v -0.265942 3.162984 -0.642042
v -0.135576 3.162984 -0.681589
v 0.000000 3.104030 -0.731316
v 0.135576 3.162984 -0.681589
v 0.142672 3.104030 0.717263
v 0.135576 3.162984 0.681588
v 0.142673 3.104030 -0.717264
v 0.265942 3.162984 -0.642043
v -0.681588 3.162984 -0.135577
v -0.675648 3.104030 0.279861
v 0.608066 3.104030 -0.406297
v 0.577823 3.162984 -0.386089
v 0.608066 3.104030 0.406297
v 0.577822 3.162984 0.386089
v -0.517119 3.104030 0.517117
v 0.279862 3.104030 -0.675648
v 0.279862 3.104030 0.675647
v -0.406297 3.104030 -0.608067
v 0.675647 3.104030 0.279862
v 0.642042 3.162984 0.265943
v 0.681588 3.162984 0.135576
v 0.517118 3.104030 -0.517118
v -0.469386 3.162984 -0.142387
v -0.387492 3.409451 -0.117545
v -0.313014 3.409451 -0.256884
v 0.386088 3.162984 0.577823
v 0.491397 3.162984 0.491398
v 0.379167 3.162984 0.311174
v 0.313014 3.409451 0.256884
v 0.231365 3.409451 0.189876
v 0.141090 3.409451 0.263962
v -0.386089 3.162984 -0.577823
v -0.491398 3.162984 -0.491398
v -0.379167 3.162984 -0.311175
v -0.117545 3.409451 0.387492
v 0.039689 3.409451 0.402978
v 0.029336 3.409451 0.297862
v -0.642042 3.162984 -0.265943
v -0.469386 3.162984 -0.142387
v 0.190881 3.409451 0.357115
v -0.135577 3.162984 0.681588
v -0.000001 3.162984 0.694941
v 0.048078 3.162984 0.488145
v -0.402979 3.409451 0.039689
v -0.297863 3.409451 0.029336
v -0.286416 3.409451 -0.086884
v 0.681588 3.162984 -0.135577
v 0.642042 3.162984 -0.265943
v 0.432589 3.162984 -0.231224
v -0.577823 3.162984 -0.386089
v 0.000000 3.162984 -0.694942
v -0.048078 3.162984 -0.488146
v 0.142387 3.162984 -0.469387
v -0.313014 3.409451 -0.256884
v -0.387492 3.409451 -0.117545
v 0.357115 3.409451 -0.190882
v 0.263962 3.409451 -0.141091
v 0.297862 3.409451 -0.029337
v 0.402978 3.409451 -0.039690
v 0.286416 3.409451 0.086883
v -0.190882 3.409451 -0.357115
v -0.141091 3.409451 -0.263963
v -0.029337 3.409451 -0.297863
v -0.577823 3.162984 0.386088
v -0.491398 3.162984 0.491397
v -0.311175 3.162984 0.379166
v 0.117544 3.409451 -0.387493
v 0.086883 3.409451 -0.286416
v 0.189876 3.409451 -0.231366
v -0.039690 3.409451 -0.402979
v 0.256884 3.409451 -0.313014
v -0.265942 3.162984 -0.642042
v -0.231224 3.162984 -0.432589
v 0.265942 3.162984 -0.642043
v 0.311175 3.162984 -0.379168
v -0.311175 3.162984 0.379166
v -0.142387 3.162984 0.469386
v -0.117545 3.409451 0.387492
v 0.387492 3.409451 0.117544
v 0.694941 3.162984 -0.000000
v 0.488145 3.162984 -0.048078
v 0.469386 3.162984 0.142387
v 0.231223 3.162984 0.432589
v 0.190881 3.409451 0.357115
v 0.039689 3.409451 0.402978
v -0.231365 3.409451 -0.189877
v -0.681588 3.162984 -0.135577
v -0.694941 3.162984 -0.000000
v -0.488145 3.162984 0.048077
v -0.681588 3.162984 0.135575
v 0.048078 3.162984 0.488145
v -0.086884 3.409451 0.286415
v 0.135576 3.162984 -0.681589
v -0.231224 3.162984 -0.432589
v -0.190882 3.409451 -0.357115
v -0.039690 3.409451 -0.402979
v -0.048078 3.162984 -0.488146
v -0.039690 3.409451 -0.402979
v 0.117544 3.409451 -0.387493
v -0.135576 3.162984 -0.681589
v -0.488145 3.162984 0.048077
v -0.402979 3.409451 0.039689
v -0.432589 3.162984 0.231222
v -0.357115 3.409451 0.190881
v -0.263963 3.409451 0.141090
v 0.642042 3.162984 0.265943
v -0.256884 3.409451 0.313013
v 0.142387 3.162984 -0.469387
v 0.256884 3.409451 -0.313014
v -0.265943 3.162984 0.642041
v -0.142387 3.162984 0.469386
v 0.469386 3.162984 0.142387
v 0.387492 3.409451 0.117544
v 0.313014 3.409451 0.256884
v 0.681588 3.162984 0.135576
v 0.577823 3.162984 -0.386089
v 0.491398 3.162984 -0.491398
v 0.577822 3.162984 0.386089
v -0.379167 3.162984 -0.311175
v 0.488145 3.162984 -0.048078
v 0.402978 3.409451 -0.039690
v -0.642043 3.162984 0.265941
v -0.432589 3.162984 0.231222
v 0.379167 3.162984 0.311174
v -0.386089 3.162984 0.577822
v 0.386089 3.162984 -0.577823
v 0.311175 3.162984 -0.379168
v 0.357115 3.409451 -0.190882
v 0.135576 3.162984 0.681588
v 0.265942 3.162984 0.642042
v 0.231223 3.162984 0.432589
v 0.432589 3.162984 -0.231224
v -0.166482 0.684648 -0.836962
v 0.000000 0.684648 -0.853358
v 0.000000 0.594722 -0.853358
v -0.853358 0.729847 -0.000000
v -0.836961 0.729847 -0.166482
v -0.836961 0.594722 -0.166482
v -0.788400 0.594722 -0.326566
v -0.794447 0.729847 -0.317356
v -0.709541 0.684648 -0.474101
v -0.603415 0.684648 -0.603416
v -0.603415 0.594722 -0.603416
v -0.474100 0.684648 -0.709542
v -0.474100 0.594722 -0.709542
v -0.326566 0.684648 -0.788400
v -0.326566 0.594722 -0.788400
v -0.166482 0.594722 -0.836962
v -0.709541 1.139157 -0.474101
v -0.678528 1.168919 -0.453378
v -0.577041 1.168919 -0.577041
v -0.603415 1.139157 -0.603416
v -0.453378 1.168919 -0.678528
v -0.326566 1.139157 -0.788401
v -0.474100 1.139157 -0.709542
v -0.312292 1.168919 -0.753940
v -0.159205 1.168919 -0.800379
v 0.000000 1.139157 -0.853358
v -0.166482 1.139157 -0.836962
v -0.853358 1.139158 -0.000000
v -0.816059 1.168919 -0.000000
v -0.800379 1.168919 -0.159205
v -0.788400 1.139158 -0.326566
v -0.836961 1.139158 -0.166482
v -0.753940 1.168919 -0.312292
v 0.000000 1.168919 -0.816059
v -0.159205 1.168919 -0.800379
v -0.133034 1.168919 -0.668806
v -0.312292 1.168919 -0.753940
v -0.260955 1.168919 -0.630001
v -0.453378 1.168919 -0.678528
v -0.378848 1.168919 -0.566986
v -0.577041 1.168919 -0.577041
v -0.482182 1.168919 -0.482182
v -0.678528 1.168919 -0.453378
v -0.566986 1.168919 -0.378848
v -0.753940 1.168919 -0.312292
v -0.630001 1.168919 -0.260955
v -0.800379 1.168919 -0.159205
v -0.668806 1.168919 -0.133034
v -0.816059 1.168919 -0.000000
v -0.681908 1.168919 -0.000000
v -0.166482 1.139157 -0.836962
v 0.000000 1.139157 -0.853358
v 0.000000 1.039161 -0.853358
v -0.326566 1.139157 -0.788401
v -0.166482 1.039161 -0.836962
v -0.474100 1.139157 -0.709542
v -0.326566 1.039161 -0.788400
v -0.603415 1.139157 -0.603416
v -0.474100 1.039161 -0.709542
v -0.709541 1.139157 -0.474101
v -0.603415 1.039161 -0.603416
v -0.788400 1.139158 -0.326566
v -0.709541 1.039161 -0.474101
v -0.853358 1.139158 -0.000000
v -0.836961 1.139158 -0.166482
v -0.836961 0.993963 -0.166482
v -0.794447 0.993963 -0.317356
v -0.166482 1.039161 -0.836962
v 0.000000 1.039161 -0.853358
v 0.000000 1.020291 -0.885347
v -0.326566 1.039161 -0.788400
v -0.172722 1.020291 -0.868336
v -0.763233 0.740682 -0.289819
v -0.799953 0.740682 -0.159126
v -0.799953 0.983127 -0.159126
v -0.474100 0.684648 -0.709542
v -0.491872 0.703518 -0.736140
v -0.338808 0.703518 -0.817954
v -0.474100 1.039161 -0.709542
v -0.338808 1.020291 -0.817954
v 0.000000 1.020291 -0.885347
v 0.000000 0.703518 -0.885347
v -0.172722 0.703518 -0.868336
v -0.172722 1.020291 -0.868336
v -0.338808 0.703518 -0.817954
v -0.338808 1.020291 -0.817954
v -0.491872 0.703518 -0.736140
v -0.491872 1.020291 -0.736140
v -0.626035 0.703519 -0.626035
v -0.626035 1.020291 -0.626035
v -0.719966 0.703519 -0.511791
v -0.166482 0.684648 -0.836962
v -0.326566 0.684648 -0.788400
v -0.491872 1.020291 -0.736140
v -0.626035 1.020291 -0.626035
v -0.709541 1.039161 -0.474101
v -0.719966 1.020291 -0.511791
v -0.719966 0.703519 -0.511791
v -0.603415 0.684648 -0.603416
v -0.626035 0.703519 -0.626035
v -0.172722 0.703518 -0.868336
v 0.000000 0.703518 -0.885347
v -0.603415 1.039161 -0.603416
v -0.719966 1.020291 -0.511791
v -0.709541 0.684648 -0.474101
v -0.719966 0.703519 -0.511791
v -0.815628 0.740682 -0.000000
v -0.815628 0.983127 -0.000000
v -0.763233 0.983127 -0.289819
v -0.794447 0.993963 -0.317356
v -0.794447 0.729847 -0.317356
v -0.763233 0.983127 -0.289819
v -0.799953 0.983127 -0.159126
v -0.836961 0.993963 -0.166482
v -0.763233 0.740682 -0.289819
v -0.794447 0.729847 -0.317356
v -0.836961 0.729847 -0.166482
v -0.815628 0.983127 -0.000000
v -0.853358 0.993963 -0.000000
v -0.815628 0.740682 -0.000000
v -0.799953 0.740682 -0.159126
v 0.166482 0.684648 -0.836962
v 0.836961 0.594722 -0.166482
v 0.836961 0.729847 -0.166482
v 0.853358 0.729847 -0.000000
v 0.788400 0.594722 -0.326566
v 0.709541 0.594722 -0.474101
v 0.709541 0.684648 -0.474101
v 0.603415 0.594722 -0.603416
v 0.603415 0.684648 -0.603416
v 0.474100 0.594722 -0.709542
v 0.474100 0.684648 -0.709542
v 0.326566 0.594722 -0.788400
v 0.326566 0.684648 -0.788400
v 0.166482 0.594722 -0.836962
v 0.577041 1.168919 -0.577041
v 0.678528 1.168919 -0.453378
v 0.709541 1.139157 -0.474101
v 0.453378 1.168919 -0.678528
v 0.603415 1.139157 -0.603416
v 0.326566 1.139157 -0.788401
v 0.312292 1.168919 -0.753940
v 0.159205 1.168919 -0.800379
v 0.000000 1.168919 -0.816059
v 0.800379 1.168919 -0.159205
v 0.816059 1.168919 -0.000000
v 0.853358 1.139158 -0.000000
v 0.788400 1.139158 -0.326566
v 0.753940 1.168919 -0.312292
v 0.000000 1.168919 -0.681908
v 0.133034 1.168919 -0.668806
v 0.260955 1.168919 -0.630001
v 0.312292 1.168919 -0.753940
v 0.378848 1.168919 -0.566986
v 0.453378 1.168919 -0.678528
v 0.482182 1.168919 -0.482182
v 0.577041 1.168919 -0.577041
v 0.566986 1.168919 -0.378848
v 0.678528 1.168919 -0.453378
v 0.630001 1.168919 -0.260955
v 0.753940 1.168919 -0.312292
v 0.668806 1.168919 -0.133034
v 0.681908 1.168919 -0.000000
v 0.816059 1.168919 -0.000000
v 0.166482 1.139157 -0.836962
v 0.166482 1.039161 -0.836962
v 0.326566 1.139157 -0.788401
v 0.326566 1.039161 -0.788400
v 0.474100 1.139157 -0.709542
v 0.474100 1.039161 -0.709542
v 0.603415 1.139157 -0.603416
v 0.603415 1.039161 -0.603416
v 0.709541 1.139157 -0.474101
v 0.709541 1.039161 -0.474101
v 0.788400 1.139158 -0.326566
v 0.836961 0.993963 -0.166482
v 0.836961 1.139158 -0.166482
v 0.853358 1.139158 -0.000000
v 0.794447 0.993963 -0.317356
v 0.794447 0.729847 -0.317356
v 0.172722 1.020291 -0.868336
v 0.338808 1.020291 -0.817954
v 0.166482 1.039161 -0.836962
v 0.799953 0.983127 -0.159126
v 0.799953 0.740682 -0.159126
v 0.763233 0.740682 -0.289819
v 0.338808 0.703518 -0.817954
v 0.491872 0.703518 -0.736140
v 0.474100 0.684648 -0.709542
v 0.474100 1.039161 -0.709542
v 0.491872 1.020291 -0.736140
v 0.172722 0.703518 -0.868336
v 0.338808 0.703518 -0.817954
v 0.172722 1.020291 -0.868336
v 0.491872 0.703518 -0.736140
v 0.338808 1.020291 -0.817954
v 0.626035 0.703519 -0.626035
v 0.491872 1.020291 -0.736140
v 0.719966 0.703519 -0.511791
v 0.626035 1.020291 -0.626035
v 0.172722 0.703518 -0.868336
v 0.326566 0.684648 -0.788400
v 0.603415 1.039161 -0.603416
v 0.626035 1.020291 -0.626035
v 0.719966 0.703519 -0.511791
v 0.719966 1.020291 -0.511791
v 0.709541 1.039161 -0.474101
v 0.626035 0.703519 -0.626035
v 0.603415 0.684648 -0.603416
v 0.166482 0.684648 -0.836962
v 0.719966 1.020291 -0.511791
v 0.719966 0.703519 -0.511791
v 0.815628 0.983127 -0.000000
v 0.815628 0.740682 -0.000000
v 0.794447 0.729847 -0.317356
v 0.794447 0.993963 -0.317356
v 0.763233 0.983127 -0.289819
v 0.763233 0.983127 -0.289819
v 0.794447 0.993963 -0.317356
v 0.836961 0.993963 -0.166482
v 0.836961 0.729847 -0.166482
v 0.794447 0.729847 -0.317356
v 0.763233 0.740682 -0.289819
v 0.853358 0.993963 -0.000000
v 0.815628 0.983127 -0.000000
v 0.815628 0.740682 -0.000000
v 0.853358 0.729847 -0.000000
v 0.000000 0.594722 0.853358
v 0.000000 0.684648 0.853358
v -0.166482 0.684648 0.836961
v -0.836961 0.594722 0.166482
v -0.836961 0.729847 0.166482
v -0.788400 0.594722 0.326566
v -0.709541 0.594722 0.474100
v -0.709541 0.684648 0.474100
v -0.603415 0.594722 0.603415
v -0.603415 0.684648 0.603415
v -0.474100 0.594722 0.709542
v -0.474100 0.684648 0.709542
v -0.326566 0.594722 0.788400
v -0.326566 0.684648 0.788400
v -0.166482 0.594722 0.836961
v -0.577041 1.168919 0.577041
v -0.678528 1.168919 0.453378
v -0.709541 1.139158 0.474100
v -0.453378 1.168919 0.678528
v -0.603415 1.139158 0.603415
v -0.326566 1.139158 0.788400
v -0.312292 1.168919 0.753940
v -0.159205 1.168919 0.800378
v 0.000000 1.139158 0.853358
v 0.000000 1.168919 0.816059
v -0.800379 1.168919 0.159205
v -0.788400 1.139158 0.326566
v -0.753940 1.168919 0.312292
v 0.000000 1.168919 0.816059
v 0.000000 1.168919 0.681908
v -0.133034 1.168919 0.668805
v -0.260955 1.168919 0.630001
v -0.312292 1.168919 0.753940
v -0.378848 1.168919 0.566986
v -0.453378 1.168919 0.678528
v -0.482182 1.168919 0.482182
v -0.577041 1.168919 0.577041
v -0.566986 1.168919 0.378848
v -0.678528 1.168919 0.453378
v -0.630001 1.168919 0.260955
v -0.753940 1.168919 0.312292
v -0.668806 1.168919 0.133033
v 0.000000 1.039161 0.853358
v 0.000000 1.139158 0.853358
v -0.166482 1.139158 0.836961
v -0.166482 1.039161 0.836961
v -0.326566 1.139158 0.788400
v -0.326566 1.039161 0.788400
v -0.474100 1.139158 0.709541
v -0.474100 1.039161 0.709542
v -0.603415 1.139158 0.603415
v -0.603415 1.039161 0.603415
v -0.709541 1.139158 0.474100
v -0.709541 1.039161 0.474100
v -0.788400 1.139158 0.326566
v -0.836961 0.993963 0.166482
v -0.836961 1.139158 0.166482
v -0.794447 0.993963 0.317356
v -0.794447 0.729847 0.317356
v -0.172722 1.020291 0.868335
v 0.000000 1.020291 0.885347
v 0.000000 1.039161 0.853358
v -0.338808 1.020291 0.817954
v -0.166482 1.039161 0.836961
v -0.799953 0.983127 0.159126
v -0.799953 0.740682 0.159126
v -0.763233 0.740682 0.289819
v -0.338808 0.703519 0.817954
v -0.491872 0.703519 0.736139
v -0.474100 0.684648 0.709542
v -0.474100 1.039161 0.709542
v -0.491872 1.020291 0.736139
v -0.172722 0.703519 0.868335
v 0.000000 0.703519 0.885347
v 0.000000 1.020291 0.885347
v -0.338808 0.703519 0.817954
v -0.172722 1.020291 0.868335
v -0.491872 0.703519 0.736139
v -0.338808 1.020291 0.817954
v -0.626035 0.703519 0.626035
v -0.491872 1.020291 0.736139
v -0.719966 0.703519 0.511791
v -0.626035 1.020291 0.626035
v -0.172722 0.703519 0.868335
v -0.326566 0.684648 0.788400
v -0.603415 1.039161 0.603415
v -0.626035 1.020291 0.626035
v -0.719966 0.703519 0.511791
v -0.719966 1.020291 0.511791
v -0.709541 1.039161 0.474100
v -0.626035 0.703519 0.626035
v -0.603415 0.684648 0.603415
v 0.000000 0.703519 0.885347
v -0.166482 0.684648 0.836961
v -0.719966 1.020291 0.511791
v -0.719966 0.703519 0.511791
v -0.794447 0.729847 0.317356
v -0.794447 0.993963 0.317356
v -0.763233 0.983127 0.289819
v -0.763233 0.983127 0.289819
v -0.794447 0.993963 0.317356
v -0.836961 0.993963 0.166482
v -0.836961 0.729847 0.166482
v -0.794447 0.729847 0.317356
v -0.763233 0.740682 0.289819
v -0.853358 0.729847 -0.000000
v 0.166482 0.684648 0.836961
v 0.000000 0.684648 0.853358
v 0.000000 0.594722 0.853358
v 0.836961 0.729847 0.166482
v 0.836961 0.594722 0.166482
v 0.788400 0.594722 0.326566
v 0.794447 0.729847 0.317356
v 0.709541 0.684648 0.474100
v 0.603415 0.684648 0.603415
v 0.603415 0.594722 0.603415
v 0.474100 0.684648 0.709542
v 0.474100 0.594722 0.709542
v 0.326566 0.684648 0.788400
v 0.326566 0.594722 0.788400
v 0.166482 0.594722 0.836961
v 0.709541 1.139158 0.474100
v 0.678528 1.168919 0.453378
v 0.577041 1.168919 0.577041
v 0.603415 1.139158 0.603415
v 0.453378 1.168919 0.678528
v 0.326566 1.139158 0.788400
v 0.474100 1.139158 0.709541
v 0.312292 1.168919 0.753940
v 0.159205 1.168919 0.800378
v 0.166482 1.139158 0.836961
v 0.800379 1.168919 0.159205
v 0.788400 1.139158 0.326566
v 0.836961 1.139158 0.166482
v 0.753940 1.168919 0.312292
v 0.159205 1.168919 0.800378
v 0.133034 1.168919 0.668805
v 0.312292 1.168919 0.753940
v 0.260955 1.168919 0.630001
v 0.453378 1.168919 0.678528
v 0.378848 1.168919 0.566986
v 0.577041 1.168919 0.577041
v 0.482182 1.168919 0.482182
v 0.678528 1.168919 0.453378
v 0.566986 1.168919 0.378848
v 0.753940 1.168919 0.312292
v 0.630001 1.168919 0.260955
v 0.800379 1.168919 0.159205
v 0.668806 1.168919 0.133033
v 0.166482 1.139158 0.836961
v 0.000000 1.139158 0.853358
v 0.000000 1.039161 0.853358
v 0.326566 1.139158 0.788400
v 0.166482 1.039161 0.836961
v 0.474100 1.139158 0.709541
v 0.326566 1.039161 0.788400
v 0.603415 1.139158 0.603415
v 0.474100 1.039161 0.709542
v 0.709541 1.139158 0.474100
v 0.603415 1.039161 0.603415
v 0.788400 1.139158 0.326566
v 0.709541 1.039161 0.474100
v 0.836961 1.139158 0.166482
v 0.836961 0.993963 0.166482
v 0.794447 0.993963 0.317356
v 0.166482 1.039161 0.836961
v 0.326566 1.039161 0.788400
v 0.172722 1.020291 0.868335
v 0.763233 0.740682 0.289819
v 0.799953 0.740682 0.159126
v 0.799953 0.983127 0.159126
v 0.474100 0.684648 0.709542
v 0.491872 0.703519 0.736139
v 0.338808 0.703519 0.817954
v 0.474100 1.039161 0.709542
v 0.338808 1.020291 0.817954
v 0.172722 0.703519 0.868335
v 0.172722 1.020291 0.868335
v 0.338808 0.703519 0.817954
v 0.338808 1.020291 0.817954
v 0.491872 0.703519 0.736139
v 0.491872 1.020291 0.736139
v 0.626035 0.703519 0.626035
v 0.626035 1.020291 0.626035
v 0.719966 0.703519 0.511791
v 0.166482 0.684648 0.836961
v 0.326566 0.684648 0.788400
v 0.491872 1.020291 0.736139
v 0.626035 1.020291 0.626035
v 0.709541 1.039161 0.474100
v 0.719966 1.020291 0.511791
v 0.719966 0.703519 0.511791
v 0.603415 0.684648 0.603415
v 0.626035 0.703519 0.626035
v 0.172722 0.703519 0.868335
v 0.603415 1.039161 0.603415
v 0.719966 1.020291 0.511791
v 0.709541 0.684648 0.474100
v 0.719966 0.703519 0.511791
v 0.763233 0.983127 0.289819
v 0.794447 0.993963 0.317356
v 0.794447 0.729847 0.317356
v 0.763233 0.983127 0.289819
v 0.799953 0.983127 0.159126
v 0.836961 0.993963 0.166482
v 0.763233 0.740682 0.289819
v 0.794447 0.729847 0.317356
v 0.836961 0.729847 0.166482
v 0.799953 0.740682 0.159126
v 0.244332 4.160009 0.324095
v 0.222485 4.086937 0.300434
v 0.206485 4.017834 0.282941
v 0.180266 3.951477 0.268334
v 0.205543 3.965611 0.192030
v 0.125704 3.913738 0.261398
v 0.250305 4.271247 0.381449
v -0.125688 3.913738 0.261397
v -0.180258 3.951470 0.268336
v -0.069180 3.897879 0.255293
v -0.206483 4.017830 0.282944
v -0.222481 4.086932 0.300438
v -0.205535 3.965603 0.192030
v 0.260802 4.228817 0.354955
v -0.250317 4.271246 0.381475
v -0.161429 4.313277 0.446254
v -0.260796 4.228813 0.354961
v -0.106295 4.319802 0.471122
v -0.063666 4.333930 0.500124
v -0.919637 2.025243 -0.000000
v -0.913646 2.038687 -0.000000
v -0.928986 1.737804 -0.022571
v -0.807412 1.384515 -0.062195
v -0.919637 2.025243 -0.000000
v -0.834298 2.367427 -0.058397
v -0.734270 2.536645 -0.260161
v -0.734270 1.164357 -0.260161
v -0.772450 2.520622 -0.233479
v -0.831085 2.651872 -0.260758
v -0.831491 2.745515 -0.260980
v -0.831085 2.651872 -0.260758
v -0.734270 2.536645 -0.260161
v -0.734270 2.536645 -0.260161
v -0.812678 2.371064 -0.000000
v -0.919637 2.025243 -0.000000
v -0.807609 2.370318 0.062194
v -0.913646 1.724360 -0.000000
v -0.913646 1.724360 -0.000000
v -0.919637 2.025243 -0.000000
v -0.834298 2.367427 0.058397
v -0.772450 1.164357 0.233478
v -0.734271 1.164357 0.260160
v -0.831086 2.651872 0.260757
v -0.831086 2.651872 0.260757
v -0.734271 2.536645 0.260160
v 0.919637 2.025243 -0.000000
v 0.807609 2.370318 -0.062195
v 0.913646 1.724360 -0.000000
v 0.913646 1.724360 -0.000000
v 0.919637 2.025243 -0.000000
v 0.834298 2.367427 -0.058397
v 0.772450 1.164357 -0.233478
v 0.734270 1.164357 -0.260161
v 0.831085 2.651872 -0.260758
v 0.831085 2.651872 -0.260758
v 0.734270 2.536645 -0.260161
v 0.812678 2.371064 -0.000000
v 0.919637 2.025243 -0.000000
v 0.913646 2.038687 -0.000000
v 0.928986 1.737804 0.022570
v 0.807412 1.384515 0.062194
v 0.919637 2.025243 -0.000000
v 0.834298 2.367427 0.058397
v 0.734271 2.536645 0.260160
v 0.734271 1.164357 0.260160
v 0.772450 2.520622 0.233478
v 0.831086 2.651872 0.260757
v 0.831491 2.745515 0.260979
v 0.831086 2.651872 0.260757
v 0.734271 2.536645 0.260160
v 0.734271 2.536645 0.260160
v -0.658158 1.168758 0.228565
v -0.579110 1.240698 0.201113
v -0.000000 1.240698 0.615518
v -0.579110 1.473360 0.201113
v -0.578916 2.158294 0.201046
v -0.000000 1.572270 0.705852
v -0.435091 2.378205 0.435091
v -0.000000 2.378205 0.615311
v -0.235470 2.378205 0.568473
v -0.578916 2.378205 0.201046
v -0.000000 2.158294 0.615311
v -0.000000 2.413166 0.652867
v -0.000000 2.653633 0.815464
v -0.528832 2.528736 0.528831
v -0.000000 2.528736 0.747881
v -0.703644 2.528736 0.244361
v -0.614251 2.456375 0.213317
v -0.000000 2.456375 0.652867
v -0.362714 2.456375 0.542839
v 0.658158 1.168758 0.228565
v 0.388641 1.211586 0.581643
v 0.581643 1.211586 0.388641
v 0.579110 1.473360 0.201113
v 0.392151 2.067283 0.586895
v 0.652123 2.067283 0.270118
v -0.658158 1.168758 -0.228565
v -0.388641 1.211586 -0.581643
v -0.646287 1.211586 -0.267701
v -0.000000 1.240698 -0.615518
v -0.435237 1.473360 -0.435237
v -0.579110 1.473360 -0.201114
v -0.392151 2.067283 -0.586895
v -0.000000 1.572270 -0.705853
v -0.000000 2.378205 -0.615312
v -0.000000 2.158294 -0.615312
v -0.000000 2.413166 -0.652868
v -0.000000 2.653633 -0.815465
v -0.000000 2.528736 -0.747882
v -0.000000 2.456375 -0.652868
v 0.658158 1.168758 -0.228566
v 0.579110 1.240698 -0.201114
v 0.579110 1.473360 -0.201114
v 0.578916 2.158294 -0.201046
v 0.435091 2.378205 -0.435091
v 0.235469 2.378205 -0.568474
v 0.578916 2.378205 -0.201046
v 0.528832 2.528736 -0.528832
v 0.703644 2.528736 -0.244362
v 0.461647 2.456375 -0.461647
v 0.614251 2.456375 -0.213317
v -0.351705 2.269922 0.493392
v -0.165173 2.269922 0.586850
v -0.165173 2.269922 0.586850
v -0.497480 2.269922 0.352475
v -0.561672 2.269922 0.260868
v -0.561672 2.269922 0.260868
v -0.501347 2.269922 0.386925
v 0.639517 2.269922 0.453291
v 0.732773 2.269922 0.255793
v 0.700350 2.269922 0.295824
v 0.168385 2.269922 0.610683
v 0.168385 2.269922 0.610683
v -0.168386 2.269922 0.610683
v -0.351705 1.365263 0.493392
v -0.165173 1.365263 0.586850
v -0.165173 1.365263 0.586850
v -0.497480 1.365263 0.352475
v -0.561672 1.365263 0.260868
v -0.561672 1.365263 0.260868
v -0.501347 1.365263 0.386925
v 0.639517 1.365263 0.453291
v 0.732773 1.365263 0.255793
v 0.700350 1.365263 0.295824
v 0.168385 1.365263 0.610684
v 0.168385 1.365263 0.610684
v -0.168386 1.365263 0.610684
v -0.639517 2.269922 -0.453291
v -0.732773 2.269922 -0.255793
v -0.700350 2.269922 -0.295825
v 0.351705 2.269922 -0.493392
v 0.165173 2.269922 -0.586850
v 0.165173 2.269922 -0.586850
v 0.497480 2.269922 -0.352476
v 0.561672 2.269922 -0.260868
v 0.561672 2.269922 -0.260868
v 0.501347 2.269922 -0.386926
v 0.168385 2.269922 -0.610684
v -0.168386 2.269922 -0.610684
v -0.168386 2.269922 -0.610684
v -0.639517 1.365263 -0.453291
v -0.732773 1.365263 -0.255793
v -0.700350 1.365263 -0.295825
v 0.351705 1.365263 -0.493392
v 0.165173 1.365263 -0.586850
v 0.165173 1.365263 -0.586850
v 0.497480 1.365263 -0.352476
v 0.561672 1.365263 -0.260868
v 0.561672 1.365263 -0.260868
v 0.501347 1.365263 -0.386926
v 0.168385 1.365263 -0.610684
v -0.168386 1.365263 -0.610684
v -0.168386 1.365263 -0.610684
v -0.898106 3.192864 -0.103688
v -0.842829 3.045814 -0.103688
v -0.898106 3.192864 -0.103688
v -0.950720 5.268285 -0.103689
v -0.950720 3.122873 -0.103688
v -0.898106 5.038773 0.058695
v -0.842829 3.266421 0.058695
v -0.842829 3.045814 0.103687
v -0.842829 3.192864 0.103687
v -0.898106 3.192864 0.103687
v -0.950720 5.182322 -0.103689
v -0.898106 5.112329 -0.103689
v -0.842829 5.268285 -0.103689
v -0.842829 5.112329 -0.103689
v -0.898106 5.112329 -0.103689
v -0.842829 5.112329 0.103687
v -0.842829 5.268285 0.103687
v -0.898106 5.112329 0.103687
v -0.898106 5.038773 -0.058696
v -0.126638 3.971226 0.466875
v -0.138427 3.949087 0.490668
v -0.133994 4.068836 0.511102
v -0.231954 4.044390 0.540613
v -0.198365 3.958927 0.526284
v -0.082350 3.209590 -0.524978
v -0.082350 3.310136 -0.583028
v -0.082350 3.209590 -0.524978
v -0.082350 3.243105 -0.466929
v -0.082350 3.310136 -0.466929
v -0.082350 3.343651 -0.524978
v -0.082350 3.243105 -0.583028
v -0.215867 3.243105 -0.466929
v -0.215867 3.310136 -0.466929
v -0.215867 3.243105 -0.583028
v -0.215867 3.310136 -0.583028
v 0.898106 3.192864 -0.103688
v 0.898106 3.192864 -0.103688
v 0.842829 3.045814 -0.103688
v 0.842829 3.192864 -0.103688
v 0.898106 3.192864 -0.103688
v 0.950720 5.268285 -0.103689
v 0.950720 3.122873 -0.103688
v 0.898106 5.038773 0.058695
v 0.842829 3.045814 0.103687
v 0.898106 3.192864 0.103687
v 0.950720 5.182322 -0.103689
v 0.898106 5.112329 -0.103689
v 0.842829 5.268285 -0.103689
v 0.898106 5.112329 -0.103689
v 0.842829 5.268285 0.103687
v 0.842829 5.112329 0.103687
v 0.898106 5.112329 0.103687
v 0.898106 5.038773 -0.058696
v 0.217674 4.091290 0.447603
v 0.113955 4.016861 0.502039
v 0.198365 3.958927 0.526284
v 0.284793 3.436297 0.469316
v 0.478265 3.218186 -0.205103
v 0.290256 3.259391 -0.450562
v 0.215867 3.343651 -0.524978
v 0.215867 3.218571 -0.558493
v 0.201387 4.003035 0.418884
v 0.000006 3.878307 0.276795
v 0.178927 3.940948 0.296980
v 0.000008 3.892757 0.250103
v -0.131078 4.019566 0.492010
v -0.216904 4.042160 0.425594
v -0.201369 4.003035 0.418885
v -0.178909 3.940949 0.296979
v -0.260796 4.228813 0.354961
v 0.357902 4.535131 -0.027682
v 0.321586 4.316123 0.116038
v 0.001186 3.967383 -0.339294
v -0.329201 4.390069 0.130640
v -1.064837 0.003411 -0.711502
v 0.000000 0.003411 -1.280669
v 1.280669 0.003411 0.000001
v 0.905569 0.003412 0.905571
v -1.280669 0.003411 -0.000000
v 0.000000 0.160548 -1.280151
v 1.182705 0.160548 -0.489892
v 1.182705 0.160548 0.489893
v 0.249744 0.160548 1.255553
v -0.489894 0.160548 1.182705
v -1.280151 0.160548 -0.000000
v -1.087835 0.213186 -0.000000
v -0.604370 0.213186 0.904501
v 0.212225 0.213186 1.066933
v 0.904502 0.213186 0.604370
v 1.005029 0.213186 -0.416296
v 0.000000 0.213186 -1.087835
v -0.769216 0.213186 -0.769216
v -0.768869 0.319116 0.768867
v -0.416110 0.319116 1.004574
v 0.904093 0.319115 -0.604096
v 0.000000 0.319115 -1.087344
v -0.416108 0.319115 -1.004575
v -0.768868 0.319115 -0.768868
v -0.929527 0.398388 0.184893
v -0.788016 0.398389 0.526534
v -0.184895 0.398389 0.929527
v 0.929527 0.398388 0.184895
v 0.875595 0.398388 -0.362683
v -0.362683 0.398388 -0.875595
v -0.875595 0.398388 -0.362684
v 0.000000 0.398388 -0.947738
v 0.526535 0.398388 -0.788015
v 0.788015 0.398389 0.526535
v 0.184894 0.398389 0.929527
v -0.362684 0.398389 0.875595
v -0.670152 0.398389 0.670151
v -0.929527 0.398388 0.184893
v -0.875424 0.548155 -0.362613
v -0.670020 0.548154 -0.670020
v 0.362612 0.548154 -0.875424
v 0.929345 0.548155 -0.184858
v 0.787860 0.548155 0.526432
v -0.526433 0.548155 0.787860
v -0.000000 3.451751 -0.165369
v 0.040860 3.580742 -0.084035
v -0.070772 3.555441 -0.099989
v -0.070772 3.486314 -0.143576
v -0.000000 3.616700 -0.160456
v -0.000000 4.615335 -0.616548
v -0.000000 3.371175 -0.310909
v -0.000000 3.474781 -0.153530
v -0.152022 3.276620 -0.474304
v -0.152022 3.276620 -0.474304
v -0.000000 3.225947 -0.524978
v -0.000000 3.225947 -0.524978
v 0.153935 4.660378 -0.338698
v -0.049043 4.540410 -0.342184
v 0.049344 4.540410 -0.342184
v -0.090747 4.746912 -0.305922
v 0.118914 4.705836 -0.313135
v 0.000151 4.811845 -0.312100
v 0.000151 4.508912 -0.365295
v 0.000151 4.508912 -0.365295
v -0.108591 4.767482 -0.319890
v 0.000151 4.522342 -0.441775
v 0.589916 5.731914 0.199969
v 0.839166 5.210747 0.347594
v 0.642269 5.210747 0.642270
v 0.473688 5.254169 0.473688
v 0.256357 5.254169 0.618903
v 0.418959 5.210747 0.627018
v 0.707106 5.302783 0.707107
v 0.165027 5.482250 0.908106
v 0.300074 5.481417 0.868515
v 0.868515 5.481417 0.300074
v 0.868515 5.481417 0.300074
v 0.343073 5.419975 0.909695
v 0.300074 5.481417 0.868515
v 0.198873 5.784888 0.533054
v 0.218644 5.696550 0.580595
v 0.472754 5.808415 0.147537
v 0.173273 5.785325 0.471249
v 0.580596 5.696550 0.218644
v -0.506551 5.206265 0.338465
v 0.334873 5.497869 0.889079
v 0.889079 5.497869 0.334873
v -0.533055 5.784888 0.198873
v -0.471250 5.785325 0.173272
v -0.165027 5.482250 -0.908108
v 0.372174 5.254169 -0.556999
v -0.334875 5.497869 0.889079
v -0.831471 5.302783 0.555569
v -0.142158 5.610012 0.714669
v -0.300076 5.481417 0.868515
v -0.868516 5.481417 0.300073
v -0.909696 5.419975 0.343072
v -0.889080 5.497869 0.334872
v -0.908108 5.482250 0.165026
v -0.868516 5.481417 0.300073
v -0.627019 5.210747 0.418959
v -0.177203 5.210747 0.890853
v -0.218645 5.696550 0.580595
v -0.642271 5.210747 0.642269
v -0.199970 5.731914 0.589916
v -0.580596 5.696550 0.218643
v -0.589917 5.731914 -0.199970
v 0.142157 5.610012 -0.714671
v -0.198874 5.784888 -0.533055
v -0.923880 5.302783 -0.382685
v -0.868516 5.481417 -0.300076
v -0.300074 5.481417 -0.868517
v -0.334873 5.497869 -0.889081
v -0.343073 5.419975 -0.909697
v -0.300074 5.481417 -0.868517
v -0.868516 5.481417 -0.300076
v -0.714670 5.610012 -0.142158
v -0.472755 5.808415 -0.147538
v -0.642270 5.210747 -0.642272
v -0.890854 5.210747 -0.177203
v -0.580596 5.696550 -0.218646
v -0.218644 5.696550 -0.580597
v -0.418960 5.210747 -0.627020
v -0.889080 5.497869 -0.334875
v -0.173274 5.785325 -0.471251
v -0.550978 5.807449 -0.179938
v 0.889079 5.497869 -0.334874
v 0.909696 5.419975 -0.343074
v 0.868515 5.481417 -0.300075
v 0.218645 5.696550 -0.580597
v 0.300075 5.481417 -0.868516
v 0.908107 5.482250 -0.165028
v 0.868515 5.481417 -0.300075
v 0.657024 5.254169 0.130690
v 0.728671 5.610012 -0.000000
v 0.300075 5.481417 -0.868516
v 0.696705 5.210747 -0.288585
v 0.147537 5.808415 -0.472755
v 0.471249 5.785325 -0.173274
v 0.642270 5.210747 -0.642271
v 0.177202 5.210747 -0.890855
v 0.382684 5.302783 -0.923881
v 0.580596 5.696550 -0.218645
v 0.533054 5.784888 -0.198874
v 0.199969 5.731914 -0.589917
v 0.334874 5.497869 -0.889080
v -0.147538 5.808415 0.472753
v -0.300076 5.481417 0.868515
v -0.382684 5.302783 0.923879
v 0.000000 2.801095 -0.998569
v 0.000000 2.801095 -0.998569
v 0.000000 3.029701 -0.998569
v -0.142672 3.104030 -0.717264
v -0.048078 3.162984 -0.488146
v -0.853358 0.594722 -0.000000
v -0.709541 0.594722 -0.474101
v -0.853358 0.993963 -0.000000
v -0.763233 0.983127 -0.289819
v -0.719966 1.020291 -0.511791
v -0.709541 0.684648 -0.474101
v 0.000000 0.684648 -0.853358
v -0.709541 1.039161 -0.474101
v -0.763233 0.740682 -0.289819
v -0.794447 0.993963 -0.317356
v 0.853358 0.594722 -0.000000
v 0.474100 1.139157 -0.709542
v 0.166482 1.139157 -0.836962
v 0.836961 1.139158 -0.166482
v 0.159205 1.168919 -0.800379
v 0.800379 1.168919 -0.159205
v 0.853358 0.993963 -0.000000
v 0.326566 1.039161 -0.788400
v 0.763233 0.983127 -0.289819
v 0.719966 1.020291 -0.511791
v 0.709541 0.684648 -0.474101
v 0.709541 1.039161 -0.474101
v 0.709541 0.684648 -0.474101
v 0.763233 0.740682 -0.289819
v 0.799953 0.983127 -0.159126
v 0.799953 0.740682 -0.159126
v -0.474100 1.139158 0.709541
v -0.166482 1.139158 0.836961
v -0.836961 1.139158 0.166482
v -0.159205 1.168919 0.800378
v -0.800379 1.168919 0.159205
v -0.326566 1.039161 0.788400
v -0.763233 0.983127 0.289819
v -0.719966 1.020291 0.511791
v -0.709541 0.684648 0.474100
v 0.000000 0.684648 0.853358
v -0.709541 1.039161 0.474100
v -0.709541 0.684648 0.474100
v -0.763233 0.740682 0.289819
v -0.799953 0.983127 0.159126
v -0.799953 0.740682 0.159126
v 0.709541 0.594722 0.474100
v 0.763233 0.983127 0.289819
v 0.719966 1.020291 0.511791
v 0.709541 0.684648 0.474100
v 0.709541 1.039161 0.474100
v 0.763233 0.740682 0.289819
v 0.794447 0.993963 0.317356
vn -0.3021 0.6662 -0.6818
vn -0.4187 0.9081 -0.0000
vn -0.1663 0.9861 -0.0000
vn -0.0145 0.0531 -0.9985
vn -0.1404 0.7067 -0.6934
vn 0.3919 -0.9200 -0.0000
vn 0.2765 -0.6146 -0.7388
vn -0.0093 -0.6932 -0.7207
vn -0.0567 0.0154 -0.9983
vn 0.6459 -0.4070 -0.6459
vn 0.9134 -0.4070 -0.0001
vn -0.0000 -0.4070 -0.9134
vn -0.6459 -0.4070 -0.6459
vn -0.9134 -0.4070 -0.0000
vn -0.7071 -0.0000 -0.7071
vn -1.0000 -0.0000 -0.0000
vn -0.0000 -0.0000 -1.0000
vn 0.7071 -0.0000 -0.7071
vn -0.9998 0.0196 -0.0000
vn -0.9686 0.2487 -0.0000
vn -0.7115 0.1776 -0.6799
vn 0.7078 0.0011 -0.7064
vn 0.6644 -0.1474 -0.7327
vn 0.9786 -0.2059 -0.0000
vn -0.7101 0.0121 -0.7040
vn -0.0528 0.0095 -0.9986
vn -0.5624 0.4682 -0.6815
vn -0.0425 0.0346 -0.9985
vn 0.5237 -0.4250 -0.7383
vn 0.7804 -0.6252 -0.0000
vn -0.7675 0.6411 -0.0000
vn -0.1199 -0.0117 -0.9927
vn -0.1260 -0.7306 -0.6710
vn -0.1674 0.9859 -0.0000
vn -0.1634 0.7170 -0.6777
vn -0.1085 -0.9941 -0.0000
vn -0.0012 -1.0000 -0.0001
vn -0.0015 0.0017 -1.0000
vn -0.1123 0.9937 -0.0000
vn -0.1106 0.9936 -0.0209
vn -0.1112 0.9936 -0.0207
vn -0.9970 -0.0000 -0.0770
vn -0.9970 -0.0001 -0.0779
vn -0.9970 -0.0000 -0.0776
vn -1.0000 -0.0001 -0.0000
vn -0.9970 -0.0000 -0.0778
vn -0.1663 -0.9861 -0.0000
vn -0.4187 -0.9081 -0.0000
vn -0.3021 -0.6662 -0.6818
vn -0.1404 -0.7068 -0.6934
vn -0.0145 -0.0531 -0.9985
vn -0.0093 0.6932 -0.7207
vn 0.2765 0.6146 -0.7388
vn 0.3919 0.9200 -0.0000
vn -0.0567 -0.0154 -0.9983
vn 0.9134 0.4070 -0.0000
vn 0.6459 0.4070 -0.6459
vn -0.0000 0.4070 -0.9134
vn -0.6459 0.4070 -0.6459
vn -0.9134 0.4070 -0.0000
vn -0.9998 -0.0196 -0.0000
vn -0.7101 -0.0121 -0.7040
vn -0.7115 -0.1776 -0.6799
vn 0.7078 -0.0011 -0.7064
vn 1.0000 -0.0032 -0.0000
vn 0.9786 0.2059 -0.0000
vn -0.0015 -0.0017 -1.0000
vn -0.0528 -0.0095 -0.9986
vn -0.0425 -0.0346 -0.9985
vn -0.5624 -0.4682 -0.6815
vn 0.5237 0.4250 -0.7383
vn 0.7804 0.6252 -0.0000
vn 0.6644 0.1474 -0.7327
vn -0.7675 -0.6411 -0.0000
vn -0.9686 -0.2487 -0.0000
vn -0.1260 0.7306 -0.6710
vn -0.1199 0.0117 -0.9927
vn -0.1634 -0.7170 -0.6777
vn -0.1674 -0.9859 -0.0000
vn -0.0012 1.0000 -0.0000
vn -0.1085 0.9941 -0.0001
vn -0.1089 -0.9941 -0.0000
vn -0.1082 -0.9941 -0.0000
vn -0.1100 -0.9937 -0.0190
vn -0.9970 0.0001 -0.0779
vn -1.0000 0.0001 -0.0000
vn 1.0000 -0.0000 -0.0000
vn -0.1409 -0.0000 -0.9900
vn -0.1399 -0.0000 -0.9902
vn -0.5728 -0.0000 -0.8197
vn 0.3324 -0.0000 -0.9432
vn -0.9655 -0.0000 -0.2606
vn -0.9846 -0.0003 -0.1746
vn -0.9845 0.0009 -0.1752
vn -0.8959 -0.4164 -0.1548
vn -0.9143 -0.4050 -0.0000
vn -0.9113 -0.4116 -0.0000
vn -0.8748 -0.4270 -0.2289
vn -0.8935 -0.4243 -0.1469
vn -0.9881 0.0050 -0.1540
vn -1.0000 0.0058 -0.0000
vn -1.0000 0.0055 -0.0000
vn -0.9722 -0.0009 -0.2340
vn -0.9882 0.0029 -0.1529
vn -0.6712 -0.0153 -0.7411
vn -0.6778 -0.0201 -0.7350
vn -0.6630 -0.0093 -0.7486
vn -0.4372 -0.4288 -0.7905
vn -0.5941 -0.4093 -0.6924
vn -0.5561 -0.4157 -0.7197
vn 0.3600 -0.1119 -0.9262
vn 0.3516 -0.1937 -0.9159
vn 0.3546 -0.1677 -0.9199
vn -1.0000 -0.0006 -0.0000
vn -0.9962 -0.0001 -0.0877
vn -1.0000 0.0018 -0.0000
vn -0.9960 0.0003 -0.0889
vn 0.2956 0.0060 -0.9553
vn -0.3021 0.6662 0.6818
vn -0.1404 0.7067 0.6934
vn -0.0145 0.0531 0.9985
vn -0.0093 -0.6932 0.7207
vn 0.2765 -0.6146 0.7388
vn -0.0567 0.0154 0.9983
vn 0.9134 -0.4070 0.0001
vn 0.6459 -0.4070 0.6459
vn -0.0000 -0.4070 0.9134
vn -0.6459 -0.4070 0.6459
vn -0.7071 -0.0000 0.7071
vn -0.0000 -0.0000 1.0000
vn 0.7071 -0.0000 0.7071
vn -0.7101 0.0121 0.7040
vn -0.7115 0.1776 0.6799
vn 0.7078 0.0011 0.7064
vn 1.0000 0.0032 -0.0000
vn -0.0015 0.0017 1.0000
vn -0.0528 0.0095 0.9986
vn -0.0425 0.0346 0.9985
vn -0.5624 0.4682 0.6815
vn 0.5237 -0.4250 0.7383
vn 0.6644 -0.1474 0.7327
vn -0.1260 -0.7306 0.6710
vn -0.1199 -0.0117 0.9927
vn -0.1634 0.7170 0.6777
vn -0.0012 -1.0000 0.0001
vn -0.1129 0.9936 -0.0000
vn -0.1112 0.9936 0.0207
vn -0.9970 -0.0000 0.0770
vn -0.9970 -0.0000 0.0776
vn -0.9970 -0.0001 0.0779
vn -0.9970 -0.0000 0.0778
vn -0.3021 -0.6662 0.6818
vn -0.0145 -0.0531 0.9985
vn -0.1404 -0.7068 0.6934
vn 0.2765 0.6146 0.7388
vn -0.0093 0.6932 0.7207
vn -0.0567 -0.0154 0.9983
vn 0.6459 0.4070 0.6459
vn -0.0000 0.4070 0.9134
vn -0.6459 0.4070 0.6459
vn -0.7115 -0.1776 0.6799
vn 0.7078 -0.0011 0.7064
vn 0.6644 0.1474 0.7327
vn -0.7101 -0.0121 0.7040
vn -0.0528 -0.0095 0.9986
vn -0.5624 -0.4682 0.6815
vn -0.0425 -0.0346 0.9985
vn 0.5237 0.4250 0.7383
vn -0.1199 0.0117 0.9927
vn -0.1260 0.7306 0.6710
vn -0.1634 -0.7170 0.6777
vn -0.1085 0.9941 0.0001
vn -0.0015 -0.0017 1.0000
vn -0.1106 -0.9937 0.0188
vn -0.1100 -0.9937 0.0190
vn -0.9970 0.0001 0.0779
vn -0.1399 -0.0000 0.9902
vn -0.1409 -0.0000 0.9900
vn -0.5728 -0.0000 0.8197
vn 0.3324 -0.0000 0.9432
vn -0.9655 -0.0000 0.2606
vn -0.9845 0.0009 0.1752
vn -0.8959 -0.4164 0.1548
vn -0.8935 -0.4243 0.1469
vn -0.8748 -0.4270 0.2289
vn -0.8738 -0.4354 0.2165
vn -0.9881 0.0050 0.1540
vn -0.9882 0.0029 0.1529
vn -0.9722 -0.0009 0.2340
vn -0.9729 -0.0048 0.2313
vn -0.6630 -0.0093 0.7486
vn -0.6778 -0.0201 0.7350
vn -0.6712 -0.0153 0.7411
vn -0.4372 -0.4288 0.7905
vn -0.3879 -0.4318 0.8143
vn -0.5561 -0.4157 0.7197
vn 0.3546 -0.1677 0.9199
vn 0.3516 -0.1937 0.9159
vn 0.3600 -0.1119 0.9262
vn -0.9846 -0.0003 0.1746
vn -0.9962 -0.0001 0.0877
vn -0.9960 0.0003 0.0889
vn 0.2956 0.0060 0.9553
vn 0.1663 0.9861 -0.0000
vn 0.4187 0.9081 -0.0000
vn 0.3021 0.6662 -0.6818
vn 0.1404 0.7067 -0.6934
vn 0.0145 0.0531 -0.9985
vn 0.0093 -0.6932 -0.7207
vn -0.2765 -0.6146 -0.7388
vn -0.3919 -0.9200 -0.0000
vn 0.0567 0.0154 -0.9983
vn -0.9134 -0.4070 -0.0001
vn 0.9134 -0.4070 -0.0000
vn 0.9998 0.0196 -0.0000
vn 0.7101 0.0121 -0.7040
vn 0.7115 0.1776 -0.6799
vn -0.7078 0.0011 -0.7064
vn -1.0000 0.0032 -0.0000
vn -0.9786 -0.2059 -0.0000
vn 0.0015 0.0017 -1.0000
vn 0.0528 0.0095 -0.9986
vn 0.0425 0.0346 -0.9985
vn 0.5624 0.4682 -0.6815
vn -0.5237 -0.4250 -0.7383
vn -0.7804 -0.6252 -0.0000
vn -0.6644 -0.1474 -0.7327
vn 0.7675 0.6411 -0.0000
vn 0.9686 0.2487 -0.0000
vn 0.1260 -0.7306 -0.6710
vn 0.1199 -0.0117 -0.9927
vn 0.1634 0.7170 -0.6777
vn 0.1674 0.9859 -0.0000
vn 0.0012 -1.0000 -0.0001
vn 0.1085 -0.9941 -0.0000
vn 0.1123 0.9937 -0.0000
vn 0.1129 0.9936 -0.0000
vn 0.1112 0.9936 -0.0207
vn 0.9970 -0.0000 -0.0770
vn 0.9970 -0.0000 -0.0776
vn 0.9970 -0.0001 -0.0779
vn 1.0000 -0.0001 -0.0000
vn 0.9970 -0.0000 -0.0778
vn 0.3021 -0.6662 -0.6818
vn 0.4187 -0.9081 -0.0000
vn 0.1663 -0.9861 -0.0000
vn 0.0145 -0.0531 -0.9985
vn 0.1404 -0.7068 -0.6934
vn -0.3919 0.9200 -0.0000
vn -0.2765 0.6146 -0.7388
vn 0.0093 0.6932 -0.7207
vn 0.0567 -0.0154 -0.9983
vn 0.9998 -0.0196 -0.0000
vn 0.9686 -0.2487 -0.0000
vn 0.7115 -0.1776 -0.6799
vn -0.7078 -0.0011 -0.7064
vn -0.6644 0.1474 -0.7327
vn -0.9786 0.2059 -0.0000
vn 0.7101 -0.0121 -0.7040
vn 0.0528 -0.0095 -0.9986
vn 0.5624 -0.4682 -0.6815
vn 0.0425 -0.0346 -0.9985
vn -0.5237 0.4250 -0.7383
vn -0.7804 0.6252 -0.0000
vn 0.7675 -0.6411 -0.0000
vn 0.1199 0.0117 -0.9927
vn 0.1260 0.7306 -0.6710
vn 0.1674 -0.9859 -0.0000
vn 0.1634 -0.7170 -0.6777
vn 0.1085 0.9941 -0.0001
vn 0.0012 1.0000 -0.0000
vn 0.0015 -0.0017 -1.0000
vn 0.1089 -0.9941 -0.0000
vn 0.1106 -0.9937 -0.0188
vn 0.1100 -0.9937 -0.0190
vn 0.9970 0.0001 -0.0779
vn 1.0000 0.0001 -0.0000
vn 0.1399 -0.0000 -0.9902
vn 0.1409 -0.0000 -0.9900
vn 0.5728 -0.0000 -0.8197
vn -0.3324 -0.0000 -0.9432
vn 0.9655 -0.0000 -0.2606
vn 0.9845 0.0009 -0.1752
vn 0.8959 -0.4164 -0.1548
vn 0.8935 -0.4243 -0.1469
vn 0.9113 -0.4116 -0.0000
vn 0.8748 -0.4270 -0.2289
vn 0.8738 -0.4354 -0.2165
vn 0.9881 0.0050 -0.1540
vn 0.9882 0.0029 -0.1529
vn 1.0000 0.0055 -0.0000
vn 0.9722 -0.0009 -0.2340
vn 0.9729 -0.0048 -0.2313
vn 0.6630 -0.0093 -0.7486
vn 0.6778 -0.0201 -0.7350
vn 0.6712 -0.0153 -0.7411
vn 0.4372 -0.4288 -0.7905
vn 0.3879 -0.4318 -0.8143
vn 0.5561 -0.4157 -0.7197
vn -0.3546 -0.1677 -0.9199
vn -0.3516 -0.1937 -0.9159
vn -0.3600 -0.1119 -0.9262
vn 1.0000 -0.0006 -0.0000
vn 0.9846 -0.0003 -0.1746
vn 0.9962 -0.0001 -0.0877
vn 0.9960 0.0003 -0.0889
vn 1.0000 0.0018 -0.0000
vn -0.2956 0.0060 -0.9553
vn 0.3021 0.6662 0.6818
vn 0.0145 0.0531 0.9985
vn 0.1404 0.7067 0.6934
vn -0.2765 -0.6146 0.7388
vn 0.0093 -0.6932 0.7207
vn 0.0567 0.0154 0.9983
vn -0.9134 -0.4070 0.0001
vn 0.7115 0.1776 0.6799
vn -0.7078 0.0011 0.7064
vn -0.6644 -0.1474 0.7327
vn 0.7101 0.0121 0.7040
vn 0.0528 0.0095 0.9986
vn 0.5624 0.4682 0.6815
vn 0.0425 0.0346 0.9985
vn -0.5237 -0.4250 0.7383
vn 0.1199 -0.0117 0.9927
vn 0.1260 -0.7306 0.6710
vn 0.1634 0.7170 0.6777
vn 0.0012 -1.0000 0.0001
vn 0.0015 0.0017 1.0000
vn 0.1106 0.9936 0.0209
vn 0.1112 0.9936 0.0207
vn 0.9970 -0.0000 0.0770
vn 0.9970 -0.0001 0.0779
vn 0.9970 -0.0000 0.0776
vn 0.9970 -0.0000 0.0778
vn 0.3021 -0.6662 0.6818
vn 0.1404 -0.7068 0.6934
vn 0.0145 -0.0531 0.9985
vn 0.0093 0.6932 0.7207
vn -0.2765 0.6146 0.7388
vn 0.0567 -0.0154 0.9983
vn 0.7101 -0.0121 0.7040
vn 0.7115 -0.1776 0.6799
vn -0.7078 -0.0011 0.7064
vn -1.0000 -0.0032 -0.0000
vn 0.0015 -0.0017 1.0000
vn 0.0528 -0.0095 0.9986
vn 0.0425 -0.0346 0.9985
vn 0.5624 -0.4682 0.6815
vn -0.5237 0.4250 0.7383
vn -0.6644 0.1474 0.7327
vn 0.1260 0.7306 0.6710
vn 0.1199 0.0117 0.9927
vn 0.1634 -0.7170 0.6777
vn 0.1085 0.9941 0.0001
vn 0.1082 -0.9941 -0.0000
vn 0.1100 -0.9937 0.0190
vn 0.9970 0.0001 0.0779
vn 0.1409 -0.0000 0.9900
vn 0.1399 -0.0000 0.9902
vn 0.5728 -0.0000 0.8197
vn -0.3324 -0.0000 0.9432
vn 0.9655 -0.0000 0.2606
vn 0.9846 -0.0003 0.1746
vn 0.9845 0.0009 0.1752
vn 0.8959 -0.4164 0.1548
vn 0.9143 -0.4050 -0.0000
vn 0.8748 -0.4270 0.2289
vn 0.8935 -0.4243 0.1469
vn 0.9881 0.0050 0.1540
vn 1.0000 0.0058 -0.0000
vn 0.9722 -0.0009 0.2340
vn 0.9882 0.0029 0.1529
vn 0.6712 -0.0153 0.7411
vn 0.6778 -0.0201 0.7350
vn 0.6630 -0.0093 0.7486
vn 0.4372 -0.4288 0.7905
vn 0.5941 -0.4093 0.6924
vn 0.5561 -0.4157 0.7197
vn -0.3600 -0.1119 0.9262
vn -0.3516 -0.1937 0.9159
vn -0.3546 -0.1677 0.9199
vn 0.9962 -0.0001 0.0877
vn 0.9960 0.0003 0.0889
vn -0.2956 0.0060 0.9553
vn -0.9239 -0.0000 0.3827
vn -0.9569 -0.0000 0.2903
vn -0.8315 -0.0000 0.5556
vn -0.5556 -0.0000 0.8315
vn -0.3827 -0.0000 0.9239
vn -0.1951 -0.0000 0.9808
vn -0.2315 0.9449 0.2315
vn -0.1819 0.9449 0.2722
vn -0.1253 0.9449 0.3025
vn -0.0639 0.9449 0.3211
vn -0.0000 0.9449 0.3274
vn -0.3147 0.9444 0.0954
vn -0.3025 0.9449 0.1253
vn -0.2722 0.9449 0.1819
vn -0.6140 -0.6744 0.4102
vn -0.6822 -0.6744 0.2826
vn -0.5221 -0.6744 0.5221
vn -0.4102 -0.6744 0.6140
vn -0.4102 -0.6744 0.6139
vn -0.2826 -0.6744 0.6822
vn -0.1440 -0.6744 0.7242
vn -0.1441 -0.6744 0.7242
vn -0.0000 -0.6744 0.7384
vn -0.7081 -0.6726 0.2148
vn -0.2713 0.7053 0.6550
vn -0.3939 0.7053 0.5895
vn -0.1383 0.7053 0.6953
vn -0.0000 0.7053 0.7089
vn -0.6800 0.7036 0.2063
vn -0.6550 0.7053 0.2713
vn -0.5895 0.7053 0.3939
vn -0.5013 0.7053 0.5013
vn -0.3785 -0.7319 0.5665
vn -0.4818 -0.7319 0.4818
vn -0.5665 -0.7319 0.3785
vn -0.6295 -0.7319 0.2607
vn -0.0000 -0.7319 0.6814
vn -0.1329 -0.7320 0.6683
vn -0.2607 -0.7319 0.6295
vn -0.6537 -0.7303 0.1983
vn -0.4886 -0.4759 0.7313
vn -0.6219 -0.4759 0.6219
vn -0.3366 -0.4759 0.8125
vn -0.1716 -0.4759 0.8626
vn -0.0000 -0.4759 0.8795
vn -0.7313 -0.4759 0.4886
vn -0.8125 -0.4759 0.3366
vn -0.8425 -0.4741 0.2556
vn -0.4284 -0.7956 0.4284
vn -0.5038 -0.7956 0.3366
vn -0.5598 -0.7956 0.2319
vn -0.5816 -0.7941 0.1764
vn -0.0000 -0.7956 0.6059
vn -0.1182 -0.7956 0.5942
vn -0.2319 -0.7956 0.5598
vn -0.3366 -0.7956 0.5038
vn 0.9569 -0.0000 0.2903
vn 0.9239 -0.0000 0.3827
vn 0.8315 -0.0000 0.5556
vn 0.5556 -0.0000 0.8315
vn 0.3827 -0.0000 0.9239
vn 0.1951 -0.0000 0.9808
vn 0.2315 0.9449 0.2315
vn 0.1819 0.9449 0.2722
vn 0.1253 0.9449 0.3025
vn 0.0639 0.9449 0.3211
vn 0.3147 0.9444 0.0954
vn 0.3025 0.9449 0.1253
vn 0.2722 0.9449 0.1819
vn 0.6822 -0.6744 0.2826
vn 0.6140 -0.6744 0.4102
vn 0.5221 -0.6744 0.5221
vn 0.4102 -0.6744 0.6140
vn 0.2826 -0.6744 0.6822
vn 0.1441 -0.6744 0.7242
vn 0.1440 -0.6744 0.7242
vn 0.7081 -0.6726 0.2148
vn 0.3939 0.7053 0.5895
vn 0.2713 0.7053 0.6550
vn 0.1383 0.7053 0.6953
vn 0.6800 0.7036 0.2063
vn 0.6550 0.7053 0.2713
vn 0.5895 0.7053 0.3939
vn 0.5013 0.7053 0.5013
vn 0.3785 -0.7319 0.5665
vn 0.4818 -0.7319 0.4818
vn 0.5665 -0.7319 0.3785
vn 0.6295 -0.7319 0.2607
vn 0.1329 -0.7319 0.6683
vn 0.1329 -0.7320 0.6683
vn 0.2607 -0.7319 0.6295
vn 0.6537 -0.7303 0.1983
vn 0.4886 -0.4759 0.7313
vn 0.6219 -0.4759 0.6219
vn 0.3366 -0.4759 0.8125
vn 0.1716 -0.4759 0.8626
vn 0.8125 -0.4759 0.3366
vn 0.7313 -0.4759 0.4886
vn 0.8425 -0.4741 0.2556
vn 0.5038 -0.7956 0.3366
vn 0.4284 -0.7956 0.4284
vn 0.5598 -0.7956 0.2319
vn 0.5816 -0.7941 0.1764
vn 0.1182 -0.7956 0.5942
vn 0.2319 -0.7956 0.5598
vn 0.3366 -0.7956 0.5038
vn -0.9569 -0.0000 -0.2903
vn -0.9239 -0.0000 -0.3827
vn -0.8315 -0.0000 -0.5556
vn -0.5556 -0.0000 -0.8315
vn -0.3827 -0.0000 -0.9239
vn -0.1951 -0.0000 -0.9808
vn -0.2315 0.9449 -0.2315
vn -0.1819 0.9449 -0.2722
vn -0.1253 0.9449 -0.3025
vn -0.0639 0.9449 -0.3211
vn -0.0000 0.9449 -0.3274
vn -0.3147 0.9444 -0.0954
vn -0.3025 0.9449 -0.1253
vn -0.2722 0.9449 -0.1819
vn -0.6822 -0.6744 -0.2826
vn -0.6140 -0.6744 -0.4102
vn -0.5221 -0.6744 -0.5221
vn -0.4102 -0.6744 -0.6139
vn -0.4102 -0.6744 -0.6140
vn -0.2826 -0.6744 -0.6822
vn -0.1441 -0.6744 -0.7242
vn -0.1440 -0.6744 -0.7242
vn -0.0000 -0.6744 -0.7384
vn -0.7081 -0.6726 -0.2148
vn -0.3939 0.7053 -0.5895
vn -0.2713 0.7053 -0.6550
vn -0.1383 0.7053 -0.6953
vn -0.0000 0.7053 -0.7089
vn -0.6800 0.7036 -0.2063
vn -0.6550 0.7053 -0.2713
vn -0.5895 0.7053 -0.3939
vn -0.5013 0.7053 -0.5013
vn -0.3785 -0.7319 -0.5665
vn -0.4818 -0.7319 -0.4818
vn -0.5665 -0.7319 -0.3785
vn -0.6295 -0.7319 -0.2607
vn -0.1329 -0.7320 -0.6683
vn -0.0000 -0.7319 -0.6814
vn -0.2607 -0.7319 -0.6295
vn -0.6537 -0.7303 -0.1983
vn -0.4886 -0.4759 -0.7313
vn -0.6219 -0.4759 -0.6219
vn -0.3366 -0.4759 -0.8125
vn -0.1716 -0.4759 -0.8626
vn -0.0000 -0.4759 -0.8795
vn -0.8125 -0.4759 -0.3366
vn -0.7313 -0.4759 -0.4886
vn -0.8425 -0.4741 -0.2556
vn -0.5038 -0.7956 -0.3366
vn -0.4284 -0.7956 -0.4284
vn -0.5598 -0.7956 -0.2319
vn -0.5816 -0.7941 -0.1764
vn -0.1182 -0.7956 -0.5942
vn -0.0000 -0.7956 -0.6059
vn -0.2319 -0.7956 -0.5598
vn -0.3366 -0.7956 -0.5038
vn 0.9239 -0.0000 -0.3827
vn 0.9569 -0.0000 -0.2903
vn 0.8315 -0.0000 -0.5556
vn 0.5556 -0.0000 -0.8315
vn 0.3827 -0.0000 -0.9239
vn 0.1951 -0.0000 -0.9808
vn 0.2315 0.9449 -0.2315
vn 0.1819 0.9449 -0.2722
vn 0.1253 0.9449 -0.3025
vn 0.0639 0.9449 -0.3211
vn 0.3147 0.9444 -0.0954
vn 0.3025 0.9449 -0.1253
vn 0.2722 0.9449 -0.1819
vn 0.6822 -0.6744 -0.2826
vn 0.6139 -0.6744 -0.4102
vn 0.6140 -0.6744 -0.4102
vn 0.5221 -0.6744 -0.5221
vn 0.4102 -0.6744 -0.6140
vn 0.4102 -0.6744 -0.6139
vn 0.2826 -0.6744 -0.6822
vn 0.1441 -0.6744 -0.7242
vn 0.7081 -0.6726 -0.2148
vn 0.2713 0.7053 -0.6550
vn 0.3939 0.7053 -0.5895
vn 0.1383 0.7053 -0.6953
vn 0.6800 0.7036 -0.2063
vn 0.6550 0.7053 -0.2713
vn 0.5895 0.7053 -0.3939
vn 0.5013 0.7053 -0.5013
vn 0.3785 -0.7319 -0.5665
vn 0.4818 -0.7319 -0.4818
vn 0.5665 -0.7319 -0.3785
vn 0.6295 -0.7319 -0.2607
vn 0.1329 -0.7320 -0.6683
vn 0.2607 -0.7320 -0.6295
vn 0.6537 -0.7303 -0.1983
vn 0.4886 -0.4759 -0.7313
vn 0.6219 -0.4759 -0.6219
vn 0.3366 -0.4759 -0.8125
vn 0.1716 -0.4759 -0.8626
vn 0.7313 -0.4759 -0.4886
vn 0.8125 -0.4759 -0.3366
vn 0.8425 -0.4741 -0.2556
vn 0.4284 -0.7956 -0.4284
vn 0.5038 -0.7956 -0.3366
vn 0.5598 -0.7956 -0.2319
vn 0.5816 -0.7941 -0.1764
vn 0.1182 -0.7956 -0.5942
vn 0.2319 -0.7956 -0.5598
vn 0.3366 -0.7956 -0.5038
vn 0.6266 0.7772 0.0581
vn 0.6252 0.7753 0.0896
vn 0.6251 0.7753 0.0897
vn 0.9897 -0.0005 0.1433
vn 0.9898 -0.0000 0.1424
vn 0.9959 -0.0005 0.0903
vn 0.0009 1.0000 -0.0010
vn 0.0010 1.0000 -0.0008
vn 0.0001 1.0000 -0.0031
vn 0.9959 -0.0007 0.0907
vn 1.0000 -0.0007 -0.0000
vn 0.6276 0.7785 -0.0000
vn 0.6267 0.7773 0.0551
vn 0.6266 0.7772 -0.0581
vn 0.6267 0.7773 -0.0551
vn 0.6251 0.7753 -0.0897
vn 0.9959 -0.0005 -0.0903
vn 0.9898 -0.0000 -0.1424
vn 0.9897 -0.0005 -0.1433
vn 0.0009 1.0000 0.0010
vn 0.0001 1.0000 0.0031
vn 0.0010 1.0000 0.0008
vn -0.0009 -0.0007 1.0000
vn -0.0008 -0.0010 1.0000
vn -0.0006 -0.0010 1.0000
vn 0.9959 -0.0007 -0.0907
vn 0.6252 0.7753 -0.0896
vn -0.0009 -0.0008 1.0000
vn -0.0004 -0.0011 1.0000
vn -0.0007 -0.0010 1.0000
vn -0.0003 -0.0013 1.0000
vn -0.0003 -0.0013 -1.0000
vn -0.0007 -0.0010 -1.0000
vn -0.0008 -0.0010 -1.0000
vn -0.0009 -0.0007 -1.0000
vn -0.0006 -0.0010 -1.0000
vn 0.0014 1.0000 -0.0000
vn 0.0581 0.7772 -0.6266
vn 0.0896 0.7753 -0.6252
vn 0.0897 0.7753 -0.6251
vn 0.1433 -0.0005 -0.9897
vn 0.1424 -0.0000 -0.9898
vn 0.0903 -0.0005 -0.9959
vn -0.0010 1.0000 -0.0009
vn -0.0008 1.0000 -0.0010
vn -0.0031 1.0000 -0.0001
vn 0.0907 -0.0007 -0.9959
vn -0.0000 -0.0007 -1.0000
vn -0.0000 0.7785 -0.6276
vn 0.0551 0.7773 -0.6267
vn -0.0581 0.7772 -0.6266
vn -0.0551 0.7773 -0.6267
vn -0.0897 0.7753 -0.6251
vn -0.0903 -0.0005 -0.9959
vn -0.1424 -0.0000 -0.9898
vn -0.1433 -0.0005 -0.9897
vn 0.0010 1.0000 -0.0009
vn 0.0031 1.0000 -0.0001
vn 0.0008 1.0000 -0.0010
vn 1.0000 -0.0007 0.0009
vn 1.0000 -0.0012 0.0007
vn 1.0000 -0.0011 0.0005
vn -0.0907 -0.0007 -0.9959
vn -0.0896 0.7753 -0.6252
vn 1.0000 -0.0008 0.0009
vn 1.0000 -0.0010 0.0007
vn 1.0000 -0.0013 0.0003
vn -1.0000 -0.0013 0.0003
vn -1.0000 -0.0011 0.0005
vn -1.0000 -0.0010 0.0007
vn -1.0000 -0.0008 0.0009
vn -1.0000 -0.0010 0.0008
vn -1.0000 -0.0007 0.0009
vn -1.0000 -0.0010 0.0006
vn -0.0000 1.0000 -0.0014
vn -0.6266 0.7772 -0.0581
vn -0.6252 0.7753 -0.0896
vn -0.6251 0.7753 -0.0897
vn -0.9897 -0.0005 -0.1433
vn -0.9898 -0.0000 -0.1424
vn -0.9959 -0.0005 -0.0903
vn -0.0009 1.0000 0.0010
vn -0.0010 1.0000 0.0008
vn -0.0001 1.0000 0.0031
vn -0.9959 -0.0007 -0.0907
vn -1.0000 -0.0007 -0.0000
vn -0.6276 0.7785 -0.0000
vn -0.6267 0.7773 -0.0551
vn -0.6266 0.7772 0.0581
vn -0.6267 0.7773 0.0551
vn -0.6251 0.7753 0.0897
vn -0.9959 -0.0005 0.0903
vn -0.9898 -0.0000 0.1424
vn -0.9897 -0.0005 0.1433
vn -0.0009 1.0000 -0.0010
vn -0.0001 1.0000 -0.0031
vn -0.0010 1.0000 -0.0008
vn 0.0009 -0.0007 -1.0000
vn 0.0008 -0.0010 -1.0000
vn 0.0006 -0.0010 -1.0000
vn -0.9959 -0.0007 0.0907
vn -0.6252 0.7753 0.0896
vn 0.0009 -0.0008 -1.0000
vn 0.0004 -0.0011 -1.0000
vn 0.0007 -0.0010 -1.0000
vn 0.0003 -0.0013 -1.0000
vn 0.0003 -0.0013 1.0000
vn 0.0007 -0.0010 1.0000
vn 0.0008 -0.0010 1.0000
vn 0.0009 -0.0007 1.0000
vn 0.0006 -0.0010 1.0000
vn -0.0014 1.0000 -0.0000
vn -0.0581 0.7772 0.6266
vn -0.0896 0.7753 0.6252
vn -0.0897 0.7753 0.6251
vn -0.1433 -0.0005 0.9897
vn -0.1424 -0.0000 0.9898
vn -0.0903 -0.0005 0.9959
vn 0.0010 1.0000 0.0009
vn 0.0008 1.0000 0.0010
vn 0.0031 1.0000 0.0001
vn -0.0907 -0.0007 0.9959
vn -0.0000 -0.0007 1.0000
vn -0.0000 0.7785 0.6276
vn -0.0551 0.7773 0.6267
vn 0.0581 0.7772 0.6266
vn 0.0551 0.7773 0.6267
vn 0.0897 0.7753 0.6251
vn 0.0903 -0.0005 0.9959
vn 0.1424 -0.0000 0.9898
vn 0.1433 -0.0005 0.9897
vn -0.0010 1.0000 0.0009
vn -0.0031 1.0000 0.0001
vn -0.0008 1.0000 0.0010
vn -1.0000 -0.0007 -0.0009
vn -1.0000 -0.0012 -0.0007
vn -1.0000 -0.0011 -0.0005
vn 0.0907 -0.0007 0.9959
vn 0.0896 0.7753 0.6252
vn -1.0000 -0.0008 -0.0009
vn -1.0000 -0.0010 -0.0007
vn -1.0000 -0.0013 -0.0003
vn 1.0000 -0.0013 -0.0003
vn 1.0000 -0.0011 -0.0005
vn 1.0000 -0.0010 -0.0007
vn 1.0000 -0.0008 -0.0009
vn 1.0000 -0.0010 -0.0008
vn 1.0000 -0.0007 -0.0009
vn 1.0000 -0.0010 -0.0006
vn -0.0000 1.0000 0.0014
vn -0.5638 0.7020 0.4352
vn -0.7916 -0.0000 0.6110
vn -0.7591 -0.0000 0.6510
vn -0.0078 1.0000 0.0060
vn -0.5414 0.7008 0.4645
vn 0.5560 0.7118 -0.4293
vn -0.0094 0.9999 0.0083
vn 0.7915 -0.0000 -0.6112
vn 0.5318 0.7134 -0.4563
vn 0.7588 -0.0000 -0.6513
vn 0.5318 -0.7134 -0.4563
vn 0.5560 -0.7118 -0.4293
vn -0.0094 -0.9999 0.0083
vn -0.0078 -1.0000 0.0060
vn -0.5414 -0.7008 0.4645
vn -0.5638 -0.7020 0.4352
vn -0.6924 -0.0000 0.7215
vn -0.4992 0.6991 0.5118
vn -0.0261 0.9997 -0.0022
vn 0.4575 0.7152 -0.5283
vn 0.6612 -0.0000 -0.7502
vn 0.4575 -0.7152 -0.5283
vn -0.0261 -0.9997 -0.0022
vn -0.4992 -0.6991 0.5118
vn -0.5808 -0.0000 0.8140
vn -0.4148 0.7002 0.5811
vn -0.0087 0.9999 0.0113
vn 0.4056 0.7145 -0.5701
vn 0.5799 -0.0000 -0.8147
vn 0.4056 -0.7145 -0.5701
vn -0.0087 -0.9999 0.0113
vn -0.4148 -0.7002 0.5811
vn -0.4547 -0.0000 0.8906
vn -0.3202 0.6989 0.6395
vn 0.0099 0.9997 0.0241
vn 0.3483 0.7155 -0.6056
vn 0.4912 -0.0000 -0.8710
vn 0.3483 -0.7155 -0.6056
vn 0.0099 -0.9997 0.0241
vn -0.3202 -0.6989 0.6395
vn -0.3602 -0.0000 0.9329
vn -0.2572 0.7004 0.6658
vn -0.0050 0.9999 0.0126
vn 0.2524 0.7139 -0.6531
vn 0.3606 -0.0000 -0.9327
vn 0.2524 -0.7139 -0.6531
vn -0.0050 -0.9999 0.0126
vn -0.2572 -0.7004 0.6658
vn -0.3079 -0.0000 0.9514
vn -0.2193 0.7020 0.6776
vn -0.0030 1.0000 0.0092
vn 0.2164 0.7116 -0.6684
vn 0.3080 -0.0000 -0.9514
vn 0.2164 -0.7116 -0.6684
vn -0.0030 -1.0000 0.0092
vn -0.2193 -0.7020 0.6776
vn 0.8748 0.1943 0.4437
vn 0.8736 0.1986 0.4443
vn 0.9304 0.2622 0.2560
vn 0.9304 -0.2622 0.2560
vn 0.8736 -0.1986 0.4443
vn 0.8749 -0.1943 0.4437
vn 0.9806 0.1712 0.0956
vn 0.9806 0.1731 0.0923
vn 0.9995 -0.0000 0.0310
vn 0.8491 -0.0000 0.5282
vn 0.8479 -0.0000 0.5302
vn 0.9806 -0.1731 0.0923
vn 0.9806 -0.1712 0.0956
vn 0.9311 0.2570 0.2587
vn 0.9311 -0.2570 0.2587
vn -0.4396 0.1512 -0.8854
vn -0.5598 0.2288 -0.7964
vn -0.5626 0.2243 -0.7957
vn -0.7595 -0.0000 -0.6505
vn -0.7608 -0.0000 -0.6490
vn -0.6979 -0.1731 -0.6950
vn -0.5626 -0.2243 -0.7957
vn -0.5598 -0.2288 -0.7964
vn -0.4396 -0.1512 -0.8854
vn -0.3946 -0.0000 -0.9188
vn -0.4425 0.1499 -0.8842
vn -0.6980 -0.1689 -0.6959
vn -0.6979 0.1731 -0.6950
vn -0.6980 0.1689 -0.6959
vn -0.4425 -0.1499 -0.8842
vn -0.6519 0.6997 0.2923
vn -0.9166 -0.0000 0.3998
vn -0.9164 -0.0000 0.4002
vn -0.0026 0.9996 0.0291
vn -0.6506 0.7008 0.2926
vn 0.6593 0.7130 -0.2386
vn -0.0000 0.9996 0.0293
vn 0.9366 -0.0000 -0.3505
vn 0.6608 0.7118 -0.2382
vn 0.9368 -0.0000 -0.3499
vn 0.6608 -0.7118 -0.2382
vn 0.6593 -0.7130 -0.2386
vn -0.0001 -0.9996 0.0293
vn -0.0026 -0.9996 0.0291
vn -0.6506 -0.7008 0.2926
vn -0.6519 -0.6997 0.2923
vn 0.0097 0.3855 0.9227
vn 0.0067 0.3898 0.9209
vn 0.3639 0.5242 0.7699
vn 0.3639 -0.5242 0.7699
vn 0.0067 -0.3898 0.9209
vn 0.0097 -0.3855 0.9227
vn 0.6852 0.3491 0.6392
vn 0.6871 0.3521 0.6355
vn 0.8114 -0.0000 0.5845
vn -0.1483 -0.0000 0.9889
vn -0.1515 -0.0000 0.9885
vn 0.6871 -0.3521 0.6355
vn 0.6852 -0.3491 0.6392
vn 0.3643 0.5180 0.7739
vn 0.3643 -0.5179 0.7739
vn -0.6396 0.6985 0.3210
vn -0.8938 -0.0000 0.4486
vn -0.8630 -0.0000 0.5052
vn -0.0143 0.9999 0.0071
vn -0.6169 0.6993 0.3611
vn 0.6254 0.7144 -0.3139
vn -0.0135 0.9999 0.0079
vn 0.8937 0.0001 -0.4486
vn 0.6033 0.7150 -0.3532
vn 0.8937 -0.0000 -0.4486
vn 0.8629 -0.0000 -0.5053
vn 0.6033 -0.7150 -0.3532
vn 0.6254 -0.7144 -0.3139
vn -0.0135 -0.9999 0.0079
vn -0.0143 -0.9999 0.0071
vn -0.6169 -0.6993 0.3611
vn -0.6396 -0.6985 0.3210
vn -0.8287 -0.0000 0.5598
vn -0.5928 0.6987 0.4005
vn -0.0129 0.9999 0.0087
vn 0.5800 0.7142 -0.3918
vn 0.8286 -0.0000 -0.5598
vn 0.5800 -0.7142 -0.3918
vn -0.0129 -0.9999 0.0087
vn -0.5928 -0.6987 0.4005
vn 0.5638 0.7020 0.4352
vn 0.5414 0.7008 0.4645
vn 0.7591 -0.0000 0.6510
vn 0.0078 1.0000 0.0060
vn 0.0094 0.9999 0.0083
vn -0.5560 0.7118 -0.4293
vn -0.5318 0.7134 -0.4563
vn -0.7915 -0.0000 -0.6112
vn -0.7588 -0.0000 -0.6513
vn -0.5318 -0.7134 -0.4563
vn 0.0094 -0.9999 0.0083
vn -0.5560 -0.7118 -0.4293
vn 0.5414 -0.7008 0.4645
vn 0.0078 -1.0000 0.0060
vn 0.5638 -0.7020 0.4352
vn 0.4992 0.6991 0.5118
vn 0.6924 -0.0000 0.7215
vn 0.0261 0.9997 -0.0022
vn -0.4575 0.7152 -0.5283
vn -0.6612 -0.0000 -0.7502
vn -0.4575 -0.7152 -0.5283
vn 0.0261 -0.9997 -0.0022
vn 0.4992 -0.6991 0.5118
vn 0.4148 0.7002 0.5811
vn 0.5808 -0.0000 0.8140
vn 0.0087 0.9999 0.0113
vn -0.4056 0.7145 -0.5701
vn -0.5799 -0.0000 -0.8147
vn -0.4056 -0.7145 -0.5701
vn 0.0087 -0.9999 0.0113
vn 0.4148 -0.7002 0.5811
vn 0.3202 0.6989 0.6395
vn 0.4547 -0.0000 0.8906
vn -0.0099 0.9997 0.0241
vn -0.3483 0.7155 -0.6056
vn -0.4912 -0.0000 -0.8710
vn -0.3483 -0.7155 -0.6056
vn -0.0099 -0.9997 0.0241
vn 0.3202 -0.6989 0.6395
vn 0.2572 0.7004 0.6658
vn 0.3602 -0.0000 0.9329
vn 0.0050 0.9999 0.0126
vn -0.2524 0.7139 -0.6531
vn -0.3606 -0.0000 -0.9327
vn -0.2524 -0.7139 -0.6531
vn 0.0050 -0.9999 0.0126
vn 0.2572 -0.7004 0.6658
vn 0.2193 0.7020 0.6776
vn 0.3079 -0.0000 0.9514
vn 0.0030 1.0000 0.0092
vn -0.2164 0.7116 -0.6684
vn -0.3080 -0.0000 -0.9514
vn -0.2164 -0.7116 -0.6684
vn 0.0030 -1.0000 0.0092
vn 0.2193 -0.7020 0.6776
vn -0.8748 0.1943 0.4437
vn -0.9311 0.2570 0.2587
vn -0.9304 0.2622 0.2560
vn -0.8749 -0.1943 0.4437
vn -0.8736 -0.1986 0.4443
vn -0.9304 -0.2622 0.2560
vn -0.9806 0.1712 0.0956
vn -0.9995 -0.0000 0.0331
vn -0.9995 -0.0000 0.0310
vn -0.8491 -0.0000 0.5282
vn -0.8736 0.1986 0.4443
vn -0.9806 -0.1712 0.0956
vn -0.9806 -0.1731 0.0923
vn -0.9806 0.1731 0.0923
vn -0.9311 -0.2570 0.2587
vn -0.8479 -0.0000 0.5302
vn 0.5626 0.2243 -0.7957
vn 0.5598 0.2288 -0.7964
vn 0.4396 0.1512 -0.8854
vn 0.7595 -0.0000 -0.6505
vn 0.6980 -0.1689 -0.6959
vn 0.6979 -0.1731 -0.6950
vn 0.5626 -0.2243 -0.7957
vn 0.4425 -0.1499 -0.8842
vn 0.4396 -0.1512 -0.8854
vn 0.4425 0.1499 -0.8842
vn 0.3946 -0.0000 -0.9188
vn 0.5598 -0.2288 -0.7964
vn 0.7608 -0.0000 -0.6490
vn 0.6979 0.1731 -0.6950
vn 0.6980 0.1689 -0.6959
vn 0.3963 -0.0000 -0.9181
vn 0.6519 0.6997 0.2923
vn 0.6506 0.7008 0.2926
vn 0.9164 -0.0000 0.4002
vn 0.0026 0.9996 0.0291
vn -0.6593 0.7130 -0.2386
vn -0.6608 0.7118 -0.2382
vn -0.9366 -0.0000 -0.3505
vn -0.9368 -0.0000 -0.3499
vn -0.6608 -0.7118 -0.2382
vn 0.0001 -0.9996 0.0293
vn -0.6593 -0.7130 -0.2386
vn 0.6506 -0.7008 0.2926
vn 0.0026 -0.9996 0.0291
vn 0.6519 -0.6997 0.2923
vn -0.0097 0.3855 0.9227
vn -0.3643 0.5180 0.7739
vn -0.3639 0.5242 0.7699
vn -0.0097 -0.3855 0.9227
vn -0.0067 -0.3898 0.9209
vn -0.3639 -0.5242 0.7699
vn -0.6852 0.3491 0.6392
vn -0.8097 -0.0000 0.5868
vn -0.8114 -0.0000 0.5845
vn 0.1483 -0.0000 0.9889
vn -0.0067 0.3898 0.9209
vn -0.6852 -0.3491 0.6392
vn -0.6871 -0.3521 0.6355
vn -0.6871 0.3521 0.6355
vn -0.3643 -0.5179 0.7739
vn 0.1515 -0.0000 0.9885
vn 0.6396 0.6985 0.3210
vn 0.6169 0.6993 0.3611
vn 0.8630 -0.0000 0.5052
vn 0.0143 0.9999 0.0071
vn 0.0135 0.9999 0.0079
vn -0.6254 0.7144 -0.3139
vn -0.6033 0.7150 -0.3532
vn -0.8937 0.0001 -0.4486
vn -0.8629 -0.0000 -0.5053
vn -0.6033 -0.7150 -0.3532
vn -0.8937 -0.0000 -0.4486
vn 0.0135 -0.9999 0.0079
vn -0.6254 -0.7144 -0.3139
vn 0.6169 -0.6993 0.3611
vn 0.0143 -0.9999 0.0071
vn 0.6396 -0.6985 0.3210
vn 0.5928 0.6987 0.4005
vn 0.8287 -0.0000 0.5598
vn 0.0129 0.9999 0.0087
vn -0.5800 0.7142 -0.3918
vn -0.8286 -0.0000 -0.5598
vn -0.5800 -0.7142 -0.3918
vn 0.0129 -0.9999 0.0087
vn 0.5928 -0.6987 0.4005
vn 0.0958 0.6990 0.7086
vn 0.1340 -0.0000 0.9910
vn 0.2003 -0.0000 0.9797
vn 0.0022 0.9999 0.0162
vn 0.1433 0.6983 0.7013
vn -0.0937 0.7154 -0.6924
vn 0.0032 0.9999 0.0159
vn -0.1340 -0.0000 -0.9910
vn -0.1401 0.7145 -0.6854
vn -0.1401 -0.7145 -0.6855
vn -0.0937 -0.7154 -0.6924
vn 0.0032 -0.9999 0.0159
vn 0.0022 -0.9999 0.0162
vn 0.1433 -0.6983 0.7013
vn 0.0958 -0.6990 0.7086
vn -0.0000 0.6990 0.7151
vn -0.0000 0.9999 0.0164
vn -0.0000 0.7154 -0.6987
vn -0.0000 -0.7154 -0.6987
vn -0.0000 -0.9999 0.0164
vn -0.0000 -0.6990 0.7151
vn -0.2003 -0.0000 0.9797
vn -0.1340 -0.0000 0.9910
vn -0.0958 0.6990 0.7086
vn -0.1433 0.6983 0.7013
vn -0.0022 0.9999 0.0162
vn -0.0032 0.9999 0.0159
vn 0.0937 0.7154 -0.6924
vn 0.1401 0.7145 -0.6855
vn 0.1340 0.0001 -0.9910
vn 0.1401 -0.7145 -0.6855
vn 0.2003 -0.0000 -0.9797
vn 0.1340 -0.0000 -0.9910
vn -0.0032 -0.9999 0.0159
vn 0.0937 -0.7154 -0.6924
vn -0.1433 -0.6983 0.7013
vn -0.0022 -0.9999 0.0162
vn -0.0958 -0.6990 0.7086
vn -0.0001 0.9996 0.0293
vn 0.3643 -0.5180 0.7739
vn -0.0142 -0.9999 0.0071
vn -0.8749 0.1943 0.4437
vn 0.0001 0.9996 0.0293
vn -0.3643 -0.5180 0.7739
vn 0.0142 -0.9999 0.0071
vn -0.1401 0.7145 -0.6855
vn -0.5638 0.7020 -0.4352
vn -0.5414 0.7008 -0.4645
vn -0.7591 -0.0000 -0.6510
vn -0.0078 1.0000 -0.0060
vn -0.0094 0.9999 -0.0083
vn 0.5560 0.7118 0.4293
vn 0.5318 0.7134 0.4563
vn 0.7915 -0.0000 0.6112
vn 0.7588 -0.0000 0.6513
vn 0.5318 -0.7134 0.4563
vn -0.0094 -0.9999 -0.0083
vn 0.5560 -0.7118 0.4293
vn -0.5414 -0.7008 -0.4645
vn -0.0078 -1.0000 -0.0060
vn -0.5638 -0.7020 -0.4352
vn -0.4992 0.6991 -0.5118
vn -0.6924 -0.0000 -0.7215
vn -0.0261 0.9997 0.0022
vn 0.4575 0.7152 0.5283
vn 0.6612 -0.0000 0.7502
vn 0.4575 -0.7152 0.5283
vn -0.0261 -0.9997 0.0022
vn -0.4992 -0.6991 -0.5118
vn -0.4148 0.7002 -0.5811
vn -0.5808 -0.0000 -0.8140
vn -0.0087 0.9999 -0.0113
vn 0.4056 0.7145 0.5701
vn 0.5799 -0.0000 0.8147
vn 0.4056 -0.7145 0.5701
vn -0.0087 -0.9999 -0.0113
vn -0.4148 -0.7002 -0.5811
vn -0.3202 0.6989 -0.6395
vn -0.4547 -0.0000 -0.8906
vn 0.0099 0.9997 -0.0241
vn 0.3483 0.7155 0.6056
vn 0.4912 -0.0000 0.8710
vn 0.3483 -0.7155 0.6056
vn 0.0099 -0.9997 -0.0241
vn -0.3202 -0.6989 -0.6395
vn -0.2572 0.7004 -0.6658
vn -0.3602 -0.0000 -0.9329
vn -0.0050 0.9999 -0.0126
vn 0.2524 0.7139 0.6531
vn 0.3606 -0.0000 0.9327
vn 0.2524 -0.7139 0.6531
vn -0.0050 -0.9999 -0.0126
vn -0.2572 -0.7004 -0.6658
vn -0.2193 0.7020 -0.6776
vn -0.3079 -0.0000 -0.9514
vn -0.0030 1.0000 -0.0092
vn 0.2164 0.7116 0.6684
vn 0.3080 -0.0000 0.9514
vn 0.2164 -0.7116 0.6684
vn -0.0030 -1.0000 -0.0092
vn -0.2193 -0.7020 -0.6776
vn 0.8748 0.1943 -0.4437
vn 0.9311 0.2570 -0.2587
vn 0.9304 0.2622 -0.2560
vn 0.8749 -0.1943 -0.4437
vn 0.8736 -0.1986 -0.4443
vn 0.9304 -0.2622 -0.2560
vn 0.9806 0.1712 -0.0956
vn 0.9995 -0.0000 -0.0331
vn 0.9995 -0.0000 -0.0310
vn 0.8491 -0.0000 -0.5282
vn 0.8736 0.1986 -0.4443
vn 0.9806 -0.1712 -0.0956
vn 0.9806 -0.1731 -0.0923
vn 0.9806 0.1731 -0.0923
vn 0.9311 -0.2570 -0.2587
vn 0.8479 -0.0000 -0.5302
vn -0.5626 0.2243 0.7957
vn -0.5598 0.2288 0.7964
vn -0.4396 0.1512 0.8854
vn -0.7595 -0.0000 0.6505
vn -0.6980 -0.1689 0.6959
vn -0.6979 -0.1731 0.6950
vn -0.5626 -0.2243 0.7957
vn -0.4425 -0.1499 0.8842
vn -0.4396 -0.1512 0.8854
vn -0.4425 0.1499 0.8842
vn -0.3946 -0.0000 0.9188
vn -0.5598 -0.2288 0.7964
vn -0.7608 -0.0000 0.6490
vn -0.6979 0.1731 0.6950
vn -0.6980 0.1689 0.6959
vn -0.3963 -0.0000 0.9181
vn -0.6519 0.6997 -0.2923
vn -0.6506 0.7008 -0.2926
vn -0.9164 -0.0000 -0.4002
vn -0.0026 0.9996 -0.0291
vn -0.0000 0.9996 -0.0293
vn 0.6593 0.7130 0.2386
vn 0.6608 0.7118 0.2382
vn 0.9366 -0.0000 0.3505
vn 0.9368 -0.0000 0.3499
vn 0.6608 -0.7118 0.2382
vn -0.0001 -0.9996 -0.0293
vn 0.6593 -0.7130 0.2386
vn -0.6506 -0.7008 -0.2926
vn -0.0026 -0.9996 -0.0291
vn -0.6519 -0.6997 -0.2923
vn 0.0097 0.3855 -0.9227
vn 0.3643 0.5180 -0.7739
vn 0.3639 0.5242 -0.7699
vn 0.0097 -0.3855 -0.9227
vn 0.0067 -0.3898 -0.9209
vn 0.3639 -0.5242 -0.7699
vn 0.6852 0.3491 -0.6392
vn 0.8097 -0.0000 -0.5868
vn 0.8114 -0.0000 -0.5845
vn -0.1483 -0.0000 -0.9889
vn 0.0067 0.3898 -0.9209
vn 0.6852 -0.3491 -0.6392
vn 0.6871 -0.3521 -0.6355
vn 0.6871 0.3521 -0.6355
vn 0.3643 -0.5180 -0.7739
vn -0.1515 -0.0000 -0.9885
vn -0.6396 0.6985 -0.3210
vn -0.6169 0.6993 -0.3611
vn -0.8630 -0.0000 -0.5052
vn -0.0143 0.9999 -0.0072
vn -0.0135 0.9999 -0.0079
vn 0.6254 0.7144 0.3139
vn 0.6033 0.7150 0.3532
vn 0.8937 0.0001 0.4486
vn 0.8629 -0.0000 0.5053
vn 0.6033 -0.7150 0.3532
vn 0.8937 -0.0000 0.4486
vn -0.0135 -0.9999 -0.0079
vn 0.6254 -0.7144 0.3139
vn -0.6169 -0.6993 -0.3611
vn -0.0143 -0.9999 -0.0071
vn -0.6396 -0.6985 -0.3210
vn -0.5928 0.6987 -0.4005
vn -0.8287 -0.0000 -0.5598
vn -0.0129 0.9999 -0.0087
vn 0.5800 0.7142 0.3918
vn 0.8286 -0.0000 0.5598
vn 0.5800 -0.7142 0.3918
vn -0.0129 -0.9999 -0.0087
vn -0.5928 -0.6987 -0.4005
vn 0.5638 0.7020 -0.4352
vn 0.7916 -0.0000 -0.6110
vn 0.7591 -0.0000 -0.6510
vn 0.0078 1.0000 -0.0060
vn 0.5414 0.7008 -0.4645
vn -0.5560 0.7118 0.4293
vn 0.0094 0.9999 -0.0083
vn -0.7915 -0.0000 0.6112
vn -0.5318 0.7134 0.4563
vn -0.7588 -0.0000 0.6513
vn -0.5318 -0.7134 0.4563
vn -0.5560 -0.7118 0.4293
vn 0.0094 -0.9999 -0.0083
vn 0.0078 -1.0000 -0.0060
vn 0.5414 -0.7008 -0.4645
vn 0.5638 -0.7020 -0.4352
vn 0.6924 -0.0000 -0.7215
vn 0.4992 0.6991 -0.5118
vn 0.0261 0.9997 0.0022
vn -0.4575 0.7152 0.5283
vn -0.6612 -0.0000 0.7502
vn -0.4575 -0.7152 0.5283
vn 0.0261 -0.9997 0.0022
vn 0.4992 -0.6991 -0.5118
vn 0.5808 -0.0000 -0.8140
vn 0.4148 0.7002 -0.5811
vn 0.0087 0.9999 -0.0113
vn -0.4056 0.7145 0.5701
vn -0.5799 -0.0000 0.8147
vn -0.4056 -0.7145 0.5701
vn 0.0087 -0.9999 -0.0113
vn 0.4148 -0.7002 -0.5811
vn 0.4547 -0.0000 -0.8906
vn 0.3202 0.6989 -0.6395
vn -0.0099 0.9997 -0.0241
vn -0.3483 0.7155 0.6056
vn -0.4912 -0.0000 0.8710
vn -0.3483 -0.7155 0.6056
vn -0.0099 -0.9997 -0.0241
vn 0.3202 -0.6989 -0.6395
vn 0.3602 -0.0000 -0.9329
vn 0.2572 0.7004 -0.6658
vn 0.0050 0.9999 -0.0126
vn -0.2524 0.7139 0.6531
vn -0.3606 -0.0000 0.9327
vn -0.2524 -0.7139 0.6531
vn 0.0050 -0.9999 -0.0126
vn 0.2572 -0.7004 -0.6658
vn 0.3079 -0.0000 -0.9514
vn 0.2193 0.7020 -0.6776
vn 0.0030 1.0000 -0.0092
vn -0.2164 0.7116 0.6684
vn -0.3080 -0.0000 0.9514
vn -0.2164 -0.7116 0.6684
vn 0.0030 -1.0000 -0.0092
vn 0.2193 -0.7020 -0.6776
vn -0.8748 0.1943 -0.4437
vn -0.8736 0.1986 -0.4443
vn -0.9304 0.2622 -0.2560
vn -0.9304 -0.2622 -0.2560
vn -0.8736 -0.1986 -0.4443
vn -0.8749 -0.1943 -0.4437
vn -0.9806 0.1712 -0.0956
vn -0.9806 0.1731 -0.0923
vn -0.9995 -0.0000 -0.0310
vn -0.8491 -0.0000 -0.5282
vn -0.8479 -0.0000 -0.5302
vn -0.9806 -0.1731 -0.0923
vn -0.9806 -0.1712 -0.0956
vn -0.9311 0.2570 -0.2587
vn -0.9311 -0.2570 -0.2587
vn 0.4396 0.1512 0.8854
vn 0.5598 0.2288 0.7964
vn 0.5626 0.2243 0.7957
vn 0.7595 -0.0000 0.6505
vn 0.7608 -0.0000 0.6490
vn 0.6979 -0.1731 0.6950
vn 0.5626 -0.2243 0.7957
vn 0.5598 -0.2288 0.7964
vn 0.4396 -0.1512 0.8854
vn 0.3946 -0.0000 0.9188
vn 0.4425 0.1499 0.8842
vn 0.6980 -0.1689 0.6959
vn 0.6979 0.1731 0.6950
vn 0.6980 0.1689 0.6959
vn 0.4425 -0.1499 0.8842
vn 0.6519 0.6997 -0.2923
vn 0.9166 -0.0000 -0.3998
vn 0.9164 -0.0000 -0.4002
vn 0.0026 0.9996 -0.0291
vn 0.6506 0.7008 -0.2926
vn -0.6593 0.7130 0.2386
vn -0.9366 -0.0000 0.3505
vn -0.6608 0.7118 0.2382
vn -0.9368 -0.0000 0.3499
vn -0.6608 -0.7118 0.2382
vn -0.6593 -0.7130 0.2386
vn 0.0001 -0.9996 -0.0293
vn 0.0026 -0.9996 -0.0291
vn 0.6506 -0.7008 -0.2926
vn 0.6519 -0.6997 -0.2923
vn -0.0097 0.3855 -0.9227
vn -0.0067 0.3898 -0.9209
vn -0.3639 0.5242 -0.7699
vn -0.3639 -0.5242 -0.7699
vn -0.0067 -0.3898 -0.9209
vn -0.0097 -0.3855 -0.9227
vn -0.6852 0.3491 -0.6392
vn -0.6871 0.3521 -0.6355
vn -0.8114 -0.0000 -0.5845
vn 0.1483 -0.0000 -0.9889
vn 0.1515 -0.0000 -0.9885
vn -0.6871 -0.3521 -0.6355
vn -0.6852 -0.3491 -0.6392
vn -0.3643 0.5180 -0.7739
vn -0.3643 -0.5179 -0.7739
vn 0.6396 0.6985 -0.3210
vn 0.8938 -0.0000 -0.4486
vn 0.8630 -0.0000 -0.5052
vn 0.0143 0.9999 -0.0071
vn 0.6169 0.6993 -0.3611
vn -0.6254 0.7144 0.3139
vn 0.0135 0.9999 -0.0079
vn -0.8937 0.0001 0.4486
vn -0.6033 0.7150 0.3532
vn -0.8937 -0.0000 0.4486
vn -0.8629 -0.0000 0.5053
vn -0.6033 -0.7150 0.3532
vn -0.6254 -0.7144 0.3139
vn 0.0135 -0.9999 -0.0079
vn 0.0143 -0.9999 -0.0071
vn 0.6169 -0.6993 -0.3611
vn 0.6396 -0.6985 -0.3210
vn 0.8287 -0.0000 -0.5598
vn 0.5928 0.6987 -0.4005
vn 0.0129 0.9999 -0.0087
vn -0.5800 0.7142 0.3918
vn -0.8286 -0.0000 0.5598
vn -0.5800 -0.7142 0.3918
vn 0.0129 -0.9999 -0.0087
vn 0.5928 -0.6987 -0.4005
vn 0.0958 0.6990 -0.7086
vn 0.1433 0.6983 -0.7013
vn 0.0022 0.9999 -0.0162
vn 0.0032 0.9999 -0.0159
vn -0.0937 0.7154 0.6924
vn -0.1401 0.7145 0.6854
vn -0.1401 -0.7145 0.6855
vn 0.0032 -0.9999 -0.0159
vn -0.0937 -0.7154 0.6924
vn 0.1433 -0.6983 -0.7013
vn 0.0022 -0.9999 -0.0162
vn 0.0958 -0.6990 -0.7086
vn -0.0000 0.6990 -0.7151
vn -0.0000 0.9999 -0.0164
vn -0.0000 0.7154 0.6987
vn -0.0000 -0.7154 0.6987
vn -0.0000 -0.9999 -0.0164
vn -0.0000 -0.6990 -0.7151
vn -0.0958 0.6990 -0.7086
vn -0.2003 -0.0000 -0.9797
vn -0.0022 0.9999 -0.0162
vn -0.1433 0.6983 -0.7013
vn 0.0937 0.7154 0.6924
vn -0.0032 0.9999 -0.0159
vn 0.1401 0.7145 0.6855
vn 0.1401 -0.7145 0.6855
vn 0.0937 -0.7154 0.6924
vn -0.0032 -0.9999 -0.0159
vn -0.0022 -0.9999 -0.0162
vn -0.1433 -0.6983 -0.7013
vn -0.0958 -0.6990 -0.7086
vn 0.8749 0.1943 -0.4437
vn -0.0001 0.9996 -0.0293
vn -0.0142 -0.9999 -0.0071
vn 0.0001 0.9996 -0.0293
vn -0.3643 -0.5180 -0.7739
vn 0.0142 -0.9999 -0.0071
vn -0.1401 0.7145 0.6855
vn -0.7993 0.6009 -0.0000
vn -0.0000 0.5218 -0.8531
vn -0.0000 0.5218 0.8531
vn -0.7993 -0.6009 -0.0000
vn -0.0000 -0.5218 -0.8531
vn -0.0000 -0.5218 0.8531
vn 0.6233 0.3612 -0.6936
vn -0.7985 0.2533 -0.5461
vn -0.7913 0.2335 -0.5651
vn -0.7625 0.6432 0.0698
vn -0.9975 -0.0539 -0.0464
vn -0.7782 -0.6123 -0.1393
vn -0.7968 -0.5727 0.1928
vn -0.9480 -0.1877 0.2569
vn -0.8498 0.1300 0.5109
vn -0.3259 -0.9404 0.0971
vn -0.4851 -0.7987 0.3560
vn 0.2403 -0.3791 0.8936
vn 0.0210 0.1695 0.9853
vn -0.2467 -0.0352 0.9684
vn -0.4337 0.5010 0.7489
vn -0.5599 0.1941 0.8055
vn 0.1009 -0.8413 0.5310
vn -0.1912 -0.7292 0.6570
vn -0.0916 -0.4136 0.9058
vn -0.8547 0.4074 0.3216
vn 0.1781 0.9778 0.1107
vn -0.3112 0.8686 -0.3855
vn -0.6005 0.7897 -0.1256
vn 0.8013 -0.5808 -0.1433
vn 0.9581 -0.0477 0.2825
vn 0.7773 -0.2013 0.5960
vn 0.6040 -0.7852 0.1367
vn 0.0672 -0.9096 -0.4101
vn 0.7075 0.5927 0.3849
vn -0.0695 0.9081 0.4129
vn 0.5041 0.4907 0.7107
vn 0.3054 -0.6967 -0.6491
vn -0.5037 -0.4958 -0.7075
vn -0.4766 0.3330 -0.8136
vn -0.7804 0.2081 -0.5897
vn -0.2212 -0.3154 -0.9228
vn 0.6232 0.3612 -0.6936
vn -0.3477 -0.3212 -0.8809
vn -0.2412 -0.1958 -0.9505
vn -0.7858 0.2092 -0.5821
vn 0.2272 -0.7870 -0.5735
vn 0.3143 -0.6841 -0.6582
vn 0.3031 0.3431 0.8891
vn 0.7521 -0.1931 0.6301
vn 0.7438 -0.1654 0.6477
vn -0.3147 0.6844 0.6577
vn 0.3461 0.4365 0.8305
vn 0.7769 -0.6296 -0.0042
vn 0.7181 -0.6924 0.0703
vn -0.6885 0.7242 0.0375
vn -0.4212 -0.3881 -0.8198
vn -0.9429 0.3027 0.1389
vn -0.5669 0.2699 0.7783
vn -0.4582 0.4863 0.7440
vn -0.8655 0.4864 0.1193
vn 0.4552 -0.4853 -0.7465
vn 0.2089 0.2127 0.9545
vn 0.7581 -0.1802 0.6268
vn 0.8768 -0.4753 -0.0728
vn -0.6291 0.0164 0.7771
vn 0.0820 -0.0625 0.9947
vn 0.1293 0.0895 0.9876
vn -0.1864 -0.0802 -0.9792
vn -0.7952 0.1609 -0.5846
vn 0.5504 -0.2752 -0.7882
vn 0.7559 -0.1383 0.6399
vn 0.9506 -0.2960 -0.0934
vn 0.6259 -0.0266 -0.7795
vn 0.6476 0.2032 -0.7344
vn -0.1013 0.2391 -0.9657
vn 0.9933 -0.0909 -0.0717
vn 0.7476 -0.1045 0.6559
vn -0.9878 0.0893 0.1274
vn -0.1292 0.0587 -0.9899
vn -0.7913 0.1093 -0.6016
vn -0.9893 -0.0824 0.1200
vn -0.5996 -0.3615 0.7140
vn -0.6340 -0.2090 0.7446
vn 0.0830 -0.2434 0.9664
vn 0.7469 -0.1420 0.6496
vn 0.9982 0.0411 -0.0425
vn 0.9983 0.0411 -0.0425
vn -0.9932 -0.0559 0.1019
vn -0.7833 0.1303 -0.6078
vn -0.1081 0.4278 -0.8974
vn -0.7934 0.2463 -0.5566
vn 0.6378 0.3472 -0.6875
vn 0.1319 -0.4338 0.8913
vn 0.7742 -0.2646 0.5750
vn 0.9966 0.0530 -0.0626
vn 0.7575 -0.4995 0.4203
vn 0.9839 -0.0970 -0.1502
vn -0.9772 0.0432 0.2077
vn -0.5892 -0.4195 0.6906
vn -0.0676 0.6292 -0.7743
vn -0.7661 0.4910 -0.4147
vn 0.6560 0.3768 -0.6540
vn 0.1318 -0.6326 0.7632
vn 0.0508 -0.8017 0.5956
vn 0.6609 -0.7217 0.2059
vn -0.6081 -0.4342 0.6646
vn 0.9199 -0.2501 -0.3020
vn 0.6557 0.3817 -0.6514
vn -0.9168 0.1966 0.3476
vn 0.0001 0.7923 -0.6102
vn -0.6655 0.7220 -0.1895
vn -0.6128 0.7902 0.0077
vn -0.8789 0.2025 0.4318
vn -0.9207 0.1894 0.3414
vn -0.7298 -0.5268 0.4358
vn 0.6498 0.4649 -0.6013
vn 0.0267 0.9045 -0.4256
vn -0.0264 -0.9041 0.4265
vn 0.5829 -0.8123 0.0216
vn -0.6329 -0.4908 0.5988
vn 0.8754 -0.2626 -0.4059
vn 0.9161 -0.2354 -0.3245
vn 0.9570 -0.2559 -0.1365
vn 0.8228 0.5300 -0.2053
vn 0.0943 0.9581 -0.2705
vn -0.5886 0.8067 0.0530
vn 0.7274 0.5317 -0.4338
vn -0.1271 -0.9493 0.2877
vn 0.5453 -0.8380 -0.0204
vn 0.9161 -0.2355 -0.3245
vn -0.2545 -0.9671 0.0037
vn 0.4907 -0.8704 0.0397
vn 0.5041 -0.8636 0.0097
vn -0.9691 0.2019 0.1421
vn -0.8285 -0.5221 0.2026
vn 0.1792 0.9724 -0.1491
vn -0.5655 0.8247 -0.0027
vn -0.2271 -0.9625 0.1481
vn 0.1817 0.9762 0.1184
vn -0.5434 0.8335 -0.1002
vn -0.5409 0.8402 -0.0395
vn -0.8551 -0.5175 -0.0305
vn 0.9630 -0.2642 0.0526
vn 0.8525 0.5218 0.0311
vn -0.9751 0.2166 -0.0470
vn 0.2209 0.9753 -0.0075
vn -0.8516 0.2168 -0.4773
vn -0.7019 -0.5089 -0.4984
vn -0.8154 -0.5128 -0.2688
vn -0.9424 0.2163 -0.2551
vn 0.8038 0.5300 0.2702
vn -0.2332 -0.9631 -0.1346
vn 0.4843 -0.8713 0.0793
vn 0.9314 -0.2613 0.2536
vn 0.9313 -0.2614 0.2536
vn -0.5606 -0.4926 -0.6656
vn -0.1088 -0.9547 -0.2769
vn 0.1147 0.9696 0.2159
vn -0.5252 0.8302 -0.1872
vn 0.6911 0.5288 0.4927
vn -0.1576 -0.9581 -0.2392
vn 0.4790 -0.8638 0.1564
vn 0.8468 -0.2529 0.4679
vn 0.5418 0.5318 0.6509
vn 0.3384 0.5335 0.7752
vn 0.0212 0.9744 0.2240
vn 0.6942 -0.2503 0.6749
vn 0.4093 -0.8696 0.2761
vn -0.6962 0.2331 -0.6789
vn 0.0630 0.9706 0.2323
vn -0.4456 0.8379 -0.3152
vn -0.2606 0.2261 -0.9386
vn -0.1909 -0.5125 -0.8372
vn -0.3619 -0.4979 -0.7882
vn -0.0485 -0.9586 -0.2806
vn 0.2895 -0.8710 0.3968
vn 0.4534 -0.2550 0.8540
vn 0.4534 -0.2551 0.8540
vn -0.4680 0.2316 -0.8528
vn -0.3121 0.8384 -0.4468
vn 0.2002 -0.8534 0.4812
vn 0.1525 -0.8684 0.4718
vn 0.2525 -0.2371 0.9381
vn -0.0020 0.9742 0.2258
vn -0.1883 0.8403 -0.5084
vn 0.2024 0.5330 0.8216
vn -0.0053 -0.9686 -0.2485
vn 0.2965 -0.2358 0.9255
vn -0.1809 0.2224 -0.9580
vn -0.1397 -0.4952 -0.8575
vn 0.0001 0.9826 0.1858
vn -0.1311 0.8276 -0.5458
vn 0.1681 0.5558 0.8142
vn -0.0137 -0.9608 -0.2768
vn 0.2525 -0.2370 0.9381
vn -0.0000 0.5000 -0.8660
vn -0.0000 0.8660 -0.5000
vn -0.0000 1.0000 -0.0000
vn -0.0000 0.8660 0.5000
vn -0.0000 0.5000 0.8660
vn -0.0000 -0.5000 0.8660
vn -0.0000 -0.8660 0.5000
vn -0.0000 -1.0000 0.0001
vn -0.0000 -1.0000 -0.0001
vn -0.0000 -0.8660 -0.5000
vn -0.0000 -0.5000 -0.8660
vn 0.7993 0.6009 -0.0000
vn 0.7993 -0.6009 -0.0000
vn -0.6232 0.3612 -0.6936
vn 0.7985 0.2533 -0.5461
vn 0.6885 0.7242 0.0375
vn 0.7625 0.6432 0.0698
vn 0.9975 -0.0539 -0.0464
vn 0.9480 -0.1877 0.2569
vn 0.7968 -0.5727 0.1928
vn 0.8498 0.1300 0.5109
vn 0.7782 -0.6123 -0.1393
vn 0.4851 -0.7987 0.3560
vn -0.2403 -0.3791 0.8936
vn 0.0916 -0.4136 0.9058
vn 0.2467 -0.0352 0.9684
vn 0.5599 0.1941 0.8055
vn 0.4337 0.5010 0.7489
vn 0.3259 -0.9404 0.0971
vn 0.1912 -0.7292 0.6570
vn 0.8547 0.4074 0.3216
vn -0.1781 0.9778 0.1108
vn 0.0695 0.9081 0.4129
vn 0.6005 0.7897 -0.1256
vn -0.8013 -0.5808 -0.1433
vn -0.6040 -0.7851 0.1367
vn -0.7773 -0.2013 0.5960
vn -0.0672 -0.9096 -0.4101
vn -0.6040 -0.7852 0.1367
vn -0.7075 0.5927 0.3849
vn -0.5041 0.4907 0.7107
vn 0.5037 -0.4958 -0.7075
vn -0.3054 -0.6967 -0.6491
vn 0.7804 0.2081 -0.5897
vn 0.4766 0.3330 -0.8136
vn 0.2212 -0.3154 -0.9228
vn -0.1009 -0.8413 0.5310
vn -0.0210 0.1695 0.9853
vn -0.6233 0.3612 -0.6936
vn 0.3477 -0.3212 -0.8809
vn 0.7913 0.2335 -0.5651
vn 0.7858 0.2092 -0.5821
vn -0.2272 -0.7870 -0.5735
vn 0.4212 -0.3881 -0.8198
vn -0.7438 -0.1654 0.6477
vn -0.7521 -0.1931 0.6301
vn -0.3031 0.3431 0.8891
vn -0.3461 0.4365 0.8305
vn 0.3147 0.6844 0.6577
vn -0.3143 -0.6841 -0.6582
vn -0.7769 -0.6296 -0.0044
vn -0.7181 -0.6924 0.0704
vn -0.7769 -0.6296 -0.0043
vn 0.2257 0.7847 0.5773
vn 0.4582 0.4863 0.7440
vn 0.5669 0.2699 0.7783
vn 0.9429 0.3027 0.1389
vn 0.8655 0.4864 0.1193
vn 0.2412 -0.1958 -0.9505
vn -0.7581 -0.1802 0.6268
vn -0.2089 0.2127 0.9545
vn -0.4552 -0.4853 -0.7465
vn -0.8768 -0.4753 -0.0728
vn -0.1293 0.0895 0.9876
vn -0.0820 -0.0625 0.9947
vn 0.6291 0.0164 0.7771
vn 0.7952 0.1609 -0.5846
vn 0.1864 -0.0802 -0.9792
vn -0.7559 -0.1383 0.6399
vn -0.5504 -0.2752 -0.7882
vn -0.9506 -0.2960 -0.0934
vn -0.6259 -0.0266 -0.7795
vn 0.1292 0.0587 -0.9899
vn 0.1013 0.2391 -0.9657
vn -0.9933 -0.0909 -0.0717
vn 0.9878 0.0893 0.1274
vn 0.7913 0.1093 -0.6016
vn -0.7476 -0.1045 0.6559
vn 0.6340 -0.2090 0.7446
vn 0.5996 -0.3615 0.7140
vn 0.9893 -0.0824 0.1200
vn -0.7469 -0.1420 0.6496
vn -0.0830 -0.2434 0.9664
vn -0.6476 0.2032 -0.7344
vn -0.9983 0.0411 -0.0425
vn 0.9932 -0.0559 0.1019
vn 0.7833 0.1303 -0.6078
vn 0.7934 0.2463 -0.5566
vn 0.1081 0.4278 -0.8974
vn -0.7742 -0.2646 0.5750
vn -0.1319 -0.4338 0.8913
vn -0.9982 0.0411 -0.0425
vn -0.6378 0.3472 -0.6875
vn -0.9966 0.0530 -0.0626
vn -0.9839 -0.0970 -0.1502
vn 0.5892 -0.4195 0.6906
vn 0.9772 0.0432 0.2077
vn 0.7661 0.4910 -0.4147
vn 0.0676 0.6292 -0.7743
vn -0.7575 -0.4995 0.4203
vn -0.1318 -0.6326 0.7632
vn -0.6560 0.3768 -0.6540
vn -0.6609 -0.7217 0.2059
vn -0.0508 -0.8017 0.5956
vn -0.6557 0.3817 -0.6514
vn -0.9199 -0.2501 -0.3020
vn 0.6081 -0.4342 0.6646
vn 0.6655 0.7220 -0.1895
vn 0.9168 0.1966 0.3476
vn -0.0001 0.7923 -0.6102
vn 0.8789 0.2025 0.4318
vn 0.6128 0.7902 0.0077
vn 0.6329 -0.4908 0.5988
vn 0.7298 -0.5268 0.4358
vn -0.0267 0.9045 -0.4256
vn -0.6498 0.4649 -0.6013
vn -0.5829 -0.8123 0.0216
vn 0.0264 -0.9041 0.4265
vn -0.8754 -0.2626 -0.4059
vn -0.9161 -0.2354 -0.3245
vn -0.7274 0.5317 -0.4338
vn -0.8228 0.5300 -0.2053
vn 0.5886 0.8067 0.0530
vn -0.0943 0.9581 -0.2705
vn 0.9207 0.1894 0.3414
vn -0.5453 -0.8380 -0.0204
vn 0.1271 -0.9493 0.2877
vn -0.5041 -0.8636 0.0097
vn -0.4907 -0.8704 0.0397
vn 0.2545 -0.9671 0.0037
vn -0.9570 -0.2559 -0.1365
vn 0.8285 -0.5221 0.2026
vn 0.5655 0.8247 -0.0027
vn 0.9691 0.2019 0.1421
vn -0.1792 0.9724 -0.1491
vn 0.2271 -0.9625 0.1481
vn 0.5409 0.8402 -0.0395
vn 0.5434 0.8335 -0.1002
vn -0.1817 0.9762 0.1184
vn 0.8551 -0.5175 -0.0305
vn -0.8525 0.5218 0.0311
vn -0.9630 -0.2642 0.0526
vn 0.9751 0.2166 -0.0470
vn -0.2209 0.9753 -0.0075
vn 0.8154 -0.5128 -0.2688
vn 0.7019 -0.5089 -0.4984
vn 0.8516 0.2168 -0.4773
vn 0.9424 0.2163 -0.2551
vn -0.4843 -0.8713 0.0793
vn 0.2332 -0.9631 -0.1346
vn -0.8038 0.5300 0.2702
vn -0.9313 -0.2614 0.2536
vn 0.1576 -0.9581 -0.2392
vn 0.1088 -0.9547 -0.2769
vn 0.5252 0.8302 -0.1872
vn -0.1147 0.9696 0.2159
vn -0.4790 -0.8638 0.1564
vn -0.6911 0.5288 0.4927
vn -0.8468 -0.2529 0.4679
vn -0.5418 0.5318 0.6509
vn -0.0630 0.9706 0.2323
vn -0.0212 0.9744 0.2240
vn -0.6942 -0.2503 0.6749
vn -0.4093 -0.8696 0.2761
vn 0.5606 -0.4926 -0.6656
vn 0.4456 0.8379 -0.3152
vn 0.6962 0.2331 -0.6789
vn 0.3619 -0.4979 -0.7882
vn 0.1909 -0.5125 -0.8372
vn 0.2606 0.2261 -0.9386
vn -0.2895 -0.8710 0.3968
vn 0.0485 -0.9586 -0.2806
vn -0.3384 0.5335 0.7752
vn -0.4534 -0.2551 0.8540
vn 0.4680 0.2316 -0.8528
vn 0.3121 0.8384 -0.4468
vn -0.2002 -0.8534 0.4812
vn -0.2965 -0.2358 0.9255
vn -0.2525 -0.2371 0.9381
vn 0.1883 0.8403 -0.5084
vn 0.0020 0.9742 0.2258
vn 0.0053 -0.9686 -0.2485
vn -0.2024 0.5330 0.8216
vn 0.1397 -0.4952 -0.8575
vn 0.1311 0.8276 -0.5458
vn -0.0001 0.9826 0.1858
vn 0.1809 0.2224 -0.9580
vn -0.1681 0.5558 0.8142
vn -0.1525 -0.8684 0.4718
vn 0.0137 -0.9608 -0.2768
vn -0.2525 -0.2370 0.9381
vn 0.0001 -1.0000 0.0001
vn 0.0001 -1.0000 -0.0001
vn -0.1604 0.2550 0.9536
vn 0.4142 -0.0854 0.9062
vn 0.3258 -0.4412 0.8361
vn 0.8137 0.5590 0.1591
vn 0.8934 0.2252 0.3888
vn 0.5449 0.2393 0.8036
vn 0.6989 -0.5883 -0.4068
vn 0.8231 -0.5656 -0.0515
vn 0.9975 -0.0549 -0.0452
vn 0.2683 -0.9632 -0.0149
vn -0.2438 -0.8541 0.4595
vn 0.3023 -0.6861 0.6617
vn 0.9411 0.0746 -0.3297
vn 0.5157 -0.8037 0.2970
vn 0.8230 -0.5657 -0.0515
vn 0.3465 0.6497 0.6766
vn -0.4800 -0.3317 0.8121
vn 0.8064 -0.3222 0.4959
vn 0.6693 -0.5584 0.4901
vn 0.9613 -0.2268 0.1561
vn 0.8665 -0.4585 0.1974
vn 0.7332 -0.1245 0.6685
vn 0.8606 -0.2631 0.4360
vn 0.8324 -0.2151 0.5107
vn 0.9128 -0.1760 0.3685
vn 0.4489 0.2039 0.8700
vn 0.2999 -0.2770 0.9129
vn 0.4734 -0.2821 0.8345
vn -0.0000 0.2729 0.9620
vn -0.0000 -0.2841 0.9588
vn 0.5435 0.2003 0.8152
vn 0.4197 -0.3236 0.8480
vn 0.3866 -0.3764 0.8420
vn 0.8717 -0.3447 0.3484
vn 0.8564 -0.2454 0.4543
vn 0.3659 -0.4245 0.8282
vn 0.6418 0.2427 0.7275
vn 0.6047 0.1142 0.7882
vn 0.3561 -0.4747 0.8049
vn 0.3300 -0.4831 0.8110
vn 0.8917 -0.3291 0.3109
vn 0.4572 -0.4021 0.7933
vn 0.7936 0.0179 0.6082
vn 0.5536 -0.3657 0.7482
vn 0.5187 -0.3621 0.7745
vn 0.5014 0.2006 0.8417
vn -0.0000 -0.9995 -0.0306
vn 0.1741 -0.9837 -0.0456
vn 0.1215 -0.8674 0.4826
vn 0.4410 -0.8964 0.0445
vn 0.2720 -0.7446 0.6096
vn 0.7179 -0.6473 0.2562
vn 0.4262 -0.5345 0.7298
vn 0.9224 -0.3725 0.1022
vn 0.9619 -0.2505 0.1093
vn 0.9287 -0.2657 0.2586
vn 0.8704 -0.2053 0.4474
vn 0.8361 -0.1826 0.5173
vn 0.7950 0.0026 0.6066
vn 0.7659 -0.0166 0.6428
vn 0.2196 -0.9363 -0.2741
vn 0.2941 -0.9291 -0.2241
vn -0.0000 -0.9626 -0.2711
vn 0.4142 -0.9102 -0.0007
vn -0.0000 -0.9979 -0.0640
vn 0.4829 -0.8126 0.3262
vn -0.0000 -0.9513 0.3083
vn 0.5138 -0.6375 0.5741
vn -0.0004 -0.7730 0.6344
vn 0.5540 -0.4668 0.6894
vn -0.0011 -0.5771 0.8167
vn 0.5449 -0.3402 0.7664
vn -0.0002 -0.4130 0.9107
vn 0.4873 -0.1763 0.8552
vn -0.0006 -0.1956 0.9807
vn 0.2214 0.0986 0.9702
vn 0.2541 0.3784 0.8901
vn -0.0000 0.3535 0.9354
vn 0.3464 0.5403 0.7669
vn 0.6273 0.0394 0.7778
vn 0.6062 0.5869 0.5367
vn 0.5817 0.6182 0.5286
vn 0.5879 0.5678 0.5761
vn 0.6998 0.4811 0.5281
vn 0.6120 0.3522 0.7081
vn 0.5497 0.4053 0.7304
vn 0.6433 0.2112 0.7359
vn 0.6607 0.2203 0.7176
vn 0.4347 0.5447 0.7172
vn 0.6088 0.3378 0.7178
vn 0.8348 0.1723 0.5229
vn 0.8966 -0.2012 0.3946
vn 0.8932 -0.2441 0.3776
vn 0.8484 -0.1649 0.5030
vn 0.8619 -0.0438 0.5052
vn -0.0000 0.5086 0.8610
vn -0.0000 0.5021 0.8648
vn 0.5530 -0.8330 -0.0186
vn 0.7383 -0.6633 0.1222
vn 0.8188 -0.4948 0.2911
vn 0.8742 -0.3414 0.3453
vn 0.5028 -0.8590 -0.0963
vn 0.7560 -0.5813 0.3009
vn 0.8924 -0.2636 0.3662
vn 0.7479 -0.6344 0.1952
vn 0.7450 -0.4532 0.4895
vn 0.7069 0.0248 0.7068
vn 0.7472 -0.1092 0.6556
vn 0.7971 -0.0879 0.5974
vn 0.7413 0.1337 0.6578
vn 0.8554 0.2403 -0.4588
vn 0.7107 0.6592 -0.2459
vn 0.7372 -0.0846 -0.6704
vn 0.7220 0.0073 -0.6918
vn 0.2664 0.9562 0.1211
vn -0.0000 -0.4791 -0.8778
vn 0.1204 -0.3400 -0.9327
vn 0.0072 0.3052 -0.9523
vn 0.3103 -0.2965 -0.9032
vn 0.0010 0.3233 -0.9463
vn 0.6411 -0.3617 -0.6769
vn 0.8716 -0.3713 0.3202
vn 0.7505 0.0671 -0.6575
vn 0.4251 0.9050 -0.0157
vn 0.3366 0.9350 -0.1122
vn 0.2355 0.9719 0.0068
vn 0.3731 0.9188 0.1293
vn -0.0000 0.9577 0.2879
vn -0.3257 -0.4413 0.8362
vn -0.4142 -0.0854 0.9062
vn 0.1605 0.2551 0.9535
vn -0.5449 0.2394 0.8036
vn -0.8934 0.2252 0.3888
vn -0.8137 0.5591 0.1591
vn -0.9975 -0.0549 -0.0452
vn -0.8231 -0.5656 -0.0515
vn -0.6989 -0.5883 -0.4068
vn -0.2682 -0.9632 -0.0149
vn -0.5157 -0.8037 0.2969
vn -0.3022 -0.6862 0.6617
vn -0.8230 -0.5657 -0.0515
vn -0.3465 0.6498 0.6766
vn 0.2440 -0.8540 0.4595
vn -0.6693 -0.5584 0.4902
vn -0.8064 -0.3222 0.4959
vn -0.9128 -0.1760 0.3685
vn -0.9613 -0.2268 0.1561
vn -0.8665 -0.4584 0.1974
vn -0.8324 -0.2151 0.5107
vn -0.7332 -0.1245 0.6685
vn -0.8606 -0.2631 0.4361
vn -0.4734 -0.2821 0.8345
vn -0.2999 -0.2770 0.9129
vn -0.4489 0.2036 0.8701
vn -0.3866 -0.3763 0.8420
vn -0.4197 -0.3235 0.8480
vn -0.5434 0.2002 0.8152
vn -0.8716 -0.3447 0.3485
vn -0.4572 -0.4021 0.7933
vn -0.3660 -0.4244 0.8282
vn -0.6418 0.2426 0.7275
vn -0.3301 -0.4831 0.8110
vn -0.3561 -0.4747 0.8049
vn -0.6047 0.1142 0.7882
vn -0.8916 -0.3291 0.3110
vn -0.5536 -0.3657 0.7482
vn -0.8564 -0.2454 0.4543
vn -0.5187 -0.3621 0.7745
vn -0.5014 0.2006 0.8417
vn -0.0000 -0.8859 0.4638
vn -0.1215 -0.8674 0.4826
vn -0.1741 -0.9837 -0.0456
vn -0.2721 -0.7446 0.6096
vn -0.4410 -0.8964 0.0445
vn -0.4262 -0.5345 0.7298
vn -0.9619 -0.2505 0.1093
vn -0.9224 -0.3724 0.1021
vn -0.9287 -0.2657 0.2586
vn -0.8361 -0.1827 0.5173
vn -0.8704 -0.2053 0.4475
vn -0.7659 -0.0167 0.6428
vn -0.2941 -0.9291 -0.2241
vn -0.2196 -0.9363 -0.2741
vn -0.4143 -0.9101 -0.0007
vn -0.4831 -0.8126 0.3261
vn -0.5143 -0.6374 0.5738
vn -0.5547 -0.4664 0.6891
vn -0.5452 -0.3401 0.7662
vn -0.4878 -0.1762 0.8550
vn 0.0001 0.0875 0.9962
vn -0.2215 0.0988 0.9701
vn -0.2541 0.3784 0.8901
vn -0.3464 0.5403 0.7669
vn -0.6089 0.3378 0.7178
vn -0.6273 0.0394 0.7778
vn -0.6062 0.5869 0.5367
vn -0.6998 0.4811 0.5281
vn -0.5879 0.5678 0.5761
vn -0.6120 0.3522 0.7081
vn -0.6433 0.2112 0.7359
vn -0.5497 0.4053 0.7304
vn -0.6607 0.2203 0.7176
vn -0.7950 0.0025 0.6066
vn -0.5817 0.6182 0.5286
vn -0.8348 0.1723 0.5229
vn -0.8932 -0.2441 0.3775
vn -0.8966 -0.2012 0.3945
vn -0.8619 -0.0438 0.5051
vn -0.8484 -0.1649 0.5030
vn -0.4347 0.5447 0.7172
vn -0.7383 -0.6633 0.1222
vn -0.5529 -0.8330 -0.0185
vn -0.8188 -0.4947 0.2911
vn -0.8742 -0.3414 0.3453
vn -0.5028 -0.8590 -0.0964
vn -0.7450 -0.4532 0.4895
vn -0.7559 -0.5814 0.3010
vn -0.8924 -0.2636 0.3662
vn -0.7479 -0.6344 0.1952
vn -0.7472 -0.1092 0.6556
vn -0.7069 0.0248 0.7068
vn -0.7971 -0.0879 0.5974
vn -0.7413 0.1337 0.6578
vn -0.2809 0.1960 -0.9395
vn -0.7222 0.0072 -0.6917
vn -0.7505 0.0671 -0.6574
vn -0.8555 0.2403 -0.4588
vn -0.7935 0.0178 0.6083
vn -0.7373 -0.0847 -0.6702
vn -0.8715 -0.3713 0.3203
vn -0.2651 0.9571 0.1171
vn -0.1204 -0.3400 -0.9327
vn -0.3104 -0.2965 -0.9032
vn -0.7179 -0.6473 0.2563
vn -0.6412 -0.3618 -0.6768
vn -0.4247 0.9052 -0.0156
vn -0.3366 0.9349 -0.1121
vn -0.3141 0.2783 -0.9077
vn -0.2355 0.9718 0.0068
vn -0.3732 0.9187 0.1295
vn 0.2732 -0.0192 -0.9618
vn 0.2947 0.1304 -0.9466
vn 0.2808 0.1960 -0.9395
vn 0.3141 0.2782 -0.9077
vn 0.2788 0.7133 -0.6430
vn -0.0143 0.9252 -0.3792
vn 0.0359 0.8430 -0.5367
vn -0.0384 0.8379 -0.5445
vn 0.4426 0.4250 -0.7896
vn -0.0612 0.8839 -0.4636
vn -0.0000 0.9271 -0.3749
vn 0.0646 0.8616 -0.5035
vn -0.2734 -0.0193 -0.9617
vn -0.7107 0.6591 -0.2458
vn -0.2785 0.7132 -0.6433
vn -0.2950 0.1303 -0.9466
vn 0.0180 0.9219 -0.3870
vn -0.0072 0.3052 -0.9523
vn -0.0010 0.3233 -0.9463
vn -0.0354 0.8433 -0.5363
vn 0.0385 0.8379 -0.5445
vn 0.0615 0.8835 -0.4644
vn -0.0645 0.8615 -0.5036
vn 0.8419 -0.2011 0.5008
vn 0.7580 -0.0145 0.6521
vn 0.8867 -0.0109 0.4622
vn 0.5420 -0.8301 0.1306
vn 0.6536 -0.5541 0.5156
vn 0.8044 -0.5167 0.2932
vn -0.0000 -0.8805 0.4741
vn 0.0024 -0.6315 0.7754
vn 0.3476 -0.6228 0.7009
vn 0.2670 -0.4522 0.8510
vn 0.2916 -0.7988 0.5263
vn 0.4970 -0.7859 0.3679
vn 0.2890 -0.8959 0.3374
vn -0.0022 -0.4790 0.8778
vn -0.0066 -0.8047 0.5936
vn 0.5372 -0.4046 0.7401
vn 0.4692 -0.7605 0.4488
vn 0.5903 -0.3661 0.7194
vn 0.5734 -0.3047 0.7605
vn 0.0078 -0.5372 0.8434
vn 0.3011 -0.5012 0.8113
vn 0.7478 -0.2346 0.6211
vn 0.8977 -0.4038 0.1763
vn 0.8652 -0.4978 0.0610
vn 0.9681 -0.2451 0.0529
vn 0.9321 -0.3606 -0.0345
vn 0.9677 -0.1948 -0.1598
vn 0.6914 -0.2028 0.6934
vn 0.6235 -0.6027 0.4981
vn 0.8780 -0.4770 0.0387
vn 0.8698 -0.1039 0.4824
vn 0.9918 -0.0360 0.1224
vn 0.9808 -0.0411 0.1907
vn 0.8154 -0.3646 -0.4497
vn 0.9015 -0.2939 -0.3178
vn 0.9982 0.0579 0.0185
vn 0.9731 -0.1528 -0.1726
vn 0.7972 0.2588 -0.5454
vn 0.9682 0.2347 -0.0867
vn 0.8516 0.0268 -0.5236
vn 0.5531 -0.2236 -0.8026
vn 0.4356 -0.1266 -0.8912
vn 0.6137 0.3004 -0.7301
vn 0.3580 -0.0013 -0.9337
vn 0.3944 0.3485 -0.8503
vn 0.2253 0.0710 -0.9717
vn 0.9961 0.0411 -0.0775
vn 0.9430 -0.1046 -0.3161
vn 0.9882 -0.1222 -0.0921
vn 0.9699 -0.0793 -0.2303
vn 0.2014 0.4053 -0.8917
vn 0.2246 0.3622 -0.9046
vn 0.9135 0.0809 -0.3987
vn 0.4708 0.2838 -0.8353
vn 0.7163 0.1823 -0.6736
vn 0.0004 0.4193 -0.9078
vn -0.0005 0.4098 -0.9122
vn -0.0043 0.1010 -0.9949
vn 0.8311 -0.0025 -0.5562
vn 0.7509 -0.1260 -0.6483
vn 0.9091 -0.1943 -0.3685
vn -0.0002 0.1756 -0.9845
vn 0.1834 0.1587 -0.9701
vn 0.4827 0.1038 -0.8696
vn -0.0000 -0.1911 -0.9816
vn 0.1813 -0.1811 -0.9666
vn 0.4473 -0.1349 -0.8841
vn 0.7849 -0.4721 -0.4012
vn 0.8959 -0.4410 -0.0533
vn 0.8638 -0.2477 -0.4387
vn 0.5963 -0.3753 -0.7097
vn 0.8836 -0.2115 -0.4177
vn 0.5269 -0.2651 -0.8075
vn 0.9347 -0.0610 -0.3502
vn 0.6147 0.0854 -0.7841
vn 0.9826 0.0493 -0.1792
vn 0.9998 -0.0077 -0.0201
vn 0.7758 0.6223 0.1041
vn 0.9910 -0.0797 0.1071
vn 0.9162 0.1398 0.3757
vn 0.9746 -0.1686 0.1475
vn 0.9221 -0.0805 0.3786
vn 0.9715 -0.1240 0.2021
vn 0.9377 -0.1307 0.3221
vn 0.9786 -0.1508 0.1399
vn 0.9661 -0.2092 0.1511
vn 0.9106 -0.3294 0.2498
vn 0.9167 -0.3383 0.2128
vn 0.9466 -0.2597 0.1909
vn 0.9050 -0.3280 0.2708
vn 0.9668 -0.2432 -0.0789
vn 0.8950 -0.3580 0.2660
vn 0.9337 -0.2993 0.1966
vn 0.1779 -0.3709 -0.9115
vn 0.1692 -0.2797 -0.9451
vn 0.5222 -0.2886 -0.8025
vn 0.4461 -0.3481 -0.8245
vn 0.0006 -0.3831 -0.9237
vn 0.7313 -0.2832 -0.6205
vn 0.7821 -0.2457 -0.5726
vn 0.0079 -0.2973 -0.9547
vn 0.0530 0.0170 -0.9985
vn 0.0178 0.0293 -0.9994
vn 0.0028 0.2918 -0.9565
vn -0.0623 0.2253 -0.9723
vn -0.1225 0.2197 -0.9678
vn 0.1299 0.0937 -0.9871
vn -0.1066 0.2389 -0.9652
vn 0.2244 0.2107 -0.9514
vn -0.1417 0.1450 -0.9792
vn 0.1539 0.2648 -0.9519
vn -0.0940 0.0207 -0.9954
vn 0.0082 -0.0338 -0.9994
vn 0.0067 0.2946 -0.9556
vn 0.0690 0.2897 -0.9546
vn -0.0068 0.6507 -0.7593
vn 0.4734 0.4319 -0.7677
vn 0.5493 0.1932 -0.8130
vn 0.4168 -0.0696 -0.9064
vn 0.0005 0.2553 -0.9669
vn -0.0043 0.2626 -0.9649
vn 0.0074 0.1598 -0.9871
vn -0.0065 0.8067 -0.5909
vn 0.2426 0.7637 -0.5983
vn -0.0000 0.9322 -0.3618
vn 0.2125 0.9046 -0.3694
vn -0.0000 0.9975 -0.0702
vn 0.2008 0.9786 -0.0459
vn -0.0000 0.9748 0.2232
vn 0.5327 0.6122 -0.5843
vn 0.7384 0.4305 -0.5191
vn 0.2355 0.5792 -0.7804
vn 0.6909 0.2684 -0.6713
vn 0.8788 0.2661 -0.3962
vn 0.8302 0.1357 -0.5407
vn 0.9534 0.1226 -0.2757
vn 0.5217 0.7844 -0.3356
vn 0.7897 0.5408 -0.2897
vn 0.9292 0.3067 -0.2062
vn 0.8280 -0.0769 -0.5555
vn 0.9270 0.0489 -0.3719
vn 0.6776 -0.0218 -0.7351
vn 0.7809 0.6246 -0.0078
vn 0.4851 0.8739 -0.0316
vn 0.4437 0.8666 0.2285
vn 0.9853 0.1256 -0.1157
vn 0.9397 0.3418 0.0087
vn 0.7321 0.6405 0.2320
vn 0.9606 0.0132 0.2777
vn 0.9444 -0.1101 0.3098
vn 0.1984 0.9522 0.2323
vn 0.9479 -0.1651 0.2725
vn 0.8537 -0.3456 0.3896
vn 0.7798 0.0140 0.6258
vn 0.6797 -0.2760 0.6796
vn 0.4858 0.0674 0.8715
vn 0.4270 -0.2409 0.8715
vn 0.1510 0.0460 0.9875
vn 0.1068 -0.2644 0.9585
vn -0.0014 -0.0062 1.0000
vn 0.9954 0.0769 0.0577
vn 0.9001 0.3836 0.2066
vn 0.9489 0.1619 0.2708
vn 0.2143 0.1713 0.9616
vn -0.0002 0.1325 0.9912
vn 0.2374 0.4110 0.8802
vn -0.0002 0.3943 0.9190
vn 0.2095 0.6597 0.7217
vn -0.0001 0.6657 0.7463
vn 0.2026 0.8579 0.4721
vn -0.0000 0.8782 0.4783
vn 0.5255 0.1772 0.8321
vn 0.5588 0.3564 0.7488
vn 0.8029 0.1519 0.5764
vn 0.8115 0.2531 0.5266
vn 0.4019 0.7913 0.4607
vn 0.6446 0.6415 0.4159
vn 0.7708 0.4274 0.4725
vn 0.4889 0.5753 0.6557
vn 0.3574 -0.2151 0.9088
vn 0.3549 -0.4181 0.8362
vn 0.6378 -0.3562 0.6829
vn -0.5167 0.2167 0.8283
vn 0.0004 0.3332 0.9429
vn 0.0001 0.1678 0.9858
vn 0.5166 0.2166 0.8284
vn 0.2546 -0.1078 0.9610
vn 0.3831 0.0764 0.9206
vn 0.4832 -0.0530 0.8739
vn 0.5574 -0.1001 0.8242
vn 0.6339 0.0344 0.7726
vn -0.0000 -0.1667 0.9860
vn 0.4304 -0.0631 0.9004
vn 0.9459 -0.0045 0.3244
vn 0.6800 0.1822 0.7102
vn 0.9596 -0.1626 0.2298
vn 0.9105 -0.3294 0.2498
vn 0.8959 -0.4411 -0.0533
vn 0.8088 -0.5821 0.0842
vn 0.9416 -0.1566 0.2982
vn 0.9164 -0.1638 0.3653
vn 0.6689 0.5931 -0.4481
vn 0.0597 0.7780 -0.6254
vn 0.9697 -0.1224 0.2113
vn 0.8538 -0.1899 0.4848
vn 0.9220 -0.0805 0.3787
vn 0.9376 -0.1307 0.3221
vn 0.7758 0.6223 0.1042
vn 0.1550 0.9879 0.0034
vn 0.9161 0.1398 0.3757
vn 0.4534 0.6526 0.6071
vn 0.7839 -0.0468 0.6191
vn 0.5890 -0.6711 -0.4503
vn 0.1846 -0.2602 -0.9477
vn 0.2819 -0.4201 -0.8626
vn 0.5962 -0.3753 -0.7097
vn 0.0910 0.2308 -0.9687
vn 0.8423 0.4661 -0.2709
vn 0.7867 0.1233 -0.6049
vn 0.8407 -0.4329 -0.3255
vn 0.8770 0.1193 0.4655
vn 0.8470 0.4569 0.2717
vn 0.8191 -0.2955 -0.4917
vn 0.9405 -0.2253 0.2543
vn 0.9630 -0.0164 0.2691
vn 0.8958 -0.1873 0.4031
vn 0.9363 -0.1410 0.3215
vn 0.9396 -0.2157 0.2659
vn 0.9446 -0.1724 0.2793
vn 0.9077 0.1235 0.4009
vn 0.8923 -0.1880 0.4104
vn 0.9542 -0.2500 0.1644
vn 0.4893 -0.5493 -0.6774
vn 0.4126 -0.7609 -0.5008
vn 0.3724 -0.9229 -0.0977
vn 0.2364 -0.8958 -0.3763
vn 0.4082 -0.6347 -0.6562
vn 0.5953 -0.6511 -0.4708
vn 0.4128 -0.7608 -0.5008
vn 0.3504 -0.6217 -0.7005
vn 0.4081 -0.6347 -0.6562
vn 0.4082 -0.6006 -0.6876
vn 0.1953 -0.9640 -0.1802
vn -0.0000 -0.9895 -0.1442
vn 0.1298 -0.5278 -0.8394
vn 0.1482 -0.4997 -0.8534
vn 0.0023 -0.4301 -0.9028
vn 0.0426 -0.9406 -0.3368
vn 0.2493 -0.9409 -0.2292
vn 0.1953 -0.9640 -0.1803
vn -0.0000 -0.9895 -0.1443
vn -0.0075 -0.9394 -0.3427
vn 0.2810 -0.9120 -0.2988
vn 0.1388 -0.6197 -0.7725
vn 0.1574 -0.5152 -0.8425
vn 0.1557 -0.6682 -0.7275
vn 0.4892 -0.5493 -0.6774
vn 0.3110 -0.5788 -0.7538
vn 0.1557 -0.6681 -0.7276
vn 0.1388 -0.6198 -0.7724
vn -0.0292 -0.4630 -0.8859
vn 0.0144 -0.5018 -0.8649
vn -0.0076 -0.5621 -0.8270
vn 0.3689 -0.6980 -0.6138
vn 0.0144 -0.5017 -0.8649
vn 0.4039 -0.5995 -0.6910
vn 0.3904 -0.5364 -0.7482
vn 0.0316 -0.8880 -0.4588
vn 0.1915 -0.8414 -0.5054
vn 0.2812 -0.7243 -0.6295
vn -0.0035 -0.9243 -0.3816
vn 0.0580 -0.7129 -0.6989
vn -0.0000 -0.7162 -0.6979
vn 0.0537 -0.7634 -0.6437
vn -0.8867 -0.0108 0.4623
vn -0.7579 -0.0142 0.6522
vn -0.8419 -0.2013 0.5008
vn 0.1806 -0.9752 0.1276
vn -0.0000 -0.9777 0.2099
vn -0.8044 -0.5167 0.2932
vn -0.6536 -0.5541 0.5156
vn -0.5420 -0.8302 0.1306
vn -0.3496 -0.6183 0.7039
vn -0.4957 -0.7863 0.3689
vn -0.2929 -0.7984 0.5261
vn -0.2660 -0.4578 0.8483
vn -0.2890 -0.8959 0.3375
vn -0.4703 -0.7596 0.4493
vn -0.5389 -0.4062 0.7379
vn -0.5734 -0.3048 0.7605
vn -0.5969 -0.3613 0.7164
vn -0.3016 -0.5011 0.8111
vn -0.7477 -0.2346 0.6212
vn -0.8652 -0.4978 0.0610
vn -0.8977 -0.4038 0.1763
vn -0.9321 -0.3607 -0.0343
vn -0.9679 -0.2455 0.0530
vn -0.9667 -0.2435 -0.0782
vn -0.9675 -0.1960 -0.1601
vn -0.6914 -0.2028 0.6934
vn -0.9808 -0.0411 0.1907
vn -0.8808 -0.4712 0.0470
vn -0.8698 -0.1039 0.4824
vn -0.6234 -0.6027 0.4981
vn -0.9918 -0.0360 0.1224
vn -0.8171 -0.3597 -0.4505
vn -0.9982 0.0579 0.0185
vn -0.9004 -0.2946 -0.3201
vn -0.9673 0.2369 -0.0906
vn -0.9730 -0.1529 -0.1727
vn -0.7965 0.2605 -0.5457
vn -0.8524 0.0298 -0.5221
vn -0.6169 0.2977 -0.7285
vn -0.4288 -0.1315 -0.8938
vn -0.3957 0.3493 -0.8494
vn -0.3688 -0.0075 -0.9295
vn -0.2025 0.4085 -0.8900
vn -0.2167 0.0531 -0.9748
vn -0.9882 -0.1224 -0.0922
vn -0.9430 -0.1046 -0.3161
vn -0.9961 0.0411 -0.0774
vn -0.9697 -0.0794 -0.2310
vn -0.8310 -0.0025 -0.5562
vn -0.4699 0.2833 -0.8360
vn -0.2249 0.3621 -0.9046
vn -0.9122 0.0785 -0.4022
vn -0.7167 0.1798 -0.6738
vn -0.5512 -0.2183 -0.8053
vn -0.9085 -0.1941 -0.3702
vn -0.7508 -0.1260 -0.6484
vn -0.7867 -0.4704 -0.3998
vn -0.1831 0.1580 -0.9703
vn -0.4826 0.1037 -0.8697
vn -0.1812 -0.1812 -0.9666
vn -0.4473 -0.1349 -0.8842
vn -0.9001 -0.4338 -0.0398
vn -0.5974 -0.3730 -0.7099
vn -0.8638 -0.2476 -0.4388
vn -0.5271 -0.2649 -0.8075
vn -0.8837 -0.2114 -0.4176
vn -0.6148 0.0854 -0.7840
vn -0.9346 -0.0610 -0.3503
vn -0.6689 0.5931 -0.4481
vn -0.9826 0.0493 -0.1792
vn -0.7758 0.6222 0.1047
vn -0.9998 -0.0079 -0.0200
vn -0.9174 0.1434 0.3712
vn -0.9912 -0.0782 0.1071
vn -0.9254 -0.0805 0.3703
vn -0.9742 -0.1673 0.1515
vn -0.9434 -0.1384 0.3013
vn -0.9705 -0.1246 0.2064
vn -0.9384 -0.1746 0.2982
vn -0.9790 -0.1524 0.1356
vn -0.9115 -0.3207 0.2576
vn -0.9677 -0.2036 0.1485
vn -0.9050 -0.3280 0.2708
vn -0.9466 -0.2597 0.1909
vn -0.9167 -0.3383 0.2128
vn -0.8950 -0.3580 0.2660
vn -0.9337 -0.2993 0.1966
vn -0.9596 -0.1627 0.2297
vn -0.5169 -0.2787 -0.8094
vn -0.1870 -0.2871 -0.9395
vn -0.1791 -0.3712 -0.9111
vn -0.4458 -0.3459 -0.8256
vn -0.7313 -0.2833 -0.6204
vn -0.7808 -0.2445 -0.5749
vn 0.0519 0.2601 -0.9642
vn -0.1571 0.0853 -0.9839
vn 0.0836 0.1981 -0.9766
vn -0.2067 0.1729 -0.9630
vn 0.1055 0.2062 -0.9728
vn -0.1466 0.2640 -0.9533
vn 0.1451 0.1385 -0.9797
vn -0.0721 0.3167 -0.9458
vn 0.1049 0.0231 -0.9942
vn -0.4721 0.4422 -0.7626
vn -0.2398 0.6015 -0.7620
vn -0.5546 0.1797 -0.8125
vn -0.3979 -0.0692 -0.9148
vn -0.0723 0.0365 -0.9967
vn -0.2435 0.7598 -0.6028
vn -0.2146 0.9022 -0.3742
vn -0.2007 0.9786 -0.0459
vn -0.1984 0.9522 0.2323
vn -0.7020 0.2676 -0.6599
vn -0.7405 0.4279 -0.5181
vn -0.5239 0.6199 -0.5842
vn -0.8280 0.1402 -0.5430
vn -0.8777 0.2659 -0.3986
vn -0.9534 0.1226 -0.2758
vn -0.7897 0.5408 -0.2897
vn -0.5201 0.7844 -0.3379
vn -0.9853 0.1256 -0.1157
vn -0.9292 0.3068 -0.2062
vn -0.6518 -0.0319 -0.7577
vn -0.8281 -0.0781 -0.5551
vn -0.9268 0.0490 -0.3722
vn -0.7809 0.6246 -0.0078
vn -0.7321 0.6405 0.2320
vn -0.4436 0.8666 0.2285
vn -0.4850 0.8739 -0.0316
vn -0.9397 0.3419 0.0087
vn -0.9954 0.0769 0.0577
vn -0.9001 0.3836 0.2067
vn -0.9444 -0.1101 0.3098
vn -0.9606 0.0132 0.2777
vn -0.9479 -0.1651 0.2724
vn -0.8536 -0.3459 0.3896
vn -0.6796 -0.2760 0.6796
vn -0.7799 0.0139 0.6258
vn -0.4265 -0.2403 0.8720
vn -0.4848 0.0667 0.8721
vn -0.1074 -0.2629 0.9588
vn -0.1512 0.0461 0.9874
vn -0.9489 0.1619 0.2708
vn -0.2137 0.1701 0.9620
vn -0.2375 0.4113 0.8800
vn -0.2095 0.6595 0.7220
vn -0.2026 0.8579 0.4721
vn -0.5585 0.3569 0.7488
vn -0.5256 0.1773 0.8321
vn -0.8031 0.1520 0.5762
vn -0.8115 0.2531 0.5266
vn -0.6445 0.6416 0.4159
vn -0.4019 0.7913 0.4607
vn -0.7708 0.4274 0.4725
vn -0.4888 0.5753 0.6559
vn -0.3549 -0.4181 0.8362
vn -0.3576 -0.2149 0.9088
vn -0.6378 -0.3562 0.6829
vn -0.5575 -0.0999 0.8241
vn -0.6338 0.0345 0.7727
vn -0.9459 -0.0043 0.3246
vn -0.2546 -0.1075 0.9611
vn -0.4305 -0.0630 0.9004
vn -0.8874 -0.3517 0.2979
vn -0.9112 -0.1773 0.3718
vn -0.8083 -0.5813 0.0930
vn -0.9666 -0.1284 0.2217
vn -0.0909 0.2308 -0.9688
vn -0.0597 0.7780 -0.6254
vn -0.8571 -0.1923 0.4780
vn -0.9254 -0.0805 0.3704
vn -0.7913 -0.0506 0.6093
vn -0.6690 0.5930 -0.4481
vn -0.1548 0.9879 0.0033
vn -0.4520 0.6530 0.6077
vn -0.9001 -0.4339 -0.0398
vn -0.2826 -0.4200 -0.8624
vn -0.1845 -0.2602 -0.9478
vn -0.5931 -0.6680 -0.4495
vn -0.7865 0.1233 -0.6052
vn -0.8422 0.4662 -0.2710
vn -0.8406 -0.4329 -0.3256
vn -0.8468 0.4572 0.2717
vn -0.8769 0.1195 0.4655
vn -0.8189 -0.2955 -0.4920
vn -0.9407 -0.2252 0.2538
vn -0.8958 -0.1873 0.4031
vn -0.9630 -0.0163 0.2690
vn -0.8923 -0.1880 0.4104
vn -0.9396 -0.2158 0.2659
vn -0.9391 -0.1379 0.3148
vn -0.9446 -0.1723 0.2792
vn -0.9115 0.1224 0.3928
vn -0.9542 -0.2500 0.1644
vn -0.1536 -0.6562 -0.7388
vn -0.4979 -0.5385 -0.6798
vn -0.4213 -0.7590 -0.4964
vn -0.3586 -0.7084 -0.6079
vn -0.2261 -0.8973 -0.3792
vn -0.6145 -0.6395 -0.4620
vn -0.4374 -0.6339 -0.6378
vn -0.3609 -0.6211 -0.6956
vn -0.4214 -0.7590 -0.4964
vn -0.3924 -0.6194 -0.6800
vn -0.2744 -0.9129 -0.3021
vn -0.1953 -0.9640 -0.1807
vn -0.1367 -0.5074 -0.8508
vn -0.1225 -0.5143 -0.8488
vn -0.0428 -0.9420 -0.3329
vn -0.2458 -0.9433 -0.2232
vn -0.1953 -0.9639 -0.1807
vn -0.3732 -0.9235 -0.0883
vn -0.1406 -0.6164 -0.7748
vn -0.2872 -0.5734 -0.7673
vn -0.4978 -0.5386 -0.6798
vn -0.0060 -0.5102 -0.8600
vn -0.3609 -0.6212 -0.6956
vn -0.0060 -0.5102 -0.8601
vn -0.1383 -0.5193 -0.8433
vn -0.1383 -0.5194 -0.8433
vn -0.0292 -0.4629 -0.8859
vn -0.3564 -0.5610 -0.7472
vn -0.3610 -0.6279 -0.6895
vn -0.1869 -0.8361 -0.5157
vn -0.0274 -0.8905 -0.4541
vn -0.2806 -0.7243 -0.6298
vn -0.0580 -0.7129 -0.6989
vn -0.0537 -0.7634 -0.6437
vn -0.9808 0.0033 -0.1951
vn -0.9239 0.0033 -0.3827
vn -0.8315 0.0033 -0.5556
vn -0.7071 0.0033 -0.7071
vn -0.5556 0.0033 -0.8315
vn -0.3827 0.0033 -0.9239
vn -0.1951 0.0033 -0.9808
vn -0.0000 0.0033 -1.0000
vn 0.1951 0.0033 -0.9808
vn 0.3827 0.0033 -0.9239
vn 0.5556 0.0033 -0.8315
vn 0.7071 0.0033 -0.7071
vn 0.8315 0.0033 -0.5556
vn 0.9239 0.0033 -0.3827
vn 0.9808 0.0033 -0.1951
vn 1.0000 0.0033 -0.0000
vn 0.9808 0.0033 0.1951
vn 0.9239 0.0033 0.3827
vn 0.8315 0.0033 0.5556
vn 0.7071 0.0033 0.7071
vn 0.5556 0.0033 0.8315
vn 0.3827 0.0033 0.9239
vn 0.1951 0.0033 0.9808
vn -0.0000 0.0033 1.0000
vn -0.1951 0.0033 0.9808
vn -0.3827 0.0033 0.9239
vn -0.5556 0.0033 0.8315
vn -0.7071 0.0033 0.7071
vn -0.8315 0.0033 0.5556
vn -0.9239 0.0033 0.3827
vn -0.9808 0.0033 0.1951
vn -1.0000 0.0033 -0.0000
vn -0.7019 0.6984 -0.1396
vn -0.6612 0.6984 -0.2739
vn -0.5951 0.6984 -0.3976
vn -0.5061 0.6984 -0.5061
vn -0.3976 0.6984 -0.5951
vn -0.2739 0.6984 -0.6612
vn -0.1396 0.6984 -0.7019
vn -0.0000 0.6984 -0.7157
vn 0.1396 0.6984 -0.7019
vn 0.2739 0.6984 -0.6612
vn 0.3976 0.6984 -0.5951
vn 0.5061 0.6984 -0.5061
vn 0.5951 0.6984 -0.3976
vn 0.6612 0.6984 -0.2739
vn 0.7019 0.6984 -0.1396
vn 0.7157 0.6984 -0.0000
vn 0.7019 0.6984 0.1396
vn 0.6612 0.6984 0.2739
vn 0.5951 0.6984 0.3976
vn 0.5061 0.6984 0.5061
vn 0.3976 0.6984 0.5951
vn 0.2739 0.6984 0.6612
vn 0.1396 0.6984 0.7019
vn -0.0000 0.6984 0.7157
vn -0.1396 0.6984 0.7019
vn -0.2739 0.6984 0.6612
vn -0.3976 0.6984 0.5951
vn -0.5061 0.6984 0.5061
vn -0.5951 0.6984 0.3976
vn -0.6612 0.6984 0.2739
vn -0.7019 0.6984 0.1396
vn -0.7157 0.6984 -0.0000
vn -0.0034 1.0000 0.0003
vn -0.0033 1.0000 0.0008
vn -0.0033 1.0000 0.0010
vn -0.0031 1.0000 0.0013
vn -0.0027 1.0000 0.0020
vn -0.0028 1.0000 0.0019
vn -0.0024 1.0000 0.0024
vn -0.0022 1.0000 0.0026
vn -0.0020 1.0000 0.0027
vn -0.0013 1.0000 0.0031
vn -0.0010 1.0000 0.0033
vn -0.0003 1.0000 0.0034
vn 0.0003 1.0000 0.0034
vn 0.0010 1.0000 0.0033
vn 0.0013 1.0000 0.0031
vn 0.0020 1.0000 0.0027
vn 0.0019 1.0000 0.0028
vn 0.0024 1.0000 0.0024
vn 0.0028 1.0000 0.0019
vn 0.0027 1.0000 0.0020
vn 0.0031 1.0000 0.0013
vn 0.0033 1.0000 0.0010
vn 0.0033 1.0000 0.0007
vn 0.0033 1.0000 0.0009
vn 0.0034 1.0000 -0.0000
vn 0.0033 1.0000 -0.0009
vn 0.0033 1.0000 -0.0010
vn 0.0030 1.0000 -0.0016
vn 0.0028 1.0000 -0.0019
vn 0.0024 1.0000 -0.0024
vn 0.0019 1.0000 -0.0028
vn 0.0016 1.0000 -0.0030
vn 0.0010 1.0000 -0.0033
vn 0.0003 1.0000 -0.0034
vn -0.0003 1.0000 -0.0034
vn -0.0010 1.0000 -0.0033
vn -0.0013 1.0000 -0.0031
vn -0.0020 1.0000 -0.0027
vn -0.0022 1.0000 -0.0026
vn -0.0026 1.0000 -0.0022
vn -0.0027 1.0000 -0.0020
vn -0.0031 1.0000 -0.0013
vn -0.0033 1.0000 -0.0010
vn -0.0033 1.0000 -0.0008
vn -0.0034 1.0000 -0.0003
vn -1.0000 0.0046 -0.0000
vn -0.9808 0.0046 0.1951
vn -0.9239 0.0046 0.3827
vn -0.8315 0.0046 0.5556
vn -0.7071 0.0046 0.7071
vn -0.5556 0.0046 0.8315
vn -0.3827 0.0046 0.9239
vn -0.1951 0.0046 0.9808
vn -0.0000 0.0046 1.0000
vn 0.1951 0.0046 0.9808
vn 0.3827 0.0046 0.9239
vn 0.5556 0.0046 0.8315
vn 0.7071 0.0046 0.7071
vn 0.8315 0.0046 0.5556
vn 0.9239 0.0046 0.3827
vn 0.9808 0.0046 0.1951
vn 1.0000 0.0046 -0.0000
vn 0.9808 0.0046 -0.1951
vn 0.9239 0.0046 -0.3827
vn 0.8315 0.0046 -0.5556
vn 0.7071 0.0046 -0.7071
vn 0.5556 0.0046 -0.8315
vn 0.3827 0.0046 -0.9239
vn 0.1951 0.0046 -0.9808
vn -0.0000 0.0046 -1.0000
vn -0.1951 0.0046 -0.9808
vn -0.3827 0.0046 -0.9239
vn -0.5556 0.0046 -0.8315
vn -0.7071 0.0046 -0.7071
vn -0.8315 0.0046 -0.5556
vn -0.9239 0.0046 -0.3827
vn -0.9808 0.0046 -0.1951
vn -0.4938 0.8696 -0.0000
vn -0.4843 0.8696 0.0963
vn -0.4562 0.8696 0.1890
vn -0.4106 0.8696 0.2743
vn -0.3492 0.8696 0.3492
vn -0.2743 0.8696 0.4106
vn -0.1890 0.8696 0.4562
vn -0.0963 0.8696 0.4843
vn -0.0000 0.8696 0.4938
vn 0.0963 0.8696 0.4843
vn 0.1890 0.8696 0.4562
vn 0.2743 0.8696 0.4106
vn 0.3492 0.8696 0.3492
vn 0.4106 0.8696 0.2743
vn 0.4562 0.8696 0.1890
vn 0.4843 0.8696 0.0963
vn 0.4938 0.8696 -0.0000
vn 0.4843 0.8696 -0.0963
vn 0.4562 0.8696 -0.1890
vn 0.4106 0.8696 -0.2743
vn 0.3492 0.8696 -0.3492
vn 0.2743 0.8696 -0.4106
vn 0.1890 0.8696 -0.4562
vn 0.0963 0.8696 -0.4843
vn -0.0000 0.8696 -0.4938
vn -0.0963 0.8696 -0.4843
vn -0.1890 0.8696 -0.4562
vn -0.2743 0.8696 -0.4106
vn -0.3492 0.8696 -0.3492
vn -0.4106 0.8696 -0.2743
vn -0.4562 0.8696 -0.1890
vn -0.4843 0.8696 -0.0963
vn -0.9808 0.0012 -0.1951
vn -0.9239 0.0012 -0.3827
vn -0.8315 0.0012 -0.5556
vn -0.7071 0.0012 -0.7071
vn -0.5556 0.0012 -0.8315
vn -0.3827 0.0012 -0.9239
vn -0.1951 0.0012 -0.9808
vn -0.0000 0.0012 -1.0000
vn 0.1951 0.0012 -0.9808
vn 0.3827 0.0012 -0.9239
vn 0.5556 0.0012 -0.8315
vn 0.7071 0.0012 -0.7071
vn 0.8315 0.0012 -0.5556
vn 0.9239 0.0012 -0.3827
vn 0.9808 0.0012 -0.1951
vn 1.0000 0.0012 -0.0000
vn 0.9808 0.0012 0.1951
vn 0.9239 0.0012 0.3827
vn 0.8315 0.0012 0.5556
vn 0.7071 0.0012 0.7071
vn 0.5556 0.0012 0.8315
vn 0.3827 0.0012 0.9239
vn 0.1951 0.0012 0.9808
vn -0.0000 0.0012 1.0000
vn -0.1951 0.0012 0.9808
vn -0.3827 0.0012 0.9239
vn -0.5556 0.0012 0.8315
vn -0.7071 0.0012 0.7071
vn -0.8315 0.0012 0.5556
vn -0.9239 0.0012 0.3827
vn -0.9808 0.0012 0.1951
vn -1.0000 0.0012 -0.0000
vn -0.6918 0.7089 -0.1376
vn -0.6517 0.7089 -0.2699
vn -0.5865 0.7089 -0.3919
vn -0.4988 0.7089 -0.4988
vn -0.3919 0.7089 -0.5865
vn -0.2699 0.7089 -0.6517
vn -0.1376 0.7089 -0.6918
vn -0.0000 0.7089 -0.7053
vn 0.1376 0.7089 -0.6918
vn 0.2699 0.7089 -0.6517
vn 0.3919 0.7089 -0.5865
vn 0.4988 0.7089 -0.4988
vn 0.4988 0.7089 -0.4987
vn 0.5865 0.7089 -0.3919
vn 0.6517 0.7089 -0.2699
vn 0.6918 0.7089 -0.1376
vn 0.7053 0.7089 -0.0000
vn 0.6918 0.7089 0.1376
vn 0.6517 0.7089 0.2699
vn 0.5865 0.7089 0.3919
vn 0.4988 0.7089 0.4988
vn 0.4987 0.7089 0.4988
vn 0.3919 0.7089 0.5865
vn 0.2699 0.7089 0.6517
vn 0.1376 0.7089 0.6918
vn -0.0000 0.7089 0.7053
vn -0.1376 0.7089 0.6918
vn -0.2699 0.7089 0.6517
vn -0.3919 0.7089 0.5865
vn -0.4988 0.7089 0.4988
vn -0.4988 0.7089 0.4987
vn -0.5865 0.7089 0.3919
vn -0.6517 0.7089 0.2699
vn -0.6918 0.7089 0.1376
vn -0.7053 0.7089 -0.0000
vn -0.0013 1.0000 -0.0043
vn 0.0040 1.0000 0.0021
vn 0.0041 1.0000 -0.0018
vn 0.0038 1.0000 -0.0024
vn -0.0008 1.0000 0.0044
vn -0.0009 1.0000 0.0044
vn -0.0017 1.0000 0.0041
vn -0.0044 1.0000 -0.0008
vn -0.0045 1.0000 -0.0000
vn -0.0000 1.0000 -0.0045
vn -0.0008 1.0000 -0.0044
vn 0.0037 1.0000 0.0025
vn 0.0032 1.0000 0.0032
vn 0.0043 1.0000 -0.0013
vn 0.0042 1.0000 -0.0016
vn -0.0018 1.0000 0.0041
vn -0.0024 1.0000 0.0038
vn -0.0041 1.0000 -0.0016
vn -0.0044 1.0000 -0.0010
vn -0.0043 1.0000 -0.0013
vn 0.0004 1.0000 -0.0045
vn 0.0025 1.0000 0.0037
vn 0.0044 1.0000 -0.0008
vn 0.0045 1.0000 -0.0000
vn -0.0029 1.0000 0.0035
vn -0.0031 1.0000 0.0033
vn -0.0038 1.0000 -0.0024
vn -0.0041 1.0000 -0.0018
vn 0.0013 1.0000 -0.0043
vn 0.0017 1.0000 0.0041
vn -0.0035 1.0000 0.0029
vn -0.0033 1.0000 0.0031
vn -0.0032 1.0000 -0.0032
vn -0.0035 1.0000 -0.0029
vn 0.0024 1.0000 -0.0038
vn 0.0018 1.0000 -0.0041
vn 0.0010 1.0000 0.0044
vn -0.0037 1.0000 0.0025
vn -0.0041 1.0000 0.0017
vn -0.0029 1.0000 -0.0035
vn 0.0045 1.0000 -0.0001
vn 0.0044 1.0000 0.0009
vn 0.0032 1.0000 -0.0032
vn 0.0029 1.0000 -0.0035
vn 0.0004 1.0000 0.0045
vn 0.0001 1.0000 0.0045
vn -0.0044 1.0000 0.0010
vn -0.0024 1.0000 -0.0038
vn -0.0018 1.0000 -0.0041
vn 0.0044 1.0000 0.0008
vn 0.0041 1.0000 0.0017
vn 0.0035 1.0000 -0.0029
vn -0.0000 1.0000 0.0045
vn -0.0045 1.0000 0.0004
vn -0.0045 1.0000 0.0001
vn 0.0006 -1.0000 -0.0000
vn 0.0006 -1.0000 0.0001
vn -0.0000 -1.0000 -0.0000
vn 0.0006 -1.0000 0.0002
vn 0.0005 -1.0000 0.0004
vn 0.0004 -1.0000 0.0004
vn 0.0004 -1.0000 0.0005
vn 0.0002 -1.0000 0.0006
vn 0.0001 -1.0000 0.0006
vn -0.0000 -1.0000 0.0006
vn -0.0001 -1.0000 0.0006
vn -0.0002 -1.0000 0.0006
vn -0.0004 -1.0000 0.0005
vn -0.0004 -1.0000 0.0004
vn -0.0005 -1.0000 0.0004
vn -0.0006 -1.0000 0.0002
vn -0.0006 -1.0000 0.0001
vn -0.0006 -1.0000 -0.0000
vn -0.0006 -1.0000 -0.0001
vn -0.0006 -1.0000 -0.0002
vn -0.0005 -1.0000 -0.0004
vn -0.0004 -1.0000 -0.0004
vn -0.0004 -1.0000 -0.0005
vn -0.0002 -1.0000 -0.0006
vn -0.0001 -1.0000 -0.0006
vn -0.0000 -1.0000 -0.0006
vn 0.0001 -1.0000 -0.0006
vn 0.0002 -1.0000 -0.0006
vn 0.0004 -1.0000 -0.0005
vn 0.0004 -1.0000 -0.0004
vn 0.0005 -1.0000 -0.0004
vn 0.0006 -1.0000 -0.0002
vn 0.0006 -1.0000 -0.0001
vn -0.0000 -0.8380 -0.5456
vn 0.4999 -0.7247 -0.4742
vn 0.8659 -0.4151 -0.2790
vn 0.9999 0.0078 -0.0123
vn 0.8659 0.4307 0.2543
vn 0.4999 0.7402 0.4495
vn -0.0000 0.8536 0.5210
vn -0.5000 0.7402 0.4495
vn -0.4999 0.7402 0.4495
vn -0.8659 0.4307 0.2543
vn -0.9999 0.0078 -0.0123
vn -0.8659 -0.4151 -0.2790
vn -0.5262 0.4536 -0.7193
vn -0.4557 0.6761 -0.5790
vn -0.4999 -0.7247 -0.4742
vn -0.0000 -0.4530 0.8915
vn -0.0462 -0.4634 0.8849
vn 0.8683 0.4093 0.2801
vn 0.8716 0.3802 0.3094
vn 0.5054 0.6702 0.5435
vn -0.2631 0.8390 -0.4763
vn -0.0000 0.8986 -0.4387
vn 0.2631 0.8390 -0.4763
vn 0.4557 0.6761 -0.5790
vn 0.5262 0.4536 -0.7193
vn -0.0000 0.0085 -1.0000
vn -0.2631 0.0681 -0.9624
vn 0.2631 0.0681 -0.9624
vn 0.4557 0.2310 -0.8596
vn -0.4557 0.2310 -0.8596
vn 0.0462 -0.4634 0.8849
vn 0.0800 -0.4920 0.8669
vn 0.0923 -0.5311 0.8423
vn -0.0462 -0.5987 0.7996
vn -0.0000 -0.6092 0.7930
vn 0.0462 -0.5987 0.7996
vn 0.0800 -0.5701 0.8176
vn -0.0800 -0.5701 0.8176
vn -0.0923 -0.5311 0.8423
vn -0.0800 -0.4920 0.8669
vn -0.5054 0.6702 0.5435
vn -0.8716 0.3802 0.3094
vn -0.8683 0.4093 0.2801
vn -0.4936 -0.6751 -0.5483
vn -0.0000 -0.7760 -0.6307
vn -0.0000 -0.8259 -0.5638
vn 0.4970 -0.7169 -0.4889
vn 0.4936 -0.6751 -0.5483
vn 0.8598 -0.3969 -0.3213
vn -0.9999 -0.0113 -0.0078
vn -1.0000 -0.0055 -0.0023
vn 0.5022 0.7143 0.4874
vn 0.0001 0.7770 0.6295
vn 0.5073 0.1526 0.8481
vn 0.5077 -0.0260 0.8611
vn -0.0000 -0.0298 0.9996
vn 0.8632 -0.4175 -0.2838
vn 0.9999 -0.0113 -0.0078
vn -0.8598 -0.3969 -0.3213
vn -0.8632 -0.4175 -0.2838
vn -0.5022 0.7143 0.4874
vn -0.0000 0.8262 0.5633
vn -0.0001 0.7770 0.6295
vn 1.0000 -0.0055 -0.0023
vn -0.4970 -0.7169 -0.4889
vn -0.8728 0.1789 0.4541
vn -0.5068 0.3178 0.8013
vn -0.5073 0.1526 0.8481
vn -0.0000 0.6621 0.7494
vn 0.4929 -0.3154 -0.8109
vn 0.4929 -0.1497 -0.8571
vn 0.8588 -0.0888 -0.5045
vn -0.0000 0.3693 0.9293
vn -0.0001 0.1776 0.9841
vn -0.4925 0.0294 -0.8698
vn -0.8584 0.0167 -0.5127
vn -0.8556 0.1448 -0.4970
vn -0.0000 -0.3619 -0.9322
vn -0.0000 -0.1717 -0.9851
vn -0.4929 -0.3154 -0.8109
vn -0.4929 -0.1497 -0.8571
vn -0.8589 -0.1866 -0.4769
vn -0.9999 -0.0063 -0.0147
vn -0.9999 -0.0030 -0.0162
vn 0.5068 0.3178 0.8013
vn 0.0001 0.1776 0.9841
vn -0.8588 -0.0888 -0.5045
vn 0.8728 0.1789 0.4541
vn 0.8732 0.0856 0.4799
vn -0.8732 0.0856 0.4799
vn 0.9999 -0.0063 -0.0147
vn 0.9999 -0.0030 -0.0162
vn -0.8599 -0.3373 -0.3831
vn -0.9999 -0.0094 -0.0102
vn -0.9999 -0.0075 -0.0113
vn 0.9999 -0.0094 -0.0102
vn 0.8719 0.3238 0.3673
vn -0.0000 -0.6598 -0.7514
vn 0.4939 -0.5739 -0.6532
vn -0.5059 0.5710 0.6466
vn 0.5059 0.5710 0.6466
vn -0.4939 -0.5739 -0.6532
vn 0.8599 -0.3373 -0.3831
vn -0.8719 0.3238 0.3673
vn 0.8599 -0.2686 -0.4341
vn 0.8589 -0.1866 -0.4769
vn -0.0001 0.5300 0.8480
vn 0.9999 -0.0075 -0.0113
vn 0.8717 0.2588 0.4162
vn -0.8599 -0.2686 -0.4341
vn -0.0000 -0.5241 -0.8517
vn 0.4938 -0.4562 -0.7403
vn -0.5056 0.4568 0.7319
vn 0.5056 0.4568 0.7319
vn -0.4938 -0.4562 -0.7403
vn -0.8717 0.2588 0.4162
vn 0.0001 0.5300 0.8480
vn -0.5077 -0.0260 0.8611
vn 0.4925 0.0294 -0.8698
vn 0.8584 0.0167 -0.5127
vn -0.9998 0.0002 -0.0175
vn 0.8736 -0.0154 0.4864
vn -0.0000 0.0342 -0.9994
vn 0.9998 0.0002 -0.0175
vn -0.8736 -0.0154 0.4864
vn -0.4897 0.2425 -0.8375
vn -0.8511 0.3112 -0.4227
vn 0.4897 0.2425 -0.8375
vn 0.8556 0.1448 -0.4970
vn -0.9997 0.0076 -0.0222
vn 0.8759 -0.1330 0.4638
vn 0.5099 -0.2376 0.8267
vn -0.0000 0.2777 -0.9607
vn 0.9997 0.0076 -0.0222
vn -0.8759 -0.1330 0.4638
vn 0.0001 -0.2762 0.9611
vn -0.5099 -0.2376 0.8267
vn -0.0001 -0.2762 0.9611
vn -0.0000 -0.5907 0.8069
vn -0.0000 -0.8189 0.5740
vn -0.5055 -0.7079 0.4933
vn 0.4857 0.5186 -0.7037
vn 0.8511 0.3112 -0.4227
vn -0.9994 0.0204 -0.0279
vn 0.8811 -0.2799 0.3813
vn 0.5157 -0.5063 0.6911
vn -0.0000 0.5934 -0.8049
vn 0.9994 0.0204 -0.0279
vn -0.8811 -0.2799 0.3813
vn -0.4857 0.5186 -0.7037
vn -0.5157 -0.5063 0.6911
vn -0.8732 -0.4019 0.2758
vn -0.5080 -0.8148 0.2792
vn -0.8546 0.4319 -0.2883
vn -0.4876 0.7283 -0.4815
vn 0.4876 0.7283 -0.4815
vn -0.9998 0.0179 -0.0126
vn 0.8732 -0.4019 0.2758
vn -0.0000 0.8350 -0.5502
vn 0.8546 0.4319 -0.2883
vn 0.9998 0.0179 -0.0126
vn 0.5055 -0.7079 0.4933
vn 0.5080 -0.8148 0.2792
vn 0.5105 -0.8490 0.1360
vn -0.0000 -0.9836 0.1801
vn -0.0000 -0.9416 0.3367
vn -0.8524 0.5047 -0.1368
vn 0.4860 0.8458 -0.2199
vn 0.8524 0.5047 -0.1367
vn -0.9996 0.0270 -0.0087
vn 0.8759 -0.4605 0.1437
vn -0.0000 0.9686 -0.2485
vn 0.9996 0.0270 -0.0087
vn -0.8759 -0.4605 0.1437
vn -0.4860 0.8458 -0.2199
vn -0.5105 -0.8490 0.1360
vn -0.8420 0.5382 -0.0388
vn 0.4733 0.8790 -0.0584
vn 0.8420 0.5382 -0.0388
vn -0.9991 0.0427 -0.0020
vn 0.8791 -0.4731 0.0580
vn -0.0000 0.9979 -0.0646
vn 0.9991 0.0427 -0.0020
vn -0.8791 -0.4731 0.0580
vn -0.4733 0.8790 -0.0584
vn -0.0000 -0.0001 -1.0000
vn 0.0619 0.9981 -0.0000
vn 0.0572 0.9981 0.0237
vn -0.4415 0.8767 0.1908
vn -0.3223 0.8869 0.3309
vn -0.4074 0.8465 0.3427
vn -0.0437 0.9981 0.0437
vn -0.0237 0.9981 0.0572
vn -0.0437 0.9981 -0.0437
vn -0.0237 0.9981 -0.0571
vn 0.0437 0.9981 -0.0437
vn 0.0572 0.9981 -0.0237
vn -0.0000 0.9981 0.0619
vn 0.0237 0.9981 0.0572
vn -0.0000 0.9981 -0.0619
vn 0.0237 0.9981 -0.0572
vn -0.0619 0.9981 -0.0000
vn -0.0572 0.9981 -0.0237
vn 0.0437 0.9981 0.0437
vn -0.0572 0.9981 0.0237
vn -0.0237 0.9981 -0.0572
vn -0.0000 -0.0107 -0.9999
vn -0.3813 0.0684 -0.9219
vn -0.3347 -0.6649 -0.6677
vn 0.4993 0.8443 -0.1946
vn 0.7575 0.5638 -0.3292
vn 0.6983 0.7146 -0.0408
vn -0.5057 0.8627 0.0089
vn -0.5732 0.7992 0.1808
vn 0.5057 0.8627 0.0089
vn 0.5732 0.7992 0.1808
vn -0.4993 0.8443 -0.1946
vn -0.6983 0.7146 -0.0408
vn 0.4415 0.8767 0.1908
vn 0.4074 0.8465 0.3427
vn -0.4162 0.8206 -0.3918
vn -0.7575 0.5638 -0.3292
vn 0.3223 0.8869 0.3309
vn 0.2110 0.8708 0.4441
vn -0.2676 0.7782 -0.5682
vn -0.6743 0.3233 -0.6639
vn 0.1673 0.8937 0.4162
vn -0.0000 0.8779 0.4788
vn -0.0000 0.7127 -0.7015
vn 0.3813 0.0684 -0.9219
vn -0.0001 0.7127 -0.7015
vn -0.1673 0.8937 0.4162
vn -0.0000 0.8962 0.4437
vn 0.2676 0.7782 -0.5682
vn 0.6743 0.3233 -0.6639
vn -0.2110 0.8708 0.4441
vn 0.4162 0.8206 -0.3918
vn -0.0000 0.8551 0.5185
vn 0.3347 -0.6649 -0.6677
vn 0.6396 -0.4119 -0.6491
vn -0.3610 0.8148 0.4537
vn 0.8498 -0.0914 -0.5192
vn -0.6746 0.6874 0.2689
vn 0.9355 0.2099 -0.2844
vn -0.8786 0.4775 0.0019
vn 0.8786 0.4775 0.0019
vn -0.9355 0.2099 -0.2844
vn 0.6746 0.6874 0.2689
vn -0.8498 -0.0914 -0.5192
vn 0.3610 0.8148 0.4537
vn -0.6396 -0.4119 -0.6491
vn -0.0000 -0.7581 -0.6521
vn -0.0000 0.7071 0.7071
vn -0.0000 0.7928 0.6095
vn -0.0000 0.7071 -0.7071
vn -0.0000 -0.9918 -0.1279
vn -0.0000 -0.7928 0.6095
vn -0.0000 -0.7071 0.7071
vn -0.6095 0.7928 -0.0000
vn 0.6724 0.7402 -0.0000
vn 0.6095 0.7928 -0.0000
vn 0.9958 0.0911 -0.0000
vn 0.7475 -0.6642 -0.0000
vn 0.6095 -0.7928 -0.0000
vn -0.7475 -0.6642 -0.0000
vn -0.6095 -0.7928 -0.0000
vn -0.9958 0.0911 -0.0000
vn -0.6724 0.7402 -0.0000
vn -0.0000 0.9918 -0.1279
vn -0.0000 -0.7071 -0.7071
vn 0.9239 -0.3769 -0.0662
vn -0.5227 -0.3559 0.7747
vn -0.4001 -0.5366 0.7429
vn 0.4001 0.2514 0.8813
vn 0.2165 0.3722 0.9025
vn -0.2165 -0.6574 0.7217
vn -0.0000 0.4146 0.9100
vn -0.0000 -0.6999 0.7143
vn 0.2165 -0.6574 0.7217
vn -0.2165 0.3722 0.9025
vn 0.4001 -0.5366 0.7429
vn -0.4001 0.2514 0.8813
vn 0.5227 -0.3559 0.7747
vn -0.5227 0.0706 0.8496
vn 0.5658 -0.1426 0.8121
vn -0.5658 -0.1426 0.8121
vn 0.5227 0.0706 0.8496
vn -0.0000 0.8979 -0.4401
vn -0.0000 0.9402 -0.3407
vn -0.3318 0.8752 -0.3521
vn -0.9239 0.3769 0.0662
vn 0.9239 0.3769 0.0662
vn -0.9239 -0.3769 -0.0662
vn 0.7071 0.6965 0.1223
vn -0.7071 -0.6965 -0.1223
vn -0.7071 -0.6964 -0.1223
vn 0.3827 0.9100 0.1598
vn -0.3827 -0.9100 -0.1598
vn -0.0000 0.9849 0.1729
vn -0.0000 -0.9849 -0.1729
vn 0.3827 -0.9100 -0.1598
vn -0.0000 -0.9849 -0.1730
vn -0.3827 0.9100 0.1598
vn 0.7071 -0.6964 -0.1223
vn 0.7071 -0.6965 -0.1223
vn -0.7071 0.6965 0.1223
vn -0.8011 -0.2407 -0.5481
vn -0.8513 -0.2801 -0.4437
vn -0.6515 -0.5745 -0.4954
vn 0.3093 -0.6337 -0.7091
vn 0.3318 -0.7028 -0.6292
vn 0.6131 -0.5177 -0.5967
vn -0.3093 0.8373 -0.4508
vn -0.6131 0.6900 -0.3846
vn 0.7468 -0.2028 -0.6334
vn 0.5715 -0.4611 -0.6788
vn -0.7468 0.4065 -0.5264
vn -0.5715 0.6648 -0.4811
vn 0.8083 0.1018 -0.5799
vn 0.8011 -0.2407 -0.5481
vn -0.8083 0.1018 -0.5799
vn -0.8011 0.4130 -0.4333
vn 0.8671 0.0862 -0.4907
vn 0.8011 0.4130 -0.4333
vn -0.8671 0.0862 -0.4907
vn 0.7468 0.4065 -0.5264
vn 0.6131 0.6900 -0.3846
vn -0.7468 -0.2028 -0.6334
vn -0.6131 -0.5177 -0.5967
vn 0.3093 0.8373 -0.4508
vn 0.5715 0.6648 -0.4811
vn -0.3093 -0.6337 -0.7091
vn -0.5715 -0.4611 -0.6788
vn 0.3318 0.8752 -0.3521
vn -0.0000 -0.6943 -0.7197
vn -0.0000 -0.7678 -0.6406
vn -0.3318 -0.7028 -0.6292
vn 0.6515 0.7089 -0.2700
vn 0.3526 0.9056 -0.2355
vn -0.3526 -0.7712 -0.5300
vn -0.0000 0.9747 -0.2234
vn -0.0000 -0.8403 -0.5421
vn 0.3526 -0.7712 -0.5300
vn 0.6515 -0.5745 -0.4954
vn -0.3526 0.9056 -0.2355
vn 0.8513 -0.2801 -0.4437
vn -0.6515 0.7089 -0.2700
vn 0.9214 0.0672 -0.3827
vn -0.8513 0.4145 -0.3217
vn -0.9214 0.0672 -0.3827
vn 0.8513 0.4145 -0.3217
vn -0.0000 0.1730 -0.9849
vn -0.0000 0.1729 -0.9849
vn 0.4782 0.4350 0.7629
vn 0.4271 0.4240 0.7987
vn 0.4270 0.4240 0.7986
vn 0.1647 0.5081 0.8454
vn 0.2540 0.4955 0.8306
vn 0.1544 0.8426 0.5160
vn 0.8454 0.5081 0.1647
vn 0.5024 0.8591 0.0973
vn 0.5160 0.8426 0.1544
vn 0.2711 -0.7058 0.6545
vn 0.3936 -0.7058 0.5890
vn 0.6545 -0.7058 0.2711
vn 0.6948 -0.7058 0.1382
vn 0.1382 -0.7058 0.6948
vn 0.5890 -0.7058 0.3936
vn 0.5009 -0.7058 0.5009
vn -0.9901 0.1402 -0.0000
vn -0.9901 0.1403 -0.0000
vn -0.9791 0.1100 0.1710
vn 0.3228 0.8897 0.3228
vn 0.2489 0.8854 0.3927
vn 0.2419 0.8919 0.3821
vn 0.3927 0.8854 0.2489
vn 0.4755 0.5172 0.7116
vn 0.6079 0.5108 0.6079
vn 0.6027 0.5249 0.6010
vn 0.0021 1.0000 0.0033
vn 0.0002 1.0000 -0.0002
vn 0.0037 1.0000 0.0012
vn 0.8786 0.2479 0.4081
vn 0.8063 0.2480 0.5370
vn 0.8915 0.2316 0.3892
vn 0.0022 1.0000 0.0004
vn 0.0071 1.0000 -0.0001
vn 0.0049 1.0000 0.0002
vn 0.0011 1.0000 0.0007
vn 0.0003 1.0000 0.0002
vn 0.0003 1.0000 0.0021
vn 0.5152 -0.7849 0.3443
vn 0.5725 -0.7849 0.2371
vn 0.4382 -0.7849 0.4382
vn 0.3443 -0.7849 0.5152
vn 0.2371 -0.7849 0.5725
vn 0.1209 -0.7849 0.6078
vn -0.6197 -0.7849 -0.0000
vn -0.6078 -0.7849 0.1209
vn -0.0894 -0.8888 -0.4495
vn -0.1754 -0.8888 -0.4234
vn -0.2546 -0.8888 -0.3811
vn -0.3241 -0.8888 -0.3241
vn -0.3811 -0.8888 -0.2546
vn -0.4234 -0.8888 -0.1754
vn -0.4495 -0.8888 -0.0894
vn -0.5350 -0.2698 -0.8006
vn -0.6809 -0.2698 -0.6809
vn -0.3685 -0.2698 -0.8896
vn -0.1879 -0.2698 -0.9444
vn -0.9444 -0.2698 -0.1879
vn -0.8896 -0.2698 -0.3685
vn -0.8006 -0.2698 -0.5350
vn -0.3357 0.3781 0.8628
vn -0.3294 0.3716 0.8680
vn -0.0714 0.6004 0.7965
vn 0.6852 0.2468 0.6852
vn 0.5344 0.2499 0.8074
vn 0.5363 0.2486 0.8066
vn 0.1289 0.9024 0.4112
vn 0.1281 0.8962 0.4247
vn 0.0863 0.9027 0.4215
vn 0.1805 0.8850 0.4292
vn 0.1939 0.8718 0.4498
vn -0.4144 0.6310 0.6558
vn -0.5119 0.6194 0.5953
vn -0.4484 0.6186 0.6452
vn 0.9388 0.2092 0.2737
vn 0.9385 0.2066 0.2766
vn 0.9587 0.2136 0.1878
vn 0.4216 0.9027 0.0863
vn 0.4247 0.8962 0.1281
vn 0.4113 0.9024 0.1290
vn -0.6006 0.3159 0.7345
vn -0.5962 0.3645 0.7153
vn -0.5015 0.4192 0.7568
vn 0.2853 0.2071 0.9358
vn 0.1791 0.2306 0.9564
vn 0.1834 0.2245 0.9571
vn -0.4170 0.4682 0.7790
vn -0.4446 0.4784 0.7573
vn 0.2183 0.0899 0.9717
vn 0.1710 0.1100 0.9791
vn 0.0920 0.1916 0.9772
vn 0.7334 0.3162 -0.6018
vn 0.7333 0.4682 -0.4929
vn 0.7519 0.4219 -0.5065
vn 0.1878 0.2136 0.9587
vn 0.2766 0.2067 0.9385
vn 0.2737 0.2093 0.9388
vn 0.4292 0.8850 0.1805
vn 0.4608 0.8772 0.1348
vn 0.4498 0.8718 0.1939
vn 0.0006 1.0000 0.0010
vn 0.0001 1.0000 0.0049
vn 0.8297 0.5041 0.2398
vn 0.7921 0.5137 0.3297
vn 0.8439 0.5094 0.1682
vn 0.2398 0.5041 0.8297
vn 0.1683 0.5092 0.8440
vn 0.1682 0.5094 0.8439
vn -0.2568 0.7282 0.6354
vn -0.2586 0.7265 0.6367
vn 0.0714 0.6004 0.7965
vn 0.8628 0.3781 0.3357
vn 0.8680 0.3716 0.3294
vn 0.7965 0.6004 0.0714
vn 0.9520 -0.0984 0.2897
vn 0.9521 -0.0980 0.2895
vn 0.9757 -0.1003 0.1948
vn 0.2897 -0.0984 0.9520
vn 0.1948 -0.1005 0.9757
vn 0.1948 -0.1003 0.9757
vn 0.6401 0.4295 0.6371
vn 0.6410 0.4264 0.6382
vn 0.7547 0.4371 0.4893
vn 0.4908 0.4357 0.7545
vn 0.7643 0.4358 0.4754
vn 0.7986 0.4241 0.4270
vn 0.6354 0.7282 -0.2568
vn 0.7777 0.6279 0.0312
vn 0.3357 0.3781 0.8628
vn 0.0312 0.6279 0.7776
vn 0.2400 0.9695 0.0499
vn 0.2501 0.9673 0.0432
vn 0.3991 0.9078 -0.1292
vn -0.1237 0.9067 0.4032
vn 0.0432 0.9672 0.2501
vn 0.0506 0.9693 0.2407
vn -0.0002 1.0000 0.0003
vn -0.0000 1.0000 0.0001
vn -0.0001 1.0000 0.0001
vn 0.0001 1.0000 -0.0001
vn 0.0003 1.0000 -0.0002
vn -0.0002 1.0000 0.0001
vn 0.0012 1.0000 0.0037
vn 0.6558 0.6310 0.4144
vn 0.6552 0.6312 0.4151
vn 0.5491 0.6330 0.5457
vn 0.4160 0.6314 0.6545
vn 0.5489 0.6328 0.5462
vn 0.4185 0.6317 0.6525
vn 0.4576 0.6173 0.6400
vn 0.5953 0.6194 0.5119
vn 0.6533 0.6807 0.3314
vn 0.6571 0.6647 0.3556
vn 0.5175 0.6145 0.5955
vn 0.3689 0.6597 0.6547
vn 0.6452 0.6186 0.4484
vn -0.0000 -0.7058 -0.7084
vn 0.1382 -0.7058 -0.6948
vn -0.0000 -0.7849 -0.6197
vn -0.1209 -0.7849 -0.6078
vn -0.4583 -0.8888 -0.0000
vn -0.4495 -0.8888 0.0894
vn -0.0000 1.0000 -0.0093
vn 0.0006 1.0000 -0.0094
vn 0.0041 1.0000 -0.0078
vn 0.0033 1.0000 0.0021
vn -0.5152 -0.7849 0.3443
vn -0.5725 -0.7849 0.2371
vn 0.9772 0.1916 0.0920
vn 0.9791 0.1100 0.1710
vn 0.9717 0.0899 0.2183
vn -0.0000 1.0000 0.0093
vn -0.0006 1.0000 0.0094
vn -0.0041 1.0000 0.0078
vn -0.0024 0.6969 -0.7172
vn -0.0042 0.6969 -0.7172
vn 0.3556 0.6647 -0.6571
vn -0.0000 0.8559 -0.5172
vn -0.0973 0.8591 -0.5024
vn -0.0033 1.0000 -0.0021
vn -0.0094 1.0000 -0.0006
vn -0.0104 0.9999 -0.0044
vn -0.0087 0.9999 -0.0056
vn -0.0101 0.9999 -0.0061
vn -0.0081 0.9999 -0.0081
vn -0.1683 0.5092 0.8440
vn -0.1682 0.5094 0.8439
vn -0.0000 0.5092 0.8606
vn 0.7790 0.4682 -0.4170
vn 0.7153 0.3645 -0.5962
vn 0.7680 0.5207 0.3728
vn 0.7250 0.5259 0.4448
vn 0.3728 0.5207 0.7680
vn 0.3296 0.5136 0.7922
vn 0.4478 0.5248 0.7239
vn 0.7111 0.5182 0.4751
vn 0.8068 0.2505 0.5351
vn 0.4068 0.2479 0.8792
vn 0.3881 0.2361 0.8909
vn 0.9366 0.2022 0.2862
vn 0.9577 0.2231 0.1819
vn 0.4727 0.8762 0.0938
vn -0.0403 0.2723 0.9614
vn -0.2232 0.8366 0.5003
vn 0.7573 0.4784 -0.4446
vn 0.9614 0.2723 -0.0403
vn 0.4939 0.8389 -0.2286
vn 0.1348 0.8772 0.4608
vn 0.0938 0.8762 0.4727
vn 0.4384 0.2728 0.8564
vn 0.3821 0.8919 0.2419
vn 0.8549 0.2786 0.4376
vn -0.0920 0.1916 0.9772
vn -0.1710 0.1100 0.9791
vn -0.2183 0.0899 0.9717
vn -0.7573 0.4784 -0.4446
vn -0.7790 0.4682 -0.4170
vn -0.9614 0.2723 -0.0403
vn -0.1544 0.8426 0.5160
vn -0.0973 0.8591 0.5024
vn -0.0033 1.0000 0.0021
vn -0.8297 0.5041 0.2398
vn -0.8440 0.5092 0.1683
vn -0.8439 0.5094 0.1682
vn -0.6354 0.7282 -0.2568
vn -0.6367 0.7265 -0.2586
vn -0.7965 0.6004 0.0714
vn -0.0021 1.0000 0.0003
vn -0.0010 1.0000 0.0006
vn -0.0049 1.0000 0.0001
vn -0.0004 1.0000 0.0022
vn 0.0001 1.0000 0.0071
vn -0.0002 1.0000 0.0049
vn -0.0000 0.5117 -0.8592
vn -0.1647 0.5081 -0.8454
vn -0.7922 0.5136 0.3296
vn -0.7116 0.5172 0.4755
vn -0.7239 0.5248 0.4478
vn 0.2568 0.7282 0.6354
vn -0.0312 0.6279 0.7777
vn -0.6555 0.6807 0.3271
vn -0.6547 0.6597 0.3689
vn -0.7171 0.6969 0.0042
vn -0.0863 0.9027 -0.4215
vn -0.0000 0.9036 -0.4284
vn 0.3443 -0.7849 -0.5152
vn 0.2371 -0.7849 -0.5725
vn -0.0863 0.9027 0.4215
vn -0.0851 0.9040 0.4190
vn -0.0000 0.9036 0.4284
vn 0.0894 -0.8888 -0.4495
vn -0.0000 -0.8888 -0.4583
vn -0.1805 0.8850 0.4292
vn -0.2489 0.8854 0.3927
vn -0.2419 0.8919 0.3822
vn -0.9717 0.0899 0.2183
vn -0.9772 0.1915 0.0920
vn -0.6852 0.2468 0.6852
vn -0.8074 0.2499 0.5344
vn -0.8792 0.2479 0.4068
vn -0.9358 0.2071 0.2853
vn -0.8909 0.2361 0.3881
vn -0.0938 0.8762 0.4727
vn -0.1939 0.8718 0.4498
vn -0.1348 0.8772 0.4608
vn -0.4382 -0.7849 0.4382
vn -0.3443 -0.7849 0.5152
vn 0.5065 0.4219 0.7519
vn 0.4929 0.4682 0.7333
vn 0.2286 0.8389 0.4939
vn 0.4170 0.4682 0.7790
vn 0.6018 0.3162 0.7334
vn 0.5962 0.3645 0.7153
vn -0.1281 0.8962 0.4247
vn -0.1289 0.9024 0.4112
vn -0.4292 0.8850 0.1805
vn -0.3927 0.8854 0.2489
vn -0.4498 0.8718 0.1939
vn -0.3297 0.5137 0.7921
vn -0.3728 0.5207 0.7680
vn -0.4448 0.5259 0.7249
vn -0.7629 0.4350 0.4782
vn -0.7986 0.4240 0.4271
vn -0.7986 0.4241 0.4271
vn 0.0002 1.0000 0.0001
vn -0.0012 1.0000 0.0037
vn -0.6371 0.4295 0.6401
vn -0.7545 0.4357 0.4908
vn -0.2897 -0.0984 0.9520
vn -0.2895 -0.0980 0.9521
vn -0.1948 -0.1003 0.9757
vn 0.1754 -0.8888 -0.4234
vn -0.5152 -0.7849 -0.3443
vn -0.4382 -0.7849 -0.4382
vn -0.3314 0.6807 0.6533
vn -0.3556 0.6647 0.6571
vn -0.4608 0.8772 0.1348
vn -0.4727 0.8762 0.0938
vn -0.7680 0.5207 0.3728
vn -0.9587 0.2136 0.1878
vn -0.9385 0.2067 0.2766
vn -0.9388 0.2093 0.2737
vn -0.7568 0.4192 -0.5015
vn -0.4032 0.9067 -0.1237
vn -0.5003 0.8366 -0.2232
vn -0.3821 0.8919 0.2419
vn -0.5351 0.2505 0.8068
vn 0.8006 -0.2698 -0.5350
vn 0.6809 -0.2698 -0.6809
vn -0.4113 0.9024 0.1289
vn -0.4247 0.8962 0.1281
vn -0.4216 0.9027 0.0863
vn -0.6545 -0.7058 0.2711
vn -0.5890 -0.7058 0.3936
vn -0.2371 -0.7849 0.5725
vn -0.1209 -0.7849 0.6078
vn 0.0082 0.9999 -0.0083
vn 0.0081 0.9999 -0.0081
vn 0.0100 0.9999 -0.0062
vn -0.8564 0.2728 0.4384
vn -0.4081 0.2479 0.8786
vn -0.5370 0.2480 0.8063
vn -0.3892 0.2316 0.8915
vn -0.4376 0.2786 0.8549
vn -0.6545 0.6314 0.4160
vn -0.6525 0.6317 0.4185
vn -0.6400 0.6173 0.4576
vn 0.4495 -0.8888 -0.0894
vn 0.4234 -0.8888 -0.1754
vn 0.9444 -0.2698 -0.1878
vn 0.9444 -0.2698 -0.1879
vn 0.8896 -0.2698 -0.3685
vn -0.6948 -0.7058 0.1382
vn 0.3241 -0.8888 -0.3241
vn 0.2546 -0.8888 -0.3811
vn -0.0432 0.9673 -0.2501
vn -0.0000 0.9659 -0.2590
vn -0.0000 0.9658 -0.2593
vn 0.3811 -0.8888 -0.2546
vn -0.2501 0.9673 0.0432
vn -0.2407 0.9693 0.0506
vn -0.0935 0.8761 -0.4729
vn -0.0938 0.8762 -0.4727
vn -0.0000 0.8761 -0.4821
vn 0.0094 1.0000 0.0006
vn 0.0104 0.9999 0.0044
vn 0.0087 0.9999 0.0056
vn -0.2862 0.2022 0.9366
vn -0.1819 0.2231 0.9577
vn -0.0000 0.8559 0.5172
vn -0.2398 0.5041 0.8297
vn -0.0002 1.0000 -0.0002
vn -0.0021 1.0000 0.0033
vn -0.0037 1.0000 0.0012
vn -0.7345 0.3159 -0.6006
vn -0.7153 0.3645 -0.5962
vn -0.0003 1.0000 -0.0002
vn -0.0001 1.0000 -0.0000
vn 0.5725 -0.7849 -0.2371
vn 0.6078 -0.7849 -0.1209
vn 0.5350 -0.2698 -0.8006
vn 0.3685 -0.2698 -0.8896
vn -0.8628 0.3781 0.3357
vn -0.7777 0.6279 0.0312
vn -0.1647 0.5081 0.8454
vn -0.9520 -0.0984 0.2897
vn -0.9757 -0.1005 0.1948
vn -0.9757 -0.1003 0.1948
vn -0.5160 0.8426 0.1544
vn -0.3228 0.8897 0.3228
vn -0.4151 0.6312 0.6552
vn -0.5457 0.6330 0.5491
vn 0.0096 0.9999 -0.0049
vn -0.4751 0.5182 0.7111
vn -0.6010 0.5249 0.6027
vn -0.9564 0.2306 0.1791
vn -0.9731 0.2306 -0.0000
vn -0.5009 -0.7058 0.5009
vn -0.5955 0.6145 0.5175
vn -0.5462 0.6328 0.5489
vn 0.0104 0.9999 -0.0095
vn 0.0095 0.9999 -0.0040
vn -0.0001 1.0000 -0.0001
vn -0.0004 1.0000 -0.0001
vn 0.0002 1.0000 0.0003
vn -0.8454 0.5081 0.1647
vn -0.8306 0.4955 0.2540
vn -0.8592 0.5117 -0.0000
vn -0.5024 0.8591 0.0973
vn -0.0000 -0.1004 0.9949
vn -0.1948 -0.1005 0.9757
vn -0.0022 1.0000 -0.0004
vn -0.0011 1.0000 -0.0007
vn -0.8454 0.5081 -0.1647
vn -0.5024 0.8591 -0.0973
vn -0.5160 0.8426 -0.1544
vn -0.8297 0.5041 -0.2398
vn -0.7680 0.5207 -0.3728
vn -0.7921 0.5137 -0.3297
vn -0.4755 0.5172 -0.7116
vn -0.6079 0.5108 -0.6079
vn -0.6027 0.5249 -0.6010
vn 0.0938 0.8762 -0.4727
vn -0.1544 0.8426 -0.5160
vn -0.0012 1.0000 -0.0037
vn -0.0044 0.9999 0.0104
vn -0.0056 0.9999 0.0087
vn 0.9901 0.1402 -0.0000
vn 0.9901 0.1403 -0.0000
vn 0.9791 0.1100 -0.1710
vn -0.6558 0.6310 -0.4144
vn -0.6552 0.6312 -0.4151
vn -0.5491 0.6330 -0.5457
vn -0.4729 0.8761 0.0935
vn -0.4821 0.8761 -0.0000
vn -0.3821 0.8919 -0.2419
vn -0.3927 0.8854 -0.2489
vn -0.3228 0.8897 -0.3228
vn -0.7084 -0.7058 -0.0000
vn -0.6948 -0.7058 -0.1382
vn -0.0003 1.0000 -0.0021
vn -0.0006 1.0000 -0.0010
vn -0.0001 1.0000 -0.0049
vn -0.6545 -0.7058 -0.2711
vn -0.2711 -0.7058 -0.6545
vn -0.3936 -0.7058 -0.5890
vn -0.5009 -0.7058 -0.5009
vn -0.5890 -0.7058 -0.3936
vn 0.0432 0.9673 -0.2501
vn 0.8006 -0.2698 0.5350
vn 0.8896 -0.2698 0.3685
vn 0.6809 -0.2698 0.6809
vn 0.6197 -0.7849 -0.0000
vn -0.5725 -0.7849 -0.2371
vn -0.9388 0.2092 -0.2737
vn -0.9385 0.2066 -0.2766
vn -0.9587 0.2136 -0.1878
vn 0.4234 -0.8888 0.1754
vn 0.4495 -0.8888 0.0894
vn -0.6078 -0.7849 -0.1209
vn -0.5953 0.6194 -0.5119
vn -0.6533 0.6807 -0.3314
vn -0.6571 0.6647 -0.3556
vn -0.6401 0.4295 -0.6371
vn -0.4782 0.4350 -0.7630
vn -0.4908 0.4357 -0.7545
vn -0.8068 0.2505 -0.5351
vn -0.6852 0.2468 -0.6852
vn -0.9520 -0.0984 -0.2897
vn -0.9521 -0.0980 -0.2895
vn -0.9757 -0.1003 -0.1948
vn -0.3443 -0.7849 -0.5152
vn 0.5350 -0.2698 0.8006
vn 0.1879 -0.2698 0.9444
vn 0.3685 -0.2698 0.8896
vn -0.1289 0.9024 -0.4112
vn -0.1281 0.8962 -0.4247
vn -0.0000 -0.7849 0.6197
vn -0.2371 -0.7849 -0.5725
vn 0.0101 0.9999 0.0061
vn -0.1348 0.8772 -0.4608
vn -0.1939 0.8718 -0.4498
vn -0.4216 0.9027 -0.0863
vn -0.4190 0.9040 -0.0851
vn -0.4284 0.9036 -0.0000
vn -0.2419 0.8919 -0.3821
vn -0.2489 0.8854 -0.3927
vn -0.1805 0.8850 -0.4292
vn 0.5015 0.4192 -0.7568
vn 0.1237 0.9067 -0.4032
vn 0.2232 0.8366 -0.5003
vn -0.1878 0.2136 -0.9587
vn -0.2766 0.2067 -0.9385
vn -0.2737 0.2093 -0.9388
vn -0.5172 0.8559 -0.0000
vn -0.4292 0.8850 -0.1805
vn -0.4608 0.8772 -0.1348
vn -0.4498 0.8718 -0.1939
vn 0.9444 -0.2698 0.1879
vn -0.4247 0.8962 -0.1281
vn -0.4113 0.9024 -0.1290
vn -0.5344 0.2499 -0.8074
vn -0.5363 0.2486 -0.8066
vn -0.7250 0.5259 -0.4448
vn -0.0021 1.0000 -0.0033
vn -0.0002 1.0000 0.0002
vn -0.0037 1.0000 -0.0012
vn -0.4271 0.4240 -0.7987
vn -0.4270 0.4240 -0.7986
vn -0.4727 0.8762 -0.0938
vn -0.9949 -0.1004 -0.0000
vn -0.9757 -0.1005 -0.1948
vn -0.4068 0.2479 -0.8792
vn -0.2853 0.2071 -0.9358
vn -0.3881 0.2361 -0.8909
vn -0.3728 0.5207 -0.7680
vn -0.2398 0.5041 -0.8297
vn -0.3296 0.5136 -0.7922
vn -0.0082 0.9999 0.0083
vn -0.0081 0.9999 0.0081
vn -0.0100 0.9999 0.0062
vn -0.7643 0.4358 -0.4754
vn -0.7547 0.4371 -0.4893
vn -0.7986 0.4241 -0.4270
vn -0.9576 0.2155 -0.1914
vn -0.9765 0.2155 -0.0000
vn -0.5175 0.6145 -0.5955
vn -0.4576 0.6173 -0.6400
vn -0.3689 0.6597 -0.6547
vn -0.1791 0.2306 -0.9564
vn -0.1834 0.2245 -0.9571
vn -0.2400 0.9695 -0.0499
vn -0.2501 0.9673 -0.0432
vn -0.3991 0.9078 0.1292
vn -0.7519 0.4219 0.5065
vn -0.7333 0.4682 0.4929
vn -0.4939 0.8389 0.2286
vn -0.6410 0.4264 -0.6382
vn 0.4446 0.4784 -0.7573
vn 0.4170 0.4682 -0.7790
vn 0.0403 0.2723 -0.9614
vn -0.4478 0.5248 -0.7239
vn -0.4384 0.2728 -0.8564
vn -0.7334 0.3162 0.6018
vn -0.3357 0.3781 -0.8628
vn -0.3661 0.4102 -0.8353
vn -0.3594 0.4032 -0.8415
vn 0.6006 0.3159 -0.7345
vn 0.5962 0.3645 -0.7153
vn -0.7573 0.4784 0.4446
vn -0.9772 0.1916 -0.0920
vn -0.9614 0.2723 0.0403
vn 0.9629 -0.2698 -0.0000
vn -0.2897 -0.0984 -0.9520
vn -0.1948 -0.1005 -0.9757
vn -0.1948 -0.1003 -0.9757
vn -0.4160 0.6314 -0.6545
vn -0.4185 0.6317 -0.6525
vn -0.0071 1.0000 0.0001
vn -0.0049 1.0000 -0.0002
vn 0.0002 1.0000 -0.0003
vn -0.1382 -0.7058 -0.6948
vn 0.3241 -0.8888 0.3241
vn 0.3811 -0.8888 0.2546
vn -0.9791 0.1100 -0.1710
vn 0.0062 0.9999 0.0100
vn 0.0081 0.9999 0.0081
vn 0.0049 0.9999 0.0096
vn 0.0002 1.0000 -0.0001
vn -0.8606 0.5092 -0.0000
vn -0.8440 0.5092 -0.1683
vn -0.8439 0.5094 -0.1682
vn -0.9569 0.2306 -0.1767
vn -0.9577 0.2231 -0.1819
vn -0.5489 0.6328 -0.5462
vn 0.2546 -0.8888 0.3811
vn -0.7172 0.6969 0.0024
vn 0.5172 0.8559 -0.0000
vn 0.5024 0.8591 -0.0973
vn 0.0021 1.0000 -0.0033
vn -0.0000 -0.1004 -0.9949
vn 0.1948 -0.1005 -0.9757
vn 0.1948 -0.1003 -0.9757
vn 0.8606 0.5092 -0.0000
vn 0.8439 0.5094 -0.1682
vn -0.8786 0.2479 -0.4081
vn -0.8063 0.2480 -0.5370
vn -0.8915 0.2316 -0.3892
vn -0.0506 0.9693 -0.2407
vn 0.0040 0.9999 0.0095
vn 0.6555 0.6807 -0.3271
vn 0.6547 0.6597 -0.3689
vn 0.7171 0.6969 -0.0042
vn -0.6452 0.6186 -0.4484
vn -0.2183 0.0899 -0.9717
vn -0.1710 0.1100 -0.9791
vn -0.0920 0.1915 -0.9772
vn 0.0033 1.0000 -0.0021
vn 0.1683 0.5092 -0.8440
vn 0.1682 0.5094 -0.8439
vn -0.0000 0.5092 -0.8606
vn 0.9571 0.2245 -0.1834
vn 0.9564 0.2306 -0.1791
vn 0.9731 0.2306 -0.0000
vn -0.9366 0.2022 -0.2862
vn -0.8549 0.2786 -0.4376
vn -0.1683 0.5092 -0.8440
vn -0.1682 0.5094 -0.8439
vn -0.0000 0.5117 0.8592
vn -0.8628 0.3781 -0.3357
vn -0.8680 0.3716 -0.3294
vn -0.7965 0.6004 -0.0714
vn 0.9949 -0.1004 -0.0000
vn 0.9757 -0.1003 -0.1948
vn -0.6354 0.7282 0.2568
vn -0.7777 0.6279 -0.0312
vn 0.2568 0.7282 -0.6354
vn 0.2586 0.7265 -0.6367
vn 0.2543 0.7307 -0.6335
vn -0.7111 0.5182 -0.4751
vn 0.0044 0.9999 -0.0104
vn 0.0056 0.9999 -0.0087
vn -0.1914 0.2155 -0.9576
vn -0.0000 0.2155 -0.9765
vn -0.4170 0.4682 -0.7790
vn -0.6018 0.3162 -0.7334
vn -0.5962 0.3645 -0.7153
vn 0.3821 0.8919 -0.2419
vn 0.3927 0.8854 -0.2489
vn 0.4292 0.8850 -0.1805
vn 0.7568 0.4192 0.5015
vn 0.4032 0.9067 0.1237
vn 0.5003 0.8366 0.2232
vn 0.9587 0.2136 -0.1878
vn 0.9385 0.2067 -0.2766
vn 0.9388 0.2093 -0.2737
vn 0.0973 0.8591 -0.5024
vn 0.1805 0.8850 -0.4292
vn 0.1348 0.8772 -0.4608
vn 0.1939 0.8718 -0.4498
vn -0.0061 0.9999 0.0101
vn -0.0095 0.9999 0.0040
vn -0.0096 0.9999 0.0049
vn 0.4608 0.8772 -0.1348
vn 0.4498 0.8718 -0.1939
vn 0.4727 0.8762 -0.0938
vn 0.0012 1.0000 -0.0037
vn -0.0104 0.9999 0.0095
vn 0.8628 0.3781 -0.3357
vn 0.7777 0.6279 -0.0312
vn 0.7965 0.6004 -0.0714
vn 0.7629 0.4350 -0.4782
vn 0.7986 0.4240 -0.4271
vn 0.7986 0.4241 -0.4271
vn -0.5065 0.4219 -0.7519
vn -0.4929 0.4682 -0.7333
vn -0.2286 0.8389 -0.4939
vn -0.9576 0.2155 0.1914
vn 0.2862 0.2022 -0.9366
vn 0.3892 0.2316 -0.8915
vn 0.1819 0.2231 -0.9577
vn 0.8792 0.2479 -0.4068
vn 0.9358 0.2071 -0.2853
vn 0.8909 0.2361 -0.3881
vn -0.0000 -0.2698 0.9629
vn 0.7680 0.5207 -0.3728
vn 0.8297 0.5041 -0.2398
vn 0.7922 0.5136 -0.3296
vn 0.3297 0.5137 -0.7921
vn 0.3728 0.5207 -0.7680
vn 0.4448 0.5259 -0.7249
vn 0.8454 0.5081 -0.1647
vn 0.8306 0.4955 -0.2540
vn 0.5160 0.8426 -0.1544
vn -0.1879 -0.2698 0.9444
vn -0.3685 -0.2698 0.8896
vn -0.8896 -0.2698 0.3685
vn -0.8006 -0.2698 0.5350
vn -0.0000 0.1402 -0.9901
vn -0.0000 0.1403 -0.9901
vn 0.6852 0.2468 -0.6852
vn 0.8074 0.2499 -0.5344
vn 0.8066 0.2486 -0.5363
vn 0.0863 0.9027 -0.4215
vn 0.1281 0.8962 -0.4247
vn 0.1289 0.9024 -0.4112
vn 0.0851 0.9040 -0.4190
vn 0.8592 0.5117 -0.0000
vn -0.0894 -0.8888 0.4495
vn -0.0000 -0.8888 0.4583
vn 0.4382 -0.7849 -0.4382
vn -0.6809 -0.2698 0.6809
vn -0.9444 -0.2698 0.1879
vn -0.5350 -0.2698 0.8006
vn 0.4113 0.9024 -0.1289
vn 0.4247 0.8962 -0.1281
vn 0.4216 0.9027 -0.0863
vn 0.5152 -0.7849 -0.3443
vn 0.1209 -0.7849 -0.6078
vn 0.6078 -0.7849 0.1209
vn 0.4821 0.8761 -0.0000
vn 0.4729 0.8761 0.0935
vn 0.2737 0.2092 -0.9388
vn 0.2766 0.2066 -0.9385
vn 0.1878 0.2136 -0.9587
vn -0.0000 0.2306 0.9731
vn 0.9569 0.2306 0.1767
vn 0.7172 0.6969 -0.0024
vn -0.4234 -0.8888 0.1754
vn -0.3811 -0.8888 0.2546
vn -0.3241 -0.8888 0.3241
vn -0.2546 -0.8888 0.3811
vn -0.1754 -0.8888 0.4234
vn 0.3228 0.8897 -0.3228
vn 0.9757 -0.1005 0.1948
vn 0.0920 0.1915 -0.9772
vn 0.1710 0.1100 -0.9791
vn 0.2183 0.0899 -0.9717
vn 0.2398 0.5041 -0.8297
vn 0.4753 0.4358 -0.7643
vn 0.4892 0.4371 -0.7547
vn 0.4271 0.4241 -0.7986
vn 0.4284 0.9036 -0.0000
vn 0.4144 0.6310 -0.6558
vn 0.5119 0.6194 -0.5952
vn 0.4484 0.6186 -0.6452
vn 0.6545 0.6314 -0.4160
vn 0.5462 0.6328 -0.5489
vn 0.5457 0.6330 -0.5491
vn 0.6525 0.6317 -0.4185
vn 0.6400 0.6173 -0.4576
vn 0.0001 1.0000 0.0001
vn -0.2568 0.7282 -0.6354
vn 0.0312 0.6279 -0.7777
vn 0.0714 0.6004 -0.7965
vn 0.2501 0.9673 -0.0432
vn 0.2407 0.9693 -0.0506
vn 0.8440 0.5092 0.1683
vn 0.2593 0.9658 -0.0000
vn 0.2590 0.9659 -0.0000
vn 0.5955 0.6145 -0.5175
vn 0.6371 0.4295 -0.6400
vn 0.6382 0.4264 -0.6410
vn -0.0000 -0.2698 -0.9629
vn 0.1879 -0.2698 -0.9444
vn 0.0002 1.0000 0.0002
vn 0.0037 1.0000 -0.0012
vn 0.4190 0.9040 0.0851
vn -0.0002 1.0000 -0.0003
vn 0.7116 0.5172 -0.4755
vn 0.7239 0.5248 -0.4478
vn 0.4751 0.5182 -0.7111
vn 0.6010 0.5249 -0.6027
vn 0.7573 0.4784 0.4446
vn 0.7790 0.4682 0.4170
vn 0.9614 0.2723 0.0403
vn 0.6354 0.7282 0.2568
vn 0.6367 0.7265 0.2586
vn 0.7345 0.3159 0.6006
vn 0.7153 0.3645 0.5962
vn 0.9576 0.2155 0.1914
vn 0.9765 0.2155 -0.0000
vn -0.0000 1.0000 -0.0001
vn 0.3357 0.3781 -0.8628
vn 0.3294 0.3716 -0.8680
vn 0.8564 0.2728 -0.4384
vn 0.0499 0.9695 -0.2400
vn -0.1292 0.9078 -0.3991
vn -0.9629 -0.2698 -0.0000
vn 0.0021 1.0000 -0.0003
vn 0.8440 0.5092 -0.1683
vn 0.0004 1.0000 -0.0022
vn 0.0007 1.0000 -0.0011
vn 0.5009 -0.7058 -0.5009
vn 0.3936 -0.7058 -0.5890
vn 0.2711 -0.7058 -0.6545
vn 0.6545 -0.7058 -0.2711
vn 0.5890 -0.7058 -0.3936
vn -0.4446 0.4784 -0.7573
vn -0.0403 0.2723 -0.9614
vn 0.1914 0.2155 -0.9576
vn 0.9520 -0.0984 -0.2897
vn 0.9757 -0.1005 -0.1948
vn -0.2590 0.9659 -0.0000
vn -0.2593 0.9658 -0.0000
vn 0.0010 1.0000 -0.0006
vn 0.0049 1.0000 -0.0001
vn 0.2489 0.8854 -0.3927
vn 0.1647 0.5081 -0.8454
vn 0.1544 0.8426 -0.5160
vn 0.4081 0.2479 -0.8786
vn 0.5370 0.2480 -0.8063
vn 0.4151 0.6312 -0.6552
vn 0.6079 0.5108 -0.6079
vn -0.0093 1.0000 -0.0000
vn -0.0078 1.0000 -0.0041
vn -0.0000 0.8761 0.4821
vn -0.0062 0.9999 -0.0100
vn -0.0049 0.9999 -0.0096
vn 0.3314 0.6807 -0.6533
vn 0.6948 -0.7058 -0.1382
vn 0.2419 0.8919 -0.3821
vn 0.9717 0.0899 -0.2183
vn 0.9772 0.1915 -0.0920
vn 0.4376 0.2786 -0.8549
vn 0.5351 0.2505 -0.8068
vn 0.2897 -0.0984 -0.9520
vn 0.2895 -0.0980 -0.9521
vn -0.0001 1.0000 -0.0071
vn 0.0002 1.0000 -0.0049
vn 0.7545 0.4357 -0.4908
vn -0.0095 0.9999 -0.0104
vn -0.0040 0.9999 -0.0095
vn 0.0973 0.8591 0.5024
vn -0.0000 0.9659 0.2589
vn -0.0000 0.9658 0.2592
vn -0.0000 0.1402 0.9901
vn -0.0000 0.1403 0.9901
vn 0.3271 0.6807 0.6555
vn 0.0042 0.6969 0.7171
vn -0.0000 0.2306 -0.9731
vn 0.0894 -0.8888 0.4495
vn -0.3271 0.6807 -0.6555
vn -0.0083 0.9999 -0.0082
vn 0.0061 0.9999 -0.0101
vn 0.1914 0.2155 0.9576
vn -0.0000 0.2155 0.9765
vn 0.0935 0.8761 0.4729
vn 0.7084 -0.7058 -0.0000
vn -0.6382 0.4264 0.6410
vn -0.4892 0.4371 0.7547
vn -0.4753 0.4358 0.7643
vn -0.4271 0.4241 0.7986
vn -0.9571 0.2245 0.1834
vn -0.2737 0.2092 0.9388
vn -0.2766 0.2066 0.9385
vn -0.1878 0.2136 0.9587
vn -0.0000 -0.7058 0.7084
vn 0.4446 0.4784 0.7573
vn 0.0403 0.2723 0.9614
vn -0.0499 0.9695 0.2400
vn -0.0432 0.9673 0.2501
vn 0.1292 0.9078 0.3991
vn -0.3936 -0.7058 0.5890
vn -0.6079 0.5108 0.6079
vn 0.4583 -0.8888 -0.0000
vn -0.0007 1.0000 0.0011
vn -0.2711 -0.7058 0.6545
vn -0.1382 -0.7058 0.6948
vn 0.0093 1.0000 -0.0000
vn 0.0078 1.0000 0.0041
vn -0.9717 0.0899 -0.2183
vn 0.0024 0.6969 0.7172
vn -0.1767 0.2306 0.9569
vn 0.1754 -0.8888 0.4234
vn -0.1914 0.2155 0.9576
vn -0.2540 0.4955 -0.8306
vn 0.1767 0.2306 -0.9569
vn 0.0095 0.9999 0.0104
vn -0.7790 0.4682 0.4170
vn -0.7153 0.3645 0.5962
vn 0.0083 0.9999 0.0082
vn 0.4729 0.8761 -0.0935
vn -0.0003 1.0000 0.0002
vn 0.9576 0.2155 -0.1914
vn -0.7306 0.6125 -0.3018
vn -0.5596 0.6125 -0.5584
vn 0.7306 0.6125 0.3018
vn 0.7905 0.6125 -0.0008
vn 0.3018 0.6125 -0.7306
vn 0.5584 0.6125 -0.5596
vn 0.7300 0.6125 -0.3033
vn 0.3033 0.6125 0.7300
vn 0.0008 0.6125 0.7905
vn -0.0008 0.6125 -0.7905
vn -0.3033 0.6125 -0.7300
vn -0.3018 0.6125 0.7306
vn -0.5584 0.6125 0.5596
vn -0.7300 0.6125 0.3033
vn 0.5596 0.6125 0.5584
vn -0.7905 0.6125 0.0008
vn -0.0003 -1.0000 0.0004
vn -0.0005 -1.0000 0.0001
vn 0.0004 -1.0000 0.0002
vn 0.0005 -1.0000 -0.0001
vn -0.0000 -1.0000 -0.0005
vn 0.0003 -1.0000 0.0004
vn 0.0001 -1.0000 0.0005
vn -0.0000 -1.0000 0.0005
vn -0.0001 -1.0000 0.0005
vn 0.0005 -1.0000 0.0001
vn -0.0004 -1.0000 0.0002
vn -0.0004 -1.0000 -0.0003
vn 0.0004 -1.0000 -0.0003
vn -0.0002 -1.0000 0.0004
vn -0.0001 -1.0000 -0.0005
vn 0.0002 -1.0000 0.0004
vn -0.0004 -1.0000 -0.0002
vn -0.0005 -1.0000 -0.0001
vn -0.0004 -1.0000 0.0003
vn 0.0001 -1.0000 -0.0005
vn 0.0004 -1.0000 0.0003
vn -0.0005 -1.0000 -0.0000
vn -0.0002 -1.0000 -0.0005
vn 0.0005 -1.0000 -0.0000
vn 0.0004 -1.0000 -0.0002
vn 0.0002 -1.0000 -0.0004
vn -0.0003 -1.0000 -0.0004
vn 0.0003 -1.0000 -0.0004
vn 0.6357 -0.6446 -0.4247
vn 0.5406 -0.6446 -0.5406
vn -0.1491 -0.6446 0.7498
vn -0.1492 -0.6446 0.7498
vn -0.2926 -0.6446 0.7063
vn -0.6357 -0.6446 -0.4247
vn -0.5406 -0.6446 -0.5406
vn 0.7645 -0.6446 -0.0000
vn 0.7498 -0.6446 0.1492
vn 0.2926 -0.6446 0.7063
vn 0.4247 -0.6446 0.6357
vn -0.0000 -0.6446 -0.7645
vn -0.1491 -0.6446 -0.7498
vn -0.1492 -0.6446 -0.7498
vn -0.7645 -0.6446 -0.0000
vn -0.7498 -0.6446 -0.1491
vn -0.7063 -0.6446 0.2926
vn -0.6357 -0.6446 0.4247
vn -0.4247 -0.6446 0.6357
vn 0.5406 -0.6446 0.5406
vn -0.5406 -0.6446 0.5406
vn 0.4247 -0.6446 -0.6357
vn 0.7063 -0.6446 -0.2926
vn 0.7498 -0.6446 -0.1491
vn -0.7063 -0.6446 -0.2926
vn -0.7498 -0.6446 0.1491
vn -0.0000 -0.6446 0.7645
vn -0.4247 -0.6446 -0.6357
vn -0.2926 -0.6446 -0.7063
vn 0.1491 -0.6446 -0.7498
vn 0.1491 -0.6446 0.7498
vn 0.2926 -0.6446 -0.7063
vn 0.6357 -0.6446 0.4247
vn 0.7063 -0.6446 0.2926
vn 0.7498 -0.6446 0.1491
vn 0.9808 -0.0000 -0.1951
vn -0.9808 -0.0000 -0.1951
vn -0.9808 -0.0000 0.1951
vn 0.9808 -0.0000 0.1951
vn 0.5086 0.7911 -0.3398
vn 0.5651 0.7911 -0.2341
vn 0.4325 0.7911 0.4325
vn 0.5086 0.7911 0.3398
vn -0.4325 0.7911 0.4325
vn -0.5086 0.7911 0.3398
vn 0.2341 0.7911 -0.5651
vn 0.3398 0.7911 -0.5086
vn 0.1193 0.7911 0.5999
vn 0.2341 0.7911 0.5651
vn -0.3398 0.7911 -0.5086
vn -0.2341 0.7911 -0.5651
vn 0.5651 0.7911 0.2341
vn 0.5999 0.7911 0.1193
vn 0.4325 0.7911 -0.4325
vn -0.1193 0.7911 0.5999
vn -0.2341 0.7911 0.5651
vn -0.4325 0.7911 -0.4325
vn -0.5086 0.7911 -0.3398
vn 0.6117 0.7911 -0.0000
vn 0.3398 0.7911 0.5086
vn -0.1193 0.7911 -0.5999
vn -0.0000 0.7911 -0.6117
vn -0.6117 0.7911 -0.0000
vn -0.5999 0.7911 -0.1193
vn -0.5651 0.7911 0.2341
vn -0.3398 0.7911 0.5086
vn 0.5999 0.7911 -0.1193
vn -0.5651 0.7911 -0.2341
vn -0.5999 0.7911 0.1193
vn -0.0000 0.7911 0.6117
vn 0.1193 0.7911 -0.5999
vn -0.1660 0.5251 0.8347
vn -0.3257 0.5251 0.7863
vn -0.7076 0.5251 -0.4728
vn -0.6018 0.5251 -0.6018
vn 0.8347 0.5251 0.1660
vn 0.8510 0.5251 -0.0000
vn 0.4728 0.5251 0.7076
vn 0.3257 0.5251 0.7863
vn -0.1660 0.5251 -0.8347
vn -0.0000 0.5251 -0.8510
vn -0.8347 0.5251 -0.1660
vn -0.8510 0.5251 -0.0000
vn -0.7076 0.5251 0.4728
vn -0.7863 0.5251 0.3257
vn -0.4728 0.5251 0.7076
vn 0.6018 0.5251 0.6018
vn -0.6018 0.5251 0.6018
vn 0.4728 0.5251 -0.7076
vn 0.6018 0.5251 -0.6018
vn 0.8347 0.5251 -0.1660
vn 0.7863 0.5251 -0.3257
vn -0.7863 0.5251 -0.3257
vn -0.8347 0.5251 0.1660
vn -0.0000 0.5251 0.8510
vn -0.4728 0.5251 -0.7076
vn -0.3257 0.5251 -0.7863
vn 0.1660 0.5251 -0.8347
vn 0.1660 0.5251 0.8347
vn 0.3257 0.5251 -0.7863
vn 0.7076 0.5251 -0.4728
vn 0.7076 0.5251 0.4728
vn 0.7863 0.5251 0.3257
vn -0.9040 0.3280 -0.2742
vn -0.7302 0.3280 -0.5993
vn -0.5993 0.3280 0.7302
vn -0.2742 0.3280 0.9040
vn 0.4453 0.3280 0.8331
vn 0.0926 0.3280 0.9401
vn -0.4453 0.3280 -0.8331
vn -0.0926 0.3280 -0.9401
vn 0.2742 0.3280 -0.9040
vn -0.9401 0.3280 0.0926
vn -0.8331 0.3280 0.4453
vn 0.5993 0.3280 -0.7302
vn 0.9040 0.3280 0.2742
vn 0.7302 0.3280 0.5993
vn 0.9401 0.3280 -0.0926
vn 0.8331 0.3280 -0.4453
vn -0.9827 -0.0000 -0.1853
vn -0.9818 -0.0052 -0.1898
vn -0.9213 -0.0136 -0.3885
vn -0.9121 -0.0065 -0.4099
vn -0.8481 -0.0011 -0.5298
vn -0.5186 0.7817 -0.3465
vn -0.4410 0.7817 -0.4410
vn -0.3465 0.7817 -0.5186
vn -0.2387 0.7817 -0.5762
vn -0.1217 0.7817 -0.6117
vn -0.0000 0.7817 -0.6237
vn -0.6237 0.7817 -0.0000
vn -0.6117 0.7817 -0.1217
vn -0.5762 0.7817 -0.2387
vn -0.9215 0.0126 -0.3882
vn -0.8481 0.0011 -0.5299
vn -0.9818 0.0051 -0.1900
vn -0.9120 0.0058 -0.4100
vn -0.0991 0.8613 -0.4983
vn -0.0000 0.8613 -0.5081
vn -0.1944 0.8613 -0.4694
vn -0.9627 -0.0000 -0.2705
vn -0.9827 -0.0000 -0.1850
vn -0.2823 -0.8613 -0.4225
vn -0.1944 -0.8613 -0.4694
vn -0.2823 0.8613 -0.4225
vn -0.7068 -0.0000 -0.7074
vn -0.7724 -0.0000 -0.6351
vn -0.0991 -0.8613 -0.4983
vn -0.3591 0.8613 -0.3594
vn -0.9638 -0.0000 0.2666
vn -0.3590 -0.8614 -0.3593
vn -0.3591 -0.8613 -0.3594
vn -0.0000 -0.8613 -0.5081
vn -0.3590 0.8614 -0.3593
vn -0.3931 0.8611 -0.3226
vn -0.3929 -0.8612 -0.3225
vn -0.3931 -0.8611 -0.3226
vn -0.6616 -0.0000 0.7499
vn -0.2670 -0.9608 -0.0752
vn -0.2713 -0.9611 -0.0509
vn -0.2713 -0.9611 -0.0512
vn -0.2670 0.9608 -0.0752
vn -0.2671 0.9607 -0.0753
vn -0.2713 0.9611 -0.0512
vn -0.2760 -0.9611 -0.0000
vn -0.2760 0.9611 -0.0000
vn -0.2713 0.9611 -0.0509
vn 0.9818 -0.0052 -0.1898
vn 0.9827 -0.0000 -0.1853
vn 0.9213 -0.0136 -0.3885
vn 0.8481 -0.0011 -0.5298
vn 0.4410 0.7817 -0.4410
vn 0.5186 0.7817 -0.3465
vn 0.3465 0.7817 -0.5186
vn 0.2387 0.7817 -0.5762
vn 0.1217 0.7817 -0.6117
vn 0.6117 0.7817 -0.1217
vn 0.6237 0.7817 -0.0000
vn 0.5762 0.7817 -0.2387
vn 0.8481 0.0011 -0.5299
vn 0.9215 0.0126 -0.3882
vn 0.9818 0.0051 -0.1900
vn 0.9120 0.0058 -0.4100
vn 0.9121 -0.0065 -0.4099
vn 0.0991 0.8613 -0.4983
vn 0.1944 0.8613 -0.4694
vn 0.9827 -0.0000 -0.1850
vn 0.9627 -0.0000 -0.2705
vn 0.1944 -0.8613 -0.4694
vn 0.2823 -0.8613 -0.4225
vn 0.2823 0.8613 -0.4225
vn 0.7068 -0.0000 -0.7074
vn 0.7724 -0.0000 -0.6351
vn 0.0991 -0.8613 -0.4983
vn 0.3590 0.8614 -0.3593
vn 0.3591 0.8613 -0.3594
vn 0.9638 -0.0000 0.2666
vn 0.3591 -0.8613 -0.3594
vn 0.3590 -0.8614 -0.3593
vn 0.3931 0.8611 -0.3226
vn 0.3931 -0.8611 -0.3226
vn 0.6616 -0.0000 0.7499
vn 0.2670 -0.9608 -0.0752
vn 0.2671 -0.9607 -0.0753
vn 0.2713 -0.9611 -0.0512
vn 0.2713 0.9611 -0.0512
vn 0.2671 0.9607 -0.0753
vn 0.2670 0.9608 -0.0752
vn 0.2760 -0.9611 -0.0000
vn 0.2760 0.9611 -0.0000
vn -0.9818 -0.0052 0.1898
vn -0.9827 -0.0000 0.1853
vn -0.9213 -0.0136 0.3885
vn -0.8481 -0.0011 0.5298
vn -0.4410 0.7817 0.4410
vn -0.5186 0.7817 0.3465
vn -0.3465 0.7817 0.5186
vn -0.2387 0.7817 0.5762
vn -0.1217 0.7817 0.6117
vn -0.0000 0.7817 0.6237
vn -0.6117 0.7817 0.1217
vn -0.5762 0.7817 0.2387
vn -0.8481 0.0011 0.5299
vn -0.9215 0.0126 0.3882
vn -0.9818 0.0051 0.1900
vn -0.9120 0.0058 0.4100
vn -0.9121 -0.0065 0.4099
vn -0.0991 0.8613 0.4983
vn -0.0000 0.8613 0.5081
vn -0.1944 0.8613 0.4694
vn -0.9827 -0.0000 0.1850
vn -0.9627 -0.0000 0.2705
vn -0.1944 -0.8613 0.4694
vn -0.2823 -0.8613 0.4225
vn -0.2823 0.8613 0.4225
vn -0.7068 -0.0000 0.7074
vn -0.7724 -0.0000 0.6351
vn -0.0991 -0.8613 0.4983
vn -0.3590 0.8614 0.3593
vn -0.3591 0.8613 0.3594
vn -0.9638 -0.0000 -0.2666
vn -0.3591 -0.8613 0.3594
vn -0.3590 -0.8614 0.3593
vn -0.0000 -0.8613 0.5081
vn -0.3931 0.8611 0.3226
vn -0.3931 -0.8611 0.3226
vn -0.6616 -0.0000 -0.7499
vn -0.2670 -0.9608 0.0752
vn -0.2671 -0.9607 0.0753
vn -0.2713 -0.9611 0.0512
vn -0.2713 0.9611 0.0512
vn -0.2671 0.9607 0.0753
vn -0.2670 0.9608 0.0752
vn 0.9827 -0.0000 0.1853
vn 0.9818 -0.0052 0.1898
vn 0.9213 -0.0136 0.3885
vn 0.9121 -0.0065 0.4099
vn 0.8481 -0.0011 0.5298
vn 0.5186 0.7817 0.3465
vn 0.4410 0.7817 0.4410
vn 0.3465 0.7817 0.5186
vn 0.2387 0.7817 0.5762
vn 0.1217 0.7817 0.6117
vn 0.6117 0.7817 0.1217
vn 0.5762 0.7817 0.2387
vn 0.9215 0.0126 0.3882
vn 0.8481 0.0011 0.5299
vn 0.9818 0.0051 0.1900
vn 0.9120 0.0058 0.4100
vn 0.0991 0.8613 0.4983
vn 0.1944 0.8613 0.4694
vn 0.9627 -0.0000 0.2705
vn 0.9827 -0.0000 0.1850
vn 0.2823 -0.8613 0.4225
vn 0.1944 -0.8613 0.4694
vn 0.2823 0.8613 0.4225
vn 0.7068 -0.0000 0.7074
vn 0.7724 -0.0000 0.6351
vn 0.0991 -0.8613 0.4983
vn 0.3591 0.8613 0.3594
vn 0.9638 -0.0000 -0.2666
vn 0.3590 -0.8614 0.3593
vn 0.3591 -0.8613 0.3594
vn 0.3590 0.8614 0.3593
vn 0.3931 0.8611 0.3226
vn 0.3929 -0.8612 0.3225
vn 0.3931 -0.8611 0.3226
vn 0.6616 -0.0000 -0.7499
vn 0.2670 -0.9608 0.0752
vn 0.2713 -0.9611 0.0509
vn 0.2713 -0.9611 0.0512
vn 0.2670 0.9608 0.0752
vn 0.2671 0.9607 0.0753
vn 0.2713 0.9611 0.0512
vn 0.2713 0.9611 0.0509
vn 0.8875 -0.3517 0.2978
vn 0.9017 -0.3267 0.2833
vn 0.8962 -0.3572 0.2631
vn 0.7412 -0.6596 0.1243
vn 0.7588 -0.6424 0.1075
vn 0.4422 -0.8962 0.0359
vn 0.8236 -0.0102 0.5671
vn -0.4422 -0.8962 0.0360
vn -0.7412 -0.6597 0.1243
vn -0.1805 -0.9752 0.1277
vn -0.8962 -0.3572 0.2631
vn -0.9017 -0.3267 0.2833
vn -0.7588 -0.6424 0.1075
vn 0.9038 -0.2087 0.3735
vn -0.8235 -0.0102 0.5672
vn -0.4834 -0.0525 0.8738
vn -0.9038 -0.2089 0.3734
vn -0.3830 0.0767 0.9206
vn -0.6802 0.1824 0.7099
vn -0.1106 -0.9937 -0.0188
vn -0.8738 -0.4354 -0.2165
vn -0.9729 -0.0048 -0.2313
vn -0.6564 -0.0046 -0.7544
vn -0.3879 -0.4318 -0.8143
vn 0.3625 -0.0812 -0.9284
vn -0.1106 0.9936 0.0209
vn -0.6564 -0.0046 0.7544
vn -0.5941 -0.4093 0.6924
vn 0.3625 -0.0812 0.9284
vn 0.1106 0.9936 -0.0209
vn 0.6564 -0.0046 -0.7544
vn 0.5941 -0.4093 -0.6924
vn -0.3625 -0.0812 -0.9284
vn 0.1106 -0.9937 0.0188
vn 0.8738 -0.4354 0.2165
vn 0.9729 -0.0048 0.2313
vn 0.6564 -0.0046 0.7544
vn 0.3879 -0.4318 0.8143
vn -0.3625 -0.0812 0.9284
vn 0.2607 -0.7319 -0.6295
vn 0.9995 -0.0000 0.0331
vn -0.3963 -0.0000 -0.9181
vn 0.8097 -0.0000 0.5868
vn 0.7916 -0.0000 0.6110
vn 0.9166 -0.0000 0.3998
vn 0.8938 -0.0000 0.4486
vn -0.7916 -0.0000 -0.6110
vn -0.9166 -0.0000 -0.3998
vn -0.8938 -0.0000 -0.4486
vn -0.9995 -0.0000 -0.0331
vn 0.3963 -0.0000 0.9181
vn -0.8097 -0.0000 -0.5868
vn 0.6041 -0.7851 0.1367
vn -0.2257 0.7847 0.5773
vn 0.3112 0.8686 -0.3855
vn -0.9581 -0.0477 0.2825
vn -0.7181 -0.6924 0.0703
vn -0.9314 -0.2613 0.2536
vn -0.4534 -0.2550 0.8540
vn 0.6988 -0.5883 -0.4068
vn -0.0000 -0.9468 -0.3217
vn 0.7895 -0.6102 0.0658
vn -0.0000 0.0333 -0.9994
vn 0.4802 -0.3316 0.8121
vn -0.9411 0.0746 -0.3297
vn -0.6988 -0.5884 -0.4068
vn -0.7895 -0.6102 0.0655
vn -0.4426 0.4250 -0.7896
vn 0.6689 0.5932 -0.4481
vn -0.9434 -0.1384 0.3014
vn -0.0033 1.0000 0.0007
vn -0.0030 1.0000 0.0016
vn -0.0019 1.0000 0.0028
vn -0.0016 1.0000 0.0030
vn 0.0022 1.0000 0.0026
vn 0.0026 1.0000 0.0022
vn 0.0030 1.0000 0.0016
vn 0.0034 1.0000 0.0003
vn 0.0033 1.0000 -0.0007
vn 0.0034 1.0000 -0.0003
vn 0.0031 1.0000 -0.0013
vn 0.0027 1.0000 -0.0020
vn -0.0016 1.0000 -0.0030
vn -0.0019 1.0000 -0.0028
vn -0.0024 1.0000 -0.0024
vn -0.0028 1.0000 -0.0019
vn -0.0030 1.0000 -0.0016
vn -0.0016 1.0000 -0.0041
vn -0.0016 1.0000 0.0041
vn -0.0013 1.0000 0.0043
vn -0.0045 1.0000 -0.0004
vn -0.0045 1.0000 -0.0001
vn -0.0001 1.0000 -0.0045
vn -0.0004 1.0000 -0.0045
vn -0.0021 1.0000 0.0040
vn -0.0041 1.0000 -0.0017
vn 0.0008 1.0000 -0.0044
vn 0.0045 1.0000 -0.0004
vn -0.0032 1.0000 0.0032
vn 0.0021 1.0000 0.0040
vn 0.0013 1.0000 0.0043
vn -0.0041 1.0000 0.0018
vn -0.0038 1.0000 0.0024
vn -0.0026 1.0000 -0.0037
vn 0.0008 1.0000 0.0044
vn -0.0043 1.0000 0.0013
vn -0.0041 1.0000 0.0016
vn 0.0042 1.0000 0.0016
vn 0.0043 1.0000 0.0013
vn 0.0037 1.0000 -0.0026
vn -0.0044 1.0000 0.0008
vn -0.2165 -0.6575 0.7217
vn 0.8306 0.4955 0.2540
vn 0.0850 0.9040 0.4190
vn 0.1253 0.9041 0.4085
vn 0.9366 0.2161 0.2759
vn 0.4085 0.9041 0.1253
vn -0.4868 0.4659 0.7389
vn 0.2759 0.2162 0.9366
vn -0.0001 1.0000 0.0071
vn 0.2895 -0.0980 0.9521
vn 0.7987 0.4240 0.4271
vn 0.6367 0.7265 -0.2586
vn 0.3294 0.3716 0.8680
vn 0.1964 0.8967 0.3968
vn 0.3968 0.8967 0.1964
vn -0.0071 1.0000 -0.0001
vn 0.2586 0.7265 0.6367
vn -0.0850 0.9040 -0.4190
vn -0.1964 0.8967 0.3968
vn -0.8066 0.2486 0.5363
vn -0.0935 0.8761 0.4729
vn -0.1253 0.9041 0.4085
vn -0.9366 0.2162 0.2759
vn -0.7389 0.4659 -0.4868
vn -0.3968 0.8967 0.1964
vn -0.4190 0.9040 0.0850
vn -0.4085 0.9041 0.1253
vn -0.8680 0.3716 0.3294
vn -0.2540 0.4955 0.8306
vn -0.9521 -0.0980 0.2895
vn -0.8306 0.4955 -0.2540
vn 0.0935 0.8761 -0.4729
vn 0.0001 1.0000 -0.0071
vn -0.9366 0.2161 -0.2759
vn -0.1253 0.9041 -0.4085
vn -0.1964 0.8967 -0.3968
vn 0.4868 0.4659 -0.7389
vn -0.2759 0.2162 -0.9366
vn -0.4085 0.9041 -0.1253
vn -0.4729 0.8761 -0.0935
vn -0.7987 0.4240 -0.4271
vn -0.3294 0.3716 -0.8680
vn -0.2895 -0.0980 -0.9521
vn -0.3968 0.8967 -0.1964
vn -0.6367 0.7265 0.2586
vn 0.2530 0.7320 -0.6326
vn 0.3968 0.8967 -0.1964
vn 0.7389 0.4659 0.4868
vn 0.9366 0.2162 -0.2759
vn 0.8680 0.3716 -0.3294
vn 0.1253 0.9041 -0.4085
vn 0.4190 0.9040 -0.0850
vn 0.4085 0.9041 -0.1253
vn 0.2759 0.2161 -0.9366
vn 0.4271 0.4240 -0.7986
vn -0.2586 0.7265 -0.6367
vn 0.0001 1.0000 -0.0000
vn 0.9521 -0.0980 -0.2895
vn 0.0071 1.0000 0.0001
vn 0.2540 0.4955 -0.8306
vn 0.1964 0.8967 -0.3968
vn -0.4271 0.4240 0.7986
vn -0.2759 0.2161 0.9366
vn -0.0002 -1.0000 -0.0004
vn -0.3929 0.8612 -0.3225
vn -0.2671 -0.9607 -0.0753
vn 0.3929 0.8612 -0.3225
vn 0.3929 -0.8612 -0.3225
vn 0.2713 -0.9611 -0.0509
vn 0.2713 0.9611 -0.0509
vn -0.3929 0.8612 0.3225
vn -0.3929 -0.8612 0.3225
vn -0.2713 -0.9611 0.0509
vn -0.2713 0.9611 0.0509
vn 0.3929 0.8612 0.3225
vn 0.2671 -0.9607 0.0753
vt 0.963298 0.142752
vt 0.966450 0.142607
vt 0.966445 0.137220
vt 0.959782 0.143215
vt 0.962392 0.137685
vt 0.951092 0.145644
vt 0.955600 0.144181
vt 0.954085 0.140919
vt 0.958294 0.138997
vt 0.929636 0.611326
vt 0.928445 0.612952
vt 0.931975 0.614772
vt 0.927279 0.608953
vt 0.925646 0.610133
vt 0.925767 0.605971
vt 0.923850 0.606591
vt 0.925246 0.602667
vt 0.923231 0.602667
vt 0.953746 0.113318
vt 0.957090 0.113319
vt 0.957090 0.073973
vt 0.950401 0.113318
vt 0.953746 0.073973
vt 0.947057 0.113318
vt 0.950401 0.073973
vt 0.966472 0.172303
vt 0.966457 0.152469
vt 0.963398 0.152489
vt 0.954248 0.171277
vt 0.956267 0.152517
vt 0.952004 0.152472
vt 0.962401 0.172052
vt 0.960097 0.152521
vt 0.963587 0.147500
vt 0.960360 0.147665
vt 0.956352 0.148035
vt 0.951802 0.148664
vt 0.966453 0.147451
vt 0.955839 0.133088
vt 0.950701 0.135910
vt 0.966441 0.130932
vt 0.961335 0.131257
vt 0.946903 0.138726
vt 0.949909 0.143165
vt 0.958332 0.171678
vt 0.736610 0.557549
vt 0.735932 0.566064
vt 0.739607 0.565544
vt 0.837409 0.498120
vt 0.839223 0.493639
vt 0.835189 0.481056
vt 0.843207 0.492348
vt 0.843207 0.481056
vt 0.843207 0.591467
vt 0.843207 0.503762
vt 0.839407 0.502598
vt 0.958734 0.062040
vt 0.958327 0.056692
vt 0.955163 0.056753
vt 0.954643 0.061901
vt 0.951581 0.056526
vt 0.945949 0.059298
vt 0.947246 0.055835
vt 0.942465 0.054664
vt 0.950397 0.060912
vt 0.922498 0.648807
vt 0.923131 0.650720
vt 0.926661 0.648899
vt 0.929460 0.646081
vt 0.927827 0.644901
vt 0.931256 0.642538
vt 0.929339 0.641918
vt 0.931874 0.638615
vt 0.929860 0.638615
vt 0.957503 0.027384
vt 0.953488 0.027384
vt 0.954715 0.046957
vt 0.945088 0.027659
vt 0.940677 0.027857
vt 0.942954 0.047376
vt 0.949359 0.027501
vt 0.951366 0.047043
vt 0.951881 0.051973
vt 0.955152 0.051967
vt 0.947758 0.051816
vt 0.942969 0.051437
vt 0.947430 0.047180
vt 0.958030 0.051869
vt 0.957787 0.046864
vt 0.942937 0.064716
vt 0.948442 0.067118
vt 0.954179 0.068440
vt 0.959327 0.068242
vt 0.941461 0.057345
vt 0.938783 0.062174
vt 0.731390 0.551010
vt 0.727787 0.551010
vt 0.728396 0.559006
vt 0.837409 0.597109
vt 0.835189 0.615293
vt 0.839222 0.601590
vt 0.843207 0.602881
vt 0.943713 0.113318
vt 0.947057 0.073973
vt 0.693697 0.615294
vt 0.693697 0.480350
vt 0.689981 0.480750
vt 0.839407 0.592631
vt 0.681988 0.428841
vt 0.675611 0.428841
vt 0.675611 0.614492
vt 0.834020 0.427492
vt 0.800491 0.413717
vt 0.800491 0.615338
vt 0.701524 0.615338
vt 0.716950 0.615338
vt 0.716950 0.429786
vt 0.344956 0.502071
vt 0.345558 0.519192
vt 0.365207 0.519192
vt 0.343362 0.486728
vt 0.364684 0.500255
vt 0.727317 0.469716
vt 0.727299 0.488660
vt 0.740119 0.488660
vt 0.727430 0.452423
vt 0.740136 0.469714
vt 0.734901 0.582913
vt 0.741496 0.582933
vt 0.741540 0.570096
vt 0.741296 0.547290
vt 0.741296 0.527262
vt 0.734574 0.528392
vt 0.994858 0.129411
vt 0.991039 0.085764
vt 0.975900 0.091067
vt 0.734082 0.615338
vt 0.734082 0.585282
vt 0.725538 0.585202
vt 0.734082 0.429786
vt 0.725540 0.450260
vt 0.701636 0.416687
vt 0.701524 0.429524
vt 0.743527 0.429524
vt 0.969601 0.142748
vt 0.970501 0.137679
vt 0.973119 0.143205
vt 0.978812 0.140901
vt 0.977302 0.144165
vt 0.981812 0.145621
vt 0.974600 0.138985
vt 0.931975 0.590563
vt 0.928445 0.592384
vt 0.929636 0.594009
vt 0.925646 0.595202
vt 0.927279 0.596382
vt 0.923850 0.598744
vt 0.925767 0.599364
vt 0.960434 0.113319
vt 0.960434 0.073973
vt 0.963778 0.113319
vt 0.963778 0.073973
vt 0.967122 0.113319
vt 0.970543 0.172046
vt 0.969516 0.152484
vt 0.978695 0.171259
vt 0.982790 0.170846
vt 0.980910 0.152451
vt 0.974611 0.171666
vt 0.972817 0.152512
vt 0.972547 0.147655
vt 0.969319 0.147496
vt 0.976555 0.148020
vt 0.981107 0.148643
vt 0.976646 0.152502
vt 0.982188 0.135887
vt 0.977046 0.133072
vt 0.971547 0.131250
vt 0.982991 0.143140
vt 0.985991 0.138697
vt 0.740215 0.557549
vt 0.739607 0.549554
vt 0.849005 0.498120
vt 0.851225 0.481056
vt 0.847191 0.493639
vt 0.847006 0.592631
vt 0.847006 0.502598
vt 0.961447 0.056353
vt 0.964880 0.055686
vt 0.962697 0.061280
vt 0.973163 0.052841
vt 0.968902 0.054501
vt 0.970570 0.057566
vt 0.966610 0.059711
vt 0.922498 0.628424
vt 0.925470 0.629956
vt 0.926661 0.628331
vt 0.927827 0.632329
vt 0.929460 0.631149
vt 0.929339 0.635312
vt 0.931256 0.634692
vt 0.960838 0.046734
vt 0.969408 0.028139
vt 0.967864 0.046452
vt 0.972001 0.046360
vt 0.961466 0.027554
vt 0.964107 0.046583
vt 0.960883 0.051678
vt 0.964065 0.051358
vt 0.967970 0.050806
vt 0.972333 0.049995
vt 0.969433 0.065265
vt 0.974185 0.062170
vt 0.964258 0.067473
vt 0.977646 0.059200
vt 0.974449 0.055136
vt 0.965430 0.027835
vt 0.732098 0.542495
vt 0.728396 0.543015
vt 0.849005 0.597109
vt 0.847191 0.601590
vt 0.851225 0.615293
vt 0.843207 0.615293
vt 0.967122 0.073973
vt 0.970466 0.113319
vt 0.700236 0.480752
vt 0.696519 0.480351
vt 0.696519 0.615294
vt 0.682150 0.428841
vt 0.682150 0.616682
vt 0.688526 0.614489
vt 0.800330 0.615338
vt 0.800330 0.413717
vt 0.766801 0.427492
vt 0.766639 0.615338
vt 0.766639 0.429686
vt 0.751213 0.429786
vt 0.344956 0.536313
vt 0.364684 0.538129
vt 0.343362 0.551657
vt 0.363049 0.555345
vt 0.727318 0.507604
vt 0.740136 0.507606
vt 0.727430 0.524897
vt 0.740248 0.524898
vt 0.733614 0.540205
vt 0.733571 0.527367
vt 0.726976 0.527387
vt 0.726737 0.582672
vt 0.733461 0.582178
vt 0.733459 0.563774
vt 0.840250 0.049563
vt 0.836286 0.065107
vt 0.880100 0.065107
vt 0.751213 0.615338
vt 0.742626 0.585202
vt 0.742624 0.450260
vt 0.880100 0.065940
vt 0.836286 0.065940
vt 0.876445 0.078246
vt 1.966445 0.137220
vt 1.966450 0.142607
vt 1.963298 0.142752
vt 1.962392 0.137685
vt 1.959782 0.143215
vt 1.954085 0.140919
vt 1.955600 0.144181
vt 1.951092 0.145644
vt 1.958294 0.138997
vt 1.931975 0.614772
vt 1.928445 0.612952
vt 1.929636 0.611326
vt 1.925646 0.610133
vt 1.927279 0.608953
vt 1.923850 0.606591
vt 1.925767 0.605971
vt 1.923231 0.602667
vt 1.957090 0.073973
vt 1.957090 0.113319
vt 1.953746 0.113318
vt 1.953746 0.073973
vt 1.950401 0.113318
vt 1.950401 0.073973
vt 1.947057 0.113318
vt 1.966472 0.172303
vt 1.962401 0.172052
vt 1.963398 0.152489
vt 1.954248 0.171277
vt 1.950152 0.170870
vt 1.952004 0.152472
vt 1.958332 0.171678
vt 1.960097 0.152521
vt 1.960360 0.147665
vt 1.963587 0.147500
vt 1.956352 0.148035
vt 1.951802 0.148664
vt 1.956267 0.152517
vt 1.966453 0.147451
vt 1.966457 0.152469
vt 1.950701 0.135910
vt 1.955839 0.133088
vt 1.961335 0.131257
vt 1.966441 0.130932
vt 1.949909 0.143165
vt 1.946903 0.138726
vt 1.736610 0.557549
vt 1.740215 0.557549
vt 1.739607 0.565544
vt 1.837409 0.498120
vt 1.835189 0.481056
vt 1.839223 0.493639
vt 1.843207 0.492348
vt 1.843207 0.591467
vt 1.839407 0.592631
vt 1.839407 0.502598
vt 1.955163 0.056753
vt 1.958327 0.056692
vt 1.958734 0.062040
vt 1.951581 0.056526
vt 1.954643 0.061901
vt 1.942465 0.054664
vt 1.947246 0.055835
vt 1.945949 0.059298
vt 1.950397 0.060912
vt 1.922498 0.648807
vt 1.925470 0.647274
vt 1.926661 0.648899
vt 1.927827 0.644901
vt 1.929460 0.646081
vt 1.929339 0.641918
vt 1.931256 0.642538
vt 1.929860 0.638615
vt 1.931874 0.638615
vt 1.957503 0.027384
vt 1.957787 0.046864
vt 1.954715 0.046957
vt 1.945088 0.027659
vt 1.947430 0.047180
vt 1.942954 0.047376
vt 1.953488 0.027384
vt 1.951366 0.047043
vt 1.955152 0.051967
vt 1.951881 0.051973
vt 1.947758 0.051816
vt 1.942969 0.051437
vt 1.958030 0.051869
vt 1.948442 0.067118
vt 1.942937 0.064716
vt 1.959327 0.068242
vt 1.954179 0.068440
vt 1.938783 0.062174
vt 1.941461 0.057345
vt 1.949359 0.027501
vt 1.731390 0.551010
vt 1.732098 0.559525
vt 1.728396 0.559006
vt 1.837409 0.597109
vt 1.839222 0.601590
vt 1.835189 0.615293
vt 1.843207 0.602881
vt 1.843207 0.615293
vt 1.947057 0.073973
vt 1.943713 0.113318
vt 1.689981 0.480750
vt 1.693697 0.480350
vt 1.693697 0.615294
vt 1.681988 0.428841
vt 1.681988 0.616685
vt 1.675611 0.614492
vt 1.800491 0.615338
vt 1.800491 0.413717
vt 1.834020 0.427492
vt 1.701524 0.615338
vt 1.701524 0.429686
vt 1.716950 0.429786
vt 1.344956 0.502071
vt 1.364684 0.500255
vt 1.365207 0.519192
vt 1.343362 0.486728
vt 1.363049 0.483040
vt 1.727317 0.469716
vt 1.740136 0.469714
vt 1.740119 0.488660
vt 1.727430 0.452423
vt 1.740248 0.452422
vt 1.741540 0.570096
vt 1.741496 0.582933
vt 1.734901 0.582913
vt 1.741296 0.547290
vt 1.734571 0.546796
vt 1.734574 0.528392
vt 1.975900 0.091067
vt 1.991039 0.085764
vt 1.994858 0.129411
vt 1.734082 0.615338
vt 1.716950 0.615338
vt 1.725538 0.585202
vt 1.725540 0.450260
vt 1.734082 0.429786
vt 1.701636 0.416687
vt 1.743527 0.429524
vt 1.701524 0.429524
vt 1.969601 0.142748
vt 1.973119 0.143205
vt 1.970501 0.137679
vt 1.981812 0.145621
vt 1.977302 0.144165
vt 1.978812 0.140901
vt 1.974600 0.138985
vt 1.929636 0.594009
vt 1.928445 0.592384
vt 1.931975 0.590563
vt 1.927279 0.596382
vt 1.925646 0.595202
vt 1.925767 0.599364
vt 1.923850 0.598744
vt 1.925246 0.602667
vt 1.960434 0.113319
vt 1.963778 0.113319
vt 1.960434 0.073973
vt 1.967122 0.113319
vt 1.963778 0.073973
vt 1.969516 0.152484
vt 1.978695 0.171259
vt 1.976646 0.152502
vt 1.980910 0.152451
vt 1.970543 0.172046
vt 1.972817 0.152512
vt 1.969319 0.147496
vt 1.972547 0.147655
vt 1.976555 0.148020
vt 1.981107 0.148643
vt 1.977046 0.133072
vt 1.982188 0.135887
vt 1.971547 0.131250
vt 1.985991 0.138697
vt 1.982991 0.143140
vt 1.974611 0.171666
vt 1.735932 0.549034
vt 1.739607 0.549554
vt 1.849005 0.498120
vt 1.847191 0.493639
vt 1.851225 0.481056
vt 1.843207 0.481056
vt 1.843207 0.503762
vt 1.847006 0.502598
vt 1.961447 0.056353
vt 1.962697 0.061280
vt 1.964880 0.055686
vt 1.970570 0.057566
vt 1.968902 0.054501
vt 1.973163 0.052841
vt 1.966610 0.059711
vt 1.922498 0.628424
vt 1.923131 0.626511
vt 1.926661 0.628331
vt 1.929460 0.631149
vt 1.927827 0.632329
vt 1.931256 0.634692
vt 1.929339 0.635312
vt 1.961466 0.027554
vt 1.960838 0.046734
vt 1.969408 0.028139
vt 1.973396 0.028444
vt 1.972001 0.046360
vt 1.965430 0.027835
vt 1.964107 0.046583
vt 1.964065 0.051358
vt 1.960883 0.051678
vt 1.967970 0.050806
vt 1.972333 0.049995
vt 1.967864 0.046452
vt 1.974185 0.062170
vt 1.969433 0.065265
vt 1.964258 0.067473
vt 1.974449 0.055136
vt 1.977646 0.059200
vt 1.727787 0.551010
vt 1.728396 0.543015
vt 1.849005 0.597109
vt 1.851225 0.615293
vt 1.847191 0.601590
vt 1.970466 0.113319
vt 1.967122 0.073973
vt 1.696519 0.615294
vt 1.696519 0.480351
vt 1.700236 0.480752
vt 1.847006 0.592631
vt 1.682150 0.428841
vt 1.688525 0.428841
vt 1.688526 0.614489
vt 1.766801 0.427492
vt 1.800330 0.413717
vt 1.800330 0.615338
vt 1.766639 0.615338
vt 1.751213 0.615338
vt 1.751213 0.429786
vt 1.344956 0.536313
vt 1.345558 0.519192
vt 1.343362 0.551657
vt 1.364684 0.538129
vt 1.727318 0.507604
vt 1.727299 0.488660
vt 1.727430 0.524897
vt 1.740136 0.507606
vt 1.726976 0.527387
vt 1.733571 0.527367
vt 1.733614 0.540205
vt 1.726737 0.582672
vt 1.726737 0.562643
vt 1.733459 0.563774
vt 1.880100 0.065107
vt 1.836286 0.065107
vt 1.840250 0.049563
vt 1.734082 0.585282
vt 1.742626 0.585202
vt 1.742624 0.450260
vt 1.880100 0.065940
vt 1.876445 0.078246
vt 1.836286 0.065940
vt 0.843681 0.663997
vt 0.843681 0.669124
vt 0.848577 0.669124
vt 0.827267 0.663997
vt 0.827267 0.669124
vt 0.810852 0.663997
vt 0.810852 0.669124
vt 0.794437 0.663997
vt 0.794437 0.669124
vt 0.778022 0.663997
vt 0.778022 0.669124
vt 0.761607 0.663997
vt 0.761607 0.669124
vt 0.745192 0.663997
vt 0.745192 0.669124
vt 0.828883 0.158706
vt 0.818344 0.146121
vt 0.810852 0.153681
vt 0.805665 0.135696
vt 0.799695 0.144508
vt 0.791280 0.127788
vt 0.787039 0.137550
vt 0.775684 0.122669
vt 0.773315 0.133046
vt 0.842866 0.193416
vt 0.842179 0.188569
vt 0.831824 0.191031
vt 0.836920 0.173019
vt 0.827196 0.177349
vt 0.820125 0.164755
vt 0.007037 0.294832
vt 0.007037 0.299140
vt 0.034887 0.299140
vt 0.007037 0.280389
vt 0.034887 0.294832
vt 0.007037 0.265945
vt 0.034887 0.280389
vt 0.007037 0.251502
vt 0.034887 0.265945
vt 0.007037 0.237058
vt 0.034887 0.251502
vt 0.007037 0.222615
vt 0.034887 0.237058
vt 0.007037 0.208172
vt 0.034887 0.222615
vt 0.716590 0.073200
vt 0.709803 0.058673
vt 0.695293 0.066660
vt 0.730051 0.067964
vt 0.725240 0.052669
vt 0.744086 0.064550
vt 0.741334 0.048754
vt 0.758448 0.063018
vt 0.757803 0.046996
vt 0.772886 0.063393
vt 0.774361 0.047426
vt 0.787149 0.065669
vt 0.790717 0.050037
vt 0.703937 0.080165
vt 0.691318 0.069592
vt 0.816806 0.085102
vt 0.809423 0.098579
vt 0.821576 0.106375
vt 0.801764 0.078167
vt 0.796310 0.092534
vt 0.785909 0.073374
vt 0.782490 0.088356
vt 0.865576 0.135496
vt 0.863441 0.131042
vt 0.850076 0.138626
vt 0.854290 0.117236
vt 0.842099 0.126591
vt 0.843322 0.104825
vt 0.832538 0.115772
vt 0.830747 0.094045
vt 0.018755 0.956921
vt 0.018755 0.973484
vt 0.078009 0.973484
vt 0.018755 0.990047
vt 0.078009 0.990047
vt 0.018755 0.994986
vt 0.078009 0.994986
vt 0.018755 0.890668
vt 0.018755 0.907231
vt 0.078009 0.907231
vt 0.018755 0.923794
vt 0.078009 0.923794
vt 0.018755 0.940358
vt 0.078009 0.940358
vt 0.078009 0.956921
vt 0.737523 0.097499
vt 0.736265 0.091487
vt 0.721534 0.095695
vt 0.707557 0.101967
vt 0.710467 0.107376
vt 0.694622 0.110176
vt 0.781907 0.091898
vt 0.766765 0.089569
vt 0.766269 0.095691
vt 0.751446 0.089431
vt 0.698276 0.115112
vt 0.691154 0.113150
vt 0.758411 0.652826
vt 0.772850 0.652826
vt 0.772850 0.626502
vt 0.845043 0.652826
vt 0.849348 0.652826
vt 0.849348 0.626502
vt 0.830604 0.652826
vt 0.845043 0.626502
vt 0.816165 0.652826
vt 0.830604 0.626502
vt 0.801727 0.652826
vt 0.816165 0.626502
vt 0.787288 0.652826
vt 0.801727 0.626502
vt 0.787288 0.626502
vt 0.781531 0.660903
vt 0.796851 0.660903
vt 0.796851 0.655731
vt 0.827490 0.660903
vt 0.842810 0.660903
vt 0.842810 0.655731
vt 0.812171 0.660903
vt 0.812171 0.655731
vt 0.750891 0.660903
vt 0.766211 0.660903
vt 0.766211 0.655731
vt 0.847379 0.660903
vt 0.847379 0.655731
vt 0.781531 0.655731
vt 0.827490 0.655731
vt 0.804998 0.683374
vt 0.824134 0.683374
vt 0.824134 0.672464
vt 0.843269 0.683374
vt 0.848975 0.683374
vt 0.848975 0.672464
vt 0.843269 0.672464
vt 0.728457 0.683374
vt 0.747593 0.683374
vt 0.747593 0.672464
vt 0.766728 0.683374
vt 0.766728 0.672464
vt 0.785863 0.683374
vt 0.785863 0.672464
vt 0.804998 0.672464
vt 0.719583 0.044094
vt 0.719583 0.027115
vt 0.701241 0.027115
vt 0.737925 0.027115
vt 0.756267 0.027115
vt 0.737925 0.044094
vt 0.774609 0.027115
vt 0.756267 0.044094
vt 0.682899 0.027115
vt 0.664557 0.027115
vt 0.664557 0.044094
vt 0.659087 0.027115
vt 0.682899 0.044094
vt 0.710292 0.112903
vt 0.694713 0.120983
vt 0.702264 0.133122
vt 0.689927 0.142204
vt 0.680580 0.131387
vt 0.676899 0.135107
vt 0.779156 0.106816
vt 0.761794 0.104263
vt 0.760823 0.118526
vt 0.744245 0.104441
vt 0.745504 0.118681
vt 0.726938 0.107344
vt 0.715864 0.126069
vt 0.641807 0.669124
vt 0.646703 0.669124
vt 0.646703 0.663997
vt 0.663118 0.669124
vt 0.663118 0.663997
vt 0.679532 0.669124
vt 0.679532 0.663997
vt 0.695947 0.669124
vt 0.695947 0.663997
vt 0.712363 0.669124
vt 0.712363 0.663997
vt 0.728777 0.669124
vt 0.728777 0.663997
vt 0.712117 0.132054
vt 0.717383 0.141303
vt 0.730543 0.135350
vt 0.744575 0.131926
vt 0.743020 0.121397
vt 0.758997 0.131149
vt 0.759411 0.120514
vt 0.684459 0.157258
vt 0.693046 0.163480
vt 0.695441 0.159900
vt 0.687180 0.153189
vt 0.705547 0.149581
vt 0.034887 0.117204
vt 0.007037 0.117204
vt 0.007037 0.121511
vt 0.034887 0.121511
vt 0.007037 0.135954
vt 0.034887 0.135954
vt 0.007037 0.150398
vt 0.034887 0.150398
vt 0.007037 0.164841
vt 0.034887 0.164841
vt 0.007037 0.179285
vt 0.034887 0.179285
vt 0.007037 0.193729
vt 0.034887 0.193729
vt 0.869477 0.106419
vt 0.859870 0.092927
vt 0.847452 0.103070
vt 0.848567 0.080819
vt 0.837595 0.092512
vt 0.835766 0.070309
vt 0.826432 0.083347
vt 0.821690 0.061579
vt 0.814158 0.075734
vt 0.806586 0.054782
vt 0.800987 0.069807
vt 0.871786 0.110786
vt 0.855829 0.114836
vt 0.739456 0.087630
vt 0.753788 0.085880
vt 0.752985 0.070534
vt 0.768225 0.086123
vt 0.769545 0.070813
vt 0.687178 0.094775
vt 0.696422 0.107011
vt 0.699784 0.104321
vt 0.712194 0.096939
vt 0.705269 0.083221
vt 0.725502 0.091340
vt 0.720537 0.076798
vt 0.078009 0.807852
vt 0.018755 0.807852
vt 0.018755 0.824415
vt 0.078009 0.791289
vt 0.018755 0.791289
vt 0.078009 0.786349
vt 0.018755 0.786349
vt 0.078009 0.874105
vt 0.018755 0.874105
vt 0.078009 0.857542
vt 0.018755 0.857542
vt 0.078009 0.840979
vt 0.018755 0.840979
vt 0.078009 0.824415
vt 0.819464 0.116202
vt 0.830252 0.125799
vt 0.834653 0.121515
vt 0.839555 0.136841
vt 0.844524 0.133231
vt 0.847182 0.149101
vt 0.852616 0.146239
vt 0.794350 0.102100
vt 0.796559 0.096370
vt 0.807414 0.108248
vt 0.810421 0.102893
vt 0.848909 0.153045
vt 0.854450 0.150424
vt 0.823207 0.111333
vt 0.743973 0.626502
vt 0.743972 0.652826
vt 0.667473 0.626502
vt 0.667473 0.652826
vt 0.671780 0.652826
vt 0.671780 0.626502
vt 0.686218 0.652826
vt 0.686218 0.626502
vt 0.700657 0.652826
vt 0.700657 0.626502
vt 0.715096 0.652826
vt 0.715096 0.626502
vt 0.729534 0.652826
vt 0.729534 0.626502
vt 0.704932 0.655731
vt 0.704932 0.660903
vt 0.720252 0.660903
vt 0.658973 0.655731
vt 0.658973 0.660903
vt 0.674292 0.660903
vt 0.689612 0.655731
vt 0.689612 0.660903
vt 0.735572 0.655731
vt 0.735572 0.660903
vt 0.654404 0.655731
vt 0.654404 0.660903
vt 0.720252 0.655731
vt 0.674292 0.655731
vt 0.632781 0.672464
vt 0.632781 0.683374
vt 0.651917 0.683374
vt 0.607939 0.672464
vt 0.607939 0.683374
vt 0.613646 0.683374
vt 0.613646 0.672464
vt 0.709322 0.672464
vt 0.709322 0.683374
vt 0.690187 0.672464
vt 0.690187 0.683374
vt 0.671052 0.672464
vt 0.671052 0.683374
vt 0.651917 0.672464
vt 0.829634 0.044094
vt 0.847976 0.044094
vt 0.847976 0.027115
vt 0.829634 0.027115
vt 0.811292 0.027115
vt 0.811292 0.044094
vt 0.792951 0.027115
vt 0.792951 0.044094
vt 0.884660 0.044094
vt 0.884660 0.027115
vt 0.866318 0.027115
vt 0.890130 0.044094
vt 0.890130 0.027115
vt 0.866318 0.044094
vt 0.837057 0.163840
vt 0.849123 0.156172
vt 0.838583 0.142140
vt 0.844242 0.177371
vt 0.845731 0.181691
vt 0.859058 0.176620
vt 0.857352 0.171672
vt 0.790606 0.125314
vt 0.795911 0.112038
vt 0.804345 0.132091
vt 0.811650 0.119802
vt 0.816863 0.140922
vt 0.825990 0.129918
vt 0.827856 0.151591
vt 1.848577 0.669124
vt 1.843681 0.669124
vt 1.843681 0.663997
vt 1.827267 0.669124
vt 1.827267 0.663997
vt 1.810852 0.669124
vt 1.810852 0.663997
vt 1.794437 0.669124
vt 1.794437 0.663997
vt 1.778022 0.669124
vt 1.778022 0.663997
vt 1.761607 0.669124
vt 1.761607 0.663997
vt 1.745192 0.669124
vt 1.745192 0.663997
vt 1.828883 0.158706
vt 1.820125 0.164755
vt 1.810852 0.153681
vt 1.799695 0.144508
vt 1.805665 0.135696
vt 1.787039 0.137550
vt 1.791280 0.127788
vt 1.773315 0.133046
vt 1.775684 0.122669
vt 1.842866 0.193416
vt 1.832428 0.195295
vt 1.831825 0.191031
vt 1.827196 0.177349
vt 1.836920 0.173019
vt 1.034887 0.299140
vt 1.007037 0.299140
vt 1.007037 0.294832
vt 1.034887 0.294832
vt 1.007037 0.280389
vt 1.034887 0.280389
vt 1.007037 0.265945
vt 1.034887 0.265945
vt 1.007037 0.251502
vt 1.034887 0.251502
vt 1.007037 0.237058
vt 1.034887 0.237058
vt 1.007037 0.222615
vt 1.034887 0.222615
vt 1.007037 0.208172
vt 1.695293 0.066660
vt 1.709803 0.058673
vt 1.716590 0.073200
vt 1.725240 0.052669
vt 1.741333 0.048754
vt 1.744086 0.064550
vt 1.757803 0.046996
vt 1.758448 0.063018
vt 1.774361 0.047426
vt 1.772886 0.063393
vt 1.790717 0.050037
vt 1.691318 0.069592
vt 1.703937 0.080165
vt 1.821576 0.106375
vt 1.809423 0.098579
vt 1.816806 0.085102
vt 1.796310 0.092534
vt 1.801764 0.078167
vt 1.782490 0.088356
vt 1.785909 0.073374
vt 1.865576 0.135496
vt 1.851937 0.142509
vt 1.850076 0.138626
vt 1.863441 0.131042
vt 1.842099 0.126591
vt 1.854290 0.117236
vt 1.832538 0.115772
vt 1.843322 0.104825
vt 1.078009 0.973484
vt 1.018755 0.973484
vt 1.018755 0.956921
vt 1.078009 0.990047
vt 1.018755 0.990047
vt 1.078009 0.994986
vt 1.018755 0.994986
vt 1.078009 0.907231
vt 1.018755 0.907231
vt 1.018755 0.890668
vt 1.078009 0.923794
vt 1.018755 0.923794
vt 1.078009 0.940358
vt 1.018755 0.940358
vt 1.078009 0.956921
vt 1.737523 0.097499
vt 1.723640 0.101464
vt 1.721534 0.095695
vt 1.710467 0.107376
vt 1.707557 0.101967
vt 1.698276 0.115112
vt 1.694622 0.110176
vt 1.766269 0.095691
vt 1.766765 0.089569
vt 1.781907 0.091898
vt 1.751832 0.095561
vt 1.751446 0.089431
vt 1.695008 0.117916
vt 1.691154 0.113150
vt 1.736265 0.091487
vt 1.772850 0.626502
vt 1.772850 0.652826
vt 1.758411 0.652826
vt 1.849348 0.626502
vt 1.849348 0.652826
vt 1.845043 0.652826
vt 1.845043 0.626502
vt 1.830604 0.652826
vt 1.830604 0.626502
vt 1.816165 0.652826
vt 1.816165 0.626502
vt 1.801727 0.652826
vt 1.801727 0.626502
vt 1.787288 0.652826
vt 1.787288 0.626502
vt 1.796851 0.655731
vt 1.796851 0.660903
vt 1.781531 0.660903
vt 1.842810 0.655731
vt 1.842810 0.660903
vt 1.827490 0.660903
vt 1.812171 0.655731
vt 1.812171 0.660903
vt 1.766211 0.655731
vt 1.766211 0.660903
vt 1.750891 0.660903
vt 1.847379 0.655731
vt 1.847379 0.660903
vt 1.781531 0.655731
vt 1.827490 0.655731
vt 1.824134 0.672464
vt 1.824134 0.683374
vt 1.804998 0.683374
vt 1.848975 0.672464
vt 1.848975 0.683374
vt 1.843269 0.683374
vt 1.843269 0.672464
vt 1.747593 0.672464
vt 1.747593 0.683374
vt 1.728457 0.683374
vt 1.766728 0.672464
vt 1.766728 0.683374
vt 1.785863 0.672464
vt 1.785863 0.683374
vt 1.804998 0.672464
vt 1.719583 0.044094
vt 1.701241 0.044094
vt 1.701241 0.027115
vt 1.719583 0.027115
vt 1.737925 0.027115
vt 1.737925 0.044094
vt 1.756267 0.027115
vt 1.756267 0.044094
vt 1.774609 0.027115
vt 1.664557 0.044094
vt 1.664557 0.027115
vt 1.682899 0.027115
vt 1.659087 0.044094
vt 1.659087 0.027115
vt 1.682899 0.044094
vt 1.702264 0.133122
vt 1.694713 0.120983
vt 1.710292 0.112903
vt 1.689927 0.142204
vt 1.686713 0.145452
vt 1.676899 0.135107
vt 1.680580 0.131387
vt 1.760823 0.118526
vt 1.761794 0.104263
vt 1.779156 0.106816
vt 1.745504 0.118681
vt 1.744245 0.104441
vt 1.730395 0.121216
vt 1.726938 0.107344
vt 1.715864 0.126069
vt 1.646703 0.663997
vt 1.646703 0.669124
vt 1.641807 0.669124
vt 1.663118 0.663997
vt 1.663118 0.669124
vt 1.679532 0.663997
vt 1.679532 0.669124
vt 1.695947 0.663997
vt 1.695947 0.669124
vt 1.712363 0.663997
vt 1.712363 0.669124
vt 1.728777 0.663997
vt 1.728777 0.669124
vt 1.712117 0.132054
vt 1.727073 0.125288
vt 1.730543 0.135350
vt 1.743020 0.121397
vt 1.744575 0.131926
vt 1.759411 0.120514
vt 1.758997 0.131149
vt 1.684459 0.157258
vt 1.687180 0.153189
vt 1.695441 0.159900
vt 1.698666 0.141461
vt 1.705547 0.149581
vt 1.717383 0.141303
vt 1.007037 0.121511
vt 1.007037 0.117204
vt 1.034887 0.117204
vt 1.007037 0.135954
vt 1.034887 0.121511
vt 1.007037 0.150398
vt 1.034887 0.135954
vt 1.007037 0.164841
vt 1.034887 0.150398
vt 1.007037 0.179285
vt 1.034887 0.164841
vt 1.007037 0.193729
vt 1.034887 0.179285
vt 1.034887 0.193729
vt 1.855829 0.114836
vt 1.847452 0.103070
vt 1.859870 0.092927
vt 1.837595 0.092512
vt 1.848567 0.080819
vt 1.826432 0.083347
vt 1.835766 0.070309
vt 1.814158 0.075734
vt 1.821690 0.061579
vt 1.800987 0.069807
vt 1.806586 0.054782
vt 1.787149 0.065669
vt 1.869477 0.106419
vt 1.871786 0.110786
vt 1.752985 0.070534
vt 1.753788 0.085880
vt 1.739456 0.087630
vt 1.769545 0.070813
vt 1.768225 0.086123
vt 1.687178 0.094775
vt 1.691034 0.091688
vt 1.699784 0.104321
vt 1.705269 0.083221
vt 1.712193 0.096939
vt 1.720537 0.076798
vt 1.725502 0.091340
vt 1.736544 0.072542
vt 1.018755 0.824415
vt 1.018755 0.807852
vt 1.078009 0.807852
vt 1.018755 0.791289
vt 1.078009 0.791289
vt 1.018755 0.786349
vt 1.078009 0.786349
vt 1.018755 0.874105
vt 1.078009 0.874105
vt 1.018755 0.857542
vt 1.078009 0.857542
vt 1.018755 0.840979
vt 1.078009 0.840979
vt 1.078009 0.824415
vt 1.819464 0.116202
vt 1.823207 0.111333
vt 1.834653 0.121515
vt 1.844524 0.133231
vt 1.839555 0.136841
vt 1.852616 0.146239
vt 1.847182 0.149101
vt 1.796559 0.096370
vt 1.794350 0.102100
vt 1.810421 0.102893
vt 1.854450 0.150424
vt 1.743972 0.652826
vt 1.743973 0.626502
vt 1.671780 0.652826
vt 1.667473 0.652826
vt 1.667473 0.626502
vt 1.686218 0.652826
vt 1.671780 0.626502
vt 1.700657 0.652826
vt 1.686218 0.626502
vt 1.715096 0.652826
vt 1.700657 0.626502
vt 1.729534 0.652826
vt 1.715096 0.626502
vt 1.729534 0.626502
vt 1.720252 0.660903
vt 1.704932 0.660903
vt 1.704932 0.655731
vt 1.674292 0.660903
vt 1.658973 0.660903
vt 1.658973 0.655731
vt 1.689612 0.660903
vt 1.689612 0.655731
vt 1.735572 0.660903
vt 1.735572 0.655731
vt 1.654404 0.660903
vt 1.654404 0.655731
vt 1.720252 0.655731
vt 1.674292 0.655731
vt 1.651917 0.683374
vt 1.632781 0.683374
vt 1.632781 0.672464
vt 1.613646 0.683374
vt 1.607939 0.683374
vt 1.607939 0.672464
vt 1.613646 0.672464
vt 1.709322 0.683374
vt 1.709322 0.672464
vt 1.690187 0.683374
vt 1.690187 0.672464
vt 1.671052 0.683374
vt 1.671052 0.672464
vt 1.651917 0.672464
vt 1.829634 0.044094
vt 1.829634 0.027115
vt 1.847976 0.027115
vt 1.811292 0.027115
vt 1.792951 0.027115
vt 1.811292 0.044094
vt 1.792951 0.044094
vt 1.866318 0.027115
vt 1.884660 0.027115
vt 1.884660 0.044094
vt 1.890130 0.027115
vt 1.866318 0.044094
vt 1.838583 0.142140
vt 1.849123 0.156172
vt 1.837057 0.163840
vt 1.844242 0.177371
vt 1.857352 0.171672
vt 1.859058 0.176620
vt 1.795911 0.112038
vt 1.790606 0.125314
vt 1.811650 0.119802
vt 1.804345 0.132091
vt 1.825990 0.129918
vt 1.816863 0.140922
vt 1.940619 0.278228
vt 1.938943 0.292906
vt 1.967510 0.292906
vt 1.967346 0.298878
vt 1.941347 0.298878
vt 1.941347 0.313651
vt 1.444303 0.679120
vt 1.410230 0.693735
vt 1.442149 0.693735
vt 1.967346 0.313651
vt 1.941347 0.327960
vt 1.941036 0.263925
vt 1.969186 0.278228
vt 1.940619 0.249622
vt 1.969186 0.249622
vt 1.967510 0.234944
vt 1.941347 0.342269
vt 1.941347 0.357042
vt 1.967346 0.357042
vt 1.444303 0.650522
vt 1.442149 0.635906
vt 1.410230 0.635906
vt 1.401212 0.674317
vt 1.401212 0.648318
vt 1.347144 0.674399
vt 1.967346 0.342269
vt 1.969604 0.263925
vt 1.967346 0.327960
vt 1.938943 0.234944
vt 1.378979 0.630381
vt 1.347063 0.630378
vt 1.947310 0.209579
vt 1.991331 0.177745
vt 1.947310 0.177660
vt 1.965246 0.231813
vt 1.991246 0.231813
vt 1.444839 0.664821
vt 0.940619 0.278228
vt 0.938943 0.292906
vt 0.967510 0.292906
vt 0.967346 0.298878
vt 0.941347 0.298878
vt 0.941347 0.313651
vt 0.444303 0.679120
vt 0.410230 0.693735
vt 0.442149 0.693735
vt 0.967346 0.313651
vt 0.941347 0.327960
vt 0.941037 0.263925
vt 0.969186 0.278228
vt 0.940619 0.249622
vt 0.969186 0.249622
vt 0.967510 0.234944
vt 0.941347 0.342269
vt 0.941347 0.357042
vt 0.967346 0.357042
vt 0.444303 0.650522
vt 0.442149 0.635906
vt 0.410230 0.635906
vt 0.401212 0.674317
vt 0.401213 0.648318
vt 0.347144 0.674399
vt 0.967346 0.342269
vt 0.969603 0.263925
vt 0.967346 0.327960
vt 0.938943 0.234944
vt 0.378979 0.630381
vt 0.347063 0.630378
vt 0.947310 0.209579
vt 0.991331 0.177745
vt 0.947310 0.177660
vt 0.965246 0.231813
vt 0.991246 0.231813
vt 0.444839 0.664821
vt 1.373022 0.294410
vt 1.373867 0.305139
vt 1.364245 0.305285
vt 1.371264 0.283910
vt 1.363776 0.295254
vt 1.369260 0.273546
vt 1.362716 0.285090
vt 1.367696 0.263149
vt 1.361388 0.274671
vt 1.368566 0.347994
vt 1.360888 0.347095
vt 1.361926 0.336327
vt 1.369982 0.337332
vt 1.363102 0.325692
vt 1.371817 0.326714
vt 1.363984 0.315379
vt 1.373345 0.316002
vt 1.349326 0.305412
vt 1.349162 0.295907
vt 1.348771 0.286075
vt 1.360208 0.264159
vt 1.348235 0.275737
vt 1.348074 0.346234
vt 1.348494 0.335429
vt 1.348942 0.324901
vt 1.349247 0.314956
vt 1.335812 0.305444
vt 1.335809 0.296118
vt 1.335780 0.286396
vt 1.347709 0.265193
vt 1.335729 0.276035
vt 1.335685 0.346340
vt 1.335705 0.335213
vt 1.335751 0.324641
vt 1.335792 0.314805
vt 1.321963 0.305399
vt 1.322126 0.295949
vt 1.322466 0.286164
vt 1.322916 0.275863
vt 1.323331 0.265347
vt 1.322915 0.346253
vt 1.322551 0.335367
vt 1.322206 0.324815
vt 1.321992 0.314894
vt 1.306851 0.305239
vt 1.307308 0.295338
vt 1.308297 0.285262
vt 1.309531 0.274899
vt 1.310619 0.264430
vt 1.309629 0.347101
vt 1.308713 0.336151
vt 1.307725 0.325460
vt 1.307016 0.315201
vt 1.296922 0.305070
vt 1.297709 0.294483
vt 1.299396 0.284067
vt 1.301321 0.273772
vt 1.301329 0.347994
vt 1.300147 0.337072
vt 1.298580 0.326382
vt 1.297291 0.315735
vt 1.404788 0.841125
vt 1.400731 0.839456
vt 1.400735 0.832541
vt 1.384038 0.839467
vt 1.388934 0.844349
vt 1.387248 0.848400
vt 1.397509 0.823598
vt 1.395843 0.827648
vt 1.388921 0.827651
vt 1.397527 0.848400
vt 1.395845 0.844345
vt 1.384029 0.832547
vt 1.379986 0.830865
vt 1.404780 0.830849
vt 1.379982 0.841134
vt 1.457658 0.838375
vt 1.452721 0.843319
vt 1.448779 0.841683
vt 1.456024 0.859192
vt 1.457666 0.855228
vt 1.464641 0.855235
vt 1.473527 0.851934
vt 1.469582 0.850303
vt 1.469588 0.843317
vt 1.464648 0.838371
vt 1.456033 0.834446
vt 1.466284 0.859192
vt 1.452729 0.850300
vt 1.448769 0.851938
vt 1.473515 0.841688
vt 1.460081 0.409893
vt 1.451442 0.413251
vt 1.447505 0.402191
vt 1.468554 0.406134
vt 1.456065 0.399235
vt 1.476948 0.402203
vt 1.464644 0.396342
vt 1.485367 0.398323
vt 1.473163 0.393276
vt 1.415713 0.423111
vt 1.413308 0.414079
vt 1.421985 0.411489
vt 1.424690 0.420801
vt 1.430526 0.408484
vt 1.433680 0.418544
vt 1.439003 0.405306
vt 1.442623 0.416106
vt 1.474707 0.824131
vt 1.471666 0.822867
vt 1.471691 0.816011
vt 1.455109 0.822888
vt 1.459978 0.827716
vt 1.458724 0.830762
vt 1.468059 0.808180
vt 1.466837 0.811147
vt 1.459959 0.811151
vt 1.468091 0.830762
vt 1.466822 0.827703
vt 1.455098 0.816017
vt 1.452134 0.814785
vt 1.474704 0.814757
vt 1.452093 0.824135
vt 1.281350 0.558026
vt 1.281094 0.550562
vt 1.295832 0.550578
vt 1.282014 0.565480
vt 1.295829 0.557721
vt 1.282732 0.572951
vt 1.295825 0.565013
vt 1.283149 0.580463
vt 1.295820 0.572501
vt 1.283251 0.520798
vt 1.295826 0.521213
vt 1.295832 0.528716
vt 1.282818 0.528251
vt 1.295834 0.536171
vt 1.282076 0.535679
vt 1.295833 0.543441
vt 1.281383 0.543106
vt 1.310480 0.550561
vt 1.310213 0.558045
vt 1.309538 0.565509
vt 1.295814 0.580048
vt 1.308808 0.572971
vt 1.308322 0.520786
vt 1.308758 0.528237
vt 1.309498 0.535662
vt 1.310188 0.543096
vt 1.335665 0.265216
vt 1.302806 0.263429
vt 1.387245 0.823610
vt 1.466273 0.834448
vt 1.481525 0.389803
vt 1.458739 0.808208
vt 1.308377 0.580463
vt 1.625566 0.335004
vt 1.625662 0.342049
vt 1.640916 0.342046
vt 1.625307 0.327767
vt 1.640534 0.334390
vt 1.624943 0.320256
vt 1.639617 0.326786
vt 1.624559 0.312604
vt 1.638561 0.319206
vt 1.638566 0.364886
vt 1.624943 0.363839
vt 1.624565 0.371494
vt 1.639621 0.357305
vt 1.625309 0.356326
vt 1.640537 0.349702
vt 1.625570 0.349092
vt 1.610954 0.335158
vt 1.610954 0.342059
vt 1.610954 0.328033
vt 1.610954 0.320571
vt 1.610954 0.312921
vt 1.610954 0.363544
vt 1.610954 0.371192
vt 1.610954 0.356086
vt 1.610954 0.348962
vt 1.580991 0.342046
vt 1.596245 0.342049
vt 1.596342 0.335004
vt 1.581372 0.334390
vt 1.596601 0.327767
vt 1.582290 0.326786
vt 1.596965 0.320256
vt 1.583346 0.319206
vt 1.597348 0.312604
vt 1.583341 0.364886
vt 1.584117 0.372503
vt 1.597342 0.371494
vt 1.582287 0.357305
vt 1.596964 0.363839
vt 1.581371 0.349702
vt 1.596598 0.356326
vt 1.596337 0.349092
vt 0.373022 0.294410
vt 0.373867 0.305139
vt 0.364245 0.305285
vt 0.371264 0.283910
vt 0.363776 0.295254
vt 0.369260 0.273546
vt 0.362716 0.285090
vt 0.367696 0.263149
vt 0.361388 0.274671
vt 0.368566 0.347994
vt 0.360888 0.347095
vt 0.361926 0.336327
vt 0.369982 0.337332
vt 0.363102 0.325692
vt 0.371817 0.326714
vt 0.363984 0.315379
vt 0.373345 0.316002
vt 0.349326 0.305412
vt 0.349162 0.295907
vt 0.348771 0.286075
vt 0.360208 0.264159
vt 0.348235 0.275737
vt 0.348074 0.346234
vt 0.348494 0.335429
vt 0.348942 0.324901
vt 0.349247 0.314956
vt 0.335812 0.305444
vt 0.335809 0.296118
vt 0.335780 0.286396
vt 0.347709 0.265193
vt 0.335729 0.276035
vt 0.335685 0.346340
vt 0.335705 0.335213
vt 0.335751 0.324641
vt 0.335792 0.314805
vt 0.321963 0.305399
vt 0.322126 0.295949
vt 0.322466 0.286164
vt 0.322916 0.275863
vt 0.323331 0.265347
vt 0.322915 0.346253
vt 0.322551 0.335367
vt 0.322206 0.324815
vt 0.321992 0.314894
vt 0.306851 0.305239
vt 0.307308 0.295338
vt 0.308297 0.285262
vt 0.309531 0.274899
vt 0.310619 0.264430
vt 0.309629 0.347101
vt 0.308713 0.336151
vt 0.307725 0.325460
vt 0.307016 0.315201
vt 0.296922 0.305070
vt 0.297709 0.294483
vt 0.299396 0.284067
vt 0.301321 0.273772
vt 0.301329 0.347994
vt 0.300147 0.337072
vt 0.298580 0.326382
vt 0.297291 0.315735
vt 0.404788 0.841125
vt 0.400731 0.839456
vt 0.400735 0.832541
vt 0.384038 0.839467
vt 0.388934 0.844349
vt 0.387248 0.848400
vt 0.397509 0.823598
vt 0.395843 0.827648
vt 0.388921 0.827651
vt 0.397527 0.848400
vt 0.395845 0.844345
vt 0.384029 0.832547
vt 0.379986 0.830865
vt 0.404780 0.830849
vt 0.379982 0.841134
vt 0.457658 0.838375
vt 0.452721 0.843319
vt 0.448779 0.841683
vt 0.456024 0.859192
vt 0.457666 0.855228
vt 0.464641 0.855235
vt 0.473527 0.851934
vt 0.469582 0.850303
vt 0.469588 0.843317
vt 0.464648 0.838371
vt 0.456033 0.834446
vt 0.466284 0.859192
vt 0.452729 0.850300
vt 0.448769 0.851938
vt 0.473515 0.841688
vt 0.460081 0.409893
vt 0.451442 0.413251
vt 0.447505 0.402191
vt 0.468554 0.406134
vt 0.456065 0.399235
vt 0.476948 0.402203
vt 0.464644 0.396342
vt 0.485367 0.398323
vt 0.473163 0.393276
vt 0.415713 0.423111
vt 0.413308 0.414079
vt 0.421985 0.411489
vt 0.424690 0.420801
vt 0.430526 0.408484
vt 0.433680 0.418544
vt 0.439003 0.405306
vt 0.442623 0.416106
vt 0.474707 0.824131
vt 0.471666 0.822867
vt 0.471691 0.816011
vt 0.455109 0.822888
vt 0.459978 0.827716
vt 0.458724 0.830762
vt 0.468059 0.808180
vt 0.466837 0.811147
vt 0.459959 0.811151
vt 0.468091 0.830762
vt 0.466822 0.827703
vt 0.455098 0.816017
vt 0.452134 0.814785
vt 0.474704 0.814757
vt 0.452093 0.824135
vt 0.281350 0.558026
vt 0.281094 0.550562
vt 0.295832 0.550578
vt 0.282014 0.565480
vt 0.295829 0.557721
vt 0.282732 0.572951
vt 0.295825 0.565013
vt 0.283149 0.580463
vt 0.295820 0.572501
vt 0.283251 0.520798
vt 0.295826 0.521213
vt 0.295832 0.528716
vt 0.282818 0.528251
vt 0.295834 0.536171
vt 0.282076 0.535679
vt 0.295833 0.543441
vt 0.281383 0.543106
vt 0.310480 0.550561
vt 0.310213 0.558045
vt 0.309538 0.565509
vt 0.295814 0.580048
vt 0.308808 0.572971
vt 0.308322 0.520786
vt 0.308758 0.528237
vt 0.309498 0.535662
vt 0.310188 0.543096
vt 0.625565 0.335004
vt 0.625662 0.342049
vt 0.640916 0.342046
vt 0.625307 0.327767
vt 0.640534 0.334390
vt 0.624942 0.320256
vt 0.639617 0.326786
vt 0.624559 0.312604
vt 0.638561 0.319206
vt 0.638566 0.364886
vt 0.624943 0.363839
vt 0.624565 0.371494
vt 0.639621 0.357305
vt 0.625309 0.356326
vt 0.640537 0.349702
vt 0.625570 0.349092
vt 0.610954 0.335158
vt 0.610954 0.342059
vt 0.610954 0.328033
vt 0.610954 0.320571
vt 0.610954 0.312921
vt 0.610954 0.363544
vt 0.610954 0.371192
vt 0.610954 0.356086
vt 0.610954 0.348962
vt 0.580991 0.342046
vt 0.596245 0.342049
vt 0.596342 0.335004
vt 0.581373 0.334390
vt 0.596601 0.327767
vt 0.582290 0.326786
vt 0.596965 0.320256
vt 0.583346 0.319206
vt 0.597348 0.312604
vt 0.583341 0.364886
vt 0.584117 0.372503
vt 0.597342 0.371494
vt 0.582287 0.357305
vt 0.596964 0.363839
vt 0.581371 0.349702
vt 0.596598 0.356326
vt 0.596337 0.349092
vt 1.637791 0.372503
vt 0.328408 0.027676
vt 0.328408 0.003844
vt 0.338471 0.003844
vt 0.504705 0.025150
vt 0.504705 0.001318
vt 0.513158 0.006489
vt 0.356406 0.020743
vt 0.356406 0.011887
vt 0.368805 0.011887
vt 0.362452 0.003844
vt 0.368805 0.003844
vt 0.366315 0.020818
vt 0.366315 0.027170
vt 0.356406 0.027170
vt 0.347475 0.027676
vt 0.347475 0.003844
vt 0.356331 0.003844
vt 0.338545 0.027676
vt 0.347401 0.003844
vt 0.745665 0.024481
vt 0.745665 0.000649
vt 0.753708 0.000650
vt 0.982341 0.000650
vt 0.991196 0.000649
vt 0.991196 0.024481
vt 0.016406 0.996866
vt 0.010053 0.996866
vt 0.010053 0.793185
vt 0.753708 0.024481
vt 0.762161 0.005820
vt 0.394708 0.003844
vt 0.394708 0.016243
vt 0.385853 0.016243
vt 0.402752 0.010196
vt 0.385853 0.022744
vt 0.395762 0.022744
vt 0.395762 0.029097
vt 0.736809 0.024481
vt 0.736809 0.000650
vt 0.318271 0.027676
vt 0.318271 0.003844
vt 0.328334 0.003844
vt 0.716840 0.019980
vt 0.716840 0.006489
vt 0.725294 0.001318
vt 0.376923 0.028716
vt 0.376923 0.016317
vt 0.385778 0.016317
vt 0.368879 0.022364
vt 0.395836 0.026227
vt 0.395836 0.016317
vt 0.402189 0.016317
vt 0.513158 0.019979
vt 0.974297 0.000649
vt 0.982341 0.024481
vt 0.965844 0.005820
vt 0.965844 0.019311
vt 0.385778 0.016243
vt 0.376923 0.016243
vt 0.376923 0.003844
vt 0.368879 0.010196
vt 0.368879 0.003844
vt 0.385853 0.016317
vt 0.008050 0.792746
vt 0.008050 0.996427
vt 0.001698 0.996427
vt 0.225128 0.932422
vt 0.223857 0.929369
vt 0.227218 0.926008
vt 0.023637 0.775149
vt 0.024481 0.769612
vt 0.028753 0.769796
vt 0.930977 0.428953
vt 0.932163 0.421471
vt 0.935539 0.422436
vt 0.934402 0.429269
vt 0.934054 0.435922
vt 0.934640 0.414233
vt 0.937699 0.415934
vt 0.936192 0.452396
vt 0.933506 0.448065
vt 0.935845 0.446996
vt 0.931755 0.442748
vt 0.934563 0.441982
vt 0.938851 0.407739
vt 0.941123 0.410687
vt 0.938088 0.450914
vt 0.941123 0.454061
vt 0.930829 0.436208
vt 0.922863 0.445541
vt 0.920575 0.437401
vt 0.924875 0.436819
vt 0.933575 0.462144
vt 0.929676 0.457169
vt 0.932420 0.455245
vt 0.927922 0.401492
vt 0.932999 0.403013
vt 0.928541 0.411259
vt 0.926170 0.451899
vt 0.926594 0.444469
vt 0.929218 0.450262
vt 0.924037 0.409710
vt 0.925795 0.419854
vt 0.920008 0.428325
vt 0.924613 0.428460
vt 0.921146 0.418909
vt 0.939999 0.456371
vt 0.227091 0.921186
vt 0.230079 0.919892
vt 0.219105 0.917894
vt 0.215744 0.921255
vt 0.212705 0.919997
vt 0.212704 0.927275
vt 0.215744 0.926008
vt 0.219104 0.929369
vt 0.217850 0.932422
vt 0.223859 0.917894
vt 0.217852 0.914850
vt 0.019808 0.769136
vt 0.019996 0.760822
vt 0.024430 0.760945
vt 0.014581 0.771840
vt 0.014875 0.768636
vt 0.036773 0.769370
vt 0.040837 0.768838
vt 0.042145 0.774453
vt 0.032773 0.769688
vt 0.037875 0.776398
vt 0.010065 0.768473
vt 0.045411 0.768047
vt 0.046462 0.772015
vt 0.028264 0.776891
vt 0.019188 0.773054
vt 0.028267 0.752273
vt 0.032007 0.752054
vt 0.032361 0.760774
vt 0.028488 0.760920
vt 0.015180 0.760575
vt 0.036238 0.760546
vt 0.040186 0.760280
vt 0.010377 0.760338
vt 0.044687 0.759987
vt 0.031897 0.741378
vt 0.035774 0.741401
vt 0.035798 0.751915
vt 0.020031 0.752683
vt 0.024348 0.752520
vt 0.015298 0.752616
vt 0.039730 0.751924
vt 0.010545 0.752406
vt 0.044230 0.752036
vt 0.014839 0.742430
vt 0.013987 0.729136
vt 0.018803 0.728772
vt 0.010134 0.742405
vt 0.039704 0.741644
vt 0.044138 0.742029
vt 0.028027 0.741556
vt 0.019575 0.742251
vt 0.023978 0.741891
vt 0.027947 0.713382
vt 0.032569 0.713375
vt 0.032051 0.728331
vt 0.036142 0.728515
vt 0.040183 0.728774
vt 0.009324 0.729431
vt 0.044627 0.729078
vt 0.027878 0.728296
vt 0.023482 0.728453
vt 0.017888 0.714208
vt 0.023003 0.713699
vt 0.012912 0.714669
vt 0.036947 0.713650
vt 0.041122 0.714074
vt 0.008255 0.714946
vt 0.045593 0.714548
vt 0.041780 0.700652
vt 0.046326 0.700666
vt 0.027908 0.700794
vt 0.032921 0.700744
vt 0.016865 0.700914
vt 0.022427 0.700836
vt 0.011688 0.701080
vt 0.037504 0.700691
vt 0.006960 0.701357
vt 0.037198 0.683674
vt 0.041642 0.683525
vt 0.032477 0.683771
vt 0.006474 0.684114
vt 0.011339 0.683985
vt 0.046342 0.683337
vt 0.027427 0.683814
vt 0.016541 0.683886
vt 0.022019 0.683847
vt 0.022341 0.665849
vt 0.027277 0.665790
vt 0.026772 0.648910
vt 0.031191 0.648747
vt 0.011984 0.665796
vt 0.017176 0.665840
vt 0.036524 0.665456
vt 0.040968 0.665223
vt 0.031962 0.665660
vt 0.006985 0.665758
vt 0.045774 0.664971
vt 0.007223 0.648981
vt 0.006695 0.632410
vt 0.011830 0.632352
vt 0.017377 0.649049
vt 0.022218 0.649009
vt 0.012287 0.649025
vt 0.035627 0.648555
vt 0.040063 0.648379
vt 0.044944 0.648217
vt 0.034518 0.615025
vt 0.038973 0.614894
vt 0.039223 0.631959
vt 0.044119 0.631728
vt 0.026135 0.632595
vt 0.030479 0.632475
vt 0.016918 0.632443
vt 0.021672 0.632564
vt 0.034841 0.632235
vt 0.016399 0.598499
vt 0.021081 0.598562
vt 0.021143 0.615744
vt 0.030080 0.615270
vt 0.006147 0.615503
vt 0.011294 0.615662
vt 0.043922 0.614927
vt 0.025664 0.615545
vt 0.016367 0.615786
vt 0.025354 0.581798
vt 0.029691 0.581691
vt 0.029789 0.598482
vt 0.025479 0.598566
vt 0.011344 0.598428
vt 0.034153 0.598314
vt 0.038580 0.598113
vt 0.006167 0.598447
vt 0.043551 0.597952
vt 0.029514 0.566246
vt 0.033960 0.566205
vt 0.016325 0.582014
vt 0.020962 0.581918
vt 0.011326 0.582060
vt 0.034110 0.581627
vt 0.038612 0.581619
vt 0.006148 0.582053
vt 0.043650 0.581639
vt 0.011519 0.566671
vt 0.011027 0.553768
vt 0.016174 0.553643
vt 0.006303 0.566766
vt 0.038591 0.566249
vt 0.043774 0.566383
vt 0.025241 0.566341
vt 0.016461 0.566576
vt 0.020970 0.566465
vt 0.025282 0.541614
vt 0.030373 0.541952
vt 0.029741 0.553696
vt 0.034347 0.553596
vt 0.039140 0.553569
vt 0.005698 0.554218
vt 0.044453 0.553809
vt 0.025323 0.553733
vt 0.020887 0.553697
vt 0.040564 0.544013
vt 0.041191 0.540642
vt 0.046462 0.542179
vt 0.015130 0.543003
vt 0.020222 0.542006
vt 0.009926 0.544315
vt 0.035507 0.542870
vt 0.004641 0.545425
vt 0.045938 0.545027
vt 0.025238 0.536006
vt 0.030938 0.536737
vt 0.014367 0.538882
vt 0.019600 0.536915
vt 0.009331 0.541112
vt 0.036264 0.538566
vt 0.004137 0.542598
vt 0.980677 0.062310
vt 0.997393 0.062310
vt 0.997393 0.066654
vt 0.980677 0.057966
vt 0.997393 0.057966
vt 0.980677 0.053622
vt 0.997393 0.053622
vt 0.980677 0.049278
vt 0.997393 0.049278
vt 0.980677 0.044934
vt 0.997393 0.044934
vt 0.980677 0.040590
vt 0.997393 0.040590
vt 0.980677 0.036246
vt 0.997393 0.036246
vt 0.980677 0.031902
vt 0.997393 0.031902
vt 0.980677 0.027558
vt 0.997393 0.027558
vt 0.980677 0.079685
vt 0.980677 0.075342
vt 0.997393 0.075342
vt 0.282665 0.909301
vt 0.283442 0.906400
vt 0.286232 0.906400
vt 0.980677 0.066654
vt 0.997393 0.070998
vt 0.980677 0.070998
vt 0.114198 0.024512
vt 0.116317 0.023288
vt 0.118908 0.025879
vt 0.292942 0.899023
vt 0.290042 0.899800
vt 0.288647 0.897384
vt 0.286232 0.895990
vt 0.287009 0.893089
vt 0.283442 0.895990
vt 0.281026 0.897384
vt 0.278903 0.895261
vt 0.279631 0.899800
vt 0.279631 0.902590
vt 0.276731 0.903367
vt 0.281026 0.905005
vt 0.290770 0.907129
vt 0.288647 0.905005
vt 0.290042 0.902590
vt 0.111750 0.024512
vt 0.115146 0.028051
vt 0.109631 0.023288
vt 0.110802 0.028051
vt 0.104868 0.022117
vt 0.108407 0.021168
vt 0.108407 0.018721
vt 0.107040 0.014011
vt 0.109631 0.016602
vt 0.110802 0.011839
vt 0.111750 0.015378
vt 0.117541 0.021168
vt 0.117541 0.018721
vt 0.121080 0.017773
vt 0.116317 0.016602
vt 0.114198 0.015378
vt 0.115146 0.011839
vt 1.338471 0.003844
vt 1.328408 0.003844
vt 1.328408 0.027676
vt 1.513158 0.019979
vt 1.513158 0.006489
vt 1.504705 0.001318
vt 1.368805 0.011887
vt 1.356405 0.011887
vt 1.356405 0.020743
vt 1.362452 0.003844
vt 1.356405 0.027170
vt 1.366315 0.027170
vt 1.366315 0.020818
vt 1.356331 0.003844
vt 1.347475 0.003844
vt 1.347475 0.027676
vt 1.347401 0.003844
vt 1.338545 0.027676
vt 1.753708 0.000650
vt 1.745665 0.000649
vt 1.745665 0.024481
vt 1.991196 0.024481
vt 1.991196 0.000649
vt 1.982341 0.000650
vt 1.010053 0.793185
vt 1.010053 0.996866
vt 1.016406 0.996866
vt 1.762161 0.005820
vt 1.753708 0.024481
vt 1.385853 0.016243
vt 1.394708 0.016243
vt 1.394708 0.003844
vt 1.402752 0.010196
vt 1.402752 0.003844
vt 1.395762 0.029097
vt 1.395762 0.022744
vt 1.385853 0.022744
vt 1.736809 0.000650
vt 1.736809 0.024481
vt 1.328334 0.003844
vt 1.318271 0.003844
vt 1.318271 0.027676
vt 1.725294 0.001318
vt 1.716840 0.006489
vt 1.716840 0.019980
vt 1.385778 0.016317
vt 1.376923 0.016317
vt 1.376923 0.028716
vt 1.368879 0.022364
vt 1.368879 0.028716
vt 1.402189 0.016317
vt 1.395836 0.016317
vt 1.395836 0.026227
vt 1.982341 0.024481
vt 1.974297 0.000649
vt 1.762161 0.019311
vt 1.965844 0.019311
vt 1.965844 0.005820
vt 1.974297 0.024481
vt 1.376923 0.003844
vt 1.376923 0.016243
vt 1.385778 0.016243
vt 1.368879 0.010196
vt 1.385853 0.016317
vt 1.001698 0.996427
vt 1.008050 0.996427
vt 1.008050 0.792746
vt 1.225128 0.932422
vt 1.230274 0.927275
vt 1.227218 0.926008
vt 1.023637 0.775149
vt 1.028264 0.776891
vt 1.028753 0.769796
vt 1.930977 0.428953
vt 1.934402 0.429269
vt 1.935539 0.422436
vt 1.934054 0.435922
vt 1.932163 0.421471
vt 1.937699 0.415934
vt 1.936192 0.452396
vt 1.938088 0.450914
vt 1.935845 0.446996
vt 1.934563 0.441982
vt 1.931755 0.442748
vt 1.934640 0.414233
vt 1.941123 0.410687
vt 1.941123 0.454061
vt 1.930829 0.436208
vt 1.922863 0.445541
vt 1.926594 0.444469
vt 1.924875 0.436819
vt 1.933575 0.462144
vt 1.936766 0.460376
vt 1.932420 0.455245
vt 1.928541 0.411259
vt 1.932999 0.403013
vt 1.927922 0.401492
vt 1.926170 0.451899
vt 1.929218 0.450262
vt 1.925795 0.419854
vt 1.924037 0.409710
vt 1.924613 0.428460
vt 1.920008 0.428325
vt 1.921146 0.418909
vt 1.939999 0.456371
vt 1.938851 0.407739
vt 1.933506 0.448065
vt 1.230079 0.919892
vt 1.227091 0.921186
vt 1.212705 0.919997
vt 1.215744 0.921255
vt 1.219105 0.917894
vt 1.212704 0.927275
vt 1.217850 0.932422
vt 1.219104 0.929369
vt 1.215744 0.926008
vt 1.223857 0.929369
vt 1.225129 0.914850
vt 1.223859 0.917894
vt 1.217852 0.914850
vt 1.019808 0.769136
vt 1.024481 0.769612
vt 1.024430 0.760945
vt 1.014581 0.771840
vt 1.019188 0.773054
vt 1.042145 0.774453
vt 1.040837 0.768838
vt 1.036773 0.769370
vt 1.037875 0.776398
vt 1.032773 0.769688
vt 1.014875 0.768636
vt 1.010065 0.768473
vt 1.046462 0.772015
vt 1.045411 0.768047
vt 1.033127 0.777325
vt 1.032361 0.760774
vt 1.032007 0.752054
vt 1.028267 0.752273
vt 1.028488 0.760920
vt 1.019996 0.760822
vt 1.040186 0.760280
vt 1.036238 0.760546
vt 1.015180 0.760575
vt 1.044687 0.759987
vt 1.035798 0.751915
vt 1.035774 0.741401
vt 1.031897 0.741378
vt 1.024348 0.752520
vt 1.020031 0.752683
vt 1.039730 0.751924
vt 1.010377 0.760338
vt 1.015298 0.752616
vt 1.044230 0.752036
vt 1.014839 0.742430
vt 1.019575 0.742251
vt 1.018803 0.728772
vt 1.010545 0.752406
vt 1.044138 0.742029
vt 1.028027 0.741556
vt 1.023978 0.741891
vt 1.039704 0.741644
vt 1.032051 0.728331
vt 1.032569 0.713375
vt 1.027947 0.713382
vt 1.040183 0.728774
vt 1.036142 0.728515
vt 1.010134 0.742405
vt 1.013987 0.729136
vt 1.044627 0.729078
vt 1.027878 0.728296
vt 1.023482 0.728453
vt 1.023003 0.713699
vt 1.017888 0.714208
vt 1.041122 0.714074
vt 1.036947 0.713650
vt 1.009324 0.729431
vt 1.012912 0.714669
vt 1.045593 0.714548
vt 1.046326 0.700666
vt 1.032921 0.700744
vt 1.027908 0.700794
vt 1.022427 0.700836
vt 1.016865 0.700914
vt 1.041780 0.700652
vt 1.037504 0.700691
vt 1.008255 0.714946
vt 1.011688 0.701080
vt 1.041642 0.683525
vt 1.037198 0.683674
vt 1.011339 0.683985
vt 1.006474 0.684114
vt 1.046342 0.683337
vt 1.032477 0.683771
vt 1.022019 0.683847
vt 1.027427 0.683814
vt 1.016541 0.683886
vt 1.027277 0.665790
vt 1.022341 0.665849
vt 1.031962 0.665660
vt 1.031191 0.648747
vt 1.017176 0.665840
vt 1.011984 0.665796
vt 1.040968 0.665223
vt 1.036524 0.665456
vt 1.006985 0.665758
vt 1.045774 0.664971
vt 1.007223 0.648981
vt 1.012287 0.649025
vt 1.011830 0.632352
vt 1.022218 0.649009
vt 1.017377 0.649049
vt 1.026772 0.648910
vt 1.040063 0.648379
vt 1.035627 0.648555
vt 1.044944 0.648217
vt 1.039223 0.631959
vt 1.038973 0.614894
vt 1.034518 0.615025
vt 1.044119 0.631728
vt 1.030479 0.632475
vt 1.021672 0.632564
vt 1.026135 0.632595
vt 1.016918 0.632443
vt 1.034841 0.632235
vt 1.021143 0.615744
vt 1.021081 0.598562
vt 1.016399 0.598499
vt 1.030080 0.615270
vt 1.006695 0.632410
vt 1.011294 0.615662
vt 1.043922 0.614927
vt 1.025664 0.615545
vt 1.016367 0.615786
vt 1.029789 0.598482
vt 1.029691 0.581691
vt 1.025354 0.581798
vt 1.025479 0.598566
vt 1.038580 0.598113
vt 1.034153 0.598314
vt 1.006147 0.615503
vt 1.011344 0.598428
vt 1.043551 0.597952
vt 1.034110 0.581627
vt 1.033960 0.566205
vt 1.020962 0.581918
vt 1.016325 0.582014
vt 1.038612 0.581619
vt 1.011326 0.582060
vt 1.006148 0.582053
vt 1.043650 0.581639
vt 1.011519 0.566671
vt 1.016461 0.566576
vt 1.016174 0.553643
vt 1.006303 0.566766
vt 1.043774 0.566383
vt 1.038591 0.566249
vt 1.029514 0.566246
vt 1.020970 0.566465
vt 1.025241 0.566341
vt 1.029741 0.553696
vt 1.030373 0.541952
vt 1.025282 0.541614
vt 1.039140 0.553569
vt 1.034347 0.553596
vt 1.011027 0.553768
vt 1.044453 0.553809
vt 1.025323 0.553733
vt 1.020887 0.553697
vt 1.040564 0.544013
vt 1.045938 0.545027
vt 1.046462 0.542179
vt 1.020222 0.542006
vt 1.015130 0.543003
vt 1.035507 0.542870
vt 1.009926 0.544315
vt 1.004641 0.545425
vt 1.030938 0.536737
vt 1.019600 0.536915
vt 1.014367 0.538882
vt 1.025238 0.536006
vt 1.009331 0.541112
vt 1.041191 0.540642
vt 1.036264 0.538566
vt 1.004137 0.542598
vt 1.997393 0.066654
vt 1.997393 0.062310
vt 1.980677 0.062310
vt 1.997393 0.057966
vt 1.980677 0.057966
vt 1.997393 0.053622
vt 1.997393 0.049278
vt 1.980677 0.049278
vt 1.997393 0.044934
vt 1.980677 0.044934
vt 1.997393 0.040590
vt 1.980677 0.040590
vt 1.997393 0.036246
vt 1.980677 0.036246
vt 1.997393 0.031902
vt 1.980677 0.031902
vt 1.997393 0.027558
vt 1.980677 0.027558
vt 1.980677 0.079685
vt 1.997393 0.079685
vt 1.997393 0.075342
vt 1.282665 0.909301
vt 1.287009 0.909301
vt 1.286232 0.906400
vt 1.997393 0.070998
vt 1.980677 0.066654
vt 1.980677 0.070998
vt 1.118908 0.025879
vt 1.116317 0.023288
vt 1.114198 0.024512
vt 1.292942 0.899023
vt 1.290770 0.895261
vt 1.288647 0.897384
vt 1.287009 0.893089
vt 1.286232 0.895990
vt 1.282665 0.893089
vt 1.283442 0.895990
vt 1.278903 0.895261
vt 1.281026 0.897384
vt 1.276731 0.899023
vt 1.279631 0.899800
vt 1.276731 0.903367
vt 1.279631 0.902590
vt 1.278903 0.907129
vt 1.281026 0.905005
vt 1.290770 0.907129
vt 1.292942 0.903367
vt 1.290042 0.902590
vt 1.288647 0.905005
vt 1.283442 0.906400
vt 1.290042 0.899800
vt 1.115146 0.028051
vt 1.111750 0.024512
vt 1.110802 0.028051
vt 1.109631 0.023288
vt 1.104868 0.022117
vt 1.107040 0.025879
vt 1.108407 0.021168
vt 1.108407 0.018721
vt 1.107040 0.014011
vt 1.104868 0.017773
vt 1.110802 0.011839
vt 1.109631 0.016602
vt 1.121080 0.017773
vt 1.117541 0.018721
vt 1.117541 0.021168
vt 1.118908 0.014011
vt 1.116317 0.016602
vt 1.111750 0.015378
vt 1.114198 0.015378
vt 1.121080 0.022117
vt 1.115146 0.011839
vt 0.038564 0.043761
vt 0.040179 0.045191
vt 0.043185 0.039091
vt 0.027661 0.045659
vt 0.026629 0.047857
vt 0.033993 0.048939
vt 0.021134 0.036035
vt 0.019011 0.036435
vt 0.021138 0.042911
vt 0.036913 0.028715
vt 0.040531 0.032982
vt 0.042471 0.032193
vt 0.023172 0.041538
vt 0.038043 0.026907
vt 0.031651 0.025206
vt 0.033536 0.046590
vt 0.040832 0.038640
vt 0.045829 0.031819
vt 0.039868 0.024382
vt 0.017549 0.044795
vt 0.031684 0.021850
vt 0.033738 0.053395
vt 0.045939 0.041660
vt 0.046008 0.050018
vt 0.020188 0.053886
vt 0.015363 0.035891
vt 0.373020 0.749795
vt 0.373638 0.748439
vt 0.369814 0.746061
vt 0.377822 0.751025
vt 0.377806 0.749751
vt 0.364076 0.744287
vt 0.365782 0.742996
vt 0.357505 0.738394
vt 0.345551 0.714269
vt 0.344376 0.723778
vt 0.346010 0.723619
vt 0.368805 0.747529
vt 0.349836 0.735041
vt 0.351132 0.733925
vt 0.347148 0.729446
vt 0.348220 0.705303
vt 0.347405 0.714468
vt 0.345688 0.730021
vt 0.349900 0.705924
vt 0.353431 0.697933
vt 0.356315 0.739744
vt 0.378581 0.681787
vt 0.370102 0.682905
vt 0.370579 0.684486
vt 0.363592 0.685445
vt 0.364501 0.686836
vt 0.357286 0.690194
vt 0.358557 0.691284
vt 0.005825 0.038949
vt 0.009327 0.048507
vt 0.012400 0.058071
vt 0.015805 0.068155
vt 0.022497 0.062860
vt 0.020048 0.073862
vt 0.024909 0.068966
vt 0.052789 0.004135
vt 0.054157 0.011884
vt 0.062083 0.011128
vt 0.055403 0.018692
vt 0.062101 0.017960
vt 0.055940 0.023680
vt 0.062119 0.023110
vt 0.055845 0.028037
vt 0.062146 0.027749
vt 0.055244 0.034729
vt 0.062182 0.034486
vt 0.055050 0.043065
vt 0.062181 0.042364
vt 0.055133 0.051830
vt 0.062217 0.051367
vt 0.057336 0.060494
vt 0.056643 0.068045
vt 0.062241 0.068228
vt 0.056722 0.075296
vt 0.053011 0.060335
vt 0.045708 0.079748
vt 0.051127 0.080700
vt 0.050813 0.074756
vt 0.047140 0.073868
vt 0.039220 0.072793
vt 0.035694 0.078363
vt 0.032090 0.071672
vt 0.026877 0.076518
vt 0.056465 0.081095
vt 0.051839 0.067321
vt 0.048655 0.066471
vt 0.050355 0.042662
vt 0.051233 0.033921
vt 0.051278 0.051286
vt 0.049854 0.059776
vt 0.062279 0.081920
vt 0.062261 0.075388
vt 0.048816 0.013243
vt 0.050798 0.019250
vt 0.052370 0.023863
vt 0.052411 0.027876
vt 0.044991 0.005855
vt 0.047101 0.019829
vt 0.048857 0.028230
vt 0.042046 0.015734
vt 0.045727 0.024017
vt 0.027088 0.013250
vt 0.034624 0.065596
vt 0.034104 0.059275
vt 0.044793 0.058914
vt 0.043074 0.066314
vt 0.343128 0.723944
vt 0.344417 0.730452
vt 0.350795 0.696498
vt 0.346850 0.704761
vt 0.355382 0.740679
vt 0.378587 0.680512
vt 0.369670 0.681500
vt 0.369179 0.679758
vt 0.362761 0.684241
vt 0.361808 0.682936
vt 0.356337 0.689382
vt 0.351933 0.697112
vt 0.343955 0.714151
vt 0.348678 0.735944
vt 0.368078 0.748676
vt 0.362617 0.745195
vt 0.372573 0.750743
vt 0.377833 0.751983
vt 0.081136 0.038985
vt 0.084176 0.045068
vt 0.085783 0.043630
vt 0.090383 0.048782
vt 0.097741 0.047660
vt 0.096697 0.045467
vt 0.103204 0.042683
vt 0.105296 0.036195
vt 0.103170 0.035807
vt 0.087350 0.028574
vt 0.086209 0.026772
vt 0.081812 0.032083
vt 0.092592 0.025035
vt 0.090827 0.046430
vt 0.083756 0.032861
vt 0.084371 0.024257
vt 0.078451 0.031728
vt 0.104216 0.053653
vt 0.106804 0.044547
vt 0.092540 0.021679
vt 0.078373 0.049928
vt 0.090663 0.053237
vt 0.078395 0.041569
vt 0.108940 0.035632
vt 0.386137 0.745948
vt 0.382043 0.748259
vt 0.382677 0.749671
vt 0.399426 0.738807
vt 0.390516 0.743063
vt 0.392206 0.744506
vt 0.411547 0.715103
vt 0.409666 0.715380
vt 0.411600 0.724455
vt 0.387093 0.747514
vt 0.410608 0.730126
vt 0.406285 0.734338
vt 0.407578 0.735582
vt 0.408651 0.705990
vt 0.406928 0.706615
vt 0.413228 0.724555
vt 0.403559 0.698378
vt 0.400596 0.740267
vt 0.378568 0.683618
vt 0.386623 0.684595
vt 0.387117 0.682998
vt 0.392773 0.686985
vt 0.393700 0.685590
vt 0.398713 0.691515
vt 0.115046 0.048215
vt 0.118496 0.038637
vt 0.112027 0.057795
vt 0.101956 0.062640
vt 0.108678 0.067898
vt 0.099577 0.068759
vt 0.070011 0.011840
vt 0.071336 0.004083
vt 0.068804 0.018654
vt 0.068295 0.023645
vt 0.068415 0.028001
vt 0.069052 0.034691
vt 0.069293 0.043025
vt 0.069259 0.051790
vt 0.062219 0.060251
vt 0.067104 0.060467
vt 0.067839 0.068014
vt 0.067800 0.075265
vt 0.072639 0.067263
vt 0.071427 0.060284
vt 0.078839 0.079656
vt 0.077374 0.073784
vt 0.073706 0.074693
vt 0.085288 0.072665
vt 0.092412 0.071505
vt 0.088845 0.078216
vt 0.097652 0.076322
vt 0.104465 0.073629
vt 0.073424 0.080639
vt 0.075817 0.066396
vt 0.073058 0.033860
vt 0.073986 0.042596
vt 0.074581 0.059708
vt 0.073111 0.051226
vt 0.068089 0.081063
vt 0.073411 0.019186
vt 0.075360 0.013168
vt 0.071866 0.023808
vt 0.071847 0.027822
vt 0.079144 0.005759
vt 0.078510 0.023925
vt 0.077112 0.019744
vt 0.075403 0.028156
vt 0.082145 0.015622
vt 0.097088 0.013054
vt 0.090328 0.059119
vt 0.089844 0.065443
vt 0.079638 0.058818
vt 0.081398 0.066208
vt 0.411788 0.704757
vt 0.410043 0.705446
vt 0.413156 0.714926
vt 0.414477 0.724682
vt 0.412032 0.730727
vt 0.406264 0.697019
vt 0.405099 0.697600
vt 0.401525 0.741291
vt 0.387561 0.681579
vt 0.394551 0.684379
vt 0.400009 0.690457
vt 0.400983 0.689664
vt 0.408736 0.736571
vt 0.387776 0.748728
vt 0.414996 0.714740
vt 0.393659 0.745546
vt 0.383119 0.750643
vt 0.355115 0.688388
vt 0.349280 0.695623
vt 0.345120 0.704073
vt 0.342119 0.714029
vt 0.342714 0.731077
vt 0.354192 0.741939
vt 0.347266 0.737078
vt 0.367120 0.750388
vt 0.341451 0.724161
vt 0.360806 0.746508
vt 0.377845 0.753622
vt 0.371961 0.752455
vt 0.402242 0.688695
vt 0.413297 0.731174
vt 0.415015 0.731823
vt 0.407812 0.696189
vt 0.402709 0.742672
vt 0.388066 0.679823
vt 0.395529 0.683064
vt 0.410154 0.737797
vt 0.388651 0.750523
vt 0.395445 0.747036
vt 0.383709 0.752369
vt 0.248798 0.896372
vt 0.245223 0.901318
vt 0.249551 0.905585
vt 0.238046 0.950220
vt 0.238687 0.959184
vt 0.250476 0.955854
vt 0.220256 0.954411
vt 0.220319 0.961110
vt 0.229848 0.960345
vt 0.229883 0.984668
vt 0.229752 0.991681
vt 0.237975 0.991354
vt 0.229711 0.953165
vt 0.220443 0.984971
vt 0.220392 0.992154
vt 0.238913 0.984519
vt 0.245897 0.991300
vt 0.239004 0.972241
vt 0.247496 0.981542
vt 0.220433 0.972982
vt 0.230313 0.972662
vt 0.250086 0.968915
vt 0.260207 0.953236
vt 0.254766 0.942720
vt 0.273108 0.949174
vt 0.266311 0.939159
vt 0.282675 0.937564
vt 0.252989 0.982531
vt 0.252229 0.990062
vt 0.259775 0.989445
vt 0.259490 0.967886
vt 0.272370 0.966506
vt 0.265112 0.981577
vt 0.270917 0.989526
vt 0.277351 0.987167
vt 0.279970 0.977178
vt 0.288677 0.982815
vt 0.301034 0.973350
vt 0.291121 0.975300
vt 0.293376 0.982142
vt 0.303427 0.984473
vt 0.310761 0.983161
vt 0.311917 0.972491
vt 0.319239 0.983148
vt 0.320159 0.971457
vt 0.325563 0.983513
vt 0.285839 0.967336
vt 0.292710 0.957973
vt 0.281951 0.955536
vt 0.291753 0.943431
vt 0.329050 0.972208
vt 0.329749 0.961192
vt 0.298208 0.962117
vt 0.318544 0.959808
vt 0.308350 0.960521
vt 0.339388 0.974211
vt 0.342073 0.963838
vt 0.336249 0.985878
vt 0.302104 0.948433
vt 0.308895 0.932396
vt 0.297064 0.928520
vt 0.345096 0.952458
vt 0.331516 0.949423
vt 0.317602 0.947894
vt 0.348295 0.942185
vt 0.334217 0.937874
vt 0.321137 0.935039
vt 0.284910 0.923028
vt 0.277282 0.923195
vt 0.301799 0.917839
vt 0.289944 0.915557
vt 0.305558 0.904553
vt 0.293967 0.907044
vt 0.305124 0.892885
vt 0.296044 0.897547
vt 0.296809 0.887297
vt 0.287524 0.882531
vt 0.287396 0.888946
vt 0.275346 0.882897
vt 0.280267 0.890349
vt 0.266817 0.890817
vt 0.275015 0.895822
vt 0.264173 0.900692
vt 0.273153 0.903865
vt 0.262682 0.912397
vt 0.264861 0.922971
vt 0.273448 0.918645
vt 0.254019 0.938539
vt 0.258326 0.932668
vt 0.251200 0.930205
vt 0.272527 0.931434
vt 0.249176 0.937406
vt 0.253142 0.921676
vt 0.339341 0.923768
vt 0.345520 0.904941
vt 0.328063 0.904708
vt 0.325900 0.920603
vt 0.353429 0.926933
vt 0.312703 0.919117
vt 0.315766 0.905067
vt 0.358399 0.906971
vt 0.348516 0.898208
vt 0.359046 0.901078
vt 0.359341 0.894348
vt 0.350761 0.892728
vt 0.345253 0.887114
vt 0.339528 0.890370
vt 0.342543 0.879688
vt 0.336204 0.880102
vt 0.342828 0.872169
vt 0.336876 0.870261
vt 0.346546 0.864640
vt 0.353888 0.859905
vt 0.351181 0.853364
vt 0.341907 0.860041
vt 0.347609 0.846610
vt 0.330813 0.867525
vt 0.330327 0.880319
vt 0.334833 0.893829
vt 0.358512 0.877367
vt 0.359217 0.886023
vt 0.357052 0.869789
vt 0.336124 0.833007
vt 0.326547 0.846034
vt 0.319880 0.821523
vt 0.313807 0.835113
vt 0.301305 0.813813
vt 0.296081 0.828428
vt 0.273311 0.812207
vt 0.319277 0.856354
vt 0.313861 0.866053
vt 0.336487 0.856097
vt 0.322634 0.876898
vt 0.308699 0.872887
vt 0.315529 0.883212
vt 0.302589 0.880677
vt 0.306291 0.847183
vt 0.301494 0.858102
vt 0.296551 0.867238
vt 0.315616 0.894182
vt 0.309151 0.887057
vt 0.327076 0.892874
vt 0.288566 0.853706
vt 0.292540 0.842158
vt 0.277042 0.840232
vt 0.291589 0.874747
vt 0.285653 0.864148
vt 0.276171 0.852223
vt 0.263992 0.878665
vt 0.258246 0.885360
vt 0.275102 0.827332
vt 0.259588 0.896932
vt 0.251800 0.891923
vt 0.248340 0.881503
vt 0.243390 0.887976
vt 0.238064 0.879037
vt 0.235549 0.885967
vt 0.228186 0.878208
vt 0.227159 0.885741
vt 0.219810 0.878485
vt 0.280745 0.874530
vt 0.275035 0.862418
vt 0.269094 0.870700
vt 0.230178 0.868390
vt 0.219819 0.868443
vt 0.233816 0.855144
vt 0.219812 0.851048
vt 0.242276 0.842129
vt 0.231897 0.833112
vt 0.257026 0.831654
vt 0.251011 0.819269
vt 0.241143 0.870343
vt 0.246269 0.861158
vt 0.252539 0.873953
vt 0.257720 0.866891
vt 0.261241 0.842012
vt 0.264943 0.850686
vt 0.261842 0.859195
vt 0.251921 0.851066
vt 0.225468 0.891714
vt 0.234298 0.891859
vt 0.242390 0.893617
vt 0.216839 0.896167
vt 0.219508 0.895310
vt 0.219703 0.891216
vt 0.222167 0.896665
vt 0.232342 0.896550
vt 0.229148 0.900917
vt 0.234878 0.902356
vt 0.238374 0.899331
vt 0.240322 0.904843
vt 0.219775 0.886807
vt 0.228188 0.895369
vt 0.254555 0.902895
vt 0.224505 0.898721
vt 0.252877 0.912192
vt 0.723437 0.249268
vt 0.719293 0.256254
vt 0.726468 0.259187
vt 0.731871 0.244618
vt 0.730486 0.254661
vt 0.753616 0.276561
vt 0.761031 0.271196
vt 0.757387 0.268862
vt 0.738074 0.250744
vt 0.743384 0.246508
vt 0.755023 0.245384
vt 0.743614 0.243593
vt 0.763737 0.263073
vt 0.760287 0.264241
vt 0.762142 0.253644
vt 0.760467 0.256946
vt 0.752894 0.250020
vt 0.720524 0.265977
vt 0.727341 0.263872
vt 0.741063 0.276561
vt 0.742843 0.271251
vt 0.732012 0.267961
vt 0.729816 0.272341
vt 0.752271 0.271693
vt 0.756160 0.267251
vt 0.751825 0.269736
vt 0.733046 0.265208
vt 0.758196 0.257961
vt 0.758521 0.263217
vt 0.743466 0.269022
vt 0.751586 0.252088
vt 0.750091 0.265074
vt 0.742359 0.263070
vt 0.740567 0.255860
vt 0.749790 0.257386
vt 0.754714 0.263736
vt 0.736455 0.256359
vt 0.735538 0.261489
vt 0.754541 0.259573
vt 0.292983 0.987267
vt 0.397269 0.051695
vt 0.395636 0.043423
vt 0.383046 0.051811
vt 0.278603 0.991713
vt 0.286906 0.987561
vt 0.262052 0.995575
vt 0.271796 0.994614
vt 0.401087 0.073971
vt 0.398451 0.066543
vt 0.389740 0.068833
vt 0.230920 0.996205
vt 0.220622 0.997132
vt 0.379175 0.083207
vt 0.377081 0.076314
vt 0.369860 0.079616
vt 0.375196 0.047312
vt 0.387708 0.040929
vt 0.378809 0.034686
vt 0.369823 0.033054
vt 0.369808 0.045602
vt 0.383542 0.038741
vt 0.252602 0.994218
vt 0.243233 0.996763
vt 0.237868 0.997660
vt 0.311432 0.990128
vt 0.319752 0.989716
vt 0.390618 0.083354
vt 0.399765 0.079010
vt 0.386078 0.077238
vt 0.304226 0.991007
vt 0.386509 0.087843
vt 0.370009 0.095428
vt 0.375477 0.094077
vt 0.369855 0.086684
vt 0.397553 0.060329
vt 0.388631 0.059327
vt 0.380980 0.091848
vt 0.327126 0.990260
vt 0.383784 0.067602
vt 0.381624 0.073157
vt 0.374266 0.053440
vt 0.380497 0.056394
vt 0.383058 0.061484
vt 0.369812 0.052199
vt 0.375780 0.060707
vt 0.369802 0.060758
vt 0.369798 0.066987
vt 0.376819 0.068918
vt 0.190658 0.905786
vt 0.194906 0.901344
vt 0.191182 0.896439
vt 0.227660 0.947939
vt 0.220195 0.949342
vt 0.190064 0.956305
vt 0.201923 0.959491
vt 0.202457 0.950529
vt 0.210780 0.960524
vt 0.203167 0.991674
vt 0.211391 0.991846
vt 0.211150 0.984832
vt 0.210804 0.953353
vt 0.195224 0.991771
vt 0.202102 0.984842
vt 0.193438 0.982012
vt 0.201788 0.972550
vt 0.210546 0.972831
vt 0.190634 0.969389
vt 0.185593 0.943176
vt 0.180262 0.953793
vt 0.173970 0.939719
vt 0.167256 0.949858
vt 0.167652 0.932020
vt 0.157511 0.938285
vt 0.187940 0.983100
vt 0.175727 0.982340
vt 0.181232 0.990177
vt 0.181177 0.968492
vt 0.188842 0.990654
vt 0.168208 0.967276
vt 0.169995 0.990439
vt 0.160696 0.978117
vt 0.163469 0.988150
vt 0.149434 0.976362
vt 0.151994 0.983908
vt 0.139482 0.974491
vt 0.147251 0.983287
vt 0.128466 0.973763
vt 0.129771 0.984500
vt 0.120156 0.972820
vt 0.121204 0.984606
vt 0.111188 0.973665
vt 0.114834 0.985027
vt 0.158437 0.956355
vt 0.147637 0.958927
vt 0.154661 0.968277
vt 0.148443 0.944280
vt 0.138078 0.949424
vt 0.121642 0.961056
vt 0.110362 0.962567
vt 0.142147 0.963160
vt 0.131918 0.961662
vt 0.137184 0.985720
vt 0.097968 0.965371
vt 0.100797 0.975801
vt 0.104139 0.987512
vt 0.142949 0.929332
vt 0.131079 0.933349
vt 0.155114 0.923723
vt 0.108459 0.950724
vt 0.094796 0.953925
vt 0.122465 0.949042
vt 0.105624 0.939110
vt 0.091464 0.943591
vt 0.118778 0.936128
vt 0.162791 0.923786
vt 0.149989 0.916225
vt 0.138084 0.918629
vt 0.145867 0.907694
vt 0.134181 0.905292
vt 0.143692 0.898157
vt 0.134515 0.893544
vt 0.146677 0.892326
vt 0.142834 0.887853
vt 0.152315 0.889430
vt 0.152130 0.882983
vt 0.159494 0.890784
vt 0.164370 0.883242
vt 0.164858 0.896214
vt 0.173017 0.891117
vt 0.166809 0.904294
vt 0.175794 0.901020
vt 0.167609 0.912517
vt 0.177417 0.912785
vt 0.166606 0.919169
vt 0.175288 0.923435
vt 0.189029 0.930579
vt 0.181914 0.933118
vt 0.186297 0.938969
vt 0.191138 0.937779
vt 0.187042 0.922048
vt 0.187351 0.912510
vt 0.111529 0.905645
vt 0.093991 0.906036
vt 0.100336 0.924937
vt 0.113849 0.921635
vt 0.086146 0.928244
vt 0.127121 0.920017
vt 0.123908 0.905901
vt 0.080999 0.908127
vt 0.088571 0.893703
vt 0.080054 0.895409
vt 0.080356 0.902157
vt 0.099874 0.891372
vt 0.094142 0.888088
vt 0.103123 0.880822
vt 0.096759 0.880532
vt 0.102353 0.871003
vt 0.096322 0.873015
vt 0.097229 0.860809
vt 0.092552 0.865519
vt 0.087862 0.854183
vt 0.085176 0.860782
vt 0.091403 0.847344
vt 0.108498 0.868171
vt 0.102697 0.856880
vt 0.109061 0.880994
vt 0.104529 0.894732
vt 0.090955 0.899197
vt 0.082067 0.870747
vt 0.080698 0.878379
vt 0.080081 0.887074
vt 0.112626 0.846590
vt 0.102871 0.833557
vt 0.125353 0.835509
vt 0.119143 0.821877
vt 0.143134 0.828662
vt 0.137782 0.813992
vt 0.164221 0.827431
vt 0.165938 0.812207
vt 0.116773 0.877583
vt 0.125526 0.866620
vt 0.119999 0.856905
vt 0.123968 0.883892
vt 0.130762 0.873452
vt 0.136966 0.881242
vt 0.137897 0.858535
vt 0.132995 0.847590
vt 0.147979 0.875191
vt 0.142934 0.867682
vt 0.112384 0.893698
vt 0.123959 0.894936
vt 0.130415 0.887712
vt 0.150860 0.854024
vt 0.163300 0.852447
vt 0.162347 0.840408
vt 0.146785 0.842444
vt 0.153862 0.864493
vt 0.158873 0.874885
vt 0.164512 0.862676
vt 0.181549 0.885540
vt 0.175722 0.878889
vt 0.180360 0.897181
vt 0.188088 0.892034
vt 0.196411 0.887939
vt 0.191407 0.881560
vt 0.204158 0.885830
vt 0.201623 0.878999
vt 0.212436 0.885599
vt 0.211451 0.878157
vt 0.170538 0.870943
vt 0.209456 0.868380
vt 0.205787 0.855156
vt 0.207664 0.833052
vt 0.197266 0.842136
vt 0.188404 0.819202
vt 0.182411 0.831679
vt 0.193339 0.861221
vt 0.198508 0.870367
vt 0.187147 0.874060
vt 0.181909 0.867034
vt 0.174562 0.850832
vt 0.178229 0.842102
vt 0.177726 0.859349
vt 0.187628 0.851139
vt 0.205429 0.891573
vt 0.213995 0.891409
vt 0.197509 0.893525
vt 0.201641 0.899060
vt 0.199976 0.904686
vt 0.185530 0.903127
vt 0.207416 0.896064
vt 0.211360 0.894831
vt 0.195512 0.920351
vt 0.239409 0.497715
vt 0.232710 0.503664
vt 0.237031 0.507897
vt 0.230689 0.493730
vt 0.224859 0.500196
vt 0.211162 0.527101
vt 0.212168 0.522154
vt 0.206871 0.519681
vt 0.219279 0.496456
vt 0.207624 0.496109
vt 0.210056 0.500552
vt 0.203398 0.522261
vt 0.203657 0.515272
vt 0.200137 0.514346
vt 0.202972 0.508008
vt 0.201066 0.504831
vt 0.243430 0.514236
vt 0.243950 0.504440
vt 0.232118 0.517037
vt 0.221542 0.521066
vt 0.223682 0.526238
vt 0.236502 0.512629
vt 0.234604 0.521253
vt 0.212479 0.520170
vt 0.207983 0.517990
vt 0.230897 0.514364
vt 0.205349 0.514128
vt 0.205309 0.508861
vt 0.220767 0.518884
vt 0.211506 0.502526
vt 0.221462 0.512873
vt 0.213888 0.515401
vt 0.228152 0.510827
vt 0.213662 0.507705
vt 0.222754 0.505570
vt 0.209184 0.514383
vt 0.226881 0.505779
vt 0.209069 0.510217
vt 0.136399 0.992387
vt 0.147707 0.988453
vt 0.342363 0.051659
vt 0.350987 0.059282
vt 0.356544 0.051751
vt 0.153841 0.988669
vt 0.162125 0.992909
vt 0.169178 0.995585
vt 0.179043 0.996468
vt 0.338647 0.073942
vt 0.349833 0.068708
vt 0.341361 0.066602
vt 0.203422 0.998011
vt 0.210329 0.996385
vt 0.362551 0.076368
vt 0.360528 0.083282
vt 0.364373 0.047155
vt 0.351895 0.040922
vt 0.360843 0.034664
vt 0.356134 0.038718
vt 0.188550 0.994839
vt 0.197936 0.997199
vt 0.129341 0.991479
vt 0.349151 0.083330
vt 0.353274 0.077390
vt 0.340008 0.078953
vt 0.353061 0.087751
vt 0.363982 0.094114
vt 0.342116 0.060323
vt 0.113565 0.991516
vt 0.120738 0.991237
vt 0.358733 0.091851
vt 0.344036 0.043382
vt 0.105967 0.992819
vt 0.357956 0.073227
vt 0.355752 0.067624
vt 0.359100 0.056362
vt 0.365352 0.053434
vt 0.356519 0.061463
vt 0.363818 0.060700
vt 0.362775 0.068944
vt 0.902016 0.262496
vt 0.902016 0.233133
vt 0.883634 0.233133
vt 0.902016 0.203770
vt 0.902016 0.174408
vt 0.883634 0.174408
vt 0.902016 0.145045
vt 0.883634 0.145045
vt 0.902016 0.115682
vt 0.883634 0.115682
vt 0.902016 0.086320
vt 0.883634 0.086320
vt 0.902016 0.056957
vt 0.883634 0.056957
vt 0.902016 0.996563
vt 0.902016 0.967201
vt 0.883634 0.967201
vt 0.902016 0.937838
vt 0.883634 0.937838
vt 0.902016 0.908476
vt 0.883634 0.908476
vt 0.902016 0.879113
vt 0.883634 0.879113
vt 0.902016 0.849750
vt 0.883634 0.849750
vt 0.902016 0.820387
vt 0.883634 0.820387
vt 0.902016 0.791024
vt 0.883634 0.791024
vt 0.902016 0.761662
vt 0.902016 0.732299
vt 0.883634 0.732299
vt 0.902016 0.702936
vt 0.883634 0.702936
vt 0.902016 0.673574
vt 0.883634 0.673574
vt 0.902016 0.644211
vt 0.902016 0.614848
vt 0.883634 0.614848
vt 0.902016 0.585486
vt 0.883634 0.585486
vt 0.902016 0.556123
vt 0.883634 0.556123
vt 0.902016 0.526760
vt 0.883634 0.526760
vt 0.902016 0.497397
vt 0.883634 0.497397
vt 0.902016 0.468035
vt 0.883634 0.468035
vt 0.902016 0.438672
vt 0.883634 0.438672
vt 0.902016 0.409309
vt 0.883634 0.409309
vt 0.902016 0.379947
vt 0.883634 0.379947
vt 0.902016 0.350583
vt 0.883634 0.350583
vt 0.902016 0.321221
vt 0.883634 0.321221
vt 0.902016 0.291859
vt 0.883634 0.262496
vt 0.288367 0.350490
vt 0.299804 0.376965
vt 0.308287 0.374331
vt 0.305792 0.405134
vt 0.314631 0.404185
vt 0.306100 0.433917
vt 0.314956 0.434688
vt 0.300716 0.462208
vt 0.309249 0.464670
vt 0.289848 0.488921
vt 0.297734 0.492976
vt 0.273910 0.513027
vt 0.280841 0.518522
vt 0.253519 0.533604
vt 0.229457 0.549858
vt 0.233727 0.557558
vt 0.202646 0.561167
vt 0.205313 0.569541
vt 0.174118 0.567094
vt 0.175080 0.575822
vt 0.144969 0.567414
vt 0.144188 0.576160
vt 0.116318 0.562113
vt 0.113825 0.570541
vt 0.089265 0.551395
vt 0.064851 0.535672
vt 0.059282 0.542518
vt 0.044013 0.515546
vt 0.037192 0.521190
vt 0.027561 0.491784
vt 0.019763 0.496005
vt 0.016126 0.465309
vt 0.010137 0.437140
vt 0.001298 0.438090
vt 0.009830 0.408356
vt 0.000974 0.407586
vt 0.015213 0.380064
vt 0.006678 0.377607
vt 0.026084 0.353352
vt 0.018196 0.349302
vt 0.042021 0.329246
vt 0.062411 0.308670
vt 0.056700 0.301942
vt 0.086474 0.292415
vt 0.082199 0.284717
vt 0.113286 0.281110
vt 0.141813 0.275181
vt 0.140851 0.266453
vt 0.170962 0.274861
vt 0.171743 0.266116
vt 0.199614 0.280160
vt 0.202102 0.271731
vt 0.226666 0.290879
vt 0.230766 0.283089
vt 0.251080 0.306603
vt 0.256641 0.299749
vt 0.271916 0.326729
vt 0.296169 0.346273
vt 0.481282 0.334182
vt 0.509470 0.334182
vt 0.507849 0.317719
vt 0.537118 0.328683
vt 0.532316 0.312853
vt 0.563161 0.317896
vt 0.555363 0.303306
vt 0.586599 0.302234
vt 0.576105 0.289447
vt 0.606532 0.282302
vt 0.622193 0.258863
vt 0.607604 0.251065
vt 0.632981 0.232820
vt 0.617150 0.228018
vt 0.638480 0.205172
vt 0.622017 0.203551
vt 0.638480 0.176983
vt 0.632981 0.149336
vt 0.617150 0.154138
vt 0.622193 0.123292
vt 0.607604 0.131091
vt 0.606532 0.099854
vt 0.593744 0.110349
vt 0.586599 0.079921
vt 0.563160 0.064260
vt 0.555362 0.078849
vt 0.537117 0.053473
vt 0.532315 0.069303
vt 0.509470 0.047974
vt 0.507849 0.064437
vt 0.481281 0.047974
vt 0.482903 0.064437
vt 0.453634 0.053473
vt 0.427591 0.064261
vt 0.435389 0.078850
vt 0.404152 0.079922
vt 0.414647 0.092710
vt 0.384220 0.099854
vt 0.397007 0.110349
vt 0.368559 0.123293
vt 0.383148 0.131091
vt 0.357771 0.149336
vt 0.373601 0.154138
vt 0.352272 0.176984
vt 0.352272 0.205173
vt 0.368735 0.203551
vt 0.357771 0.232820
vt 0.373602 0.228018
vt 0.368559 0.258864
vt 0.383148 0.251065
vt 0.384220 0.282302
vt 0.404152 0.302234
vt 0.414647 0.289448
vt 0.427591 0.317896
vt 0.435389 0.303306
vt 0.453634 0.328683
vt 0.458436 0.312853
vt 0.852563 0.397884
vt 0.852563 0.422825
vt 0.864955 0.422825
vt 0.852563 0.447766
vt 0.864955 0.447766
vt 0.852563 0.472707
vt 0.864955 0.472707
vt 0.852563 0.497648
vt 0.852563 0.522590
vt 0.864955 0.522590
vt 0.852563 0.547531
vt 0.852563 0.572472
vt 0.864955 0.572472
vt 0.852563 0.597413
vt 0.864955 0.597413
vt 0.852563 0.622355
vt 0.864955 0.622355
vt 0.852563 0.647296
vt 0.864955 0.647296
vt 0.852563 0.672237
vt 0.864955 0.672237
vt 0.852563 0.697178
vt 0.864955 0.697178
vt 0.852563 0.722119
vt 0.864955 0.722119
vt 0.852563 0.747060
vt 0.864955 0.747060
vt 0.852563 0.772002
vt 0.864955 0.772002
vt 0.852563 0.796942
vt 0.864955 0.796942
vt 0.852563 0.821883
vt 0.864955 0.821883
vt 0.852563 0.846825
vt 0.864955 0.846825
vt 0.852563 0.871766
vt 0.852563 0.896707
vt 0.864955 0.896707
vt 0.852563 0.921648
vt 0.864955 0.921648
vt 0.852563 0.946590
vt 0.864955 0.946590
vt 0.852563 0.971531
vt 0.864955 0.971531
vt 0.852563 0.996472
vt 0.864955 0.996472
vt 0.852563 0.198355
vt 0.852563 0.223296
vt 0.864955 0.223296
vt 0.852563 0.248237
vt 0.852563 0.273178
vt 0.864955 0.273178
vt 0.852563 0.298119
vt 0.852563 0.323061
vt 0.864955 0.323061
vt 0.852563 0.348002
vt 0.864955 0.348002
vt 0.852563 0.372943
vt 0.864955 0.372943
vt 0.864955 0.397884
vt 0.154262 0.225852
vt 0.142327 0.240377
vt 0.163292 0.254363
vt 0.186575 0.263988
vt 0.192033 0.246008
vt 0.211284 0.268888
vt 0.236473 0.268877
vt 0.234639 0.250178
vt 0.261176 0.263953
vt 0.255731 0.245972
vt 0.284445 0.254305
vt 0.275597 0.237731
vt 0.305385 0.240304
vt 0.323193 0.222490
vt 0.308677 0.210562
vt 0.337184 0.201542
vt 0.320620 0.192675
vt 0.346820 0.178269
vt 0.328846 0.172802
vt 0.351733 0.153564
vt 0.333037 0.151707
vt 0.351733 0.128375
vt 0.333034 0.130201
vt 0.346820 0.103669
vt 0.328836 0.109106
vt 0.337184 0.080394
vt 0.320604 0.089236
vt 0.323193 0.059443
vt 0.305377 0.041618
vt 0.293441 0.056143
vt 0.284413 0.027630
vt 0.275549 0.044203
vt 0.261131 0.018004
vt 0.236422 0.013104
vt 0.234575 0.031802
vt 0.211232 0.013116
vt 0.213066 0.031814
vt 0.186529 0.018040
vt 0.191974 0.036021
vt 0.163260 0.027687
vt 0.172108 0.044261
vt 0.142320 0.041687
vt 0.154231 0.056217
vt 0.124512 0.059503
vt 0.139028 0.071430
vt 0.110521 0.080450
vt 0.127085 0.089317
vt 0.100885 0.103723
vt 0.095972 0.128428
vt 0.114668 0.130284
vt 0.095972 0.153618
vt 0.114671 0.151792
vt 0.100884 0.178323
vt 0.118869 0.172886
vt 0.110520 0.201598
vt 0.127100 0.192757
vt 0.124510 0.222551
vt 0.139050 0.210642
vt 0.865499 0.453024
vt 0.883019 0.453024
vt 0.883019 0.431293
vt 0.883019 0.409562
vt 0.865499 0.409562
vt 0.883019 0.387831
vt 0.865499 0.387831
vt 0.883019 0.366099
vt 0.865499 0.366099
vt 0.883019 0.344368
vt 0.865499 0.344368
vt 0.883019 0.322636
vt 0.865499 0.322636
vt 0.883019 0.300905
vt 0.865499 0.300905
vt 0.883019 0.996307
vt 0.883019 0.974576
vt 0.865499 0.974576
vt 0.883019 0.952844
vt 0.865499 0.952844
vt 0.883019 0.931113
vt 0.883019 0.909382
vt 0.865499 0.909382
vt 0.883019 0.887651
vt 0.865499 0.887651
vt 0.883019 0.865919
vt 0.865499 0.865919
vt 0.883019 0.844188
vt 0.865499 0.844188
vt 0.883019 0.822457
vt 0.865499 0.822457
vt 0.883019 0.800725
vt 0.865499 0.800725
vt 0.883019 0.778994
vt 0.865499 0.778994
vt 0.883019 0.757263
vt 0.883019 0.735531
vt 0.865499 0.735531
vt 0.883019 0.713800
vt 0.865499 0.713800
vt 0.883019 0.692069
vt 0.865499 0.692069
vt 0.883019 0.670337
vt 0.883019 0.648606
vt 0.865499 0.648606
vt 0.883019 0.626875
vt 0.865499 0.626875
vt 0.883019 0.605143
vt 0.883019 0.583412
vt 0.865499 0.583412
vt 0.883019 0.561681
vt 0.883019 0.539949
vt 0.865499 0.539949
vt 0.883019 0.518218
vt 0.865499 0.518218
vt 0.883019 0.496487
vt 0.883019 0.474756
vt 0.865499 0.474756
vt 0.424217 0.103629
vt 0.429388 0.109942
vt 0.446350 0.098620
vt 0.465195 0.090825
vt 0.462836 0.083013
vt 0.485198 0.086854
vt 0.505592 0.086862
vt 0.506400 0.078743
vt 0.525592 0.090847
vt 0.527969 0.083042
vt 0.544430 0.098656
vt 0.548284 0.091464
vt 0.561386 0.109988
vt 0.566565 0.103682
vt 0.575802 0.124414
vt 0.582109 0.119240
vt 0.587130 0.141369
vt 0.594934 0.160211
vt 0.602744 0.157849
vt 0.598912 0.180213
vt 0.607033 0.179419
vt 0.598914 0.200606
vt 0.607033 0.201411
vt 0.594938 0.220607
vt 0.602744 0.222981
vt 0.587137 0.239451
vt 0.575808 0.256411
vt 0.582117 0.261600
vt 0.561378 0.270826
vt 0.566546 0.277142
vt 0.544415 0.282147
vt 0.548251 0.289348
vt 0.525571 0.289942
vt 0.505567 0.293911
vt 0.506357 0.302032
vt 0.485174 0.293903
vt 0.484365 0.302022
vt 0.465174 0.289918
vt 0.462797 0.297723
vt 0.446335 0.282109
vt 0.442481 0.289301
vt 0.429381 0.270776
vt 0.424198 0.277078
vt 0.414963 0.256353
vt 0.408651 0.261523
vt 0.403636 0.239395
vt 0.396436 0.243236
vt 0.395832 0.220554
vt 0.391853 0.200553
vt 0.383733 0.201346
vt 0.391852 0.180159
vt 0.383732 0.179354
vt 0.395828 0.160157
vt 0.388022 0.157784
vt 0.403628 0.141315
vt 0.396433 0.137465
vt 0.414956 0.124353
vt 0.408642 0.119168
vt 0.174263 0.048298
vt 0.176965 0.053354
vt 0.194956 0.045901
vt 0.316450 0.190485
vt 0.324331 0.171456
vt 0.318846 0.169792
vt 0.316450 0.091430
vt 0.305007 0.074305
vt 0.300576 0.077941
vt 0.213492 0.245517
vt 0.214054 0.239812
vt 0.194956 0.236013
vt 0.119231 0.130659
vt 0.119231 0.151256
vt 0.124936 0.150694
vt 0.213493 0.036398
vt 0.193292 0.040416
vt 0.311394 0.187783
vt 0.300576 0.203973
vt 0.324331 0.110458
vt 0.311394 0.094132
vt 0.193292 0.241499
vt 0.176965 0.228561
vt 0.123249 0.110458
vt 0.124936 0.131221
vt 0.214054 0.042103
vt 0.233527 0.042103
vt 0.290443 0.222174
vt 0.305007 0.207610
vt 0.318846 0.112123
vt 0.322645 0.131221
vt 0.174263 0.233617
vt 0.160774 0.217743
vt 0.131131 0.091430
vt 0.128735 0.112123
vt 0.234089 0.036398
vt 0.252625 0.045901
vt 0.286807 0.217743
vt 0.270616 0.228561
vt 0.142574 0.207610
vt 0.157138 0.222174
vt 0.142574 0.074305
vt 0.136187 0.094132
vt 0.273318 0.048298
vt 0.254290 0.040416
vt 0.273318 0.233617
vt 0.252625 0.236013
vt 0.147005 0.203973
vt 0.136187 0.187783
vt 0.147005 0.077941
vt 0.160774 0.064172
vt 0.328350 0.130659
vt 0.322645 0.150694
vt 0.290443 0.059741
vt 0.270616 0.053354
vt 0.254289 0.241499
vt 0.233527 0.239812
vt 0.131131 0.190485
vt 0.128735 0.169792
vt 0.157138 0.059741
vt 0.328350 0.151255
vt 0.286807 0.064172
vt 0.234088 0.245517
vt 0.123249 0.171456
vt 0.199055 0.227124
vt 0.216364 0.230567
vt 0.225188 0.140973
vt 0.234013 0.230568
vt 0.251322 0.227124
vt 0.267628 0.220371
vt 0.282302 0.210566
vt 0.294781 0.198086
vt 0.304586 0.183412
vt 0.311340 0.167107
vt 0.314783 0.149797
vt 0.314783 0.132149
vt 0.311340 0.114839
vt 0.304587 0.098535
vt 0.294781 0.083860
vt 0.282302 0.071381
vt 0.267628 0.061575
vt 0.251323 0.054821
vt 0.234013 0.051378
vt 0.216364 0.051378
vt 0.199055 0.054821
vt 0.182750 0.061575
vt 0.168076 0.071380
vt 0.155596 0.083859
vt 0.145791 0.098533
vt 0.139037 0.114839
vt 0.135594 0.132148
vt 0.135594 0.149797
vt 0.139037 0.167106
vt 0.145791 0.183412
vt 0.155596 0.198086
vt 0.168075 0.210566
vt 0.182750 0.220371
vt 0.673002 0.493144
vt 0.673002 0.487879
vt 0.664076 0.487879
vt 0.673002 0.482617
vt 0.664076 0.482617
vt 0.673002 0.477356
vt 0.664076 0.477356
vt 0.673002 0.472095
vt 0.664076 0.472095
vt 0.673002 0.466832
vt 0.673002 0.461567
vt 0.664076 0.461567
vt 0.673002 0.456303
vt 0.664076 0.456303
vt 0.673002 0.451040
vt 0.673002 0.445780
vt 0.664076 0.445780
vt 0.673002 0.440519
vt 0.132651 0.417560
vt 0.133115 0.422887
vt 0.135916 0.421858
vt 0.673002 0.435256
vt 0.673002 0.429991
vt 0.664076 0.429991
vt 0.664076 0.435256
vt 0.456942 0.695580
vt 0.451642 0.695580
vt 0.452574 0.699059
vt 0.049727 0.272984
vt 0.051006 0.236567
vt 0.046425 0.236516
vt 0.136128 0.427258
vt 0.138053 0.425016
vt 0.140903 0.429576
vt 0.141497 0.426657
vt 0.146227 0.429218
vt 0.145288 0.426385
vt 0.150666 0.426222
vt 0.148423 0.424242
vt 0.153000 0.421392
vt 0.150058 0.420804
vt 0.144784 0.409192
vt 0.139358 0.409566
vt 0.140374 0.412444
vt 0.149613 0.411578
vt 0.144174 0.412154
vt 0.152601 0.416036
vt 0.149750 0.416992
vt 0.134903 0.412682
vt 0.137233 0.414601
vt 0.147609 0.413822
vt 0.135611 0.418051
vt 0.456011 0.699059
vt 0.458986 0.700778
vt 0.461533 0.698230
vt 0.460705 0.703754
vt 0.464183 0.702821
vt 0.460705 0.707190
vt 0.447051 0.712712
vt 0.451642 0.715363
vt 0.452574 0.711884
vt 0.456943 0.715363
vt 0.456010 0.711884
vt 0.464183 0.708122
vt 0.458986 0.710166
vt 0.449598 0.710165
vt 0.447880 0.707190
vt 0.461533 0.712712
vt 0.444401 0.708121
vt 0.447879 0.703753
vt 0.444401 0.702821
vt 0.449598 0.700777
vt 0.447051 0.698230
vt 0.090638 0.236643
vt 0.086056 0.236667
vt 0.087126 0.273091
vt 0.072831 0.236534
vt 0.068531 0.236507
vt 0.068424 0.274013
vt 0.063734 0.273878
vt 0.064231 0.236510
vt 0.059897 0.236535
vt 0.081565 0.236638
vt 0.082463 0.273396
vt 0.045065 0.272688
vt 0.041789 0.236388
vt 0.050795 0.148426
vt 0.051972 0.133532
vt 0.048151 0.133219
vt 0.059056 0.273632
vt 0.055497 0.236563
vt 0.077165 0.236584
vt 0.077794 0.273685
vt 0.091790 0.272822
vt 0.096454 0.272627
vt 0.095274 0.236541
vt 0.054389 0.273316
vt 0.073115 0.273905
vt 0.083655 0.163526
vt 0.087769 0.163432
vt 0.086772 0.148529
vt 0.094353 0.204847
vt 0.065172 0.163410
vt 0.065428 0.148796
vt 0.062003 0.148769
vt 0.091995 0.163195
vt 0.090801 0.148250
vt 0.071945 0.133927
vt 0.075137 0.133921
vt 0.074632 0.121232
vt 0.068741 0.163406
vt 0.068783 0.148810
vt 0.072309 0.163430
vt 0.072137 0.148815
vt 0.075946 0.163478
vt 0.079714 0.163523
vt 0.079120 0.148777
vt 0.049712 0.163323
vt 0.046769 0.148124
vt 0.075562 0.148808
vt 0.053826 0.163440
vt 0.054708 0.148615
vt 0.082858 0.148696
vt 0.057767 0.163460
vt 0.058445 0.148718
vt 0.076825 0.205018
vt 0.081040 0.205040
vt 0.080438 0.181803
vt 0.056203 0.204969
vt 0.051870 0.204940
vt 0.068622 0.204972
vt 0.064543 0.204967
vt 0.089824 0.204979
vt 0.047420 0.204857
vt 0.072700 0.204990
vt 0.060418 0.204971
vt 0.085373 0.205036
vt 0.042892 0.204699
vt 0.060946 0.181688
vt 0.061535 0.163436
vt 0.093270 0.181605
vt 0.056939 0.181735
vt 0.052788 0.181747
vt 0.076430 0.181733
vt 0.068688 0.181639
vt 0.064846 0.181648
vt 0.088881 0.181787
vt 0.048495 0.181671
vt 0.072531 0.181670
vt 0.084588 0.181837
vt 0.044107 0.181465
vt 0.045488 0.163062
vt 0.085680 0.133629
vt 0.089503 0.133338
vt 0.065705 0.133909
vt 0.062514 0.133885
vt 0.078465 0.133889
vt 0.055673 0.133728
vt 0.068825 0.133922
vt 0.059186 0.133834
vt 0.081978 0.133803
vt 0.071708 0.121391
vt 0.074157 0.109199
vt 0.066014 0.121374
vt 0.063090 0.121199
vt 0.077712 0.120983
vt 0.056715 0.120598
vt 0.053187 0.120234
vt 0.068861 0.121441
vt 0.060013 0.120932
vt 0.081011 0.120667
vt 0.049514 0.119888
vt 0.084542 0.120324
vt 0.088217 0.119999
vt 0.087450 0.109096
vt 0.087836 0.102113
vt 0.084168 0.101737
vt 0.066316 0.109195
vt 0.063636 0.109169
vt 0.077049 0.109176
vt 0.057539 0.109078
vt 0.054011 0.109034
vt 0.068896 0.109207
vt 0.060744 0.109129
vt 0.080254 0.109143
vt 0.071477 0.109209
vt 0.050343 0.108990
vt 0.083782 0.109120
vt 0.080632 0.101320
vt 0.084770 0.096562
vt 0.074405 0.100699
vt 0.071618 0.100543
vt 0.066224 0.100528
vt 0.077381 0.100961
vt 0.057206 0.101253
vt 0.068921 0.100487
vt 0.063436 0.100668
vt 0.060458 0.100912
vt 0.053666 0.101649
vt 0.053095 0.096472
vt 0.052330 0.093538
vt 0.048834 0.094698
vt 0.088431 0.097360
vt 0.074762 0.093809
vt 0.066066 0.093348
vt 0.063119 0.093776
vt 0.077865 0.094543
vt 0.056673 0.095450
vt 0.068942 0.093211
vt 0.060011 0.094492
vt 0.081198 0.095520
vt 0.071817 0.093364
vt 0.049429 0.097248
vt 0.085551 0.093633
vt 0.089041 0.094813
vt 0.076018 0.088109
vt 0.065334 0.086912
vt 0.061895 0.088069
vt 0.079232 0.089820
vt 0.055555 0.091722
vt 0.068962 0.086467
vt 0.058671 0.089761
vt 0.082337 0.091798
vt 0.072586 0.086932
vt 0.654866 0.372374
vt 0.654866 0.387561
vt 0.662361 0.387561
vt 0.654866 0.402748
vt 0.662361 0.402748
vt 0.654866 0.417936
vt 0.662361 0.417936
vt 0.654866 0.433123
vt 0.662361 0.433123
vt 0.654866 0.448310
vt 0.662361 0.448310
vt 0.654866 0.463498
vt 0.662361 0.463498
vt 0.654866 0.478685
vt 0.662361 0.478685
vt 0.654866 0.493872
vt 0.662361 0.493872
vt 0.654866 0.509060
vt 0.662361 0.509060
vt 0.654866 0.524247
vt 0.662361 0.524247
vt 0.654866 0.539435
vt 0.662361 0.539435
vt 0.654866 0.554622
vt 0.662361 0.554622
vt 0.654866 0.569809
vt 0.662361 0.569809
vt 0.654866 0.584996
vt 0.662361 0.584996
vt 0.122674 0.454011
vt 0.134292 0.433725
vt 0.129712 0.429734
vt 0.654866 0.600184
vt 0.654866 0.615371
vt 0.662361 0.615371
vt 0.662361 0.600184
vt 0.362785 0.733253
vt 0.366866 0.737569
vt 0.368778 0.731722
vt 0.131828 0.382629
vt 0.118221 0.389396
vt 0.132516 0.407892
vt 0.179621 0.410008
vt 0.157063 0.416137
vt 0.157479 0.422198
vt 0.152242 0.457802
vt 0.146113 0.435243
vt 0.140052 0.435660
vt 0.108240 0.400855
vt 0.103403 0.415262
vt 0.126590 0.418232
vt 0.175830 0.439575
vt 0.155545 0.427958
vt 0.151554 0.432539
vt 0.161395 0.386420
vt 0.149777 0.406705
vt 0.154358 0.410697
vt 0.111216 0.444029
vt 0.127007 0.424294
vt 0.137957 0.405188
vt 0.144018 0.404771
vt 0.180666 0.425169
vt 0.137081 0.458847
vt 0.128524 0.412473
vt 0.172854 0.396402
vt 0.165849 0.451035
vt 0.104448 0.430422
vt 0.146988 0.381584
vt 0.354080 0.707121
vt 0.356974 0.710809
vt 0.359704 0.705098
vt 0.397271 0.722574
vt 0.395481 0.719701
vt 0.393607 0.724225
vt 0.360154 0.728052
vt 0.365159 0.728367
vt 0.395956 0.728052
vt 0.390950 0.728367
vt 0.358838 0.722574
vt 0.362502 0.724225
vt 0.393324 0.733253
vt 0.387331 0.731722
vt 0.358100 0.717212
vt 0.360628 0.719701
vt 0.389243 0.737569
vt 0.382915 0.733905
vt 0.356717 0.712038
vt 0.359006 0.715132
vt 0.383990 0.740432
vt 0.378054 0.734668
vt 0.402552 0.707421
vt 0.402029 0.707121
vt 0.399136 0.710810
vt 0.353557 0.707421
vt 0.372119 0.740432
vt 0.378054 0.741466
vt 0.399393 0.712038
vt 0.397103 0.715132
vt 0.373194 0.733905
vt 0.398009 0.717212
vt 0.378054 0.709434
vt 0.396405 0.705098
vt 0.394221 0.706673
vt 0.375235 0.709460
vt 0.391809 0.707916
vt 0.372426 0.709434
vt 0.389201 0.708770
vt 0.369639 0.709247
vt 0.386470 0.709247
vt 0.366908 0.708770
vt 0.383683 0.709434
vt 0.364300 0.707916
vt 0.380874 0.709460
vt 0.361888 0.706673
vt 0.398424 0.703300
vt 0.926431 0.361601
vt 0.921576 0.361601
vt 0.921576 0.376147
vt 0.931287 0.399665
vt 0.936142 0.399665
vt 0.936142 0.361601
vt 0.945854 0.361601
vt 0.945854 0.380633
vt 0.950709 0.376147
vt 0.950709 0.361601
vt 0.955565 0.374289
vt 0.916720 0.374289
vt 0.379065 0.688704
vt 0.379065 0.701438
vt 0.383920 0.696952
vt 0.374209 0.688704
vt 0.374209 0.696952
vt 0.369353 0.690346
vt 0.369353 0.695094
vt 0.364498 0.692174
vt 0.364498 0.696952
vt 0.359642 0.692766
vt 0.398487 0.692766
vt 0.393631 0.692174
vt 0.393631 0.696952
vt 0.388776 0.690346
vt 0.388776 0.695094
vt 0.383920 0.688704
vt 0.926431 0.399665
vt 0.926431 0.380633
vt 0.921576 0.385119
vt 0.931287 0.361601
vt 0.940998 0.361601
vt 0.940998 0.399665
vt 0.945854 0.399665
vt 0.950709 0.399665
vt 0.950709 0.385119
vt 0.955565 0.399665
vt 0.955565 0.386977
vt 0.916720 0.386977
vt 0.916720 0.399665
vt 0.921576 0.399665
vt 0.673354 0.517513
vt 0.663632 0.517513
vt 0.663632 0.525025
vt 0.208226 0.914249
vt 0.205020 0.912131
vt 0.202103 0.919220
vt 0.240663 0.926865
vt 0.240654 0.919195
vt 0.236886 0.919939
vt 0.205872 0.919954
vt 0.202109 0.926880
vt 0.237706 0.912112
vt 0.234515 0.914247
vt 0.208246 0.931825
vt 0.205051 0.933952
vt 0.210470 0.939370
vt 0.232284 0.906684
vt 0.230158 0.909883
vt 0.217549 0.942309
vt 0.218312 0.938546
vt 0.225198 0.903750
vt 0.225218 0.942319
vt 0.224484 0.938547
vt 0.217527 0.903750
vt 0.218288 0.907518
vt 0.232317 0.939393
vt 0.210433 0.906686
vt 0.230187 0.936185
vt 0.237737 0.933955
vt 0.212585 0.909879
vt 0.236896 0.926109
vt 0.369255 0.592437
vt 0.354504 0.592398
vt 0.354028 0.596669
vt 0.663632 0.577610
vt 0.663632 0.585122
vt 0.673354 0.585122
vt 0.663632 0.532537
vt 0.673354 0.532537
vt 0.663632 0.592634
vt 0.673354 0.592634
vt 0.663632 0.540050
vt 0.673354 0.540050
vt 0.663632 0.600146
vt 0.673354 0.600146
vt 0.663632 0.547562
vt 0.663632 0.607658
vt 0.673354 0.607658
vt 0.673354 0.547562
vt 0.663632 0.555074
vt 0.663632 0.494977
vt 0.663632 0.502489
vt 0.673354 0.502489
vt 0.663632 0.615170
vt 0.663632 0.562586
vt 0.673354 0.562586
vt 0.663632 0.510001
vt 0.673354 0.510001
vt 0.663632 0.570098
vt 0.673354 0.577610
vt 0.343876 0.609852
vt 0.341043 0.604486
vt 0.338258 0.605566
vt 0.336151 0.558248
vt 0.335772 0.572735
vt 0.339927 0.573403
vt 0.368417 0.599926
vt 0.352639 0.600734
vt 0.350547 0.561883
vt 0.343539 0.559262
vt 0.362017 0.613467
vt 0.365965 0.607052
vt 0.356831 0.565982
vt 0.343890 0.574947
vt 0.356766 0.618861
vt 0.350403 0.604398
vt 0.347449 0.577316
vt 0.350419 0.580404
vt 0.347431 0.607485
vt 0.362073 0.571389
vt 0.352654 0.584067
vt 0.350479 0.622944
vt 0.339917 0.611396
vt 0.368439 0.584946
vt 0.366006 0.577816
vt 0.336110 0.626545
vt 0.343478 0.625547
vt 0.354042 0.588129
vt 0.328753 0.558903
vt 0.331676 0.572934
vt 0.335769 0.612063
vt 0.331676 0.611860
vt 0.347150 0.586630
vt 0.348118 0.589444
vt 0.335284 0.606060
vt 0.348429 0.592405
vt 0.332226 0.578802
vt 0.332238 0.605993
vt 0.335295 0.578748
vt 0.338270 0.579239
vt 0.348095 0.595362
vt 0.341057 0.580318
vt 0.347132 0.598175
vt 0.343538 0.581959
vt 0.345583 0.600709
vt 0.343522 0.602845
vt 0.345600 0.584095
vt 0.147372 0.901119
vt 0.148988 0.901440
vt 0.149977 0.899053
vt 0.162360 0.907327
vt 0.163595 0.904346
vt 0.161979 0.904024
vt 0.147372 0.904346
vt 0.148988 0.904024
vt 0.163595 0.901119
vt 0.161979 0.901440
vt 0.148607 0.907327
vt 0.149977 0.906412
vt 0.162360 0.898138
vt 0.160990 0.899053
vt 0.150889 0.909609
vt 0.151804 0.908239
vt 0.160078 0.895856
vt 0.157097 0.894621
vt 0.156776 0.896237
vt 0.159163 0.897226
vt 0.153870 0.910844
vt 0.154191 0.909228
vt 0.153870 0.894621
vt 0.154192 0.896237
vt 0.157097 0.910844
vt 0.156776 0.909228
vt 0.150889 0.895856
vt 0.151804 0.897226
vt 0.160078 0.909609
vt 0.159163 0.908239
vt 0.148607 0.898138
vt 0.160990 0.906412
vt 0.196173 0.456830
vt 0.191290 0.469900
vt 0.195183 0.468320
vt 0.421086 0.901023
vt 0.429485 0.906537
vt 0.434561 0.897036
vt 0.513354 0.901002
vt 0.506886 0.892374
vt 0.499842 0.897017
vt 0.336939 0.660392
vt 0.321831 0.664948
vt 0.325966 0.685736
vt 0.327657 0.754759
vt 0.313741 0.747308
vt 0.301973 0.764942
vt 0.327655 0.637952
vt 0.313725 0.645366
vt 0.336940 0.732316
vt 0.321842 0.727720
vt 0.325970 0.706931
vt 0.341672 0.708496
vt 0.341672 0.684212
vt 0.607050 0.066484
vt 0.607051 0.061868
vt 0.591344 0.062920
vt 0.162184 0.346581
vt 0.176637 0.349058
vt 0.186650 0.310584
vt 0.147530 0.346878
vt 0.165098 0.306923
vt 0.176147 0.350906
vt 0.162060 0.348492
vt 0.160902 0.364404
vt 0.502257 0.884664
vt 0.495009 0.883994
vt 0.495436 0.887475
vt 0.113268 0.301680
vt 0.140058 0.279824
vt 0.112656 0.284635
vt 0.514735 0.555885
vt 0.524714 0.548187
vt 0.519270 0.542160
vt 0.510166 0.548888
vt 0.496959 0.555763
vt 0.483719 0.567075
vt 0.499793 0.563727
vt 0.526288 0.905328
vt 0.511365 0.915300
vt 0.520190 0.931809
vt 0.553451 0.904514
vt 0.538979 0.892638
vt 0.548950 0.877715
vt 0.573733 0.866567
vt 0.555819 0.861133
vt 0.577950 0.845365
vt 0.559321 0.843530
vt 0.577950 0.823748
vt 0.559321 0.825583
vt 0.489008 0.601093
vt 0.474709 0.600368
vt 0.473307 0.609653
vt 0.503173 0.599017
vt 0.489443 0.610474
vt 0.520653 0.602719
vt 0.516662 0.594218
vt 0.528957 0.586879
vt 0.546529 0.583605
vt 0.539582 0.577282
vt 0.523153 0.465570
vt 0.534644 0.474111
vt 0.540961 0.467160
vt 0.130485 0.719084
vt 0.141499 0.715751
vt 0.138411 0.700229
vt 0.126958 0.701349
vt 0.138410 0.684401
vt 0.141496 0.668879
vt 0.130485 0.665532
vt 0.147550 0.654256
vt 0.137404 0.648826
vt 0.156341 0.641094
vt 0.147448 0.633790
vt 0.167530 0.629901
vt 0.160233 0.621000
vt 0.436701 0.141402
vt 0.440684 0.144671
vt 0.450223 0.135133
vt 0.501125 0.114717
vt 0.500620 0.119845
vt 0.513850 0.122476
vt 0.486626 0.114717
vt 0.487131 0.119845
vt 0.472405 0.117546
vt 0.473901 0.122476
vt 0.459010 0.123094
vt 0.461439 0.127639
vt 0.446954 0.131150
vt 0.149320 0.713826
vt 0.154180 0.712350
vt 0.151666 0.699691
vt 0.154631 0.726670
vt 0.159110 0.724277
vt 0.162340 0.738237
vt 0.166267 0.735016
vt 0.154618 0.659809
vt 0.149314 0.672659
vt 0.154178 0.674126
vt 0.146610 0.686293
vt 0.151665 0.686786
vt 0.146611 0.700192
vt 0.099186 0.345118
vt 0.103642 0.347353
vt 0.099407 0.335684
vt 0.165193 0.305535
vt 0.187004 0.309241
vt 0.193806 0.284233
vt 0.486647 0.014175
vt 0.477629 0.010269
vt 0.472552 0.011663
vt 0.201018 0.340655
vt 0.190267 0.354121
vt 0.432681 0.556337
vt 0.439508 0.568750
vt 0.451205 0.559620
vt 0.874230 0.220856
vt 0.867651 0.227069
vt 0.879845 0.238535
vt 0.665160 0.095720
vt 0.666554 0.090642
vt 0.662647 0.081624
vt 0.649261 0.155491
vt 0.649326 0.150085
vt 0.642946 0.149202
vt 0.225797 0.308011
vt 0.237425 0.316913
vt 0.243524 0.309428
vt 0.670740 0.144015
vt 0.666500 0.140717
vt 0.674478 0.128210
vt 0.669655 0.126759
vt 0.670398 0.131892
vt 0.185502 0.650177
vt 0.175712 0.652479
vt 0.179405 0.657475
vt 0.370998 0.979414
vt 0.358803 0.990847
vt 0.365399 0.997091
vt 0.124766 0.334881
vt 0.120007 0.343363
vt 0.133268 0.349862
vt 0.482793 0.558757
vt 0.471071 0.559313
vt 0.133247 0.357618
vt 0.133878 0.351689
vt 0.120401 0.357527
vt 0.189184 0.361766
vt 0.198450 0.367872
vt 0.201688 0.363547
vt 0.108512 0.347017
vt 0.111571 0.344137
vt 0.107652 0.337025
vt 0.235659 0.382828
vt 0.240115 0.385064
vt 0.235881 0.373394
vt 0.240981 0.382629
vt 0.245520 0.384691
vt 0.244301 0.372408
vt 0.178881 0.461654
vt 0.181432 0.452101
vt 0.177247 0.451033
vt 0.200376 0.442732
vt 0.203386 0.443438
vt 0.205927 0.428767
vt 0.199286 0.457324
vt 0.202926 0.427749
vt 0.207093 0.417507
vt 0.235362 0.363379
vt 0.231714 0.372989
vt 0.106137 0.327711
vt 0.103580 0.337998
vt 0.166027 0.671843
vt 0.170597 0.674468
vt 0.173130 0.663919
vt 0.637387 0.142433
vt 0.634857 0.131823
vt 0.630290 0.134428
vt 0.481776 0.888033
vt 0.482377 0.891397
vt 0.467197 0.890207
vt 0.467200 0.893610
vt 0.453101 0.888200
vt 0.452496 0.891562
vt 0.439380 0.884033
vt 0.438954 0.887511
vt 0.512738 0.582405
vt 0.506536 0.569058
vt 0.495373 0.573151
vt 0.483916 0.588746
vt 0.498464 0.587413
vt 0.484251 0.574072
vt 0.472608 0.573233
vt 0.525313 0.575615
vt 0.532655 0.573062
vt 0.521518 0.562059
vt 0.469238 0.587732
vt 0.467283 0.574026
vt 0.516137 0.563763
vt 0.122577 0.774762
vt 0.139734 0.791949
vt 0.149771 0.779774
vt 0.414850 0.485657
vt 0.422912 0.490496
vt 0.431463 0.479010
vt 0.180690 0.621106
vt 0.195314 0.615051
vt 0.191982 0.604033
vt 0.496833 0.875238
vt 0.485242 0.859505
vt 0.489183 0.879807
vt 0.494784 0.922168
vt 0.500219 0.940082
vt 0.432138 0.884708
vt 0.560077 0.493015
vt 0.551789 0.479147
vt 0.544243 0.484736
vt 0.206157 0.674439
vt 0.205409 0.679553
vt 0.210221 0.678108
vt 0.436603 0.793761
vt 0.448195 0.809494
vt 0.444254 0.789192
vt 0.519692 0.475034
vt 0.511407 0.488249
vt 0.518091 0.493409
vt 0.528741 0.123094
vt 0.526312 0.127639
vt 0.537528 0.135133
vt 0.516980 0.783753
vt 0.506728 0.775050
vt 0.502126 0.782739
vt 0.491724 0.815976
vt 0.496909 0.826955
vt 0.511296 0.817965
vt 0.512933 0.829119
vt 0.497498 0.839083
vt 0.216156 0.388002
vt 0.220896 0.385322
vt 0.212223 0.373588
vt 0.206530 0.662370
vt 0.185654 0.655437
vt 0.136706 0.367550
vt 0.146849 0.365232
vt 0.184403 0.371048
vt 0.189430 0.355840
vt 0.174316 0.367136
vt 0.147779 0.348781
vt 0.143005 0.305965
vt 0.216081 0.309288
vt 0.219557 0.293231
vt 0.103398 0.298488
vt 0.084902 0.295674
vt 0.119439 0.355852
vt 0.674990 0.134852
vt 0.633242 0.146960
vt 0.202213 0.665606
vt 0.210727 0.671495
vt 0.169121 0.659292
vt 0.204157 0.349830
vt 0.202844 0.362029
vt 0.211222 0.317670
vt 0.143176 0.307347
vt 0.117887 0.310749
vt 0.670420 0.090234
vt 0.669672 0.095348
vt 0.674485 0.093903
vt 0.577386 0.059764
vt 0.574088 0.064006
vt 0.583251 0.068255
vt 0.403878 0.866415
vt 0.408520 0.873440
vt 0.416211 0.868814
vt 0.217929 0.453977
vt 0.211880 0.463383
vt 0.216314 0.466626
vt 0.067947 0.349813
vt 0.071007 0.346933
vt 0.067087 0.339821
vt 0.507686 0.533010
vt 0.499369 0.533935
vt 0.499924 0.545658
vt 0.423097 0.209794
vt 0.428028 0.208298
vt 0.425397 0.195069
vt 0.496496 0.501994
vt 0.488799 0.492014
vt 0.482771 0.497459
vt 0.524507 0.776207
vt 0.513158 0.766447
vt 0.223909 0.454151
vt 0.228584 0.440705
vt 0.212265 0.439141
vt 0.098889 0.325668
vt 0.095241 0.335278
vt 0.426008 0.505398
vt 0.440532 0.510964
vt 0.444360 0.503170
vt 0.201105 0.711366
vt 0.199722 0.695832
vt 0.174142 0.695832
vt 0.412564 0.531621
vt 0.413285 0.517322
vt 0.403999 0.515937
vt 0.441484 0.011663
vt 0.436965 0.036842
vt 0.457018 0.038625
vt 0.156349 0.743532
vt 0.147556 0.730373
vt 0.137404 0.735791
vt 0.243215 0.389301
vt 0.231938 0.412079
vt 0.270944 0.406642
vt 0.589893 0.067743
vt 0.586211 0.063663
vt 0.428645 0.223190
vt 0.433191 0.220760
vt 0.299708 0.429192
vt 0.273699 0.428448
vt 0.270938 0.450532
vt 0.272269 0.480255
vt 0.274038 0.490361
vt 0.289016 0.483015
vt 0.222552 0.384371
vt 0.228674 0.397954
vt 0.234826 0.384778
vt 0.565500 0.508237
vt 0.556391 0.510511
vt 0.558485 0.524674
vt 0.643669 0.073271
vt 0.639975 0.068275
vt 0.633385 0.075087
vt 0.670793 0.078166
vt 0.649766 0.065973
vt 0.649917 0.071233
vt 0.436406 0.010269
vt 0.427388 0.014175
vt 0.239549 0.465674
vt 0.230441 0.441197
vt 0.225644 0.454993
vt 0.226862 0.398560
vt 0.211167 0.401547
vt 0.213663 0.411673
vt 0.183599 0.453810
vt 0.178716 0.466880
vt 0.182609 0.465299
vt 0.416872 0.861571
vt 0.413395 0.862003
vt 0.187802 0.439712
vt 0.186713 0.454305
vt 0.190188 0.413413
vt 0.186458 0.410105
vt 0.184004 0.422202
vt 0.167540 0.754724
vt 0.147449 0.750826
vt 0.482040 0.455204
vt 0.481587 0.445823
vt 0.465600 0.448168
vt 0.442052 0.575952
vt 0.452948 0.564976
vt 0.230241 0.468985
vt 0.217851 0.467793
vt 0.208518 0.449278
vt 0.351392 0.809989
vt 0.339197 0.821423
vt 0.345793 0.827666
vt 0.568901 0.036211
vt 0.575670 0.030652
vt 0.571143 0.026508
vt 0.269583 0.450189
vt 0.272315 0.406459
vt 0.237699 0.761270
vt 0.236236 0.756405
vt 0.223571 0.758885
vt 0.577027 0.056047
vt 0.586045 0.059954
vt 0.591123 0.058560
vt 0.182472 0.577602
vt 0.187021 0.592723
vt 0.207821 0.588635
vt 0.457399 0.724813
vt 0.459234 0.743444
vt 0.477181 0.743444
vt 0.567056 0.540353
vt 0.557766 0.538975
vt 0.554272 0.552861
vt 0.459789 0.880714
vt 0.462136 0.865279
vt 0.448701 0.877392
vt 0.263433 0.475567
vt 0.275151 0.377296
vt 0.297855 0.402303
vt 0.291559 0.375887
vt 0.266596 0.382011
vt 0.426010 0.527734
vt 0.440663 0.527891
vt 0.441364 0.516258
vt 0.245531 0.780599
vt 0.242194 0.769583
vt 0.226669 0.772663
vt 0.262149 0.748320
vt 0.258936 0.744376
vt 0.248177 0.751507
vt 0.446954 0.245498
vt 0.450223 0.241515
vt 0.440684 0.231976
vt 0.160014 0.586856
vt 0.167419 0.600809
vt 0.195321 0.769575
vt 0.180700 0.763517
vt 0.175267 0.773662
vt 0.477607 0.042443
vt 0.456825 0.043973
vt 0.456825 0.048666
vt 0.210844 0.772663
vt 0.191972 0.780585
vt 0.586280 0.028123
vt 0.583675 0.023555
vt 0.420268 0.181074
vt 0.425397 0.181580
vt 0.428028 0.168349
vt 0.105196 0.490419
vt 0.111773 0.481606
vt 0.100972 0.471337
vt 0.441713 0.853024
vt 0.436528 0.842044
vt 0.422141 0.851034
vt 0.160233 0.763614
vt 0.277776 0.367788
vt 0.279528 0.350178
vt 0.417261 0.883688
vt 0.423283 0.877654
vt 0.553451 0.764600
vt 0.538979 0.776476
vt 0.548950 0.791399
vt 0.227793 0.784115
vt 0.220979 0.398010
vt 0.416809 0.805943
vt 0.416126 0.798705
vt 0.413330 0.805523
vt 0.562612 0.042525
vt 0.568018 0.042592
vt 0.412825 0.848342
vt 0.409461 0.848945
vt 0.426807 0.571559
vt 0.419260 0.577144
vt 0.430093 0.589134
vt 0.420268 0.195574
vt 0.224058 0.763940
vt 0.210666 0.758850
vt 0.436701 0.235245
vt 0.210159 0.763903
vt 0.198015 0.756301
vt 0.065573 0.330506
vt 0.063015 0.340794
vt 0.500218 0.729031
vt 0.494784 0.746945
vt 0.511365 0.753813
vt 0.399919 0.879899
vt 0.242979 0.332825
vt 0.243355 0.342706
vt 0.247670 0.342494
vt 0.403792 0.801140
vt 0.272311 0.428369
vt 0.232577 0.426670
vt 0.445905 0.550052
vt 0.441705 0.538969
vt 0.450706 0.861182
vt 0.230043 0.412326
vt 0.214753 0.425692
vt 0.265273 0.503025
vt 0.247160 0.523545
vt 0.253974 0.531268
vt 0.229013 0.588660
vt 0.230599 0.572958
vt 0.206306 0.572930
vt 0.426817 0.513051
vt 0.427534 0.542210
vt 0.437838 0.872268
vt 0.432195 0.871445
vt 0.479017 0.724813
vt 0.410645 0.833765
vt 0.412645 0.819669
vt 0.409283 0.819065
vt 0.538164 0.749313
vt 0.526288 0.763785
vt 0.407242 0.833769
vt 0.399787 0.787653
vt 0.394275 0.796068
vt 0.409572 0.776265
vt 0.408416 0.794096
vt 0.184973 0.437636
vt 0.188228 0.423105
vt 0.838983 0.465539
vt 0.847107 0.463581
vt 0.845058 0.448834
vt 0.420946 0.766463
vt 0.427401 0.775083
vt 0.434439 0.770448
vt 0.459010 0.253554
vt 0.472405 0.259102
vt 0.473901 0.254171
vt 0.181382 0.485967
vt 0.177957 0.476011
vt 0.180744 0.491904
vt 0.567866 0.524218
vt 0.138454 0.492686
vt 0.152546 0.495087
vt 0.153694 0.479152
vt 0.092621 0.478740
vt 0.092090 0.459311
vt 0.499704 0.770430
vt 0.495319 0.779941
vt 0.459174 0.804309
vt 0.450184 0.789922
vt 0.208955 0.695258
vt 0.204340 0.695257
vt 0.205391 0.710963
vt 0.458253 0.476314
vt 0.464464 0.489571
vt 0.475569 0.485455
vt 0.226940 0.474370
vt 0.207459 0.478806
vt 0.171415 0.536220
vt 0.167084 0.496701
vt 0.152422 0.496996
vt 0.149771 0.612570
vt 0.139758 0.600319
vt 0.122576 0.617538
vt 0.838840 0.432568
vt 0.846987 0.434484
vt 0.850393 0.423253
vt 0.123013 0.645204
vt 0.134781 0.627568
vt 0.099808 0.732134
vt 0.114915 0.727563
vt 0.110801 0.706771
vt 0.110788 0.685581
vt 0.114913 0.664792
vt 0.099813 0.660198
vt 0.436047 0.042439
vt 0.287771 0.700439
vt 0.282716 0.699946
vt 0.280202 0.712605
vt 0.287771 0.686539
vt 0.282717 0.687039
vt 0.540797 0.245498
vt 0.537528 0.241515
vt 0.526313 0.249009
vt 0.501125 0.261931
vt 0.500620 0.256802
vt 0.487131 0.256802
vt 0.443050 0.598779
vt 0.447890 0.590730
vt 0.436404 0.582181
vt 0.496339 0.455931
vt 0.497725 0.446642
vt 0.486626 0.261931
vt 0.345778 0.752055
vt 0.339199 0.758267
vt 0.351392 0.769733
vt 0.281167 0.743536
vt 0.269977 0.754730
vt 0.277274 0.763629
vt 0.510218 0.459436
vt 0.513394 0.450600
vt 0.445778 0.483099
vt 0.438509 0.485624
vt 0.449550 0.496599
vt 0.193955 0.441154
vt 0.189752 0.455252
vt 0.192866 0.455747
vt 0.171585 0.537601
vt 0.149415 0.538022
vt 0.147361 0.563949
vt 0.246386 0.382256
vt 0.250925 0.384319
vt 0.249706 0.372036
vt 0.454385 0.462078
vt 0.467875 0.457279
vt 0.285064 0.672906
vt 0.280204 0.674381
vt 0.272043 0.648495
vt 0.268115 0.651716
vt 0.275274 0.662454
vt 0.198593 0.725462
vt 0.202499 0.716444
vt 0.358465 0.845365
vt 0.377095 0.843530
vt 0.377095 0.825583
vt 0.556197 0.570639
vt 0.563119 0.556025
vt 0.436504 0.461866
vt 0.424509 0.472694
vt 0.420504 0.839880
vt 0.110466 0.493787
vt 0.124333 0.489491
vt 0.622191 0.058560
vt 0.626710 0.033380
vt 0.606656 0.031597
vt 0.127978 0.532981
vt 0.137963 0.494532
vt 0.113608 0.502948
vt 0.494986 0.034353
vt 0.488217 0.039913
vt 0.492744 0.044058
vt 0.575062 0.751581
vt 0.562867 0.763015
vt 0.569463 0.769259
vt 0.417138 0.783820
vt 0.189833 0.508713
vt 0.194598 0.500242
vt 0.181354 0.493729
vt 0.279754 0.660060
vt 0.285065 0.714072
vt 0.275270 0.724534
vt 0.527995 0.457524
vt 0.627268 0.059954
vt 0.636286 0.056047
vt 0.127624 0.534323
vt 0.120834 0.559300
vt 0.528742 0.253554
vt 0.513850 0.254171
vt 0.167787 0.478331
vt 0.432021 0.782785
vt 0.439261 0.783459
vt 0.438836 0.779980
vt 0.184869 0.468322
vt 0.188762 0.466742
vt 0.195173 0.487765
vt 0.244234 0.357572
vt 0.245403 0.372417
vt 0.098583 0.534284
vt 0.088883 0.535564
vt 0.095117 0.550319
vt 0.130143 0.472576
vt 0.125403 0.481850
vt 0.125170 0.487773
vt 0.473648 0.788285
vt 0.471301 0.803720
vt 0.484736 0.791608
vt 0.196505 0.426171
vt 0.199507 0.427189
vt 0.200672 0.415929
vt 0.836605 0.448834
vt 0.338492 0.769184
vt 0.338044 0.789861
vt 0.350967 0.789861
vt 0.501537 0.470772
vt 0.498260 0.485281
vt 0.503586 0.484453
vt 0.077271 0.526683
vt 0.071186 0.534158
vt 0.630465 0.023555
vt 0.627840 0.028126
vt 0.638389 0.030658
vt 0.644832 0.036934
vt 0.649828 0.033240
vt 0.643015 0.026649
vt 0.467076 0.777242
vt 0.481173 0.779246
vt 0.481778 0.775885
vt 0.196965 0.441860
vt 0.486501 0.010800
vt 0.489799 0.006560
vt 0.480636 0.002309
vt 0.140252 0.476450
vt 0.103431 0.525912
vt 0.652130 0.043031
vt 0.362682 0.802546
vt 0.380596 0.807980
vt 0.387465 0.791398
vt 0.398250 0.749313
vt 0.410127 0.763785
vt 0.425050 0.753813
vt 0.228136 0.330688
vt 0.227407 0.320113
vt 0.223832 0.322291
vt 0.501275 0.028040
vt 0.495869 0.027974
vt 0.636702 0.059742
vt 0.627868 0.063685
vt 0.630813 0.068255
vt 0.272051 0.738522
vt 0.268099 0.735275
vt 0.449683 0.389055
vt 0.440271 0.392083
vt 0.441638 0.396180
vt 0.486901 0.469864
vt 0.486650 0.484495
vt 0.842890 0.477522
vt 0.850393 0.474414
vt 0.452498 0.779419
vt 0.451897 0.776055
vt 0.551050 0.235245
vt 0.547066 0.231976
vt 0.109099 0.754566
vt 0.123026 0.747149
vt 0.296012 0.715752
vt 0.289958 0.730374
vt 0.300103 0.735805
vt 0.622754 0.062936
vt 0.467073 0.773839
vt 0.423827 0.816483
vt 0.435939 0.829917
vt 0.440036 0.818487
vt 0.494895 0.783416
vt 0.202428 0.473107
vt 0.191544 0.481233
vt 0.194212 0.486091
vt 0.224839 0.539191
vt 0.229612 0.547941
vt 0.423177 0.789850
vt 0.472427 0.471270
vt 0.299098 0.700229
vt 0.307022 0.719099
vt 0.431082 0.494770
vt 0.517158 0.883621
vt 0.525887 0.873327
vt 0.518166 0.868717
vt 0.426192 0.396938
vt 0.412212 0.402068
vt 0.413740 0.406108
vt 0.112198 0.370550
vt 0.108435 0.366302
vt 0.098307 0.377068
vt 0.201289 0.541902
vt 0.174515 0.563715
vt 0.201884 0.558928
vt 0.480212 0.047009
vt 0.429773 0.799976
vt 0.545201 0.553070
vt 0.530553 0.547491
vt 0.526734 0.555364
vt 0.454908 0.494868
vt 0.473994 0.002822
vt 0.472542 0.007645
vt 0.477676 0.006902
vt 0.510969 0.789780
vt 0.518034 0.798605
vt 0.098482 0.455687
vt 0.093746 0.458359
vt 0.102402 0.470081
vt 0.215071 0.487379
vt 0.040988 0.334584
vt 0.049264 0.340689
vt 0.067368 0.320116
vt 0.211145 0.545103
vt 0.196686 0.532836
vt 0.116151 0.475768
vt 0.112929 0.480088
vt 0.409721 0.891244
vt 0.397436 0.776476
vt 0.382965 0.764599
vt 0.074847 0.346795
vt 0.079303 0.349030
vt 0.075069 0.337362
vt 0.238829 0.357945
vt 0.243138 0.357648
vt 0.242265 0.342866
vt 0.290059 0.750841
vt 0.441631 0.746946
vt 0.436197 0.729031
vt 0.074550 0.327345
vt 0.070902 0.336956
vt 0.215750 0.333647
vt 0.211766 0.334982
vt 0.212352 0.343084
vt 0.358465 0.823748
vt 0.166836 0.494800
vt 0.474264 0.864690
vt 0.483253 0.879077
vt 0.515346 0.259102
vt 0.562163 0.752131
vt 0.574637 0.731453
vt 0.423949 0.006507
vt 0.411757 0.027535
vt 0.417016 0.027383
vt 0.045028 0.393565
vt 0.084186 0.402529
vt 0.075055 0.378045
vt 0.178683 0.733407
vt 0.173123 0.726637
vt 0.168979 0.731165
vt 0.879845 0.278790
vt 0.867649 0.290224
vt 0.874245 0.296468
vt 0.525711 0.793983
vt 0.071449 0.454408
vt 0.079834 0.458919
vt 0.085974 0.445755
vt 0.461338 0.788285
vt 0.501242 0.797554
vt 0.482731 0.807817
vt 0.084367 0.374719
vt 0.088979 0.388727
vt 0.096770 0.375902
vt 0.517375 0.805838
vt 0.520849 0.805404
vt 0.495600 0.796731
vt 0.089911 0.328829
vt 0.087354 0.339116
vt 0.091426 0.338143
vt 0.468947 0.442659
vt 0.482579 0.439688
vt 0.479143 0.437270
vt 0.419055 0.033631
vt 0.414058 0.037325
vt 0.420871 0.043915
vt 0.338492 0.810539
vt 0.036941 0.475925
vt 0.023163 0.467855
vt 0.035212 0.493510
vt 0.042299 0.363491
vt 0.040513 0.353379
vt 0.025538 0.360757
vt 0.106550 0.466412
vt 0.262227 0.638653
vt 0.259002 0.642577
vt 0.106113 0.394463
vt 0.096692 0.389742
vt 0.090714 0.389567
vt 0.087785 0.445148
vt 0.103486 0.442169
vt 0.100976 0.432043
vt 0.534531 0.879775
vt 0.540045 0.871345
vt 0.530513 0.866272
vt 0.250682 0.630912
vt 0.237850 0.625568
vt 0.236369 0.630427
vt 0.183823 0.630735
vt 0.186205 0.635223
vt 0.198145 0.630324
vt 0.559105 0.153458
vt 0.554560 0.155888
vt 0.559723 0.168350
vt 0.456837 0.004081
vt 0.456836 0.008697
vt 0.442091 0.469415
vt 0.450377 0.453586
vt 0.040939 0.415310
vt 0.043673 0.393224
vt 0.017971 0.387614
vt 0.201105 0.680298
vt 0.202499 0.675221
vt 0.198593 0.666202
vt 0.175926 0.675779
vt 0.606656 0.057177
vt 0.524738 0.891182
vt 0.281158 0.641099
vt 0.289951 0.654258
vt 0.300103 0.648841
vt 0.405544 0.548057
vt 0.414654 0.545785
vt 0.567483 0.181074
vt 0.562354 0.181580
vt 0.562354 0.195069
vt 0.551050 0.141402
vt 0.547066 0.144671
vt 0.196683 0.625460
vt 0.210811 0.627845
vt 0.172232 0.638411
vt 0.175445 0.642354
vt 0.224224 0.622825
vt 0.210324 0.622789
vt 0.662647 0.140884
vt 0.666554 0.131866
vt 0.665160 0.126788
vt 0.223717 0.627879
vt 0.548135 0.565799
vt 0.419457 0.559272
vt 0.410961 0.563279
vt 0.567483 0.195574
vt 0.559723 0.208298
vt 0.479017 0.944300
vt 0.477181 0.925669
vt 0.459234 0.925669
vt 0.416772 0.503435
vt 0.407926 0.500264
vt 0.460826 0.596869
vt 0.107161 0.364856
vt 0.113889 0.345812
vt 0.569448 0.693647
vt 0.562869 0.699859
vt 0.575062 0.711325
vt 0.540797 0.131149
vt 0.256311 0.334411
vt 0.089696 0.304424
vt 0.060527 0.312394
vt 0.540130 0.563805
vt 0.210837 0.611965
vt 0.226664 0.611967
vt 0.227802 0.600516
vt 0.242187 0.615056
vt 0.256808 0.621114
vt 0.262240 0.610969
vt 0.511109 0.877586
vt 0.269967 0.629908
vt 0.290059 0.633805
vt 0.082058 0.417055
vt 0.239998 0.372790
vt 0.436019 0.006880
vt 0.441133 0.007628
vt 0.439687 0.002816
vt 0.093670 0.445693
vt 0.440841 0.452726
vt 0.440072 0.449652
vt 0.429974 0.454768
vt 0.663777 0.111254
vt 0.638197 0.111254
vt 0.538413 0.501933
vt 0.531499 0.489526
vt 0.519829 0.498753
vt 0.245536 0.604047
vt 0.545145 0.530621
vt 0.543607 0.516096
vt 0.529405 0.519365
vt 0.530433 0.530474
vt 0.529696 0.542143
vt 0.523625 0.833645
vt 0.527028 0.833639
vt 0.524799 0.818461
vt 0.082663 0.326786
vt 0.079016 0.336397
vt 0.083182 0.336802
vt 0.170594 0.716028
vt 0.166027 0.718633
vt 0.123086 0.362382
vt 0.164371 0.695247
vt 0.169063 0.695246
vt 0.544349 0.545370
vt 0.454820 0.446758
vt 0.453783 0.443845
vt 0.172157 0.748077
vt 0.183703 0.755816
vt 0.186102 0.751338
vt 0.517479 0.861470
vt 0.520960 0.861889
vt 0.457399 0.944300
vt 0.441631 0.922168
vt 0.639980 0.091201
vt 0.521632 0.847743
vt 0.086042 0.403019
vt 0.102363 0.404589
vt 0.084599 0.431392
vt 0.099876 0.418029
vt 0.202237 0.724922
vt 0.206477 0.728220
vt 0.210727 0.719057
vt 0.092286 0.348136
vt 0.095346 0.345256
vt 0.184997 0.739696
vt 0.185063 0.734289
vt 0.866945 0.237985
vt 0.866497 0.258663
vt 0.879420 0.258663
vt 0.524995 0.848344
vt 0.082960 0.346236
vt 0.087416 0.348471
vt 0.051147 0.368171
vt 0.433422 0.047010
vt 0.425498 0.039908
vt 0.162328 0.648207
vt 0.159108 0.662196
vt 0.436196 0.940082
vt 0.425049 0.915299
vt 0.410126 0.905328
vt 0.398250 0.919800
vt 0.382964 0.904513
vt 0.397436 0.892637
vt 0.387465 0.877714
vt 0.069636 0.475976
vt 0.068525 0.492356
vt 0.076958 0.491775
vt 0.102747 0.380315
vt 0.072046 0.508860
vt 0.080016 0.506347
vt 0.207741 0.803855
vt 0.186958 0.799695
vt 0.182338 0.814784
vt 0.167384 0.791564
vt 0.254266 0.814902
vt 0.249734 0.799781
vt 0.228937 0.803884
vt 0.427185 0.010824
vt 0.433074 0.002309
vt 0.562163 0.710776
vt 0.561714 0.731453
vt 0.237574 0.333197
vt 0.237950 0.343078
vt 0.515345 0.117545
vt 0.206151 0.819555
vt 0.230436 0.819594
vt 0.607062 0.026592
vt 0.607061 0.021900
vt 0.077895 0.477327
vt 0.080522 0.465889
vt 0.082705 0.431641
vt 0.042328 0.415387
vt 0.534297 0.787531
vt 0.530349 0.800995
vt 0.039551 0.466428
vt 0.016833 0.441474
vt 0.525196 0.508268
vt 0.083968 0.417176
vt 0.277274 0.621018
vt 0.380596 0.861133
vt 0.362682 0.866567
vt 0.507457 0.804385
vt 0.512026 0.812035
vt 0.222020 0.364924
vt 0.213654 0.372332
vt 0.175270 0.610949
vt 0.509610 0.852517
vt 0.493401 0.850513
vt 0.528885 0.482315
vt 0.279761 0.726922
vt 0.276735 0.805656
vt 0.269334 0.791699
vt 0.043721 0.437103
vt 0.210215 0.712415
vt 0.206135 0.716097
vt 0.048093 0.461711
vt 0.042350 0.437288
vt 0.403003 0.405668
vt 0.402241 0.410594
vt 0.076768 0.520545
vt 0.084040 0.516928
vt 0.521435 0.819068
vt 0.467677 0.439773
vt 0.504487 0.863381
vt 0.503664 0.869023
vt 0.427527 0.892408
vt 0.555819 0.807980
vt 0.428645 0.153458
vt 0.433191 0.155888
vt 0.175382 0.744153
vt 0.457018 0.013046
vt 0.633327 0.111041
vt 0.628634 0.111042
vt 0.673218 0.111053
vt 0.668604 0.111053
vt 0.208069 0.377255
vt 0.180767 0.436651
vt 0.461626 0.588432
vt 0.459499 0.570174
vt 0.058403 0.509229
vt 0.051546 0.515297
vt 0.559106 0.223190
vt 0.564654 0.209794
vt 0.166279 0.651455
vt 0.296008 0.668880
vt 0.307022 0.665547
vt 0.509138 0.469992
vt 0.512933 0.841429
vt 0.472099 0.880714
vt 0.358099 0.979963
vt 0.370573 0.959286
vt 0.209429 0.353206
vt 0.286981 0.779941
vt 0.190812 0.440418
vt 0.193353 0.425747
vt 0.296995 0.792193
vt 0.314177 0.774973
vt 0.250558 0.755995
vt 0.190352 0.424728
vt 0.194519 0.414487
vt 0.273530 0.509139
vt 0.196533 0.761159
vt 0.365384 0.921479
vt 0.358805 0.927692
vt 0.370998 0.939158
vt 0.427640 0.401007
vt 0.301958 0.627738
vt 0.666476 0.081402
vt 0.674990 0.087290
vt 0.504338 0.516936
vt 0.496374 0.519770
vt 0.630290 0.087638
vt 0.634861 0.090264
vt 0.637393 0.079714
vt 0.249795 0.592818
vt 0.254415 0.577729
vt 0.230666 0.426547
vt 0.256818 0.763525
vt 0.489499 0.506563
vt 0.269368 0.600952
vt 0.286980 0.612741
vt 0.297018 0.600566
vt 0.425981 0.864615
vt 0.421411 0.856964
vt 0.624200 0.067750
vt 0.451136 0.583293
vt 0.314176 0.617752
vt 0.095085 0.684022
vt 0.095100 0.708311
vt 0.248543 0.357275
vt 0.149510 0.536636
vt 0.271533 0.355040
vt 0.263186 0.328338
vt 0.248283 0.635390
vt 0.134795 0.764777
vt 0.554561 0.220761
vt 0.310550 0.683282
vt 0.299097 0.684402
vt 0.358099 0.938608
vt 0.357650 0.959286
vt 0.206186 0.477359
vt 0.014937 0.414602
vt 0.564654 0.166854
vt 0.262240 0.773680
vt 0.504770 0.760943
vt 0.043189 0.488648
vt 0.428950 0.805619
vt 0.639938 0.064058
vt 0.646871 0.043182
vt 0.420504 0.827570
vt 0.087666 0.369323
vt 0.423097 0.166853
vt 0.461439 0.249009
vt 0.573733 0.802546
vt 0.866945 0.279340
vt 0.263722 0.728259
vt 0.255916 0.715969
vt 0.248684 0.718609
vt 0.226854 0.670068
vt 0.216811 0.679213
vt 0.229028 0.687567
vt 0.216662 0.717430
vt 0.228641 0.709513
vt 0.225811 0.702335
vt 0.211669 0.705150
vt 0.225935 0.694624
vt 0.252689 0.665992
vt 0.249614 0.680023
vt 0.256649 0.683204
vt 0.225844 0.726926
vt 0.233958 0.715109
vt 0.237902 0.732318
vt 0.240983 0.718299
vt 0.251151 0.732817
vt 0.273950 0.680881
vt 0.261970 0.688797
vt 0.264787 0.695984
vt 0.278939 0.706553
vt 0.278939 0.693175
vt 0.234662 0.682357
vt 0.241902 0.679720
vt 0.264761 0.671380
vt 0.239430 0.665502
vt 0.273772 0.719119
vt 0.261556 0.710754
vt 0.211658 0.691780
vt 0.264657 0.703699
vt 0.455895 0.521380
vt 0.452169 0.529226
vt 0.473751 0.534671
vt 0.451728 0.537900
vt 0.454640 0.546082
vt 0.460461 0.552527
vt 0.468306 0.556253
vt 0.476980 0.556695
vt 0.485163 0.553784
vt 0.491608 0.547961
vt 0.495335 0.540116
vt 0.495776 0.531442
vt 0.492864 0.523260
vt 0.487042 0.516815
vt 0.479198 0.513088
vt 0.470523 0.512647
vt 0.462341 0.515559
vt 0.536661 0.136094
vt 0.525668 0.128749
vt 0.493877 0.188225
vt 0.513454 0.123689
vt 0.500487 0.121110
vt 0.487267 0.121110
vt 0.474301 0.123689
vt 0.462087 0.128749
vt 0.451095 0.136094
vt 0.441746 0.145442
vt 0.434401 0.156434
vt 0.429341 0.168648
vt 0.426763 0.181615
vt 0.426763 0.194835
vt 0.429341 0.207802
vt 0.434401 0.220016
vt 0.441745 0.231008
vt 0.451095 0.240356
vt 0.462087 0.247701
vt 0.474301 0.252761
vt 0.487267 0.255340
vt 0.500487 0.255340
vt 0.513454 0.252761
vt 0.525668 0.247701
vt 0.536661 0.240356
vt 0.546008 0.231008
vt 0.553354 0.220016
vt 0.558413 0.207802
vt 0.560992 0.194836
vt 0.560992 0.181615
vt 0.558413 0.168648
vt 0.553354 0.156434
vt 0.546008 0.145442
vt 0.537411 0.444641
vt 0.552645 0.455980
vt 0.564720 0.442704
vt 0.501843 0.431846
vt 0.504507 0.414098
vt 0.482027 0.412956
vt 0.559133 0.592831
vt 0.545040 0.605560
vt 0.555706 0.619994
vt 0.510842 0.621663
vt 0.492051 0.624417
vt 0.492902 0.642344
vt 0.393450 0.551027
vt 0.376034 0.555358
vt 0.383581 0.576565
vt 0.570472 0.577597
vt 0.585849 0.586849
vt 0.595508 0.566518
vt 0.464086 0.433636
vt 0.482876 0.430882
vt 0.584232 0.523062
vt 0.583267 0.542029
vt 0.601015 0.544693
vt 0.581477 0.504272
vt 0.598893 0.499941
vt 0.591347 0.478735
vt 0.390696 0.532237
vt 0.372769 0.533087
vt 0.565375 0.470074
vt 0.575110 0.486380
vt 0.528734 0.615296
vt 0.536379 0.631532
vt 0.473085 0.623453
vt 0.470422 0.641201
vt 0.520257 0.436492
vt 0.526332 0.419605
vt 0.404456 0.477702
vt 0.415795 0.462468
vt 0.402518 0.450393
vt 0.437517 0.610658
vt 0.428264 0.626035
vt 0.448596 0.635694
vt 0.579808 0.459408
vt 0.391660 0.513270
vt 0.373912 0.510606
vt 0.578621 0.560443
vt 0.429888 0.449739
vt 0.419222 0.435306
vt 0.446194 0.440003
vt 0.438549 0.423766
vt 0.546664 0.429264
vt 0.399818 0.568919
vt 0.395120 0.595891
vt 0.572410 0.604906
vt 0.459755 0.416220
vt 0.396306 0.494856
vt 0.379419 0.488781
vt 0.602158 0.522213
vt 0.515173 0.639079
vt 0.454671 0.618807
vt 0.409553 0.585225
vt 0.410208 0.612596
vt 0.389078 0.468449
vt 0.422282 0.599319
vt 0.574301 0.667839
vt 0.555618 0.680395
vt 0.560311 0.688431
vt 0.612655 0.425762
vt 0.620327 0.420495
vt 0.605715 0.401854
vt 0.413962 0.356152
vt 0.411254 0.347249
vt 0.389075 0.355560
vt 0.618901 0.617615
vt 0.626899 0.622371
vt 0.637694 0.601289
vt 0.639545 0.487313
vt 0.643109 0.509538
vt 0.652372 0.508648
vt 0.323271 0.419728
vt 0.337883 0.402607
vt 0.331201 0.396130
vt 0.480756 0.349073
vt 0.481537 0.339800
vt 0.457857 0.339306
vt 0.524693 0.358461
vt 0.545424 0.367231
vt 0.549583 0.358907
vt 0.582759 0.392223
vt 0.598769 0.408046
vt 0.643842 0.532035
vt 0.653143 0.532321
vt 0.588870 0.385204
vt 0.570059 0.370812
vt 0.535502 0.690494
vt 0.539143 0.699058
vt 0.591250 0.653027
vt 0.597804 0.659634
vt 0.613531 0.641923
vt 0.435868 0.350976
vt 0.434304 0.341803
vt 0.503021 0.352377
vt 0.504966 0.343276
vt 0.624196 0.445087
vt 0.632471 0.440830
vt 0.392884 0.364050
vt 0.368120 0.366602
vt 0.606196 0.636197
vt 0.354538 0.387464
vt 0.348726 0.380197
vt 0.469842 0.704653
vt 0.470054 0.713956
vt 0.493651 0.711923
vt 0.633207 0.465714
vt 0.641953 0.462535
vt 0.514272 0.697976
vt 0.492268 0.702721
vt 0.458252 0.348603
vt 0.527769 0.349679
vt 0.579969 0.675219
vt 0.641731 0.554445
vt 0.650922 0.555902
vt 0.564883 0.378545
vt 0.516804 0.706931
vt 0.648622 0.485261
vt 0.372970 0.374544
vt 0.636811 0.576411
vt 0.645745 0.579014
vt 0.629160 0.597580
vt 0.970982 0.334902
vt 0.998642 0.334902
vt 0.998642 0.311218
vt 0.970982 0.832293
vt 0.998642 0.832293
vt 0.998642 0.808607
vt 0.970982 0.287533
vt 0.998642 0.287533
vt 0.998642 0.263847
vt 0.970982 0.998089
vt 0.998642 0.998089
vt 0.998642 0.974404
vt 0.970982 0.642811
vt 0.998642 0.642811
vt 0.998642 0.619125
vt 0.970982 0.974404
vt 0.998642 0.950719
vt 0.970982 0.405958
vt 0.998643 0.405958
vt 0.998643 0.382273
vt 0.970982 0.477014
vt 0.998643 0.477014
vt 0.998643 0.453329
vt 0.970982 0.879663
vt 0.998642 0.879663
vt 0.998642 0.855978
vt 0.970982 0.737551
vt 0.998642 0.737551
vt 0.998642 0.713866
vt 0.970982 0.524385
vt 0.998643 0.524385
vt 0.998643 0.500699
vt 0.970982 0.950719
vt 0.998642 0.927033
vt 0.970982 0.666495
vt 0.998642 0.666496
vt 0.970982 0.311218
vt 0.970982 0.761237
vt 0.998642 0.761237
vt 0.970982 0.784922
vt 0.998642 0.784922
vt 0.970982 0.903348
vt 0.998642 0.903348
vt 0.970982 0.595440
vt 0.998642 0.595440
vt 0.998643 0.571755
vt 0.970982 0.358588
vt 0.998643 0.358588
vt 0.970982 0.808607
vt 0.970982 0.690181
vt 0.998642 0.690181
vt 0.970982 0.263847
vt 0.998642 0.240162
vt 0.970982 0.429643
vt 0.998643 0.429643
vt 0.970982 0.500699
vt 0.970982 0.571755
vt 0.998643 0.548070
vt 0.970982 0.713866
vt 0.970982 0.548070
vt 0.970982 0.927033
vt 0.970982 0.855978
vt 0.970982 0.382273
vt 0.970982 0.453329
vt 0.970982 0.619125
vt 0.348257 0.428410
vt 0.359847 0.437457
vt 0.374286 0.421655
vt 0.495786 0.372083
vt 0.472222 0.369695
vt 0.471878 0.384394
vt 0.619658 0.499515
vt 0.605120 0.501716
vt 0.606674 0.523064
vt 0.318881 0.492483
vt 0.333299 0.495362
vt 0.339104 0.474759
vt 0.560389 0.400274
vt 0.540407 0.387559
vt 0.533499 0.400537
vt 0.517264 0.667162
vt 0.512584 0.653225
vt 0.491825 0.658443
vt 0.448571 0.370979
vt 0.450504 0.385554
vt 0.425404 0.375904
vt 0.429567 0.390005
vt 0.335175 0.448156
vt 0.348025 0.455301
vt 0.593308 0.434139
vt 0.581308 0.442634
vt 0.592283 0.461011
vt 0.539065 0.657905
vt 0.559173 0.645389
vt 0.550458 0.633547
vt 0.403277 0.384353
vt 0.409570 0.397640
vt 0.518698 0.378085
vt 0.513881 0.391976
vt 0.470706 0.675091
vt 0.470509 0.660390
vt 0.449148 0.659017
vt 0.604771 0.591639
vt 0.591667 0.584972
vt 0.580510 0.603239
vt 0.619423 0.546742
vt 0.621377 0.523138
vt 0.614307 0.476442
vt 0.605452 0.454474
vt 0.493174 0.386551
vt 0.600284 0.480864
vt 0.325304 0.469686
vt 0.382722 0.396121
vt 0.364234 0.410925
vt 0.577103 0.629914
vt 0.566663 0.619562
vt 0.613843 0.569760
vt 0.599866 0.565199
vt 0.578165 0.415927
vt 0.567623 0.426175
vt 0.532286 0.644859
vt 0.390994 0.408275
vt 0.494293 0.672937
vt 0.316059 0.516000
vt 0.316908 0.539670
vt 0.331517 0.538006
vt 0.551558 0.412029
vt 0.330749 0.516614
vt 0.592426 0.611853
vt 0.604909 0.544397
vt 0.773799 0.158666
vt 0.767789 0.178480
vt 0.783815 0.185118
vt 0.850768 0.252453
vt 0.830162 0.254482
vt 0.830162 0.271828
vt 0.731400 0.371820
vt 0.733430 0.351215
vt 0.716417 0.347831
vt 0.710406 0.158666
vt 0.716417 0.178480
vt 0.733430 0.175096
vt 0.826508 0.332425
vt 0.838400 0.314627
vt 0.820140 0.304867
vt 0.637614 0.231459
vt 0.657427 0.237470
vt 0.664065 0.221443
vt 0.846592 0.231459
vt 0.826778 0.237469
vt 0.838400 0.211683
vt 0.820140 0.221443
vt 0.752805 0.154491
vt 0.750776 0.175096
vt 0.793575 0.359453
vt 0.783815 0.341193
vt 0.767789 0.347831
vt 0.633438 0.273858
vt 0.654043 0.271829
vt 0.654043 0.254482
vt 0.826508 0.193886
vt 0.810503 0.207021
vt 0.846592 0.294852
vt 0.826778 0.288841
vt 0.657697 0.193886
vt 0.673702 0.207021
vt 0.685968 0.194755
vt 0.645805 0.314627
vt 0.657697 0.332425
vt 0.673702 0.319290
vt 0.690631 0.359453
vt 0.710406 0.367644
vt 0.752805 0.371820
vt 0.773799 0.367644
vt 0.850768 0.273858
vt 0.750776 0.351215
vt 0.731400 0.154491
vt 0.811372 0.178750
vt 0.793574 0.166858
vt 0.637614 0.294852
vt 0.657427 0.288841
vt 0.672833 0.347561
vt 0.685968 0.331555
vt 0.811372 0.347561
vt 0.798238 0.331555
vt 0.633438 0.252453
vt 0.798237 0.194755
vt 0.645805 0.211683
vt 0.690631 0.166858
vt 0.672833 0.178750
vt 0.810503 0.319290
vt 0.700391 0.185118
vt 0.664065 0.304867
vt 0.700391 0.341193
vt 0.633418 0.501306
vt 0.625114 0.502442
vt 0.626504 0.518866
vt 0.715619 0.301551
vt 0.733281 0.308866
vt 0.735774 0.296332
vt 0.572015 0.655501
vt 0.566765 0.648967
vt 0.553401 0.658618
vt 0.563135 0.386117
vt 0.548434 0.376909
vt 0.544357 0.384233
vt 0.610309 0.436370
vt 0.603155 0.440735
vt 0.611004 0.455229
vt 0.397929 0.370188
vt 0.401338 0.377846
vt 0.416721 0.371926
vt 0.596648 0.631137
vt 0.606957 0.617187
vt 0.599969 0.612559
vt 0.628595 0.570063
vt 0.620531 0.567779
vt 0.615229 0.583386
vt 0.634881 0.518590
vt 0.626198 0.535347
vt 0.600524 0.422047
vt 0.593856 0.427125
vt 0.634560 0.535933
vt 0.624200 0.551709
vt 0.465300 0.355630
vt 0.465358 0.364011
vt 0.481824 0.364747
vt 0.532864 0.369262
vt 0.516591 0.363256
vt 0.514098 0.371259
vt 0.584959 0.643954
vt 0.579065 0.637994
vt 0.615777 0.602251
vt 0.608350 0.598366
vt 0.630186 0.484263
vt 0.622043 0.486247
vt 0.557952 0.665656
vt 0.539117 0.666843
vt 0.529561 0.376966
vt 0.527078 0.681377
vt 0.524063 0.673556
vt 0.508398 0.678687
vt 0.414119 0.363959
vt 0.432632 0.367620
vt 0.625219 0.467644
vt 0.617323 0.470454
vt 0.430862 0.359428
vt 0.448902 0.364972
vt 0.590172 0.625816
vt 0.623016 0.586487
vt 0.499786 0.358955
vt 0.498129 0.367171
vt 0.589319 0.408806
vt 0.583208 0.414542
vt 0.632457 0.553152
vt 0.447983 0.356642
vt 0.618570 0.451623
vt 0.542920 0.674312
vt 0.576811 0.396786
vt 0.571323 0.403121
vt 0.558326 0.392982
vt 0.482629 0.356404
vt 0.937609 0.296602
vt 0.906107 0.296602
vt 0.906107 0.317738
vt 0.794750 0.327948
vt 0.806405 0.316293
vt 0.790754 0.295922
vt 0.790892 0.270372
vt 0.778358 0.267879
vt 0.772950 0.280933
vt 0.688064 0.197952
vt 0.676409 0.209607
vt 0.692060 0.229977
vt 0.752397 0.308866
vt 0.770059 0.301551
vt 0.762959 0.290925
vt 0.660943 0.238542
vt 0.683198 0.251372
vt 0.783576 0.288034
vt 0.733165 0.346629
vt 0.749649 0.346629
vt 0.752986 0.321158
vt 0.702102 0.288033
vt 0.712728 0.280933
vt 0.707321 0.267879
vt 0.821871 0.238542
vt 0.815563 0.223313
vt 0.790754 0.229977
vt 0.667251 0.223313
vt 0.733166 0.179270
vt 0.729829 0.204742
vt 0.752986 0.204742
vt 0.694786 0.251255
vt 0.694786 0.270372
vt 0.770059 0.220077
vt 0.762959 0.230703
vt 0.772950 0.240694
vt 0.783576 0.233594
vt 0.778358 0.253749
vt 0.702102 0.233594
vt 0.712728 0.240694
vt 0.722719 0.230703
vt 0.676409 0.316292
vt 0.688065 0.327948
vt 0.708435 0.312297
vt 0.733281 0.212761
vt 0.735774 0.225295
vt 0.749904 0.225295
vt 0.715619 0.220077
vt 0.752397 0.212761
vt 0.701770 0.188794
vt 0.708435 0.213603
vt 0.765816 0.182486
vt 0.774380 0.213603
vt 0.937609 0.233193
vt 0.937609 0.212057
vt 0.906107 0.212057
vt 0.790892 0.251255
vt 0.825086 0.254708
vt 0.799616 0.251371
vt 0.799616 0.274529
vt 0.937609 0.169785
vt 0.906107 0.169785
vt 0.906107 0.190921
vt 0.707321 0.253749
vt 0.657728 0.254708
vt 0.657728 0.271192
vt 0.683198 0.274529
vt 0.660943 0.287359
vt 0.937609 0.190921
vt 0.749904 0.296332
vt 0.749649 0.179270
vt 0.937609 0.338874
vt 0.906107 0.338874
vt 0.906107 0.360010
vt 0.937609 0.021833
vt 0.906107 0.021833
vt 0.906107 0.042969
vt 0.716999 0.182486
vt 0.937609 0.275465
vt 0.906107 0.275465
vt 0.937609 0.254329
vt 0.906107 0.254329
vt 0.722719 0.290925
vt 0.821871 0.287359
vt 0.906107 0.233193
vt 0.937609 0.042969
vt 0.906107 0.064105
vt 0.716999 0.343414
vt 0.729828 0.321158
vt 0.937609 0.127513
vt 0.906107 0.127513
vt 0.906107 0.148649
vt 0.825086 0.271192
vt 0.806405 0.209607
vt 0.794750 0.197952
vt 0.815563 0.302587
vt 0.937609 0.317738
vt 0.937609 0.106377
vt 0.906107 0.106377
vt 0.667251 0.302587
vt 0.692060 0.295922
vt 0.937609 0.148649
vt 0.701770 0.337106
vt 0.781044 0.188794
vt 0.937609 0.064105
vt 0.906107 0.085241
vt 0.765815 0.343414
vt 0.781044 0.337106
vt 0.774380 0.312297
vt 0.937609 0.085241
vt 0.956907 0.665046
vt 0.956905 0.684547
vt 0.967388 0.684547
vt 0.951647 0.528516
vt 0.951643 0.548015
vt 0.967398 0.548025
vt 0.967383 0.567535
vt 0.951634 0.566277
vt 0.956909 0.587047
vt 0.956910 0.606546
vt 0.967393 0.606546
vt 0.956909 0.626046
vt 0.967392 0.626047
vt 0.956908 0.645546
vt 0.967390 0.645547
vt 0.967389 0.665047
vt 0.431456 0.111649
vt 0.435005 0.115971
vt 0.450502 0.105619
vt 0.447864 0.100687
vt 0.467721 0.098488
vt 0.485449 0.089287
vt 0.466095 0.093137
vt 0.486000 0.094853
vt 0.504636 0.094854
vt 0.524538 0.093138
vt 0.505182 0.089287
vt 0.398978 0.160236
vt 0.404333 0.161860
vt 0.411469 0.144642
vt 0.417501 0.125602
vt 0.406536 0.142007
vt 0.421826 0.129148
vt 0.504693 0.096259
vt 0.486320 0.096259
vt 0.487830 0.111591
vt 0.468301 0.099843
vt 0.472773 0.114586
vt 0.451326 0.106874
vt 0.458589 0.120462
vt 0.436050 0.117081
vt 0.445824 0.128991
vt 0.423058 0.130073
vt 0.434968 0.139847
vt 0.412851 0.145350
vt 0.426439 0.152612
vt 0.405820 0.162324
vt 0.420564 0.166796
vt 0.402236 0.180343
vt 0.417569 0.181854
vt 0.903926 0.665043
vt 0.903925 0.684543
vt 0.915581 0.684544
vt 0.903927 0.645543
vt 0.915582 0.665044
vt 0.903928 0.626042
vt 0.915583 0.645544
vt 0.903930 0.606542
vt 0.915585 0.626044
vt 0.903933 0.587039
vt 0.915586 0.606544
vt 0.903946 0.567532
vt 0.915590 0.587045
vt 0.903931 0.528514
vt 0.903933 0.548022
vt 0.920861 0.548014
vt 0.920869 0.566276
vt 0.773819 0.385237
vt 0.754389 0.386883
vt 0.754389 0.391212
vt 0.792695 0.380345
vt 0.774548 0.389504
vt 0.921836 0.494096
vt 0.921836 0.509920
vt 0.950097 0.509920
vt 0.697715 0.392524
vt 0.695613 0.396308
vt 0.714064 0.404606
vt 0.810480 0.372347
vt 0.794131 0.384429
vt 0.051372 0.666228
vt 0.088296 0.666229
vt 0.088297 0.645997
vt 0.051372 0.645997
vt 0.088297 0.625767
vt 0.051372 0.625767
vt 0.088297 0.605536
vt 0.051372 0.605536
vt 0.088297 0.585305
vt 0.051372 0.585305
vt 0.088297 0.568065
vt 0.734376 0.405413
vt 0.715500 0.400522
vt 0.812582 0.376132
vt 0.829374 0.364848
vt 0.940185 0.657736
vt 0.935627 0.659936
vt 0.935627 0.696860
vt 0.681530 0.381648
vt 0.678821 0.385025
vt 0.733648 0.409681
vt 0.753806 0.411389
vt 0.826665 0.361471
vt 0.841871 0.352972
vt 0.667405 0.368204
vt 0.666324 0.373149
vt 0.921836 0.528558
vt 0.950097 0.528558
vt 0.951548 0.403070
vt 0.946697 0.401807
vt 0.946697 0.432594
vt 0.919787 0.707960
vt 0.923904 0.723238
vt 0.928399 0.722381
vt 0.951095 0.593133
vt 0.947250 0.589915
vt 0.942483 0.607554
vt 0.925661 0.741794
vt 0.930236 0.741794
vt 0.945221 0.626967
vt 0.946978 0.608412
vt 0.956904 0.704047
vt 0.967381 0.821070
vt 0.951627 0.821077
vt 0.951628 0.840577
vt 0.967368 0.801559
vt 0.967381 0.782051
vt 0.956897 0.782046
vt 0.967383 0.762548
vt 0.956900 0.762547
vt 0.967384 0.743048
vt 0.956902 0.743047
vt 0.967385 0.723547
vt 0.956903 0.723547
vt 0.967387 0.704047
vt 0.579162 0.144649
vt 0.586296 0.161866
vt 0.591649 0.160245
vt 0.568808 0.129153
vt 0.584096 0.142014
vt 0.559179 0.111654
vt 0.555629 0.115976
vt 0.540133 0.105622
vt 0.522915 0.098491
vt 0.589936 0.198781
vt 0.586303 0.217061
vt 0.591658 0.218686
vt 0.595500 0.179598
vt 0.589934 0.180145
vt 0.503183 0.111591
vt 0.518240 0.114586
vt 0.532424 0.120462
vt 0.539687 0.106874
vt 0.545189 0.128991
vt 0.554963 0.117081
vt 0.556045 0.139847
vt 0.567955 0.130073
vt 0.564575 0.152612
vt 0.578162 0.145350
vt 0.570450 0.166796
vt 0.585193 0.162323
vt 0.573445 0.181853
vt 0.573444 0.197206
vt 0.588777 0.198716
vt 0.903924 0.704044
vt 0.915580 0.704044
vt 0.903923 0.723543
vt 0.915578 0.723544
vt 0.903921 0.743044
vt 0.915578 0.743044
vt 0.903920 0.762545
vt 0.915577 0.762545
vt 0.903921 0.782048
vt 0.915578 0.782043
vt 0.903932 0.801555
vt 0.920845 0.821075
vt 0.903917 0.821064
vt 0.903911 0.840572
vt 0.920854 0.802813
vt 0.951620 0.802815
vt 0.734230 0.389504
vt 0.714646 0.384429
vt 0.734959 0.385237
vt 0.922011 0.822310
vt 0.950271 0.822310
vt 0.950271 0.806486
vt 0.793549 0.404606
vt 0.812000 0.396308
vt 0.809897 0.392524
vt 0.698298 0.372347
vt 0.696195 0.376132
vt 0.088296 0.686459
vt 0.088296 0.706690
vt 0.051372 0.686459
vt 0.088296 0.726921
vt 0.051372 0.706690
vt 0.088296 0.747151
vt 0.051372 0.726921
vt 0.088296 0.764392
vt 0.051372 0.747151
vt 0.773965 0.409681
vt 0.792113 0.400522
vt 0.682113 0.361471
vt 0.679404 0.364848
vt 0.930504 0.696860
vt 0.930504 0.659936
vt 0.925946 0.657736
vt 0.828792 0.385025
vt 0.826082 0.381648
vt 0.773236 0.405413
vt 0.666906 0.352972
vt 0.841289 0.373149
vt 0.922011 0.840948
vt 0.950271 0.840948
vt 0.945319 0.699060
vt 0.945319 0.668273
vt 0.940467 0.669536
vt 0.951866 0.709139
vt 0.948020 0.705921
vt 0.943253 0.723560
vt 0.943664 0.926872
vt 0.938896 0.909233
vt 0.935051 0.912450
vt 0.941416 0.742973
vt 0.945992 0.742973
vt 0.940925 0.946285
vt 0.945500 0.946285
vt 0.967471 0.372454
vt 0.956984 0.372446
vt 0.956970 0.391954
vt 0.967400 0.509007
vt 0.951645 0.509015
vt 0.967386 0.489497
vt 0.967400 0.469990
vt 0.956914 0.469982
vt 0.967414 0.450482
vt 0.956928 0.450475
vt 0.967428 0.430975
vt 0.956942 0.430967
vt 0.967443 0.411468
vt 0.956956 0.411461
vt 0.967456 0.391961
vt 0.411474 0.234273
vt 0.404341 0.217056
vt 0.398988 0.218677
vt 0.421829 0.249769
vt 0.406540 0.236908
vt 0.431458 0.267268
vt 0.435008 0.262946
vt 0.450504 0.273300
vt 0.466098 0.285783
vt 0.467722 0.280431
vt 0.400701 0.180141
vt 0.395137 0.199324
vt 0.400703 0.198778
vt 0.486320 0.282800
vt 0.487830 0.267468
vt 0.472773 0.264472
vt 0.458589 0.258597
vt 0.451327 0.272185
vt 0.445824 0.250068
vt 0.436050 0.261978
vt 0.434968 0.239212
vt 0.423059 0.248986
vt 0.426439 0.226447
vt 0.412851 0.233710
vt 0.420564 0.212263
vt 0.405820 0.216736
vt 0.417569 0.197206
vt 0.915513 0.372450
vt 0.903854 0.372459
vt 0.903869 0.391966
vt 0.915529 0.391956
vt 0.903885 0.411472
vt 0.915545 0.411462
vt 0.903900 0.430978
vt 0.915560 0.430969
vt 0.903916 0.450485
vt 0.915576 0.450475
vt 0.903932 0.469991
vt 0.915592 0.469981
vt 0.903948 0.489497
vt 0.920862 0.509015
vt 0.903935 0.509006
vt 0.920870 0.490752
vt 0.951637 0.490753
vt 0.733638 0.419960
vt 0.753796 0.421668
vt 0.753796 0.417338
vt 0.714054 0.414885
vt 0.734366 0.415692
vt 0.950097 0.547197
vt 0.921836 0.547197
vt 0.921836 0.563021
vt 0.794132 0.395088
vt 0.812582 0.386791
vt 0.810480 0.383007
vt 0.697706 0.402803
vt 0.695603 0.406587
vt 0.457160 0.997198
vt 0.477391 0.997198
vt 0.477391 0.960274
vt 0.436930 0.997198
vt 0.457160 0.960274
vt 0.416699 0.997198
vt 0.436930 0.960274
vt 0.396468 0.997198
vt 0.416699 0.960274
vt 0.379228 0.997198
vt 0.396468 0.960274
vt 0.774548 0.400164
vt 0.792695 0.391004
vt 0.681520 0.391927
vt 0.678811 0.395303
vt 0.925664 0.696860
vt 0.925664 0.659936
vt 0.921105 0.657736
vt 0.829374 0.375507
vt 0.826665 0.372131
vt 0.754389 0.401871
vt 0.773819 0.395896
vt 0.666314 0.383427
vt 0.841871 0.363631
vt 0.951548 0.463662
vt 0.951548 0.432876
vt 0.946697 0.434138
vt 0.919787 0.775628
vt 0.923632 0.778846
vt 0.928399 0.761207
vt 0.942483 0.646380
vt 0.947250 0.664019
vt 0.951095 0.660802
vt 0.940646 0.626967
vt 0.956934 0.977140
vt 0.956946 0.996647
vt 0.967432 0.996641
vt 0.951623 0.860077
vt 0.967378 0.860088
vt 0.967362 0.879598
vt 0.951613 0.878340
vt 0.956888 0.899111
vt 0.956899 0.918618
vt 0.967385 0.918612
vt 0.956911 0.938125
vt 0.967397 0.938119
vt 0.956923 0.957632
vt 0.967409 0.957626
vt 0.967420 0.977133
vt 0.559181 0.267272
vt 0.555631 0.262950
vt 0.540134 0.273303
vt 0.542773 0.278235
vt 0.522916 0.280434
vt 0.505188 0.289635
vt 0.524542 0.285785
vt 0.504637 0.284069
vt 0.486000 0.284068
vt 0.485454 0.289635
vt 0.579167 0.234279
vt 0.573135 0.253320
vt 0.584101 0.236915
vt 0.568811 0.249773
vt 0.504693 0.282800
vt 0.503183 0.267468
vt 0.522713 0.279216
vt 0.518240 0.264472
vt 0.539687 0.272185
vt 0.532424 0.258598
vt 0.554963 0.261978
vt 0.545189 0.250068
vt 0.567955 0.248986
vt 0.556045 0.239212
vt 0.578162 0.233710
vt 0.564574 0.226447
vt 0.585193 0.216736
vt 0.570449 0.212263
vt 0.903833 0.977121
vt 0.903815 0.996627
vt 0.915475 0.996638
vt 0.903851 0.957614
vt 0.915493 0.977132
vt 0.903869 0.938109
vt 0.915511 0.957625
vt 0.903887 0.918602
vt 0.915529 0.938119
vt 0.903905 0.899096
vt 0.915547 0.918613
vt 0.903924 0.879590
vt 0.915565 0.899107
vt 0.903913 0.860080
vt 0.920841 0.860074
vt 0.920846 0.878336
vt 0.773227 0.415692
vt 0.792103 0.410800
vt 0.773955 0.419960
vt 0.950271 0.875410
vt 0.950271 0.859586
vt 0.922011 0.859586
vt 0.698298 0.383007
vt 0.696195 0.386791
vt 0.714646 0.395088
vt 0.809887 0.402802
vt 0.793539 0.414884
vt 0.497622 0.997199
vt 0.497622 0.960274
vt 0.517853 0.997198
vt 0.517853 0.960274
vt 0.538084 0.997198
vt 0.538084 0.960274
vt 0.558314 0.997199
vt 0.558314 0.960274
vt 0.575555 0.997198
vt 0.734959 0.395896
vt 0.716082 0.391004
vt 0.811990 0.406587
vt 0.828782 0.395303
vt 0.935345 0.657736
vt 0.930786 0.659936
vt 0.930786 0.696860
vt 0.682113 0.372131
vt 0.679404 0.375507
vt 0.734230 0.400164
vt 0.826072 0.391927
vt 0.841279 0.383427
vt 0.667988 0.358687
vt 0.666906 0.363631
vt 0.950453 0.669536
vt 0.945601 0.668273
vt 0.945601 0.699060
vt 0.951866 0.776807
vt 0.947748 0.761528
vt 0.943253 0.762386
vt 0.935051 0.980119
vt 0.938896 0.983336
vt 0.943664 0.965698
vt 0.939169 0.964840
vt 0.244638 0.919995
vt 0.242869 0.928016
vt 0.241056 0.935099
vt 0.238183 0.941362
vt 0.245783 0.944930
vt 0.233146 0.945370
vt 0.244230 0.908009
vt 0.207313 0.945666
vt 0.202271 0.941667
vt 0.212757 0.948125
vt 0.199212 0.935361
vt 0.197270 0.928300
vt 0.194648 0.945311
vt 0.245554 0.912424
vt 0.196234 0.908208
vt 0.205222 0.901865
vt 0.194910 0.912769
vt 0.210549 0.900030
vt 0.214644 0.897856
vt 0.932608 0.612859
vt 0.950152 0.170870
vt 0.925470 0.647274
vt 0.732098 0.559525
vt 0.943713 0.073973
vt 0.690007 0.614899
vt 0.681988 0.616685
vt 0.834020 0.615338
vt 0.701524 0.429686
vt 0.363049 0.483040
vt 0.740248 0.452422
vt 0.734723 0.570096
vt 0.734571 0.546796
vt 0.976574 0.127309
vt 0.734082 0.450158
vt 0.932608 0.592476
vt 0.735932 0.549034
vt 0.923131 0.626511
vt 0.973396 0.028444
vt 0.970466 0.073973
vt 0.700209 0.614899
vt 0.688525 0.428841
vt 0.766801 0.615338
vt 0.726798 0.540205
vt 0.726737 0.562643
vt 0.876412 0.047076
vt 1.932608 0.612859
vt 1.735932 0.566064
vt 1.923131 0.650720
vt 1.940677 0.027857
vt 1.943713 0.073973
vt 1.690007 0.614899
vt 1.675611 0.428841
vt 1.834020 0.615338
vt 1.734723 0.570096
vt 1.741296 0.527262
vt 1.976574 0.127309
vt 1.734082 0.450158
vt 1.932608 0.592476
vt 1.982790 0.170846
vt 1.925470 0.629956
vt 1.732098 0.542495
vt 1.970466 0.073973
vt 1.700209 0.614899
vt 1.682150 0.616682
vt 1.766801 0.615338
vt 1.766639 0.429686
vt 1.363049 0.555345
vt 1.740248 0.524898
vt 1.726798 0.540205
vt 1.733461 0.582178
vt 1.876412 0.047076
vt 0.848577 0.663997
vt 0.832428 0.195295
vt 0.034887 0.208172
vt 0.700471 0.082722
vt 0.851937 0.142509
vt 0.078009 0.890668
vt 0.723640 0.101464
vt 0.780540 0.097886
vt 0.751832 0.095561
vt 0.695008 0.117916
vt 0.758411 0.626502
vt 0.750891 0.655731
vt 0.728457 0.672464
vt 0.701241 0.044094
vt 0.774609 0.044094
vt 0.659087 0.044094
vt 0.686714 0.145452
vt 0.775979 0.120755
vt 0.730395 0.121216
vt 0.641807 0.663997
vt 0.727073 0.125288
vt 0.698666 0.141461
vt 0.857843 0.118643
vt 0.736544 0.072542
vt 0.691034 0.091688
vt 1.848577 0.663997
vt 1.818344 0.146121
vt 1.842179 0.188569
vt 1.034887 0.208172
vt 1.730051 0.067964
vt 1.700471 0.082722
vt 1.830747 0.094045
vt 1.078009 0.890668
vt 1.780540 0.097886
vt 1.758411 0.626502
vt 1.750891 0.655731
vt 1.728457 0.672464
vt 1.774609 0.044094
vt 1.775979 0.120755
vt 1.641807 0.663997
vt 1.693046 0.163480
vt 1.857843 0.118643
vt 1.696422 0.107011
vt 1.830252 0.125799
vt 1.807414 0.108248
vt 1.848909 0.153045
vt 1.847976 0.044094
vt 1.890130 0.044094
vt 1.827857 0.151591
vt 1.845731 0.181691
vt 1.637783 0.311591
vt 1.584125 0.311591
vt 0.335665 0.265216
vt 0.302806 0.263429
vt 0.387245 0.823610
vt 0.466273 0.834448
vt 0.481525 0.389803
vt 0.458739 0.808208
vt 0.308377 0.580463
vt 0.637783 0.311591
vt 0.637791 0.372503
vt 0.584125 0.311591
vt 0.368805 0.020743
vt 0.356406 0.020818
vt 0.356331 0.027676
vt 0.347401 0.027676
vt 0.016406 0.793185
vt 0.762161 0.019311
vt 0.385853 0.003844
vt 0.402752 0.003844
vt 0.385853 0.029097
vt 0.328334 0.027676
vt 0.725294 0.025150
vt 0.385778 0.028716
vt 0.368879 0.028716
vt 0.402189 0.026227
vt 0.974297 0.024481
vt 0.385778 0.003844
vt 0.001698 0.792746
vt 0.230274 0.927275
vt 0.936766 0.460376
vt 0.225129 0.914850
vt 0.033127 0.777325
vt 0.009939 0.772316
vt 0.997393 0.079685
vt 0.287009 0.909301
vt 0.290770 0.895261
vt 0.282665 0.893089
vt 0.276731 0.899023
vt 0.278903 0.907129
vt 0.292942 0.903367
vt 0.107040 0.025879
vt 0.104868 0.017773
vt 0.121080 0.022117
vt 0.118908 0.014011
vt 1.504705 0.025150
vt 1.368805 0.020743
vt 1.368805 0.003844
vt 1.356405 0.020818
vt 1.356331 0.027676
vt 1.347401 0.027676
vt 1.016406 0.793185
vt 1.385853 0.003844
vt 1.385853 0.029097
vt 1.328334 0.027676
vt 1.725294 0.025150
vt 1.385778 0.028716
vt 1.402189 0.026227
vt 1.385778 0.003844
vt 1.368879 0.003844
vt 1.001698 0.792746
vt 1.920575 0.437401
vt 1.929676 0.457169
vt 1.009939 0.772316
vt 1.006960 0.701357
vt 1.006167 0.598447
vt 1.005698 0.554218
vt 1.980677 0.053622
vt 1.980677 0.075342
vt 0.031433 0.027338
vt 0.062061 0.003450
vt 0.036181 0.008808
vt 0.378593 0.678759
vt 0.083487 0.038521
vt 0.101163 0.041322
vt 0.092823 0.027166
vt 0.087970 0.008663
vt 0.416162 0.724846
vt 0.293026 0.891777
vt 0.272372 0.912035
vt 0.334076 0.991013
vt 0.218896 0.493485
vt 0.883634 0.203770
vt 0.883634 0.996564
vt 0.883634 0.761662
vt 0.883634 0.644211
vt 0.883634 0.291859
vt 0.259230 0.540332
vt 0.085156 0.559181
vt 0.007646 0.467947
vt 0.035089 0.323751
vt 0.110615 0.272737
vt 0.278735 0.321080
vt 0.482903 0.317719
vt 0.593744 0.271807
vt 0.622017 0.178605
vt 0.576105 0.092709
vt 0.458436 0.069304
vt 0.368735 0.178605
vt 0.397007 0.271807
vt 0.864955 0.497648
vt 0.864955 0.547531
vt 0.864955 0.871766
vt 0.864955 0.198355
vt 0.864955 0.248237
vt 0.864955 0.298119
vt 0.172155 0.237790
vt 0.213131 0.250191
vt 0.293475 0.225775
vt 0.308654 0.071352
vt 0.255672 0.035984
vt 0.118859 0.109190
vt 0.865499 0.431293
vt 0.865499 0.996307
vt 0.865499 0.931113
vt 0.865499 0.757263
vt 0.865499 0.670337
vt 0.865499 0.605143
vt 0.865499 0.561681
vt 0.865499 0.496487
vt 0.442513 0.091418
vt 0.484408 0.078734
vt 0.594330 0.137528
vt 0.594332 0.243301
vt 0.527929 0.297752
vt 0.388022 0.222916
vt 0.664076 0.493144
vt 0.664076 0.466832
vt 0.664076 0.451040
vt 0.664076 0.440519
vt 0.040401 0.272466
vt 0.049998 0.102005
vt 0.662361 0.372374
vt 0.357685 0.703300
vt 0.955565 0.361601
vt 0.916720 0.361601
vt 0.359642 0.701438
vt 0.398487 0.701438
vt 0.673354 0.525025
vt 0.205875 0.926127
vt 0.212612 0.936185
vt 0.224459 0.907520
vt 0.234545 0.931814
vt 0.673354 0.555074
vt 0.673354 0.494977
vt 0.673354 0.615170
vt 0.673354 0.570098
vt 0.328753 0.625879
vt 0.504938 0.906537
vt 0.538164 0.919800
vt 0.565461 0.886539
vt 0.505429 0.608133
vt 0.534531 0.594440
vt 0.126958 0.683267
vt 0.167245 0.279581
vt 0.477071 0.036842
vt 0.493604 0.032532
vt 0.880794 0.221476
vt 0.644291 0.074667
vt 0.639541 0.153945
vt 0.371948 0.996474
vt 0.470659 0.567425
vt 0.174070 0.462961
vt 0.204307 0.414362
vt 0.238788 0.365811
vt 0.110244 0.324885
vt 0.551587 0.497026
vt 0.210579 0.318912
vt 0.118357 0.312074
vt 0.508035 0.546070
vt 0.102315 0.328100
vt 0.175926 0.715886
vt 0.403181 0.532073
vt 0.265292 0.382485
vt 0.296629 0.456178
vt 0.232313 0.378821
vt 0.420431 0.032532
vt 0.352342 0.827048
vt 0.564158 0.032806
vt 0.262167 0.474926
vt 0.586603 0.033380
vt 0.570070 0.037691
vt 0.209708 0.784115
vt 0.565461 0.782574
vt 0.069680 0.327681
vt 0.520190 0.737303
vt 0.394387 0.871510
vt 0.247192 0.330159
vt 0.429352 0.760939
vt 0.082349 0.464869
vt 0.842890 0.420145
vt 0.109096 0.637753
vt 0.352342 0.752674
vt 0.180236 0.732419
vt 0.104074 0.524670
vt 0.499729 0.037760
vt 0.576012 0.768641
vt 0.643243 0.037691
vt 0.200718 0.497800
vt 0.197886 0.412784
vt 0.370954 0.782574
vt 0.416225 0.737303
vt 0.225096 0.334640
vt 0.453387 0.392393
vt 0.310550 0.701364
vt 0.196216 0.531512
vt 0.077976 0.329778
vt 0.216457 0.343902
vt 0.052413 0.368811
vt 0.175277 0.738150
vt 0.880794 0.295850
vt 0.094019 0.326003
vt 0.180236 0.659246
vt 0.639980 0.131307
vt 0.644290 0.147840
vt 0.457643 0.605702
vt 0.099536 0.356280
vt 0.576012 0.694266
vt 0.209720 0.600512
vt 0.428838 0.458813
vt 0.086089 0.329219
vt 0.416225 0.931809
vt 0.370954 0.886539
vt 0.159911 0.805463
vt 0.241787 0.330533
vt 0.072822 0.463303
vt 0.539822 0.795905
vt 0.049395 0.461235
vt 0.191733 0.411342
vt 0.371948 0.922099
vt 0.276841 0.587052
vt 0.315825 0.414146
vt 0.970982 0.240162
vt 0.447070 0.673572
vt 0.510593 0.686775
vt 0.937609 0.360010
vt 0.967402 0.528516
vt 0.967393 0.587043
vt 0.920860 0.528514
vt 0.950097 0.494096
vt 0.051372 0.568065
vt 0.940185 0.699060
vt 0.753806 0.407059
vt 0.840789 0.348028
vt 0.951548 0.431331
vt 0.923632 0.704742
vt 0.967384 0.840578
vt 0.573133 0.125607
vt 0.542772 0.100690
vt 0.595502 0.199331
vt 0.522713 0.099843
vt 0.588777 0.180343
vt 0.920841 0.840574
vt 0.716082 0.380345
vt 0.922011 0.806486
vt 0.051372 0.764392
vt 0.925946 0.699060
vt 0.667988 0.348027
vt 0.840207 0.368204
vt 0.940467 0.697797
vt 0.947748 0.724417
vt 0.939169 0.927729
vt 0.417504 0.253315
vt 0.447866 0.278232
vt 0.395135 0.179591
vt 0.468301 0.279216
vt 0.402236 0.198716
vt 0.715490 0.410800
vt 0.950097 0.563021
vt 0.379228 0.960274
vt 0.921105 0.699060
vt 0.754389 0.397542
vt 0.667396 0.378483
vt 0.840789 0.358687
vt 0.946697 0.462399
vt 0.923904 0.760349
vt 0.946978 0.645523
vt 0.967374 0.899105
vt 0.922011 0.875410
vt 0.575555 0.960274
vt 0.935345 0.699060
vt 0.840197 0.378483
vt 0.950453 0.697797
vt 0.948020 0.780025
s 1
usemtl base
f 1/1/1 2/2/2 3/3/3
f 4/4/4 1/1/1 5/5/5
f 6/6/6 7/7/7 8/8/8
f 7/7/7 4/4/4 9/9/9
f 10/10/10 11/11/10 12/12/11
f 13/13/12 14/14/12 11/11/10
f 15/15/13 16/16/13 14/14/12
f 15/15/13 17/17/14 18/18/14
f 19/19/15 20/20/16 21/21/16
f 22/22/17 19/19/15 23/23/15
f 24/24/18 22/22/17 25/25/17
f 26/26/19 27/27/20 28/28/21
f 29/29/22 30/30/23 31/31/24
f 32/32/25 28/28/21 33/33/26
f 28/28/21 34/34/27 35/35/28
f 33/33/26 35/35/28 36/36/29
f 30/30/23 36/36/29 37/37/30
f 27/27/20 38/38/31 34/34/27
f 35/35/28 34/34/27 1/1/1
f 36/36/29 35/35/28 4/4/4
f 37/37/30 36/36/29 7/7/7
f 34/34/27 38/38/31 2/2/2
f 39/39/32 40/40/33 8/8/8
f 41/41/34 42/42/35 5/5/5
f 42/42/35 39/39/32 9/9/9
f 40/40/33 43/43/36 44/44/37
f 45/45/38 33/33/26 30/30/23
f 46/46/39 47/47/40 48/48/41
f 49/49/42 50/50/43 51/51/44
f 52/52/45 53/53/16 51/51/44
f 54/54/16 55/55/16 56/56/46
f 57/57/47 58/58/48 59/59/49
f 60/60/50 59/59/49 61/61/51
f 62/62/52 63/63/53 64/64/54
f 65/65/55 61/61/51 63/63/53
f 66/66/56 67/67/56 68/68/57
f 68/68/57 69/69/58 70/70/58
f 69/69/58 71/71/59 72/72/59
f 71/71/59 73/73/60 74/74/60
f 75/75/61 76/76/62 77/77/63
f 78/78/64 79/79/65 80/80/66
f 76/76/62 81/81/67 82/82/68
f 83/83/69 84/84/70 77/77/63
f 85/85/71 83/83/69 82/82/68
f 86/86/72 85/85/71 87/87/73
f 84/84/70 88/88/74 89/89/75
f 83/83/69 61/61/51 59/59/49
f 85/85/71 63/63/53 61/61/51
f 86/86/72 64/64/54 63/63/53
f 84/84/70 59/59/49 58/58/48
f 62/62/52 90/90/76 91/91/77
f 60/60/50 92/92/78 93/93/79
f 65/65/55 91/91/77 92/92/78
f 94/94/80 95/95/81 90/90/76
f 81/81/67 78/78/64 87/87/73
f 96/96/82 97/97/83 98/98/84
f 99/99/42 100/100/44 101/101/85
f 102/102/86 101/101/85 100/100/44
f 103/103/87 24/24/18 104/104/18
f 99/99/42 49/49/42 51/51/44
f 105/105/88 106/106/89 107/107/89
f 108/108/46 56/56/46 49/49/42
s 0
f 109/109/90 110/110/90 111/111/90
f 112/112/91 113/113/91 114/114/91
s 1
f 115/115/92 116/116/93 117/117/94
f 118/118/95 119/119/96 120/120/97
f 121/121/98 118/118/95 122/122/99
f 123/123/100 124/124/101 125/125/102
f 126/126/103 123/123/100 127/127/104
f 128/128/105 129/129/106 130/130/107
f 131/131/108 132/132/109 133/133/110
f 134/134/111 135/135/112 136/136/113
f 137/137/114 138/138/16 139/139/115
f 140/140/116 117/117/94 141/141/117
f 139/139/115 141/141/117 117/117/94
s 0
f 142/142/118 143/143/118 144/144/118
s 1
f 3/3/3 2/2/2 145/145/119
f 146/146/120 145/145/119 147/147/121
f 148/148/122 149/149/123 150/150/6
f 151/151/124 147/147/121 149/149/123
f 152/152/125 153/153/126 154/154/126
f 153/153/126 155/155/127 156/156/127
f 155/155/127 157/157/128 158/158/128
f 158/158/128 157/157/128 18/18/14
f 21/21/16 20/20/16 159/159/129
f 160/160/129 159/159/129 161/161/130
f 162/162/130 161/161/130 163/163/131
f 26/26/19 164/164/132 165/165/133
f 166/166/134 167/167/135 168/168/24
f 164/164/132 169/169/136 170/170/137
f 171/171/138 172/172/139 165/165/133
f 173/173/140 171/171/138 170/170/137
f 174/174/30 173/173/140 175/175/141
f 172/172/139 38/38/31 27/27/20
f 171/171/138 147/147/121 145/145/119
f 173/173/140 149/149/123 147/147/121
f 174/174/30 150/150/6 149/149/123
f 172/172/139 145/145/119 2/2/2
f 148/148/122 176/176/142 177/177/143
f 146/146/120 178/178/144 41/41/34
f 151/151/124 177/177/143 178/178/144
f 179/179/145 180/180/36 176/176/142
f 169/169/136 166/166/134 175/175/141
f 46/46/39 181/181/146 182/182/147
f 183/183/148 184/184/149 185/185/150
f 52/52/45 185/185/150 184/184/149
f 54/54/16 186/186/151 187/187/151
f 188/188/152 58/58/48 57/57/47
f 189/189/153 188/188/152 190/190/154
f 191/191/54 192/192/155 193/193/156
f 192/192/155 189/189/153 194/194/157
f 195/195/56 196/196/158 197/197/158
f 198/198/159 199/199/159 197/197/158
f 200/200/160 201/201/160 199/199/159
f 200/200/160 74/74/60 73/73/60
f 75/75/61 89/89/75 202/202/161
f 203/203/162 204/204/163 205/205/66
f 206/206/164 202/202/161 207/207/165
f 202/202/161 208/208/166 209/209/167
f 207/207/165 209/209/167 210/210/168
f 204/204/163 210/210/168 211/211/72
f 89/89/75 88/88/74 208/208/166
f 209/209/167 208/208/166 188/188/152
f 210/210/168 209/209/167 189/189/153
f 211/211/72 210/210/168 192/192/155
f 208/208/166 88/88/74 58/58/48
f 212/212/169 213/213/170 193/193/156
f 93/93/79 214/214/171 190/190/154
f 214/214/171 212/212/169 194/194/157
f 213/213/170 215/215/172 216/216/80
f 217/217/173 207/207/165 204/204/163
f 96/96/82 218/218/174 219/219/175
f 220/220/148 221/221/176 222/222/149
f 102/102/86 223/223/16 222/222/149
f 224/224/131 163/163/131 225/225/87
f 220/220/148 222/222/149 184/184/149
f 226/226/177 227/227/177 228/228/178
f 183/183/148 187/187/151 186/186/151
s 0
f 229/229/179 230/230/179 231/231/179
f 232/232/180 233/233/180 234/234/180
s 1
f 235/235/181 236/236/181 237/237/182
f 238/238/183 239/239/184 120/120/97
f 240/240/185 241/241/186 239/239/184
f 242/242/187 243/243/188 125/125/102
f 244/244/189 245/245/190 243/243/188
f 246/246/191 247/247/192 248/248/193
f 249/249/194 250/250/195 251/251/196
f 252/252/197 253/253/198 254/254/199
f 137/137/114 255/255/200 256/256/201
f 257/257/202 237/237/182 140/140/116
f 237/237/182 257/257/202 256/256/201
s 0
f 258/258/203 259/259/203 260/260/203
s 1
f 261/261/204 262/262/205 263/263/206
f 264/264/207 263/263/206 265/265/208
f 266/266/209 267/267/210 268/268/211
f 269/269/212 265/265/208 267/267/210
f 270/270/213 271/271/13 272/272/13
f 271/271/13 273/273/12 274/274/12
f 273/273/12 275/275/10 276/276/10
f 276/276/10 275/275/10 277/277/214
f 278/278/87 279/279/87 280/280/18
f 281/281/18 280/280/18 282/282/17
f 283/283/17 282/282/17 284/284/15
f 285/285/215 286/286/216 287/287/217
f 288/288/218 289/289/219 290/290/220
f 286/286/216 291/291/221 292/292/222
f 293/293/223 294/294/224 287/287/217
f 295/295/225 293/293/223 292/292/222
f 296/296/226 295/295/225 297/297/227
f 294/294/224 298/298/228 299/299/229
f 293/293/223 265/265/208 263/263/206
f 295/295/225 267/267/210 265/265/208
f 296/296/226 268/268/211 267/267/210
f 294/294/224 263/263/206 262/262/205
f 266/266/209 300/300/230 301/301/231
f 264/264/207 302/302/232 303/303/233
f 269/269/212 301/301/231 302/302/232
f 304/304/234 305/305/235 300/300/230
f 291/291/221 288/288/218 297/297/227
f 306/306/236 307/307/237 308/308/238
f 309/309/239 310/310/240 311/311/241
f 312/312/242 311/311/241 310/310/240
f 313/313/87 314/314/243 315/315/243
f 316/316/244 317/317/245 318/318/246
f 319/319/247 316/316/244 320/320/248
f 321/321/249 322/322/250 323/323/251
f 322/322/250 319/319/247 324/324/252
f 325/325/60 326/326/59 327/327/59
f 328/328/58 329/329/58 327/327/59
f 330/330/57 331/331/57 329/329/58
f 332/332/56 333/333/56 331/331/57
f 334/334/253 335/335/254 336/336/255
f 337/337/256 338/338/257 339/339/258
f 340/340/259 336/336/255 341/341/260
f 336/336/255 342/342/261 343/343/262
f 341/341/260 343/343/262 344/344/263
f 338/338/257 344/344/263 345/345/264
f 335/335/254 346/346/265 342/342/261
f 343/343/262 342/342/261 316/316/244
f 344/344/263 343/343/262 319/319/247
f 345/345/264 344/344/263 322/322/250
f 342/342/261 346/346/265 317/317/245
f 347/347/266 348/348/267 323/323/251
f 349/349/268 350/350/269 320/320/248
f 350/350/269 347/347/266 324/324/252
f 348/348/267 351/351/270 352/352/271
f 353/353/272 341/341/260 338/338/257
f 354/354/273 355/355/274 356/356/275
f 357/357/239 358/358/276 359/359/240
f 360/360/277 361/361/87 359/359/240
f 362/362/15 284/284/15 363/363/16
f 357/357/239 359/359/240 310/310/240
f 364/364/278 365/365/278 366/366/279
f 309/309/239 315/315/243 314/314/243
s 0
f 367/367/280 368/368/280 369/369/280
f 370/370/281 371/371/281 372/372/281
s 1
f 373/373/282 374/374/282 375/375/283
f 376/376/284 377/377/285 378/378/286
f 379/379/287 380/380/288 377/377/285
f 381/381/289 382/382/290 383/383/291
f 384/384/292 385/385/293 382/382/290
f 386/386/294 387/387/295 388/388/296
f 389/389/297 390/390/298 391/391/299
f 392/392/300 393/393/301 394/394/302
f 395/395/303 396/396/304 397/397/305
f 398/398/306 375/375/283 399/399/307
f 375/375/283 398/398/306 397/397/305
s 0
f 400/400/308 401/401/308 402/402/308
s 1
f 403/403/309 262/262/205 261/261/204
f 404/404/310 403/403/309 405/405/311
f 406/406/211 407/407/312 408/408/313
f 407/407/312 404/404/310 409/409/314
f 410/410/128 411/411/128 412/412/315
f 413/413/127 414/414/127 411/411/128
f 415/415/126 416/416/126 414/414/127
f 415/415/126 417/417/214 277/277/214
f 418/418/131 279/279/87 278/278/87
f 419/419/130 418/418/131 420/420/131
f 421/421/129 419/419/130 422/422/130
f 285/285/215 299/299/229 423/423/316
f 424/424/317 425/425/318 426/426/220
f 427/427/319 423/423/316 428/428/320
f 423/423/316 429/429/321 430/430/322
f 428/428/320 430/430/322 431/431/323
f 425/425/318 431/431/323 432/432/226
f 299/299/229 298/298/228 429/429/321
f 430/430/322 429/429/321 403/403/309
f 431/431/323 430/430/322 404/404/310
f 432/432/226 431/431/323 407/407/312
f 429/429/321 298/298/228 262/262/205
f 433/433/324 434/434/325 408/408/313
f 303/303/233 435/435/326 405/405/311
f 435/435/326 433/433/324 409/409/314
f 434/434/325 436/436/235 437/437/327
f 438/438/328 428/428/320 425/425/318
f 306/306/236 439/439/329 440/440/330
f 441/441/331 442/442/332 443/443/333
f 312/312/242 444/444/87 443/443/333
f 313/313/87 445/445/87 446/446/334
f 318/318/246 317/317/245 447/447/335
f 448/448/336 447/447/335 449/449/337
f 450/450/338 451/451/339 452/452/249
f 453/453/340 449/449/337 451/451/339
f 454/454/60 455/455/60 456/456/160
f 456/456/160 457/457/159 458/458/159
f 457/457/159 459/459/158 460/460/158
f 460/460/158 459/459/158 333/333/56
f 334/334/253 461/461/341 462/462/342
f 463/463/343 464/464/344 465/465/258
f 461/461/341 466/466/345 467/467/346
f 468/468/347 469/469/348 462/462/342
f 470/470/349 468/468/347 467/467/346
f 471/471/264 470/470/349 472/472/350
f 469/469/348 346/346/265 335/335/254
f 468/468/347 449/449/337 447/447/335
f 470/470/349 451/451/339 449/449/337
f 471/471/264 452/452/249 451/451/339
f 469/469/348 447/447/335 317/317/245
f 450/450/338 473/473/351 474/474/352
f 448/448/336 475/475/353 349/349/268
f 453/453/340 474/474/352 475/475/353
f 476/476/271 477/477/354 473/473/351
f 466/466/345 463/463/343 472/472/350
f 354/354/273 478/478/355 479/479/356
f 480/480/331 481/481/333 482/482/357
f 360/360/277 482/482/357 481/481/333
f 483/483/16 421/421/129 484/484/129
f 480/480/331 441/441/331 443/443/333
f 485/485/358 486/486/359 487/487/359
f 488/488/334 446/446/334 441/441/331
s 0
f 489/489/360 490/490/360 491/491/360
f 492/492/361 493/493/361 494/494/361
s 1
f 495/495/362 496/496/363 497/497/364
f 498/498/365 499/499/366 378/378/286
f 500/500/367 498/498/365 501/501/368
f 502/502/369 503/503/370 383/383/291
f 504/504/371 502/502/369 505/505/372
f 506/506/373 507/507/374 508/508/375
f 509/509/376 510/510/377 511/511/378
f 512/512/379 513/513/380 514/514/381
f 395/395/303 515/515/87 516/516/382
f 399/399/307 497/497/364 517/517/383
f 516/516/382 517/517/383 497/497/364
s 0
f 518/518/384 519/519/384 520/520/384
s 1
f 521/521/385 522/522/385 523/523/386
f 524/524/387 525/525/387 522/522/385
f 526/526/129 527/527/129 525/525/387
f 528/528/388 529/529/388 527/527/129
f 530/530/389 531/531/389 529/529/388
f 532/532/390 533/533/390 531/531/389
f 534/534/130 535/535/130 533/533/390
f 536/536/391 537/537/392 538/538/392
f 539/539/393 540/540/393 538/538/392
f 541/541/394 542/542/394 540/540/393
f 543/543/395 544/544/395 542/542/394
f 545/545/396 546/546/397 547/547/397
f 548/548/398 549/549/398 547/547/397
f 536/536/391 550/550/391 549/549/398
f 551/551/385 552/552/386 553/553/386
f 554/554/387 551/551/385 555/555/385
f 556/556/129 554/554/387 557/557/387
f 558/558/388 556/556/129 559/559/129
f 560/560/389 558/558/388 561/561/388
f 562/562/390 560/560/389 563/563/389
f 564/564/130 562/562/390 565/565/390
f 566/566/399 567/567/399 568/568/400
f 566/566/399 569/569/401 570/570/401
f 571/571/402 572/572/403 570/570/401
f 571/571/402 573/573/404 574/574/404
f 573/573/404 575/575/405 576/576/406
f 575/575/405 577/577/407 578/578/407
f 579/579/400 568/568/400 580/580/408
f 581/581/409 582/582/409 583/583/410
f 584/584/411 585/585/411 582/582/409
f 586/586/412 587/587/412 585/585/411
f 588/588/413 589/589/414 590/590/414
f 591/591/415 592/592/415 590/590/414
f 593/593/416 594/594/416 592/592/415
f 593/593/416 595/595/410 583/583/410
f 596/596/129 597/597/387 598/598/387
f 597/597/387 599/599/385 600/600/385
f 599/599/385 601/601/386 602/602/386
f 603/603/130 604/604/390 605/605/390
f 604/604/390 606/606/389 607/607/389
f 606/606/389 608/608/388 609/609/388
f 608/608/388 596/596/129 610/610/129
f 611/611/417 612/612/417 613/613/418
f 613/613/418 614/614/419 615/615/419
f 615/615/419 614/614/419 616/616/420
f 617/617/421 618/618/422 619/619/422
f 619/619/422 618/618/422 620/620/423
f 621/621/420 616/616/420 622/622/424
f 620/620/423 612/612/417 611/611/417
f 623/623/130 624/624/390 625/625/390
f 626/626/385 627/627/386 628/628/386
f 629/629/387 626/626/385 630/630/385
f 631/631/129 629/629/387 632/632/387
f 633/633/388 631/631/129 634/634/129
f 635/635/389 633/633/388 636/636/388
f 624/624/390 635/635/389 637/637/389
f 638/638/389 639/639/388 640/640/388
f 641/641/387 642/642/385 643/643/385
f 639/639/388 644/644/129 645/645/129
f 646/646/130 647/647/390 648/648/390
f 642/642/385 649/649/386 650/650/386
f 647/647/390 638/638/389 651/651/389
f 644/644/129 641/641/387 652/652/387
f 653/653/129 654/654/387 655/655/387
f 656/656/385 657/657/386 658/658/386
f 654/654/387 656/656/385 659/659/385
f 660/660/130 661/661/390 662/662/390
f 661/661/390 663/663/389 664/664/389
f 663/663/389 665/665/388 666/666/388
f 665/665/388 653/653/129 667/667/129
f 668/668/425 669/669/425 670/670/426
f 671/671/427 669/669/425 668/668/425
f 672/672/428 671/671/427 673/673/427
f 674/674/429 672/672/428 675/675/428
f 676/676/430 677/677/431 678/678/431
f 678/678/431 677/677/431 679/679/432
f 670/670/426 676/676/430 680/680/430
f 681/681/433 682/682/434 683/683/434
f 684/684/435 685/685/435 686/686/436
f 682/682/434 685/685/435 684/684/435
f 687/687/437 688/688/438 689/689/438
f 689/689/438 688/688/438 690/690/439
f 691/691/439 690/690/439 692/692/440
f 692/692/440 681/681/433 693/693/433
f 694/694/441 695/695/442 696/696/442
f 695/695/442 697/697/443 698/698/443
f 697/697/443 699/699/131 700/700/131
f 699/699/131 701/701/444 702/702/444
f 701/701/444 703/703/445 704/704/445
f 703/703/445 705/705/446 706/706/446
f 705/705/446 535/535/130 534/534/130
f 707/707/447 708/708/447 709/709/448
f 709/709/448 710/710/449 711/711/449
f 710/710/449 712/712/450 713/713/450
f 712/712/450 544/544/395 543/543/395
f 714/714/451 715/715/451 716/716/452
f 717/717/452 716/716/452 718/718/453
f 718/718/453 708/708/447 707/707/447
f 719/719/441 720/720/441 721/721/442
f 722/722/442 721/721/442 723/723/443
f 724/724/443 723/723/443 725/725/131
f 726/726/131 725/725/131 727/727/444
f 728/728/444 727/727/444 729/729/445
f 730/730/445 729/729/445 731/731/446
f 732/732/446 731/731/446 564/564/130
f 733/733/454 734/734/455 735/735/455
f 734/734/455 736/736/456 737/737/456
f 736/736/456 738/738/457 739/739/457
f 739/739/457 738/738/457 740/740/458
f 741/741/458 740/740/458 742/742/459
f 743/743/460 742/742/459 578/578/407
f 744/744/461 733/733/454 745/745/454
f 746/746/462 747/747/463 748/748/463
f 747/747/463 749/749/464 750/750/464
f 749/749/464 587/587/412 586/586/412
f 751/751/465 752/752/465 753/753/466
f 753/753/466 754/754/467 755/755/467
f 754/754/467 756/756/468 757/757/468
f 757/757/468 756/756/468 746/746/462
f 758/758/443 759/759/443 760/760/131
f 761/761/442 762/762/442 759/759/443
f 763/763/441 764/764/441 762/762/442
f 765/765/446 766/766/446 603/603/130
f 767/767/445 768/768/445 766/766/446
f 769/769/444 770/770/444 768/768/445
f 771/771/131 760/760/131 770/770/444
f 772/772/469 773/773/470 774/774/470
f 775/775/471 776/776/471 774/774/470
f 777/777/472 778/778/472 776/776/471
f 779/779/473 780/780/474 617/617/421
f 779/779/473 781/781/475 782/782/475
f 777/777/472 783/783/476 784/784/476
f 772/772/469 785/785/469 782/782/475
f 786/786/446 787/787/446 623/623/130
f 788/788/441 789/789/441 790/790/442
f 791/791/442 790/790/442 792/792/443
f 793/793/443 792/792/443 794/794/131
f 795/795/131 794/794/131 796/796/444
f 797/797/444 796/796/444 798/798/445
f 799/799/445 798/798/445 787/787/446
f 800/800/444 801/801/444 802/802/445
f 803/803/442 804/804/442 805/805/443
f 806/806/131 807/807/131 801/801/444
f 808/808/446 809/809/446 646/646/130
f 810/810/441 811/811/441 804/804/442
f 812/812/445 802/802/445 809/809/446
f 813/813/443 805/805/443 807/807/131
f 814/814/443 815/815/443 816/816/131
f 817/817/441 818/818/441 819/819/442
f 820/820/442 819/819/442 815/815/443
f 821/821/446 822/822/446 660/660/130
f 823/823/445 824/824/445 822/822/446
f 825/825/444 826/826/444 824/824/445
f 827/827/131 816/816/131 826/826/444
f 828/828/477 829/829/478 830/830/478
f 828/828/477 831/831/477 832/832/479
f 833/833/479 832/832/479 834/834/480
f 835/835/480 834/834/480 674/674/429
f 836/836/481 837/837/481 838/838/482
f 836/836/481 839/839/483 840/840/483
f 841/841/482 838/838/482 830/830/478
f 842/842/484 843/843/484 844/844/485
f 845/845/486 846/846/487 847/847/487
f 845/845/486 848/848/486 843/843/484
f 849/849/488 850/850/488 687/687/437
f 849/849/488 851/851/489 852/852/489
f 853/853/490 854/854/490 852/852/489
f 853/853/490 855/855/485 844/844/485
f 856/856/491 857/857/492 858/858/492
f 857/857/492 859/859/493 860/860/493
f 859/859/493 861/861/15 862/862/15
f 861/861/15 863/863/494 864/864/494
f 863/863/494 865/865/495 866/866/495
f 865/865/495 867/867/496 868/868/496
f 867/867/496 869/869/17 870/870/17
f 871/871/497 872/872/497 873/873/498
f 873/873/498 874/874/499 875/875/499
f 874/874/499 876/876/500 877/877/500
f 876/876/500 878/878/501 879/879/501
f 880/880/502 881/881/502 882/882/503
f 882/882/503 883/883/504 884/884/504
f 883/883/504 872/872/497 871/871/497
f 885/885/491 886/886/491 887/887/492
f 888/888/492 887/887/492 889/889/493
f 890/890/493 889/889/493 891/891/15
f 892/892/15 891/891/15 893/893/494
f 894/894/494 893/893/494 895/895/495
f 896/896/495 895/895/495 897/897/496
f 898/898/496 897/897/496 899/899/17
f 900/900/505 901/901/506 902/902/506
f 902/902/506 901/901/506 903/903/507
f 903/903/507 904/904/508 905/905/509
f 905/905/509 904/904/508 906/906/510
f 907/907/510 906/906/510 908/908/511
f 909/909/512 908/908/511 910/910/513
f 911/911/514 900/900/505 912/912/505
f 913/913/515 914/914/516 915/915/516
f 914/914/516 916/916/517 917/917/517
f 916/916/517 918/918/518 919/919/518
f 920/920/519 921/921/519 922/922/520
f 923/923/520 922/922/520 924/924/521
f 925/925/521 924/924/521 926/926/522
f 927/927/522 926/926/522 913/913/515
f 928/928/493 929/929/493 930/930/15
f 931/931/492 932/932/492 929/929/493
f 933/933/491 934/934/491 932/932/492
f 935/935/496 936/936/496 937/937/17
f 938/938/495 939/939/495 936/936/496
f 940/940/494 941/941/494 939/939/495
f 942/942/15 930/930/15 941/941/494
f 943/943/523 944/944/524 945/945/524
f 946/946/525 947/947/525 945/945/524
f 946/946/525 948/948/526 949/949/526
f 950/950/527 951/951/527 952/952/528
f 950/950/527 953/953/529 954/954/529
f 948/948/526 955/955/530 956/956/530
f 943/943/523 957/957/523 954/954/529
f 958/958/496 959/959/496 960/960/17
f 961/961/491 962/962/491 963/963/492
f 964/964/492 963/963/492 965/965/493
f 966/966/493 965/965/493 967/967/15
f 968/968/15 967/967/15 969/969/494
f 970/970/494 969/969/494 971/971/495
f 972/972/495 971/971/495 959/959/496
f 973/973/494 974/974/494 975/975/495
f 976/976/492 977/977/492 978/978/493
f 979/979/15 980/980/15 974/974/494
f 981/981/496 982/982/496 983/983/17
f 984/984/491 985/985/491 977/977/492
f 986/986/495 975/975/495 982/982/496
f 987/987/493 978/978/493 980/980/15
f 988/988/493 989/989/493 990/990/15
f 991/991/491 992/992/491 993/993/492
f 994/994/492 993/993/492 989/989/493
f 995/995/496 996/996/496 997/997/17
f 998/998/495 999/999/495 996/996/496
f 1000/1000/494 1001/1001/494 999/999/495
f 1002/1002/15 990/990/15 1001/1001/494
f 1003/1003/531 1004/1004/532 1005/1005/532
f 1003/1003/531 1006/1006/531 1007/1007/533
f 1008/1008/533 1007/1007/533 1009/1009/534
f 1010/1010/534 1009/1009/534 1011/1011/535
f 1012/1012/536 1013/1013/536 1014/1014/537
f 1012/1012/536 1015/1015/538 1016/1016/538
f 1017/1017/537 1014/1014/537 1005/1005/532
f 1018/1018/539 1019/1019/539 1020/1020/540
f 1021/1021/541 1022/1022/542 1023/1023/542
f 1021/1021/541 1024/1024/541 1019/1019/539
f 1025/1025/543 1026/1026/543 1027/1027/544
f 1025/1025/543 1028/1028/545 1029/1029/545
f 1030/1030/546 1031/1031/546 1029/1029/545
f 1032/1032/540 1020/1020/540 1031/1031/546
f 1033/1033/547 1034/1034/547 1035/1035/548
f 1036/1036/549 1037/1037/549 1034/1034/547
f 1038/1038/18 1039/1039/18 1037/1037/549
f 1040/1040/550 1041/1041/550 1039/1039/18
f 1042/1042/551 1043/1043/551 1041/1041/550
f 1044/1044/552 1045/1045/552 1043/1043/551
f 870/870/17 869/869/17 1045/1045/552
f 1046/1046/553 1047/1047/554 1048/1048/554
f 1049/1049/555 1050/1050/555 1048/1048/554
f 1051/1051/556 1052/1052/556 1050/1050/555
f 879/879/501 878/878/501 1052/1052/556
f 1053/1053/557 1054/1054/558 1055/1055/558
f 1054/1054/558 1056/1056/559 1057/1057/559
f 1046/1046/553 1058/1058/553 1057/1057/559
f 1059/1059/547 1060/1060/548 1061/1061/548
f 1062/1062/549 1059/1059/547 1063/1063/547
f 1064/1064/18 1062/1062/549 1065/1065/549
f 1066/1066/550 1064/1064/18 1067/1067/18
f 1068/1068/551 1066/1066/550 1069/1069/550
f 1070/1070/552 1068/1068/551 1071/1071/551
f 899/899/17 1070/1070/552 1072/1072/552
f 1073/1073/560 1074/1074/561 1075/1075/562
f 1074/1074/561 1076/1076/563 1077/1077/563
f 1078/1078/564 1079/1079/565 1077/1077/563
f 1078/1078/564 1080/1080/566 1081/1081/566
f 1080/1080/566 1082/1082/567 1083/1083/567
f 1084/1084/513 910/910/513 1083/1083/567
f 1073/1073/560 1085/1085/560 1086/1086/568
f 1087/1087/569 1088/1088/569 1089/1089/570
f 1090/1090/571 1091/1091/571 1088/1088/569
f 919/919/518 918/918/518 1091/1091/571
f 1092/1092/572 1093/1093/573 1094/1094/573
f 1095/1095/574 1096/1096/574 1094/1094/573
f 1097/1097/575 1098/1098/575 1096/1096/574
f 1097/1097/575 1099/1099/570 1089/1089/570
f 1100/1100/18 1101/1101/549 1102/1102/549
f 1101/1101/549 1103/1103/547 1104/1104/547
f 1103/1103/547 1105/1105/548 1106/1106/548
f 937/937/17 1107/1107/552 1108/1108/552
f 1107/1107/552 1109/1109/551 1110/1110/551
f 1109/1109/551 1111/1111/550 1112/1112/550
f 1111/1111/550 1100/1100/18 1113/1113/18
f 1114/1114/576 1115/1115/576 1116/1116/577
f 1116/1116/577 1117/1117/578 1118/1118/578
f 1117/1117/578 1119/1119/579 1120/1120/579
f 952/952/528 1121/1121/580 1122/1122/580
f 1122/1122/580 1121/1121/580 1123/1123/581
f 1120/1120/579 1119/1119/579 1124/1124/582
f 1123/1123/581 1115/1115/576 1114/1114/576
f 960/960/17 1125/1125/552 1126/1126/552
f 1127/1127/547 1128/1128/548 1129/1129/548
f 1130/1130/549 1127/1127/547 1131/1131/547
f 1132/1132/18 1130/1130/549 1133/1133/549
f 1134/1134/550 1132/1132/18 1135/1135/18
f 1136/1136/551 1134/1134/550 1137/1137/550
f 1125/1125/552 1136/1136/551 1138/1138/551
f 1139/1139/551 1140/1140/550 1141/1141/550
f 1142/1142/549 1143/1143/547 1144/1144/547
f 1140/1140/550 1145/1145/18 1146/1146/18
f 983/983/17 1147/1147/552 1148/1148/552
f 1143/1143/547 1149/1149/548 1150/1150/548
f 1147/1147/552 1139/1139/551 1151/1151/551
f 1145/1145/18 1142/1142/549 1152/1152/549
f 1153/1153/18 1154/1154/549 1155/1155/549
f 1156/1156/547 1157/1157/548 1158/1158/548
f 1154/1154/549 1156/1156/547 1159/1159/547
f 997/997/17 1160/1160/552 1161/1161/552
f 1160/1160/552 1162/1162/551 1163/1163/551
f 1162/1162/551 1164/1164/550 1165/1165/550
f 1164/1164/550 1153/1153/18 1166/1166/18
f 1167/1167/583 1168/1168/583 1169/1169/584
f 1170/1170/585 1168/1168/583 1167/1167/583
f 1171/1171/586 1170/1170/585 1172/1172/585
f 1011/1011/535 1171/1171/586 1173/1173/586
f 1174/1174/587 1175/1175/588 1176/1176/588
f 1176/1176/588 1175/1175/588 1177/1177/589
f 1169/1169/584 1174/1174/587 1178/1178/587
f 1179/1179/590 1180/1180/591 1181/1181/591
f 1182/1182/592 1183/1183/592 1184/1184/593
f 1180/1180/591 1183/1183/592 1182/1182/592
f 1027/1027/544 1185/1185/594 1186/1186/594
f 1186/1186/594 1185/1185/594 1187/1187/595
f 1188/1188/595 1187/1187/595 1189/1189/596
f 1190/1190/596 1189/1189/596 1179/1179/590
f 1191/1191/597 1192/1192/598 1193/1193/599
f 1194/1194/600 1195/1195/601 1196/1196/602
f 1197/1197/603 1198/1198/604 1199/1199/605
f 1200/1200/606 1196/1196/602 1201/1201/607
f 1202/1202/608 1191/1191/597 1203/1203/609
f 1204/1204/610 1205/1205/611 1206/1206/612
f 1207/1207/613 1208/1208/614 1209/1209/615
f 1210/1210/616 1211/1211/617 1212/1212/618
s 0
f 1213/1213/619 1214/1214/620 1215/1215/621
s 1
f 1201/1201/607 1207/1207/613 1216/1216/622
f 1202/1202/608 1217/1217/608 1205/1205/611
f 1203/1203/609 1191/1191/597 1193/1193/599
f 1200/1200/606 1194/1194/600 1196/1196/602
f 1218/1218/607 1200/1200/606 1201/1201/607
f 1217/1217/608 1202/1202/608 1203/1203/609
f 1219/1219/623 1204/1204/610 1206/1206/612
f 1216/1216/622 1207/1207/613 1209/1209/615
s 0
f 1214/1214/624 1220/1220/625 1215/1215/626
f 1220/1220/627 1221/1221/627 1215/1215/627
s 1
f 1218/1218/607 1201/1201/607 1216/1216/622
f 1204/1204/610 1202/1202/608 1205/1205/611
s 0
f 1222/1222/628 1223/1223/628 1224/1224/628
f 1222/1222/629 1225/1225/629 1223/1223/629
f 1225/1225/630 1226/1226/631 1223/1223/632
s 1
f 1227/1227/633 1210/1210/616 1212/1212/618
f 1212/1212/618 1198/1198/604 1227/1227/633
f 1198/1198/604 1197/1197/603 1227/1227/633
f 1228/1191/634 1229/1192/635 1230/1193/636
f 1231/1194/637 1232/1195/638 1233/1196/639
f 1234/1197/640 1235/1198/641 1236/1199/642
f 1237/1200/643 1233/1196/639 1238/1201/644
f 1239/1202/645 1228/1191/634 1240/1203/646
f 1241/1204/647 1242/1205/648 1243/1206/649
f 1244/1207/650 1245/1208/651 1246/1209/652
f 1247/1210/653 1248/1211/654 1249/1212/655
f 1250/1213/656 1251/1214/657 1252/1215/658
f 1238/1201/644 1244/1207/650 1253/1216/659
f 1239/1202/645 1254/1217/645 1242/1205/648
f 1240/1203/646 1228/1191/634 1230/1193/636
f 1237/1200/643 1231/1194/637 1233/1196/639
f 1255/1218/644 1237/1200/643 1238/1201/644
f 1254/1217/645 1239/1202/645 1240/1203/646
f 1256/1219/660 1241/1204/647 1243/1206/649
f 1253/1216/659 1244/1207/650 1246/1209/652
s 0
f 1251/1214/661 1257/1220/662 1252/1215/662
f 1257/1220/663 1258/1221/663 1252/1215/658
s 1
f 1255/1218/644 1238/1201/644 1253/1216/659
f 1241/1204/647 1239/1202/645 1242/1205/648
s 0
f 1259/1222/664 1260/1223/665 1261/1224/664
f 1259/1222/666 1262/1225/667 1260/1223/666
f 1262/1225/668 1263/1226/669 1260/1223/670
s 1
f 1264/1227/671 1247/1210/653 1249/1212/655
f 1249/1212/655 1235/1198/641 1264/1227/671
f 1235/1198/641 1234/1197/640 1264/1227/671
f 1265/1191/672 1266/1192/673 1267/1193/674
f 1268/1194/675 1269/1195/676 1270/1196/677
f 1271/1197/678 1272/1198/679 1273/1199/680
f 1274/1200/681 1270/1196/677 1275/1201/682
f 1276/1202/683 1265/1191/672 1277/1203/684
f 1278/1204/685 1279/1205/686 1280/1206/687
f 1281/1207/688 1282/1208/689 1283/1209/690
f 1284/1210/691 1285/1211/692 1286/1212/693
s 0
f 1287/1213/694 1288/1214/695 1289/1215/696
s 1
f 1275/1201/682 1281/1207/688 1290/1216/697
f 1276/1202/683 1291/1217/683 1279/1205/686
f 1277/1203/684 1265/1191/672 1267/1193/674
f 1274/1200/681 1268/1194/675 1270/1196/677
f 1292/1218/682 1274/1200/681 1275/1201/682
f 1291/1217/683 1276/1202/683 1277/1203/684
f 1293/1219/698 1278/1204/685 1280/1206/687
f 1290/1216/697 1281/1207/688 1283/1209/690
s 0
f 1288/1214/699 1294/1220/700 1289/1215/701
f 1294/1220/702 1295/1221/702 1289/1215/702
s 1
f 1292/1218/682 1275/1201/682 1290/1216/697
f 1278/1204/685 1276/1202/683 1279/1205/686
s 0
f 1296/1222/703 1297/1223/703 1298/1224/703
f 1296/1222/704 1299/1225/704 1297/1223/704
f 1299/1225/705 1300/1226/706 1297/1223/707
s 1
f 1301/1227/708 1284/1210/691 1286/1212/693
f 1286/1212/693 1272/1198/679 1301/1227/708
f 1272/1198/679 1271/1197/678 1301/1227/708
f 1302/1228/709 1303/1229/710 1304/1230/711
f 1305/1231/712 1306/1232/713 1307/1233/714
f 1308/1234/715 1309/1235/716 1310/1236/717
f 1311/1237/718 1307/1233/714 1312/1238/719
f 1313/1239/720 1302/1228/709 1314/1240/721
f 1315/1241/722 1316/1242/723 1317/1243/724
f 1318/1244/725 1319/1245/726 1320/1246/727
f 1321/1247/728 1322/1248/729 1323/1249/730
f 1324/1250/731 1325/1251/732 1326/1252/733
f 1312/1238/719 1318/1244/725 1327/1253/734
f 1313/1239/720 1328/1254/720 1316/1242/723
f 1314/1240/721 1302/1228/709 1304/1230/711
f 1311/1237/718 1305/1231/712 1307/1233/714
f 1329/1255/719 1311/1237/718 1312/1238/719
f 1328/1254/720 1313/1239/720 1314/1240/721
f 1330/1256/735 1315/1241/722 1317/1243/724
f 1327/1253/734 1318/1244/725 1320/1246/727
s 0
f 1325/1251/736 1331/1257/737 1326/1252/737
f 1331/1257/738 1332/1258/738 1326/1252/733
s 1
f 1329/1255/719 1312/1238/719 1327/1253/734
f 1315/1241/722 1313/1239/720 1316/1242/723
s 0
f 1333/1259/739 1334/1260/740 1335/1261/739
f 1333/1259/741 1336/1262/742 1334/1260/741
f 1336/1262/743 1337/1263/744 1334/1260/745
s 1
f 1338/1264/746 1321/1247/728 1323/1249/730
f 1323/1249/730 1309/1235/716 1338/1264/746
f 1309/1235/716 1308/1234/715 1338/1264/746
f 1339/1265/747 1340/1266/748 1341/1267/749
f 1342/1268/750 1339/1265/747 1343/1269/751
f 1344/1270/752 1342/1268/750 1345/1271/753
f 1346/1272/754 1344/1270/752 1347/1273/755
f 1348/1274/754 1349/1275/756 1350/1276/757
f 1351/1277/758 1350/1276/757 1352/1278/759
f 1353/1279/760 1352/1278/759 1354/1280/761
f 1355/1281/762 1354/1280/761 1341/1267/749
f 1343/1269/751 1341/1267/749 1356/1282/763
f 1345/1271/753 1343/1269/751 1357/1283/764
f 1347/1273/755 1345/1271/753 1358/1284/765
f 1359/1285/756 1347/1273/755 1360/1286/766
f 1349/1275/756 1361/1287/767 1362/1288/768
f 1350/1276/757 1362/1288/768 1363/1289/769
f 1352/1278/759 1363/1289/769 1364/1290/770
f 1354/1280/761 1364/1290/770 1356/1282/763
f 1357/1283/764 1356/1282/763 1365/1291/771
f 1358/1284/765 1357/1283/764 1366/1292/772
f 1360/1286/766 1358/1284/765 1367/1293/773
f 1368/1294/767 1360/1286/766 1369/1295/774
f 1361/1287/767 1370/1296/775 1371/1297/776
f 1362/1288/768 1371/1297/776 1372/1298/777
f 1363/1289/769 1372/1298/777 1373/1299/778
f 1364/1290/770 1373/1299/778 1365/1291/771
f 1365/1291/771 1374/1300/779 1375/1301/780
f 1366/1292/772 1375/1301/780 1376/1302/781
f 1367/1293/773 1376/1302/781 1377/1303/782
f 1369/1295/774 1377/1303/782 1378/1304/783
f 1371/1297/776 1370/1296/775 1379/1305/783
f 1372/1298/777 1371/1297/776 1380/1306/784
f 1373/1299/778 1372/1298/777 1381/1307/785
f 1365/1291/771 1373/1299/778 1382/1308/786
f 1374/1300/779 1383/1309/787 1384/1310/788
f 1375/1301/780 1384/1310/788 1385/1311/789
f 1376/1302/781 1385/1311/789 1386/1312/790
f 1377/1303/782 1386/1312/790 1387/1313/791
f 1380/1306/784 1379/1305/783 1388/1314/791
f 1381/1307/785 1380/1306/784 1389/1315/792
f 1382/1308/786 1381/1307/785 1390/1316/793
f 1374/1300/779 1382/1308/786 1391/1317/794
f 1384/1310/788 1383/1309/787 1392/1318/795
f 1385/1311/789 1384/1310/788 1393/1319/796
f 1386/1312/790 1385/1311/789 1394/1320/797
f 1387/1313/791 1386/1312/790 1395/1321/798
f 1388/1314/791 1396/1322/799 1397/1323/800
f 1389/1315/792 1397/1323/800 1398/1324/801
f 1390/1316/793 1398/1324/801 1399/1325/802
f 1391/1317/794 1399/1325/802 1392/1318/795
f 1400/1326/803 1401/1327/804 1402/1328/805
f 1403/1329/806 1404/1330/807 1405/1331/808
f 1406/1332/809 1407/1333/810 1408/1334/811
f 1409/1335/812 1410/1336/813 1401/1327/804
f 1408/1334/811 1411/1337/814 1412/1338/815
f 1413/1339/816 1402/1328/805 1407/1333/810
f 1411/1337/814 1403/1329/806 1414/1340/817
f 1404/1330/807 1410/1336/813 1409/1335/812
f 1415/1341/818 1416/1342/819 1417/1343/820
f 1418/1344/821 1419/1345/822 1420/1346/823
f 1421/1347/824 1422/1348/825 1423/1349/826
f 1424/1350/827 1415/1341/818 1425/1351/828
f 1426/1352/829 1420/1346/823 1422/1348/825
f 1427/1353/830 1419/1345/822 1418/1344/821
f 1416/1342/819 1427/1353/830 1428/1354/831
f 1429/1355/832 1423/1349/826 1424/1350/827
f 1430/1356/833 1431/1357/834 1432/1358/835
f 1433/1359/836 1430/1356/833 1434/1360/837
f 1435/1361/838 1433/1359/836 1436/1362/839
f 1437/1363/840 1435/1361/838 1438/1364/841
f 1439/1365/840 1440/1366/842 1441/1367/843
f 1442/1368/844 1441/1367/843 1443/1369/845
f 1444/1370/846 1443/1369/845 1445/1371/847
f 1446/1372/848 1445/1371/847 1432/1358/835
f 1447/1373/849 1448/1374/850 1449/1375/851
f 1450/1376/852 1451/1377/853 1452/1378/854
f 1453/1379/855 1454/1380/856 1455/1381/857
f 1456/1382/858 1457/1383/859 1448/1374/850
f 1455/1381/857 1458/1384/860 1459/1385/861
f 1460/1386/862 1449/1375/851 1454/1380/856
f 1458/1384/860 1450/1376/852 1461/1387/863
f 1451/1377/853 1457/1383/859 1456/1382/858
f 1462/1388/864 1463/1389/865 1464/1390/866
f 1465/1391/867 1462/1388/864 1466/1392/868
f 1467/1393/869 1465/1391/867 1468/1394/870
f 1469/1395/871 1467/1393/869 1470/1396/872
f 1471/1397/873 1472/1398/874 1473/1399/875
f 1474/1400/876 1473/1399/875 1475/1401/877
f 1476/1402/878 1475/1401/877 1477/1403/879
f 1478/1404/880 1477/1403/879 1464/1390/866
f 1466/1392/868 1464/1390/866 1479/1405/881
f 1468/1394/870 1466/1392/868 1480/1406/882
f 1470/1396/872 1468/1394/870 1481/1407/883
f 1482/1408/874 1470/1396/872 1483/1409/884
f 1472/1398/874 1484/1410/885 1485/1411/886
f 1473/1399/875 1485/1411/886 1486/1412/887
f 1475/1401/877 1486/1412/887 1487/1413/888
f 1477/1403/879 1487/1413/888 1479/1405/881
f 1488/1265/889 1489/1269/890 1490/1267/891
f 1491/1268/892 1492/1271/893 1489/1269/890
f 1493/1270/894 1494/1273/895 1492/1271/893
f 1495/1272/896 1496/1285/897 1494/1273/895
f 1497/1276/898 1498/1275/897 1499/1274/896
f 1500/1278/899 1497/1276/898 1501/1277/900
f 1502/1280/901 1500/1278/899 1503/1279/902
f 1490/1267/891 1502/1280/901 1504/1281/903
f 1489/1269/890 1505/1283/904 1506/1282/905
f 1492/1271/893 1507/1284/906 1505/1283/904
f 1494/1273/895 1508/1286/907 1507/1284/906
f 1496/1285/897 1509/1294/908 1508/1286/907
f 1510/1288/909 1511/1287/908 1498/1275/897
f 1512/1289/910 1510/1288/909 1497/1276/898
f 1513/1290/911 1512/1289/910 1500/1278/899
f 1506/1282/905 1513/1290/911 1502/1280/901
f 1505/1283/904 1514/1292/912 1515/1291/913
f 1507/1284/906 1516/1293/914 1514/1292/912
f 1508/1286/907 1517/1295/915 1516/1293/914
f 1509/1294/908 1518/1414/916 1517/1295/915
f 1519/1297/917 1520/1296/916 1511/1287/908
f 1521/1298/918 1519/1297/917 1510/1288/909
f 1522/1299/919 1521/1298/918 1512/1289/910
f 1515/1291/913 1522/1299/919 1513/1290/911
f 1523/1301/920 1524/1300/921 1515/1291/913
f 1525/1302/922 1523/1301/920 1514/1292/912
f 1526/1303/923 1525/1302/922 1516/1293/914
f 1527/1304/924 1526/1303/923 1517/1295/915
f 1519/1297/917 1528/1306/925 1529/1305/924
f 1521/1298/918 1530/1307/926 1528/1306/925
f 1522/1299/919 1531/1308/927 1530/1307/926
f 1515/1291/913 1524/1300/921 1531/1308/927
f 1532/1310/928 1533/1309/929 1524/1300/921
f 1534/1311/930 1532/1310/928 1523/1301/920
f 1535/1312/931 1534/1311/930 1525/1302/922
f 1536/1313/932 1535/1312/931 1526/1303/923
f 1528/1306/925 1537/1315/933 1538/1314/932
f 1530/1307/926 1539/1316/934 1537/1315/933
f 1531/1308/927 1540/1317/935 1539/1316/934
f 1524/1300/921 1533/1309/929 1540/1317/935
f 1532/1310/928 1541/1319/936 1542/1318/937
f 1534/1311/930 1543/1320/938 1541/1319/936
f 1535/1312/931 1544/1321/939 1543/1320/938
f 1536/1313/932 1545/1415/940 1544/1321/939
f 1546/1323/941 1547/1322/940 1538/1314/932
f 1548/1324/942 1546/1323/941 1537/1315/933
f 1549/1325/943 1548/1324/942 1539/1316/934
f 1542/1318/937 1549/1325/943 1540/1317/935
f 1550/1326/944 1551/1339/945 1552/1328/946
f 1553/1331/947 1554/1330/948 1555/1329/949
f 1556/1332/950 1557/1416/951 1558/1334/952
f 1559/1335/953 1550/1326/944 1560/1327/954
f 1561/1338/955 1562/1337/956 1558/1334/952
f 1551/1339/945 1556/1332/950 1563/1333/957
f 1564/1340/958 1555/1329/949 1562/1337/956
f 1559/1335/953 1565/1336/959 1554/1330/948
f 1566/1343/960 1567/1342/961 1568/1341/962
f 1569/1344/963 1570/1352/964 1571/1346/965
f 1572/1347/966 1573/1355/967 1574/1349/968
f 1575/1351/969 1568/1341/962 1576/1350/970
f 1570/1352/964 1572/1347/966 1577/1348/971
f 1569/1344/963 1578/1345/972 1579/1353/973
f 1580/1354/974 1579/1353/973 1567/1342/961
f 1573/1355/967 1581/1417/975 1576/1350/970
f 1582/1356/976 1583/1360/977 1584/1358/978
f 1585/1359/979 1586/1362/839 1583/1360/977
f 1587/1361/980 1588/1364/981 1586/1362/839
f 1589/1363/982 1590/1418/983 1588/1364/981
f 1591/1367/984 1592/1366/983 1593/1365/982
f 1594/1369/985 1591/1367/984 1595/1368/986
f 1596/1371/987 1594/1369/985 1597/1370/988
f 1584/1358/978 1596/1371/987 1598/1372/989
f 1599/1373/990 1600/1386/991 1601/1375/992
f 1602/1378/993 1603/1377/994 1604/1376/995
f 1605/1379/996 1606/1419/997 1607/1381/998
f 1608/1382/999 1599/1373/990 1609/1374/1000
f 1610/1385/1001 1611/1384/1002 1607/1381/998
f 1600/1386/991 1605/1379/996 1612/1380/1003
f 1613/1387/1004 1604/1376/995 1611/1384/1002
f 1608/1382/999 1614/1383/1005 1603/1377/994
f 1615/1388/1006 1616/1392/1007 1617/1390/1008
f 1618/1391/1009 1619/1394/1010 1616/1392/1007
f 1620/1393/1011 1621/1396/1012 1619/1394/1010
f 1622/1395/1013 1623/1408/1014 1621/1396/1012
f 1624/1399/1015 1625/1398/1014 1626/1397/1016
f 1627/1401/1017 1624/1399/1015 1628/1400/1018
f 1629/1403/1019 1627/1401/1017 1630/1402/1020
f 1617/1390/1008 1629/1403/1019 1631/1404/1021
f 1616/1392/1007 1632/1406/1022 1633/1405/1023
f 1619/1394/1010 1634/1407/1024 1632/1406/1022
f 1621/1396/1012 1635/1409/1025 1634/1407/1024
f 1623/1408/1014 1636/1420/1026 1635/1409/1025
f 1637/1411/1027 1638/1410/1026 1625/1398/1014
f 1639/1412/1028 1637/1411/1027 1624/1399/1015
f 1640/1413/1029 1639/1412/1028 1627/1401/1017
f 1633/1405/1023 1640/1413/1029 1629/1403/1019
f 1641/1421/1030 1642/1422/1031 1643/1423/1032
f 1644/1424/1033 1641/1421/1030 1645/1425/1034
f 1646/1426/1035 1644/1424/1033 1647/1427/1036
f 1648/1428/1037 1646/1426/1035 1649/1429/1038
f 1650/1430/1039 1651/1431/1040 1652/1432/1037
f 1653/1433/1041 1654/1434/1042 1651/1431/1040
f 1655/1435/1043 1656/1436/1044 1654/1434/1042
f 1643/1423/1032 1642/1422/1031 1656/1436/1044
f 1657/1437/1045 1658/1438/130 1642/1422/1031
f 1644/1424/1033 1659/1439/1046 1657/1437/1045
f 1646/1426/1035 1660/1440/1047 1659/1439/1046
f 1648/1428/1037 1661/1441/17 1660/1440/1047
f 1662/1442/1048 1663/1443/17 1652/1432/1037
f 1664/1444/1049 1662/1442/1048 1651/1431/1040
f 1665/1445/1050 1664/1444/1049 1654/1434/1042
f 1658/1438/130 1665/1445/1050 1656/1436/1044
f 1666/1446/1051 1667/1447/1052 1668/1448/1053
f 1669/1449/1054 1668/1448/1053 1670/1450/1055
f 1671/1451/1056 1670/1450/1055 1672/1452/1057
f 1673/1453/1058 1672/1452/1057 1674/1454/1059
f 1675/1455/1060 1676/1456/1061 1677/1457/1062
f 1678/1458/1063 1675/1455/1060 1679/1459/1064
f 1680/1460/1065 1678/1458/1063 1681/1461/1066
f 1666/1446/1051 1680/1460/1065 1682/1462/1067
f 1668/1448/1053 1667/1447/1052 1658/1438/130
f 1670/1450/1055 1668/1448/1053 1657/1437/1045
f 1672/1452/1057 1670/1450/1055 1659/1439/1046
f 1674/1454/1059 1672/1452/1057 1660/1440/1047
f 1677/1457/1062 1663/1443/17 1662/1442/1048
f 1679/1459/1064 1662/1442/1048 1664/1444/1049
f 1681/1461/1066 1664/1444/1049 1665/1445/1050
f 1682/1462/1067 1665/1445/1050 1658/1438/130
f 1683/1463/747 1684/1464/748 1685/1465/749
f 1686/1466/750 1683/1463/747 1687/1467/751
f 1688/1468/752 1686/1466/750 1689/1469/753
f 1690/1470/754 1688/1468/752 1691/1471/755
f 1692/1472/754 1693/1473/756 1694/1474/757
f 1695/1475/758 1694/1474/757 1696/1476/759
f 1697/1477/760 1696/1476/759 1698/1478/761
f 1699/1479/762 1698/1478/761 1685/1465/749
f 1687/1467/751 1685/1465/749 1700/1480/763
f 1689/1469/753 1687/1467/751 1701/1481/764
f 1691/1471/755 1689/1469/753 1702/1482/765
f 1703/1483/756 1691/1471/755 1704/1484/766
f 1693/1473/756 1705/1485/767 1706/1486/768
f 1694/1474/757 1706/1486/768 1707/1487/769
f 1696/1476/759 1707/1487/769 1708/1488/770
f 1698/1478/761 1708/1488/770 1700/1480/763
f 1701/1481/764 1700/1480/763 1709/1489/771
f 1702/1482/765 1701/1481/764 1710/1490/772
f 1704/1484/766 1702/1482/765 1711/1491/773
f 1712/1492/767 1704/1484/766 1713/1493/774
f 1705/1485/767 1714/1494/775 1715/1495/776
f 1706/1486/768 1715/1495/776 1716/1496/777
f 1707/1487/769 1716/1496/777 1717/1497/778
f 1708/1488/770 1717/1497/778 1709/1489/771
f 1709/1489/771 1718/1498/779 1719/1499/780
f 1710/1490/772 1719/1499/780 1720/1500/781
f 1711/1491/773 1720/1500/781 1721/1501/782
f 1713/1493/774 1721/1501/782 1722/1502/783
f 1715/1495/776 1714/1494/775 1723/1503/783
f 1716/1496/777 1715/1495/776 1724/1504/784
f 1717/1497/778 1716/1496/777 1725/1505/785
f 1709/1489/771 1717/1497/778 1726/1506/786
f 1718/1498/779 1727/1507/787 1728/1508/788
f 1719/1499/780 1728/1508/788 1729/1509/789
f 1720/1500/781 1729/1509/789 1730/1510/790
f 1721/1501/782 1730/1510/790 1731/1511/791
f 1724/1504/784 1723/1503/783 1732/1512/791
f 1725/1505/785 1724/1504/784 1733/1513/792
f 1726/1506/786 1725/1505/785 1734/1514/793
f 1718/1498/779 1726/1506/786 1735/1515/794
f 1728/1508/788 1727/1507/787 1736/1516/795
f 1729/1509/789 1728/1508/788 1737/1517/796
f 1730/1510/790 1729/1509/789 1738/1518/797
f 1731/1511/791 1730/1510/790 1739/1519/798
f 1732/1512/791 1740/1520/799 1741/1521/800
f 1733/1513/792 1741/1521/800 1742/1522/801
f 1734/1514/793 1742/1522/801 1743/1523/802
f 1735/1515/794 1743/1523/802 1736/1516/795
f 1744/1524/803 1745/1525/804 1746/1526/805
f 1747/1527/806 1748/1528/807 1749/1529/808
f 1750/1530/809 1751/1531/810 1752/1532/811
f 1753/1533/812 1754/1534/813 1745/1525/804
f 1752/1532/811 1755/1535/814 1756/1536/815
f 1757/1537/816 1746/1526/805 1751/1531/810
f 1755/1535/814 1747/1527/806 1758/1538/817
f 1748/1528/807 1754/1534/813 1753/1533/812
f 1759/1539/818 1760/1540/819 1761/1541/820
f 1762/1542/821 1763/1543/822 1764/1544/823
f 1765/1545/824 1766/1546/825 1767/1547/826
f 1768/1548/827 1759/1539/818 1769/1549/828
f 1770/1550/829 1764/1544/823 1766/1546/825
f 1771/1551/830 1763/1543/822 1762/1542/821
f 1760/1540/819 1771/1551/830 1772/1552/831
f 1773/1553/832 1767/1547/826 1768/1548/827
f 1774/1554/833 1775/1555/834 1776/1556/835
f 1777/1557/836 1774/1554/833 1778/1558/837
f 1779/1559/838 1777/1557/836 1780/1560/1068
f 1781/1561/840 1779/1559/838 1782/1562/841
f 1783/1563/840 1784/1564/842 1785/1565/843
f 1786/1566/844 1785/1565/843 1787/1567/845
f 1788/1568/846 1787/1567/845 1789/1569/847
f 1790/1570/848 1789/1569/847 1776/1556/835
f 1791/1571/849 1792/1572/850 1793/1573/851
f 1794/1574/852 1795/1575/853 1796/1576/854
f 1797/1577/855 1798/1578/856 1799/1579/857
f 1800/1580/858 1801/1581/859 1792/1572/850
f 1799/1579/857 1802/1582/860 1803/1583/861
f 1804/1584/862 1793/1573/851 1798/1578/856
f 1802/1582/860 1794/1574/852 1805/1585/1069
f 1795/1575/853 1801/1581/859 1800/1580/858
f 1806/1586/864 1807/1587/865 1808/1588/866
f 1809/1589/867 1806/1586/864 1810/1590/868
f 1811/1591/869 1809/1589/867 1812/1592/870
f 1813/1593/871 1811/1591/869 1814/1594/872
f 1815/1595/873 1816/1596/874 1817/1597/875
f 1818/1598/876 1817/1597/875 1819/1599/877
f 1820/1600/1070 1819/1599/877 1821/1601/879
f 1822/1602/880 1821/1601/879 1808/1588/866
f 1810/1590/868 1808/1588/866 1823/1603/881
f 1812/1592/870 1810/1590/868 1824/1604/882
f 1814/1594/872 1812/1592/870 1825/1605/883
f 1826/1606/874 1814/1594/872 1827/1607/884
f 1816/1596/874 1828/1608/885 1829/1609/886
f 1817/1597/875 1829/1609/886 1830/1610/887
f 1819/1599/877 1830/1610/887 1831/1611/888
f 1821/1601/879 1831/1611/888 1823/1603/881
f 1832/1265/889 1833/1269/890 1834/1267/891
f 1835/1268/892 1836/1271/893 1833/1269/890
f 1837/1270/894 1838/1273/895 1836/1271/893
f 1839/1272/896 1840/1285/897 1838/1273/895
f 1841/1276/898 1842/1275/897 1843/1274/896
f 1844/1278/899 1841/1276/898 1845/1277/900
f 1846/1280/901 1844/1278/899 1847/1279/902
f 1834/1267/891 1846/1280/901 1848/1281/903
f 1833/1269/890 1849/1283/904 1850/1282/905
f 1836/1271/893 1851/1284/906 1849/1283/904
f 1838/1273/895 1852/1286/907 1851/1284/906
f 1840/1285/897 1853/1294/908 1852/1286/907
f 1854/1288/909 1855/1287/908 1842/1275/897
f 1856/1289/910 1854/1288/909 1841/1276/898
f 1857/1290/911 1856/1289/910 1844/1278/899
f 1850/1282/905 1857/1290/911 1846/1280/901
f 1849/1283/904 1858/1292/912 1859/1291/913
f 1851/1284/906 1860/1293/914 1858/1292/912
f 1852/1286/907 1861/1295/915 1860/1293/914
f 1853/1294/908 1862/1414/916 1861/1295/915
f 1863/1297/917 1864/1296/916 1855/1287/908
f 1865/1298/918 1863/1297/917 1854/1288/909
f 1866/1299/919 1865/1298/918 1856/1289/910
f 1859/1291/913 1866/1299/919 1857/1290/911
f 1867/1301/920 1868/1300/921 1859/1291/913
f 1869/1302/922 1867/1301/920 1858/1292/912
f 1870/1303/923 1869/1302/922 1860/1293/914
f 1871/1304/924 1870/1303/923 1861/1295/915
f 1863/1297/917 1872/1306/925 1873/1305/924
f 1865/1298/918 1874/1307/926 1872/1306/925
f 1866/1299/919 1875/1308/927 1874/1307/926
f 1859/1291/913 1868/1300/921 1875/1308/927
f 1876/1310/928 1877/1309/929 1868/1300/921
f 1878/1311/930 1876/1310/928 1867/1301/920
f 1879/1312/931 1878/1311/930 1869/1302/922
f 1880/1313/932 1879/1312/931 1870/1303/923
f 1872/1306/925 1881/1315/933 1882/1314/932
f 1874/1307/926 1883/1316/934 1881/1315/933
f 1875/1308/927 1884/1317/935 1883/1316/934
f 1868/1300/921 1877/1309/929 1884/1317/935
f 1876/1310/928 1885/1319/936 1886/1318/937
f 1878/1311/930 1887/1320/938 1885/1319/936
f 1879/1312/931 1888/1321/939 1887/1320/938
f 1880/1313/932 1889/1415/940 1888/1321/939
f 1890/1323/941 1891/1322/940 1882/1314/932
f 1892/1324/942 1890/1323/941 1881/1315/933
f 1893/1325/943 1892/1324/942 1883/1316/934
f 1886/1318/937 1893/1325/943 1884/1317/935
f 1894/1326/1071 1895/1339/945 1896/1328/946
f 1897/1331/947 1898/1330/948 1899/1329/949
f 1900/1332/950 1901/1416/951 1902/1334/952
f 1903/1335/953 1894/1326/1071 1904/1327/954
f 1905/1338/955 1906/1337/956 1902/1334/952
f 1895/1339/945 1900/1332/950 1907/1333/957
f 1908/1340/958 1899/1329/949 1906/1337/956
f 1903/1335/953 1909/1336/959 1898/1330/948
f 1910/1343/960 1911/1342/961 1912/1341/962
f 1913/1344/963 1914/1352/964 1915/1346/965
f 1916/1347/966 1917/1355/967 1918/1349/968
f 1919/1351/969 1912/1341/962 1920/1350/970
f 1914/1352/964 1916/1347/966 1921/1348/971
f 1913/1344/963 1922/1345/972 1923/1353/973
f 1924/1354/974 1923/1353/973 1911/1342/961
f 1917/1355/967 1925/1417/975 1920/1350/970
f 1926/1356/976 1927/1360/977 1928/1358/978
f 1929/1359/979 1930/1362/1072 1927/1360/977
f 1931/1361/980 1932/1364/981 1930/1362/1072
f 1933/1363/982 1934/1418/983 1932/1364/981
f 1935/1367/984 1936/1366/983 1937/1365/982
f 1938/1369/985 1935/1367/984 1939/1368/986
f 1940/1371/987 1938/1369/985 1941/1370/988
f 1928/1358/978 1940/1371/987 1942/1372/989
f 1943/1373/990 1944/1386/991 1945/1375/992
f 1946/1378/993 1947/1377/994 1948/1376/995
f 1949/1379/996 1950/1419/997 1951/1381/998
f 1952/1382/999 1943/1373/990 1953/1374/1000
f 1954/1385/1001 1955/1384/1002 1951/1381/998
f 1944/1386/991 1949/1379/996 1956/1380/1003
f 1957/1387/1073 1948/1376/995 1955/1384/1002
f 1952/1382/999 1958/1383/1005 1947/1377/994
f 1959/1388/1006 1960/1392/1007 1961/1390/1008
f 1962/1391/1009 1963/1394/1010 1960/1392/1007
f 1964/1393/1011 1965/1396/1012 1963/1394/1010
f 1966/1395/1013 1967/1408/1014 1965/1396/1012
f 1968/1399/1015 1969/1398/1014 1970/1397/1016
f 1971/1401/1017 1968/1399/1015 1972/1400/1018
f 1973/1403/1019 1971/1401/1017 1974/1402/1074
f 1961/1390/1008 1973/1403/1019 1975/1404/1021
f 1960/1392/1007 1976/1406/1022 1977/1405/1023
f 1963/1394/1010 1978/1407/1024 1976/1406/1022
f 1965/1396/1012 1979/1409/1025 1978/1407/1024
f 1967/1408/1014 1980/1420/1026 1979/1409/1025
f 1981/1411/1027 1982/1410/1026 1969/1398/1014
f 1983/1412/1028 1981/1411/1027 1968/1399/1015
f 1984/1413/1029 1983/1412/1028 1971/1401/1017
f 1977/1405/1023 1984/1413/1029 1973/1403/1019
f 1985/1612/1030 1986/1613/1031 1987/1614/1032
f 1988/1615/1033 1985/1612/1030 1989/1616/1034
f 1990/1617/1035 1988/1615/1033 1991/1618/1036
f 1992/1619/1037 1990/1617/1035 1993/1620/1075
f 1994/1621/1039 1995/1622/1040 1996/1623/1037
f 1997/1624/1041 1998/1625/1042 1995/1622/1040
f 1999/1626/1043 2000/1627/1044 1998/1625/1042
f 1987/1614/1032 1986/1613/1031 2000/1627/1044
f 2001/1628/1045 2002/1629/130 1986/1613/1031
f 1988/1615/1033 2003/1630/1046 2001/1628/1045
f 1990/1617/1035 2004/1631/1047 2003/1630/1046
f 1992/1619/1037 2005/1632/17 2004/1631/1047
f 2006/1633/1048 2007/1634/17 1996/1623/1037
f 2008/1635/1049 2006/1633/1048 1995/1622/1040
f 2009/1636/1050 2008/1635/1049 1998/1625/1042
f 2002/1629/130 2009/1636/1050 2000/1627/1044
f 2010/1637/1051 2011/1638/1052 2012/1639/1053
f 2013/1640/1054 2012/1639/1053 2014/1641/1055
f 2015/1642/1056 2014/1641/1055 2016/1643/1057
f 2017/1644/1058 2016/1643/1057 2018/1645/1062
f 2019/1646/1060 2020/1647/1061 2021/1648/1062
f 2022/1649/1063 2019/1646/1060 2023/1650/1064
f 2024/1651/1065 2022/1649/1063 2025/1652/1066
f 2010/1637/1051 2024/1651/1065 2026/1653/1067
f 2012/1639/1053 2011/1638/1052 2002/1629/130
f 2014/1641/1055 2012/1639/1053 2001/1628/1045
f 2016/1643/1057 2014/1641/1055 2003/1630/1046
f 2018/1645/1062 2016/1643/1057 2004/1631/1047
f 2021/1648/1062 2007/1634/17 2006/1633/1048
f 2023/1650/1064 2006/1633/1048 2008/1635/1049
f 2025/1652/1066 2008/1635/1049 2009/1636/1050
f 2026/1653/1067 2009/1636/1050 2002/1629/130
f 2027/1265/1076 2028/1269/1077 2029/1267/1078
f 2030/1268/1079 2031/1271/1080 2028/1269/1077
f 2032/1270/1081 2033/1273/1082 2031/1271/1080
f 2034/1272/1083 2035/1285/1084 2033/1273/1082
f 2036/1276/1085 2037/1275/1084 2038/1274/1083
f 2039/1278/1086 2036/1276/1085 2040/1277/1087
f 2041/1280/1088 2039/1278/1086 2042/1279/1089
f 2029/1267/1078 2041/1280/1088 2043/1281/1090
f 2028/1269/1077 2044/1283/1091 2045/1282/1092
f 2031/1271/1080 2046/1284/1093 2044/1283/1091
f 2033/1273/1082 2047/1286/1094 2046/1284/1093
f 2035/1285/1084 2048/1294/1095 2047/1286/1094
f 2049/1288/1096 2050/1287/1095 2037/1275/1084
f 2051/1289/1097 2049/1288/1096 2036/1276/1085
f 2052/1290/1098 2051/1289/1097 2039/1278/1086
f 2045/1282/1092 2052/1290/1098 2041/1280/1088
f 2044/1283/1091 2053/1292/1099 2054/1291/1100
f 2046/1284/1093 2055/1293/1101 2053/1292/1099
f 2047/1286/1094 2056/1295/1102 2055/1293/1101
f 2048/1294/1095 2057/1414/1103 2056/1295/1102
f 2058/1297/1104 2059/1296/1103 2050/1287/1095
f 2060/1298/1105 2058/1297/1104 2049/1288/1096
f 2061/1299/1106 2060/1298/1105 2051/1289/1097
f 2054/1291/1100 2061/1299/1106 2052/1290/1098
f 2062/1301/1107 2063/1300/1108 2054/1291/1100
f 2064/1302/1109 2062/1301/1107 2053/1292/1099
f 2065/1303/1110 2064/1302/1109 2055/1293/1101
f 2066/1304/1111 2065/1303/1110 2056/1295/1102
f 2058/1297/1104 2067/1306/1112 2068/1305/1111
f 2060/1298/1105 2069/1307/1113 2067/1306/1112
f 2061/1299/1106 2070/1308/1114 2069/1307/1113
f 2054/1291/1100 2063/1300/1108 2070/1308/1114
f 2071/1310/1115 2072/1309/1116 2063/1300/1108
f 2073/1311/1117 2071/1310/1115 2062/1301/1107
f 2074/1312/1118 2073/1311/1117 2064/1302/1109
f 2075/1313/1119 2074/1312/1118 2065/1303/1110
f 2067/1306/1112 2076/1315/1120 2077/1314/1119
f 2069/1307/1113 2078/1316/1121 2076/1315/1120
f 2070/1308/1114 2079/1317/1122 2078/1316/1121
f 2063/1300/1108 2072/1309/1116 2079/1317/1122
f 2071/1310/1115 2080/1319/1123 2081/1318/1124
f 2073/1311/1117 2082/1320/1125 2080/1319/1123
f 2074/1312/1118 2083/1321/1126 2082/1320/1125
f 2075/1313/1119 2084/1415/1127 2083/1321/1126
f 2085/1323/1128 2086/1322/1127 2077/1314/1119
f 2087/1324/1129 2085/1323/1128 2076/1315/1120
f 2088/1325/1130 2087/1324/1129 2078/1316/1121
f 2081/1318/1124 2088/1325/1130 2079/1317/1122
f 2089/1326/1131 2090/1339/1132 2091/1328/1133
f 2092/1331/1134 2093/1330/1135 2094/1329/1136
f 2095/1332/1137 2096/1416/1138 2097/1334/1139
f 2098/1335/1140 2089/1326/1131 2099/1327/1141
f 2100/1338/1142 2101/1337/1143 2097/1334/1139
f 2090/1339/1132 2095/1332/1137 2102/1333/1144
f 2103/1340/1145 2094/1329/1136 2101/1337/1143
f 2098/1335/1140 2104/1336/1146 2093/1330/1135
f 2105/1343/1147 2106/1342/1148 2107/1341/1149
f 2108/1344/1150 2109/1352/1151 2110/1346/1152
f 2111/1347/1153 2112/1355/1154 2113/1349/1155
f 2114/1351/1156 2107/1341/1149 2115/1350/1157
f 2109/1352/1151 2111/1347/1153 2116/1348/1158
f 2108/1344/1150 2117/1345/1159 2118/1353/1160
f 2119/1354/1161 2118/1353/1160 2106/1342/1148
f 2112/1355/1154 2120/1417/1162 2115/1350/1157
f 2121/1356/1163 2122/1360/1164 2123/1358/1165
f 2124/1359/1166 2125/1362/1167 2122/1360/1164
f 2126/1361/1168 2127/1364/1169 2125/1362/1167
f 2128/1363/1170 2129/1418/1171 2127/1364/1169
f 2130/1367/1172 2131/1366/1171 2132/1365/1170
f 2133/1369/1173 2130/1367/1172 2134/1368/1174
f 2135/1371/1175 2133/1369/1173 2136/1370/1176
f 2123/1358/1165 2135/1371/1175 2137/1372/1177
f 2138/1373/1178 2139/1386/1179 2140/1375/1180
f 2141/1378/1181 2142/1377/1182 2143/1376/1183
f 2144/1379/1184 2145/1419/1185 2146/1381/1186
f 2147/1382/1187 2138/1373/1178 2148/1374/1188
f 2149/1385/1189 2150/1384/1190 2146/1381/1186
f 2139/1386/1179 2144/1379/1184 2151/1380/1191
f 2152/1387/1192 2143/1376/1183 2150/1384/1190
f 2147/1382/1187 2153/1383/1193 2142/1377/1182
f 2154/1388/1194 2155/1392/1195 2156/1390/1196
f 2157/1391/1197 2158/1394/1198 2155/1392/1195
f 2159/1393/1199 2160/1396/1200 2158/1394/1198
f 2161/1395/1201 2162/1408/1202 2160/1396/1200
f 2163/1399/1203 2164/1398/1202 2165/1397/1204
f 2166/1401/1205 2163/1399/1203 2167/1400/1206
f 2168/1403/1207 2166/1401/1205 2169/1402/1208
f 2156/1390/1196 2168/1403/1207 2170/1404/1209
f 2155/1392/1195 2171/1406/1210 2172/1405/1211
f 2158/1394/1198 2173/1407/1212 2171/1406/1210
f 2160/1396/1200 2174/1409/1213 2173/1407/1212
f 2162/1408/1202 2175/1420/1214 2174/1409/1213
f 2176/1411/1215 2177/1410/1214 2164/1398/1202
f 2178/1412/1216 2176/1411/1215 2163/1399/1203
f 2179/1413/1217 2178/1412/1216 2166/1401/1205
f 2172/1405/1211 2179/1413/1217 2168/1403/1207
f 2180/1265/1218 2181/1266/1219 2182/1267/1220
f 2183/1268/1221 2180/1265/1218 2184/1269/1222
f 2185/1270/1223 2183/1268/1221 2186/1271/1224
f 2187/1272/1225 2185/1270/1223 2188/1273/1226
f 2189/1274/1225 2190/1275/1227 2191/1276/1228
f 2192/1277/1229 2191/1276/1228 2193/1278/1230
f 2194/1279/1231 2193/1278/1230 2195/1280/1232
f 2196/1281/1233 2195/1280/1232 2182/1267/1220
f 2184/1269/1222 2182/1267/1220 2197/1282/1234
f 2186/1271/1224 2184/1269/1222 2198/1283/1235
f 2188/1273/1226 2186/1271/1224 2199/1284/1236
f 2200/1285/1227 2188/1273/1226 2201/1286/1237
f 2190/1275/1227 2202/1287/1238 2203/1288/1239
f 2191/1276/1228 2203/1288/1239 2204/1289/1240
f 2193/1278/1230 2204/1289/1240 2205/1290/1241
f 2195/1280/1232 2205/1290/1241 2197/1282/1234
f 2198/1283/1235 2197/1282/1234 2206/1291/1242
f 2199/1284/1236 2198/1283/1235 2207/1292/1243
f 2201/1286/1237 2199/1284/1236 2208/1293/1244
f 2209/1294/1238 2201/1286/1237 2210/1295/1245
f 2202/1287/1238 2211/1296/1246 2212/1297/1247
f 2203/1288/1239 2212/1297/1247 2213/1298/1248
f 2204/1289/1240 2213/1298/1248 2214/1299/1249
f 2205/1290/1241 2214/1299/1249 2206/1291/1242
f 2206/1291/1242 2215/1300/1250 2216/1301/1251
f 2207/1292/1243 2216/1301/1251 2217/1302/1252
f 2208/1293/1244 2217/1302/1252 2218/1303/1253
f 2210/1295/1245 2218/1303/1253 2219/1304/1254
f 2212/1297/1247 2211/1296/1246 2220/1305/1254
f 2213/1298/1248 2212/1297/1247 2221/1306/1255
f 2214/1299/1249 2213/1298/1248 2222/1307/1256
f 2206/1291/1242 2214/1299/1249 2223/1308/1257
f 2215/1300/1250 2224/1309/1258 2225/1310/1259
f 2216/1301/1251 2225/1310/1259 2226/1311/1260
f 2217/1302/1252 2226/1311/1260 2227/1312/1261
f 2218/1303/1253 2227/1312/1261 2228/1313/1262
f 2221/1306/1255 2220/1305/1254 2229/1314/1262
f 2222/1307/1256 2221/1306/1255 2230/1315/1263
f 2223/1308/1257 2222/1307/1256 2231/1316/1264
f 2215/1300/1250 2223/1308/1257 2232/1317/1265
f 2225/1310/1259 2224/1309/1258 2233/1318/1266
f 2226/1311/1260 2225/1310/1259 2234/1319/1267
f 2227/1312/1261 2226/1311/1260 2235/1320/1268
f 2228/1313/1262 2227/1312/1261 2236/1321/1269
f 2229/1314/1262 2237/1322/1270 2238/1323/1271
f 2230/1315/1263 2238/1323/1271 2239/1324/1272
f 2231/1316/1264 2239/1324/1272 2240/1325/1273
f 2232/1317/1265 2240/1325/1273 2233/1318/1266
f 2241/1326/1274 2242/1327/1275 2243/1328/1276
f 2244/1329/1277 2245/1330/1278 2246/1331/1279
f 2247/1332/1280 2248/1333/1281 2249/1334/1282
f 2250/1335/1283 2251/1336/1284 2242/1327/1275
f 2249/1334/1282 2252/1337/1285 2253/1338/1286
f 2254/1339/1287 2243/1328/1276 2248/1333/1281
f 2252/1337/1285 2244/1329/1277 2255/1340/1288
f 2245/1330/1278 2251/1336/1284 2250/1335/1283
f 2256/1341/1289 2257/1342/1290 2258/1343/1291
f 2259/1344/1292 2260/1345/1293 2261/1346/1294
f 2262/1347/1295 2263/1348/1296 2264/1349/1297
f 2265/1350/1298 2256/1341/1289 2266/1351/1299
f 2267/1352/1300 2261/1346/1294 2263/1348/1296
f 2268/1353/1301 2260/1345/1293 2259/1344/1292
f 2257/1342/1290 2268/1353/1301 2269/1354/1302
f 2270/1355/1303 2264/1349/1297 2265/1350/1298
f 2271/1356/1304 2272/1357/1305 2273/1358/1306
f 2274/1359/1307 2271/1356/1304 2275/1360/1308
f 2276/1361/1309 2274/1359/1307 2277/1362/1167
f 2278/1363/1310 2276/1361/1309 2279/1364/1311
f 2280/1365/1310 2281/1366/1312 2282/1367/1313
f 2283/1368/1314 2282/1367/1313 2284/1369/1315
f 2285/1370/1316 2284/1369/1315 2286/1371/1317
f 2287/1372/1318 2286/1371/1317 2273/1358/1306
f 2288/1373/1319 2289/1374/1320 2290/1375/1321
f 2291/1376/1322 2292/1377/1323 2293/1378/1324
f 2294/1379/1325 2295/1380/1326 2296/1381/1327
f 2297/1382/1328 2298/1383/1329 2289/1374/1320
f 2296/1381/1327 2299/1384/1330 2300/1385/1331
f 2301/1386/1332 2290/1375/1321 2295/1380/1326
f 2299/1384/1330 2291/1376/1322 2302/1387/1333
f 2292/1377/1323 2298/1383/1329 2297/1382/1328
f 2303/1388/1334 2304/1389/1335 2305/1390/1336
f 2306/1391/1337 2303/1388/1334 2307/1392/1338
f 2308/1393/1339 2306/1391/1337 2309/1394/1340
f 2310/1395/1341 2308/1393/1339 2311/1396/1342
f 2312/1397/1343 2313/1398/1344 2314/1399/1345
f 2315/1400/1346 2314/1399/1345 2316/1401/1347
f 2317/1402/1348 2316/1401/1347 2318/1403/1349
f 2319/1404/1350 2318/1403/1349 2305/1390/1336
f 2307/1392/1338 2305/1390/1336 2320/1405/1351
f 2309/1394/1340 2307/1392/1338 2321/1406/1352
f 2311/1396/1342 2309/1394/1340 2322/1407/1353
f 2323/1408/1344 2311/1396/1342 2324/1409/1354
f 2313/1398/1344 2325/1410/1355 2326/1411/1356
f 2314/1399/1345 2326/1411/1356 2327/1412/1357
f 2316/1401/1347 2327/1412/1357 2328/1413/1358
f 2318/1403/1349 2328/1413/1358 2320/1405/1351
f 2329/1423/1061 2330/1422/1062 2331/1421/1359
f 2332/1425/1360 2331/1421/1359 2333/1424/1361
f 2334/1427/1362 2333/1424/1361 2335/1426/1363
f 2336/1429/1364 2335/1426/1363 2337/1428/1052
f 2338/1430/1365 2339/1654/1051 2340/1432/1052
f 2341/1433/1366 2338/1430/1365 2342/1431/1367
f 2343/1435/1368 2341/1433/1366 2344/1434/1369
f 2329/1423/1061 2343/1435/1368 2345/1436/1370
f 2331/1421/1359 2330/1422/1062 2346/1438/17
f 2333/1424/1361 2331/1421/1359 2347/1437/1371
f 2335/1426/1363 2333/1424/1361 2348/1439/1372
f 2337/1428/1052 2335/1426/1363 2349/1440/1373
f 2340/1432/1052 2350/1443/130 2351/1442/1374
f 2342/1431/1367 2351/1442/1374 2352/1444/1375
f 2344/1434/1369 2352/1444/1375 2353/1445/1376
f 2345/1436/1370 2353/1445/1376 2346/1438/17
f 2354/1448/1377 2355/1447/1037 2356/1446/1378
f 2357/1450/1379 2354/1448/1377 2358/1449/1380
f 2359/1452/1381 2357/1450/1379 2360/1451/1382
f 2361/1454/1031 2359/1452/1381 2362/1453/1383
f 2363/1455/1384 2364/1459/1385 2365/1457/1031
f 2366/1458/1386 2367/1461/1387 2364/1459/1385
f 2368/1460/1388 2369/1462/1389 2367/1461/1387
f 2356/1446/1378 2355/1447/1037 2369/1462/1389
f 2347/1437/1371 2346/1438/17 2355/1447/1037
f 2357/1450/1379 2348/1439/1372 2347/1437/1371
f 2359/1452/1381 2349/1440/1373 2348/1439/1372
f 2361/1454/1031 2370/1441/130 2349/1440/1373
f 2351/1442/1374 2350/1443/130 2365/1457/1031
f 2352/1444/1375 2351/1442/1374 2364/1459/1385
f 2353/1445/1376 2352/1444/1375 2367/1461/1387
f 2346/1438/17 2353/1445/1376 2369/1462/1389
f 2371/1265/1076 2372/1269/1077 2373/1267/1078
f 2374/1268/1079 2375/1271/1080 2372/1269/1077
f 2376/1270/1081 2377/1273/1082 2375/1271/1080
f 2378/1272/1083 2379/1285/1084 2377/1273/1082
f 2380/1276/1085 2381/1275/1084 2382/1274/1083
f 2383/1278/1086 2380/1276/1085 2384/1277/1087
f 2385/1280/1088 2383/1278/1086 2386/1279/1089
f 2373/1267/1078 2385/1280/1088 2387/1281/1090
f 2372/1269/1077 2388/1283/1091 2389/1282/1092
f 2375/1271/1080 2390/1284/1093 2388/1283/1091
f 2377/1273/1082 2391/1286/1094 2390/1284/1093
f 2379/1285/1084 2392/1294/1095 2391/1286/1094
f 2393/1288/1096 2394/1287/1095 2381/1275/1084
f 2395/1289/1097 2393/1288/1096 2380/1276/1085
f 2396/1290/1098 2395/1289/1097 2383/1278/1086
f 2389/1282/1092 2396/1290/1098 2385/1280/1088
f 2388/1283/1091 2397/1292/1099 2398/1291/1100
f 2390/1284/1093 2399/1293/1101 2397/1292/1099
f 2391/1286/1094 2400/1295/1102 2399/1293/1101
f 2392/1294/1095 2401/1414/1103 2400/1295/1102
f 2402/1297/1104 2403/1296/1103 2394/1287/1095
f 2404/1298/1105 2402/1297/1104 2393/1288/1096
f 2405/1299/1106 2404/1298/1105 2395/1289/1097
f 2398/1291/1100 2405/1299/1106 2396/1290/1098
f 2406/1301/1107 2407/1300/1108 2398/1291/1100
f 2408/1302/1109 2406/1301/1107 2397/1292/1099
f 2409/1303/1110 2408/1302/1109 2399/1293/1101
f 2410/1304/1111 2409/1303/1110 2400/1295/1102
f 2402/1297/1104 2411/1306/1112 2412/1305/1111
f 2404/1298/1105 2413/1307/1113 2411/1306/1112
f 2405/1299/1106 2414/1308/1114 2413/1307/1113
f 2398/1291/1100 2407/1300/1108 2414/1308/1114
f 2415/1310/1115 2416/1309/1116 2407/1300/1108
f 2417/1311/1117 2415/1310/1115 2406/1301/1107
f 2418/1312/1118 2417/1311/1117 2408/1302/1109
f 2419/1313/1119 2418/1312/1118 2409/1303/1110
f 2411/1306/1112 2420/1315/1120 2421/1314/1119
f 2413/1307/1113 2422/1316/1121 2420/1315/1120
f 2414/1308/1114 2423/1317/1122 2422/1316/1121
f 2407/1300/1108 2416/1309/1116 2423/1317/1122
f 2415/1310/1115 2424/1319/1123 2425/1318/1124
f 2417/1311/1117 2426/1320/1125 2424/1319/1123
f 2418/1312/1118 2427/1321/1126 2426/1320/1125
f 2419/1313/1119 2428/1415/1127 2427/1321/1126
f 2429/1323/1128 2430/1322/1127 2421/1314/1119
f 2431/1324/1129 2429/1323/1128 2420/1315/1120
f 2432/1325/1130 2431/1324/1129 2422/1316/1121
f 2425/1318/1124 2432/1325/1130 2423/1317/1122
f 2433/1326/1390 2434/1339/1132 2435/1328/1133
f 2436/1331/1134 2437/1330/1135 2438/1329/1136
f 2439/1332/1137 2440/1416/1138 2441/1334/1139
f 2442/1335/1140 2433/1326/1390 2443/1327/1141
f 2444/1338/1142 2445/1337/1143 2441/1334/1139
f 2434/1339/1132 2439/1332/1137 2446/1333/1144
f 2447/1340/1145 2438/1329/1136 2445/1337/1143
f 2442/1335/1140 2448/1336/1146 2437/1330/1135
f 2449/1343/1147 2450/1342/1148 2451/1341/1149
f 2452/1344/1150 2453/1352/1151 2454/1346/1152
f 2455/1347/1153 2456/1355/1154 2457/1349/1155
f 2458/1351/1156 2451/1341/1149 2459/1350/1157
f 2453/1352/1151 2455/1347/1153 2460/1348/1158
f 2452/1344/1150 2461/1345/1159 2462/1353/1160
f 2463/1354/1161 2462/1353/1160 2450/1342/1148
f 2456/1355/1154 2464/1417/1162 2459/1350/1157
f 2465/1356/1163 2466/1360/1164 2467/1358/1165
f 2468/1359/1166 2469/1362/1391 2466/1360/1164
f 2470/1361/1168 2471/1364/1169 2469/1362/1391
f 2472/1363/1170 2473/1418/1171 2471/1364/1169
f 2474/1367/1172 2475/1366/1171 2476/1365/1170
f 2477/1369/1173 2474/1367/1172 2478/1368/1174
f 2479/1371/1175 2477/1369/1173 2480/1370/1176
f 2467/1358/1165 2479/1371/1175 2481/1372/1177
f 2482/1373/1178 2483/1386/1179 2484/1375/1180
f 2485/1378/1181 2486/1377/1182 2487/1376/1183
f 2488/1379/1184 2489/1419/1185 2490/1381/1186
f 2491/1382/1187 2482/1373/1178 2492/1374/1188
f 2493/1385/1189 2494/1384/1190 2490/1381/1186
f 2483/1386/1179 2488/1379/1184 2495/1380/1191
f 2496/1387/1192 2487/1376/1183 2494/1384/1190
f 2491/1382/1187 2497/1383/1193 2486/1377/1182
f 2498/1388/1194 2499/1392/1195 2500/1390/1196
f 2501/1391/1197 2502/1394/1198 2499/1392/1195
f 2503/1393/1199 2504/1396/1200 2502/1394/1198
f 2505/1395/1201 2506/1408/1202 2504/1396/1200
f 2507/1399/1203 2508/1398/1202 2509/1397/1204
f 2510/1401/1205 2507/1399/1203 2511/1400/1206
f 2512/1403/1207 2510/1401/1205 2513/1402/1392
f 2500/1390/1196 2512/1403/1207 2514/1404/1209
f 2499/1392/1195 2515/1406/1210 2516/1405/1211
f 2502/1394/1198 2517/1407/1212 2515/1406/1210
f 2504/1396/1200 2518/1409/1213 2517/1407/1212
f 2506/1408/1202 2519/1420/1214 2518/1409/1213
f 2520/1411/1215 2521/1410/1214 2508/1398/1202
f 2522/1412/1216 2520/1411/1215 2507/1399/1203
f 2523/1413/1217 2522/1412/1216 2510/1401/1205
f 2516/1405/1211 2523/1413/1217 2512/1403/1207
f 2524/1265/1218 2525/1266/1219 2526/1267/1220
f 2527/1268/1221 2524/1265/1218 2528/1269/1222
f 2529/1270/1223 2527/1268/1221 2530/1271/1224
f 2531/1272/1225 2529/1270/1223 2532/1273/1226
f 2533/1274/1225 2534/1275/1227 2535/1276/1228
f 2536/1277/1229 2535/1276/1228 2537/1278/1230
f 2538/1279/1231 2537/1278/1230 2539/1280/1232
f 2540/1281/1233 2539/1280/1232 2526/1267/1220
f 2528/1269/1222 2526/1267/1220 2541/1282/1234
f 2530/1271/1224 2528/1269/1222 2542/1283/1235
f 2532/1273/1226 2530/1271/1224 2543/1284/1236
f 2544/1285/1227 2532/1273/1226 2545/1286/1237
f 2534/1275/1227 2546/1287/1238 2547/1288/1239
f 2535/1276/1228 2547/1288/1239 2548/1289/1240
f 2537/1278/1230 2548/1289/1240 2549/1290/1241
f 2539/1280/1232 2549/1290/1241 2541/1282/1234
f 2542/1283/1235 2541/1282/1234 2550/1291/1242
f 2543/1284/1236 2542/1283/1235 2551/1292/1243
f 2545/1286/1237 2543/1284/1236 2552/1293/1244
f 2553/1294/1238 2545/1286/1237 2554/1295/1245
f 2546/1287/1238 2555/1296/1246 2556/1297/1247
f 2547/1288/1239 2556/1297/1247 2557/1298/1248
f 2548/1289/1240 2557/1298/1248 2558/1299/1249
f 2549/1290/1241 2558/1299/1249 2550/1291/1242
f 2550/1291/1242 2559/1300/1250 2560/1301/1251
f 2551/1292/1243 2560/1301/1251 2561/1302/1252
f 2552/1293/1244 2561/1302/1252 2562/1303/1253
f 2554/1295/1245 2562/1303/1253 2563/1304/1254
f 2556/1297/1247 2555/1296/1246 2564/1305/1254
f 2557/1298/1248 2556/1297/1247 2565/1306/1255
f 2558/1299/1249 2557/1298/1248 2566/1307/1256
f 2550/1291/1242 2558/1299/1249 2567/1308/1257
f 2559/1300/1250 2568/1309/1258 2569/1310/1259
f 2560/1301/1251 2569/1310/1259 2570/1311/1260
f 2561/1302/1252 2570/1311/1260 2571/1312/1261
f 2562/1303/1253 2571/1312/1261 2572/1313/1262
f 2565/1306/1255 2564/1305/1254 2573/1314/1262
f 2566/1307/1256 2565/1306/1255 2574/1315/1263
f 2567/1308/1257 2566/1307/1256 2575/1316/1264
f 2559/1300/1250 2567/1308/1257 2576/1317/1265
f 2569/1310/1259 2568/1309/1258 2577/1318/1266
f 2570/1311/1260 2569/1310/1259 2578/1319/1267
f 2571/1312/1261 2570/1311/1260 2579/1320/1268
f 2572/1313/1262 2571/1312/1261 2580/1321/1269
f 2573/1314/1262 2581/1322/1270 2582/1323/1271
f 2574/1315/1263 2582/1323/1271 2583/1324/1272
f 2575/1316/1264 2583/1324/1272 2584/1325/1273
f 2576/1317/1265 2584/1325/1273 2577/1318/1266
f 2585/1326/1274 2586/1327/1275 2587/1328/1276
f 2588/1329/1277 2589/1330/1278 2590/1331/1279
f 2591/1332/1280 2592/1333/1281 2593/1334/1282
f 2594/1335/1283 2595/1336/1284 2586/1327/1275
f 2593/1334/1282 2596/1337/1285 2597/1338/1286
f 2598/1339/1287 2587/1328/1276 2592/1333/1281
f 2596/1337/1285 2588/1329/1277 2599/1340/1288
f 2589/1330/1278 2595/1336/1284 2594/1335/1283
f 2600/1341/1289 2601/1342/1290 2602/1343/1291
f 2603/1344/1292 2604/1345/1293 2605/1346/1294
f 2606/1347/1295 2607/1348/1296 2608/1349/1297
f 2609/1350/1298 2600/1341/1289 2610/1351/1299
f 2611/1352/1300 2605/1346/1294 2607/1348/1296
f 2612/1353/1301 2604/1345/1293 2603/1344/1292
f 2601/1342/1290 2612/1353/1301 2613/1354/1302
f 2614/1355/1303 2608/1349/1297 2609/1350/1298
f 2615/1356/1304 2616/1357/1305 2617/1358/1306
f 2618/1359/1307 2615/1356/1304 2619/1360/1308
f 2620/1361/1309 2618/1359/1307 2621/1362/1393
f 2622/1363/1310 2620/1361/1309 2623/1364/1311
f 2624/1365/1310 2625/1366/1312 2626/1367/1313
f 2627/1368/1314 2626/1367/1313 2628/1369/1315
f 2629/1370/1316 2628/1369/1315 2630/1371/1317
f 2631/1372/1318 2630/1371/1317 2617/1358/1306
f 2632/1373/1319 2633/1374/1320 2634/1375/1321
f 2635/1376/1322 2636/1377/1323 2637/1378/1324
f 2638/1379/1325 2639/1380/1326 2640/1381/1327
f 2641/1382/1328 2642/1383/1329 2633/1374/1320
f 2640/1381/1327 2643/1384/1330 2644/1385/1331
f 2645/1386/1332 2634/1375/1321 2639/1380/1326
f 2643/1384/1330 2635/1376/1322 2646/1387/1394
f 2636/1377/1323 2642/1383/1329 2641/1382/1328
f 2647/1388/1334 2648/1389/1335 2649/1390/1336
f 2650/1391/1337 2647/1388/1334 2651/1392/1338
f 2652/1393/1339 2650/1391/1337 2653/1394/1340
f 2654/1395/1341 2652/1393/1339 2655/1396/1342
f 2656/1397/1343 2657/1398/1344 2658/1399/1345
f 2659/1400/1346 2658/1399/1345 2660/1401/1347
f 2661/1402/1395 2660/1401/1347 2662/1403/1349
f 2663/1404/1350 2662/1403/1349 2649/1390/1336
f 2651/1392/1338 2649/1390/1336 2664/1405/1351
f 2653/1394/1340 2651/1392/1338 2665/1406/1352
f 2655/1396/1342 2653/1394/1340 2666/1407/1353
f 2667/1408/1344 2655/1396/1342 2668/1409/1354
f 2657/1398/1344 2669/1410/1355 2670/1411/1356
f 2658/1399/1345 2670/1411/1356 2671/1412/1357
f 2660/1401/1347 2671/1412/1357 2672/1413/1358
f 2662/1403/1349 2672/1413/1358 2664/1405/1351
f 2673/1423/1061 2674/1422/1062 2675/1421/1359
f 2676/1425/1360 2675/1421/1359 2677/1424/1361
f 2678/1427/1362 2677/1424/1361 2679/1426/1363
f 2680/1429/1396 2679/1426/1363 2681/1428/1052
f 2682/1430/1365 2683/1654/1051 2684/1432/1052
f 2685/1433/1366 2682/1430/1365 2686/1431/1367
f 2687/1435/1368 2685/1433/1366 2688/1434/1369
f 2673/1423/1061 2687/1435/1368 2689/1436/1370
f 2675/1421/1359 2674/1422/1062 2690/1438/17
f 2677/1424/1361 2675/1421/1359 2691/1437/1371
f 2679/1426/1363 2677/1424/1361 2692/1439/1372
f 2681/1428/1052 2679/1426/1363 2693/1440/1373
f 2684/1432/1052 2694/1443/130 2695/1442/1374
f 2686/1431/1367 2695/1442/1374 2696/1444/1375
f 2688/1434/1369 2696/1444/1375 2697/1445/1376
f 2689/1436/1370 2697/1445/1376 2690/1438/17
f 2698/1448/1377 2699/1447/1037 2700/1446/1378
f 2701/1450/1379 2698/1448/1377 2702/1449/1380
f 2703/1452/1381 2701/1450/1379 2704/1451/1382
f 2705/1454/1031 2703/1452/1381 2706/1453/1383
f 2707/1455/1384 2708/1459/1385 2709/1457/1031
f 2710/1458/1386 2711/1461/1387 2708/1459/1385
f 2712/1460/1388 2713/1462/1389 2711/1461/1387
f 2700/1446/1378 2699/1447/1037 2713/1462/1389
f 2691/1437/1371 2690/1438/17 2699/1447/1037
f 2701/1450/1379 2692/1439/1372 2691/1437/1371
f 2703/1452/1381 2693/1440/1373 2692/1439/1372
f 2705/1454/1031 2714/1441/130 2693/1440/1373
f 2695/1442/1374 2694/1443/130 2709/1457/1031
f 2696/1444/1375 2695/1442/1374 2708/1459/1385
f 2697/1445/1376 2696/1444/1375 2711/1461/1387
f 2690/1438/17 2697/1445/1376 2713/1462/1389
s 0
f 2715/1655/1397 2716/1656/1397 2717/1657/1397
f 2718/1658/16 2719/1659/16 2720/1660/16
f 2721/1661/17 2722/1662/17 2723/1663/17
f 2724/1664/17 2725/1665/17 2723/1663/17
f 2726/1666/1398 2727/1667/1398 2728/1668/1398
f 2729/1669/16 2730/1670/16 2731/1671/16
f 2732/1672/16 2733/1657/16 2734/1673/16
f 2735/1674/87 2736/1675/87 2737/1676/87
f 2738/1677/87 2739/1678/87 2740/1679/87
f 2741/1680/130 2742/1681/130 2743/1682/130
f 2744/1683/87 2737/1676/87 2745/1684/87
f 2746/1685/130 2747/1686/130 2748/1687/130
f 2749/1688/130 2747/1686/130 2746/1685/130
f 2750/1689/1399 2751/1690/1399 2752/1691/1399
f 2753/1692/87 2754/1693/87 2736/1675/87
f 2755/1694/1400 2756/1695/1400 2757/1696/1400
f 2758/1697/16 2759/1698/16 2760/1699/16
f 2761/1700/17 2762/1701/17 2763/1702/17
f 2764/1703/17 2762/1701/17 2761/1700/17
f 2765/1704/1401 2766/1705/1401 2767/1706/1401
f 2768/1707/16 2720/1660/16 2759/1698/16
f 2769/1708/87 2738/1677/87 2770/1709/87
f 2745/1684/87 2771/1710/87 2772/1711/87
f 2772/1711/87 2771/1710/87 2769/1708/87
f 2773/1712/130 2774/1713/130 2775/1714/130
f 2776/1715/130 2777/1716/130 2775/1714/130
f 2778/1689/1402 2779/1717/1402 2780/1705/1402
f 2781/1718/17 2782/1719/17 2783/1720/17
f 2784/1721/1403 2785/1722/1403 2786/1723/1403
s 1
f 2787/1724/1404 2788/1725/1405 2789/1726/1406
f 2790/1727/1407 2791/1728/1408 2792/1729/1409
f 2790/1727/1407 2793/1730/1410 2794/1731/1411
f 2791/1728/1408 2795/1732/1412 2796/1733/1413
f 2797/1734/1414 2798/1735/1415 2799/1736/1416
f 2800/1737/1417 2801/1738/1418 2799/1736/1416
f 2795/1732/1412 2802/1739/1419 2803/1740/1420
f 2797/1734/1414 2804/1741/1421 2805/1742/1420
f 2806/1743/1422 2794/1731/1411 2801/1738/1418
f 2807/1744/1423 2808/1745/1424 2809/1746/1425
f 2810/1747/1426 2811/1748/1427 2812/1749/1428
f 2813/1750/1426 2814/1751/1429 2815/1752/1430
f 2816/1753/1431 2807/1744/1423 2817/1754/1432
f 2816/1753/1431 2818/1755/1433 2812/1749/1428
f 2819/1756/1434 2815/1752/1430 2820/1757/1435
f 2821/1758/1436 2822/1759/1437 2809/1746/1425
f 2823/1760/1438 2820/1757/1435 2822/1759/1437
f 2817/1754/1432 2809/1746/1425 2806/1743/1422
f 2812/1749/1428 2797/1734/1414 2824/1761/1419
f 2814/1751/1429 2802/1739/1419 2795/1732/1412
f 2817/1754/1432 2800/1737/1417 2798/1735/1415
f 2812/1749/1428 2818/1755/1433 2798/1735/1415
f 2820/1757/1435 2815/1752/1430 2795/1732/1412
f 2809/1746/1425 2822/1759/1437 2790/1727/1407
f 2822/1759/1437 2820/1757/1435 2791/1728/1408
s 0
f 2786/1723/1439 2825/1762/1439 2826/1763/1439
f 2827/1764/1439 2828/1765/1439 2829/1766/1439
f 2830/1767/1439 2831/1768/1439 2832/1769/1439
f 2829/1766/1439 2828/1765/1439 2831/1768/1439
f 2833/1770/1403 2832/1769/1403 2785/1722/1403
f 2826/1763/1439 2825/1762/1439 2834/1771/1439
f 2834/1771/1403 2827/1764/1403 2835/1772/1403
s 1
f 2836/1773/1440 2837/1774/1441 2838/1775/1442
f 2839/1776/1443 2840/1777/1444 2836/1773/1440
f 2841/1778/1445 2842/1779/1446 2843/1780/1447
f 2844/1781/1448 2841/1778/1445 2845/1782/1449
f 2846/1783/1450 2840/1777/1444 2839/1776/1443
f 2842/1779/1446 2847/1784/1450 2848/1785/1451
f 2849/1786/1452 2789/1726/1406 2844/1781/1448
f 2850/1787/1453 2836/1773/1440 2788/1725/1405
f 2851/1788/1454 2852/1789/1455 2853/1790/1456
f 2788/1725/1405 2838/1775/1442 2854/1791/1457
f 2840/1777/1444 2855/1792/1458 2837/1774/1441
f 2856/1793/1459 2857/1794/1460 2842/1779/1446
f 2853/1790/1456 2856/1793/1459 2841/1778/1445
f 2846/1783/1450 2858/1795/1461 2855/1792/1458
f 2857/1794/1460 2859/1796/1461 2847/1784/1450
f 2789/1726/1406 2854/1791/1457 2853/1790/1456
f 2860/1797/1462 2861/1798/1463 2862/1799/1464
f 2863/1800/1465 2864/1801/1466 2838/1775/1442
f 2864/1801/1466 2851/1788/1454 2854/1791/1457
f 2855/1792/1458 2865/1802/1467 2863/1800/1465
f 2856/1793/1459 2862/1799/1464 2866/1803/1468
f 2853/1790/1456 2852/1789/1455 2862/1799/1464
f 2858/1795/1461 2867/1804/1469 2865/1802/1467
f 2857/1794/1460 2866/1803/1468 2868/1805/1469
f 2869/1806/1470 2870/1807/1471 2871/1808/1472
f 2867/1804/1469 2872/1809/1473 2869/1806/1470
f 2866/1803/1468 2873/1810/1474 2874/1811/1473
f 2875/1812/1475 2860/1797/1462 2852/1789/1455
f 2876/1813/1476 2877/1814/1477 2864/1801/1466
f 2877/1814/1477 2875/1812/1475 2851/1788/1454
f 2865/1802/1467 2869/1806/1470 2876/1813/1476
f 2862/1799/1464 2861/1798/1463 2873/1810/1474
f 2878/1815/1478 2879/1816/1479 2880/1817/1480
f 2861/1798/1463 2881/1818/1481 2882/1819/1482
f 2880/1817/1480 2881/1818/1481 2861/1798/1463
f 2872/1809/1473 2883/1820/1483 2870/1807/1471
f 2873/1810/1474 2882/1819/1482 2884/1821/1484
f 2885/1822/1485 2880/1817/1480 2860/1797/1462
f 2871/1808/1472 2886/1823/1486 2877/1814/1477
f 2886/1823/1486 2885/1822/1485 2875/1812/1475
f 2887/1824/1487 2888/1825/1488 2886/1823/1486
f 2888/1825/1488 2878/1815/1478 2885/1822/1485
f 2870/1807/1471 2889/1826/1489 2887/1824/1487
f 2890/1827/1490 2891/1828/1491 2882/1819/1482
f 2879/1816/1479 2890/1827/1490 2881/1818/1481
f 2883/1820/1483 2892/1829/1492 2889/1826/1489
f 2882/1819/1482 2891/1828/1491 2893/1830/1492
f 2891/1828/1491 2894/1831/1493 2895/1832/1494
f 2896/1833/1495 2897/1834/1496 2879/1816/1479
f 2887/1824/1487 2898/1835/1497 2899/1836/1498
f 2899/1836/1498 2896/1833/1495 2878/1815/1478
f 2889/1826/1489 2900/1837/1499 2898/1835/1497
f 2901/1838/1500 2894/1831/1493 2891/1828/1491
f 2897/1834/1496 2901/1838/1500 2890/1827/1490
f 2892/1829/1492 2902/1839/1494 2900/1837/1499
f 2903/1840/1501 2904/1841/1502 2894/1831/1493
f 2897/1834/1496 2905/1842/1503 2903/1840/1501
f 2906/1843/1504 2907/1844/1505 2900/1837/1499
f 2904/1841/1502 2908/1845/1504 2895/1832/1494
f 2896/1833/1495 2909/1846/1506 2905/1842/1503
f 2898/1835/1497 2910/1847/1507 2911/1848/1508
f 2899/1836/1498 2911/1848/1508 2909/1846/1506
f 2907/1844/1505 2910/1847/1507 2898/1835/1497
f 2912/1849/1509 2913/1850/1510 2909/1846/1506
f 2913/1850/1510 2914/1851/1511 2915/1852/1512
f 2916/1853/1513 2917/1854/1514 2910/1847/1507
f 2903/1840/1501 2918/1855/1515 2919/1856/1516
f 2905/1842/1503 2920/1857/1517 2918/1855/1515
f 2921/1858/1518 2916/1853/1513 2907/1844/1505
f 2919/1856/1516 2922/1859/1518 2908/1845/1504
f 2909/1846/1506 2913/1850/1510 2920/1857/1517
f 2917/1854/1514 2912/1849/1509 2911/1848/1508
f 2923/1860/1519 2924/1861/1520 2925/1862/1521
f 2926/1863/1522 2927/1864/1523 2912/1849/1509
f 2912/1849/1509 2927/1864/1523 2914/1851/1511
f 2928/1865/1524 2926/1863/1522 2917/1854/1514
f 2918/1855/1515 2929/1866/1525 2930/1867/1526
f 2920/1857/1517 2915/1852/1512 2929/1866/1525
f 2923/1860/1519 2928/1865/1524 2916/1853/1513
f 2919/1856/1516 2930/1867/1526 2931/1868/1527
f 2932/1869/1528 2933/1870/1529 2934/1871/1530
f 2930/1867/1526 2934/1871/1530 2935/1872/1520
f 2914/1851/1511 2936/1873/1531 2937/1874/1532
f 2926/1863/1522 2938/1875/1533 2939/1876/1534
f 2927/1864/1523 2939/1876/1534 2936/1873/1531
f 2928/1865/1524 2925/1862/1521 2938/1875/1533
f 2929/1866/1525 2940/1877/1535 2934/1871/1530
f 2915/1852/1512 2937/1874/1532 2940/1877/1535
f 2941/1878/1536 2942/1879/1537 2943/1880/1538
f 2944/1881/1539 2932/1869/1528 2940/1877/1535
f 2924/1861/1520 2945/1882/1540 2946/1883/1541
f 2933/1870/1529 2947/1884/1540 2935/1872/1520
f 2948/1885/1542 2944/1881/1539 2937/1874/1532
f 2938/1875/1533 2949/1886/1543 2943/1880/1538
f 2939/1876/1534 2943/1880/1538 2948/1885/1542
f 2925/1862/1521 2946/1883/1541 2949/1886/1543
f 2950/1887/1544 2951/1888/1545 2952/1889/1546
f 2942/1879/1537 2953/1890/1547 2948/1885/1542
f 2946/1883/1541 2954/1891/1548 2941/1878/1536
f 2955/1892/1549 2956/1893/1550 2933/1870/1529
f 2952/1889/1546 2955/1892/1549 2932/1869/1528
f 2945/1882/1540 2957/1894/1551 2954/1891/1548
f 2933/1870/1529 2956/1893/1550 2958/1895/1552
f 2953/1890/1547 2952/1889/1546 2944/1881/1539
f 2951/1888/1545 2959/1896/1553 2960/1897/1554
f 2941/1878/1536 2961/1898/1555 2962/1899/1556
f 2942/1879/1537 2962/1899/1556 2950/1887/1544
f 2954/1891/1548 2963/1900/1557 2961/1898/1555
f 2964/1901/1558 2965/1902/1559 2956/1893/1550
f 2951/1888/1545 2964/1901/1558 2955/1892/1549
f 2966/1903/1560 2963/1900/1557 2954/1891/1548
f 2965/1902/1559 2967/1904/1560 2958/1895/1552
f 2968/1905/1561 2969/1906/1562 2970/1907/1563
f 2971/1908/1564 2968/1905/1561 2963/1900/1557
f 2972/1909/1565 2973/1910/1564 2967/1904/1560
f 2950/1887/1544 2974/1911/1566 2959/1896/1553
f 2975/1912/1567 2976/1913/1568 2962/1899/1556
f 2976/1913/1568 2974/1911/1566 2950/1887/1544
f 2968/1905/1561 2975/1912/1567 2961/1898/1555
f 2964/1901/1558 2960/1897/1554 2972/1909/1565
f 2977/1914/1569 2978/1915/1570 2979/1916/1571
f 2980/1917/1572 2981/1918/1573 2972/1909/1565
f 2979/1916/1571 2980/1917/1572 2960/1897/1554
f 2971/1908/1564 2982/1919/1574 2969/1906/1562
f 2981/1918/1573 2983/1920/1575 2973/1910/1564
f 2984/1921/1576 2979/1916/1571 2959/1896/1553
f 2975/1912/1567 2970/1907/1563 2985/1922/1577
f 2985/1922/1577 2984/1921/1576 2974/1911/1566
f 2986/1923/1578 2987/1924/1579 2988/1925/1580
f 2970/1907/1563 2989/1926/1581 2990/1927/1582
f 2985/1922/1577 2990/1927/1582 2977/1914/1569
f 2969/1906/1562 2991/1928/1583 2989/1926/1581
f 2992/1929/1584 2986/1923/1578 2981/1918/1573
f 2978/1915/1570 2992/1929/1584 2980/1917/1572
f 2993/1930/1585 2991/1928/1583 2969/1906/1562
f 2986/1923/1578 2994/1931/1585 2983/1920/1575
f 2977/1914/1569 2995/1932/1586 2996/1933/1587
f 2997/1934/1588 2998/1935/1589 2990/1927/1582
f 2998/1935/1589 2995/1932/1586 2977/1914/1569
f 2999/1936/1590 2997/1934/1588 2989/1926/1581
f 2992/1929/1584 3000/1937/1591 2987/1924/1579
f 2978/1915/1570 2996/1933/1587 3000/1937/1591
f 3001/1938/1592 2999/1936/1590 2991/1928/1583
f 3002/1939/1593 3003/1940/1593 3004/1941/17
f 3005/1942/1594 3006/1943/1594 3003/1940/1593
f 3005/1942/1594 3007/1944/1595 3008/1945/1595
f 3009/1946/1596 3010/1947/1596 3008/1945/1595
f 3011/1948/1597 3012/1949/1597 3010/1947/1596
f 3013/1950/130 3014/1951/130 3012/1949/1597
f 3015/1952/1598 3016/1953/1598 3014/1951/130
f 3017/1954/1599 3018/1955/1599 3016/1953/1598
f 3019/1956/1600 3020/1957/1600 3018/1955/1599
f 3021/1958/1601 3022/1959/1602 3023/1960/1602
s 0
f 3024/1961/87 3025/1962/87 3026/1963/87
s 1
f 3027/1964/17 3004/1941/17 3028/1965/1603
f 3029/1966/1603 3028/1965/1603 3023/1960/1602
s 0
f 3030/1967/16 3031/1968/16 3032/1969/16
f 3033/1970/87 3034/1971/87 3035/1972/87
f 3035/1972/87 3036/1973/87 3037/1974/87
f 3037/1974/87 3036/1973/87 3038/1975/87
f 3038/1975/87 3039/1976/87 3040/1977/87
f 3040/1977/87 3039/1976/87 3041/1978/87
f 3041/1978/87 3042/1979/87 3043/1980/87
f 3043/1980/87 3042/1979/87 3044/1981/87
f 3045/1982/87 3046/1983/87 3047/1984/87
f 3026/1963/87 3046/1983/87 3045/1982/87
f 3044/1981/87 3025/1962/87 3024/1961/87
f 3047/1984/87 3034/1971/87 3033/1970/87
f 3048/1985/16 3030/1967/16 3049/1986/16
f 3050/1987/16 3048/1985/16 3051/1988/16
f 3052/1989/16 3053/1990/16 3050/1987/16
f 3054/1991/16 3053/1990/16 3052/1989/16
f 3055/1992/16 3056/1993/16 3054/1991/16
f 3057/1994/16 3058/1995/16 3056/1993/16
f 3059/1996/16 3060/1997/16 3061/1998/16
f 3061/1998/16 3060/1997/16 3062/1999/16
f 3063/2000/16 3058/1995/16 3057/1994/16
f 3032/1969/16 3031/1968/16 3059/1996/16
f 3062/1999/16 3063/2000/16 3064/2001/16
f 3065/2002/1604 3066/2003/1604 3067/2004/1604
f 3068/2005/87 3069/2006/87 3070/2007/87
f 3071/2008/17 3072/2009/17 3073/2010/17
f 3074/2011/17 3072/2009/17 3071/2008/17
f 3075/2012/1398 3076/2013/1398 3077/2014/1398
f 3078/2015/87 3079/2016/87 3080/2017/87
f 3081/2018/87 3082/2002/87 3083/2019/87
f 3084/2020/16 3085/2021/16 3086/2022/16
f 3087/2023/16 3088/2024/16 3089/2025/16
f 3090/2026/130 3091/2027/130 3092/2028/130
f 3093/2029/16 3084/2020/16 3094/2030/16
f 3095/2031/130 3096/2032/130 3097/2033/130
f 3098/2034/130 3099/2035/130 3097/2033/130
f 3100/2036/1399 3101/2037/1399 3102/2038/1399
f 3085/2021/16 3103/2039/16 3104/2040/16
f 3105/2041/1605 3106/2042/1605 3107/2043/1605
f 3108/2044/87 3109/2045/87 3110/2046/87
f 3111/2047/17 3112/2048/17 3113/2049/17
f 3114/2050/17 3115/2051/17 3113/2049/17
f 3116/2052/1401 3117/2053/1401 3118/2054/1401
f 3109/2045/87 3069/2006/87 3068/2005/87
f 3119/2055/16 3089/2025/16 3120/2056/16
f 3121/2057/16 3122/2058/16 3123/2059/16
f 3124/2060/16 3120/2056/16 3123/2059/16
f 3125/2061/130 3126/2062/130 3127/2063/130
f 3128/2064/130 3126/2062/130 3125/2061/130
f 3129/2053/1402 3130/2065/1402 3131/2038/1402
f 3132/2066/17 3133/2067/17 3134/2068/17
f 3135/2069/1606 3136/2070/1606 3137/2071/1606
s 1
f 3138/2072/1607 3139/2073/1608 3140/2074/1609
f 3141/2075/1610 3142/2076/1611 3143/2077/1612
f 3144/2078/1613 3142/2076/1611 3141/2075/1610
f 3145/2079/1614 3143/2077/1612 3146/2080/1615
f 3147/2081/1616 3148/2082/1617 3149/2083/1618
f 3149/2083/1618 3150/2084/1619 3151/2085/1620
f 3152/2086/1621 3146/2080/1615 3153/2087/1622
f 3154/2088/1622 3148/2082/1617 3147/2081/1616
f 3150/2084/1619 3144/2078/1613 3155/2089/1623
f 3156/2090/1624 3157/2091/1625 3158/2092/1626
f 3159/2093/1627 3160/2094/1628 3161/2095/1629
f 3162/2096/1630 3163/2097/1631 3164/2098/1627
f 3165/2099/1632 3166/2100/1633 3157/2091/1625
f 3161/2095/1629 3166/2100/1633 3165/2099/1632
f 3167/2101/1634 3162/2096/1630 3168/2102/1635
f 3158/2092/1626 3169/2103/1636 3170/2104/1637
f 3169/2103/1636 3167/2101/1634 3171/2105/1638
f 3157/2091/1625 3151/2085/1620 3155/2089/1623
f 3172/2106/1639 3147/2081/1616 3161/2095/1629
f 3152/2086/1621 3173/2107/1639 3163/2097/1631
f 3174/2108/1640 3151/2085/1620 3157/2091/1625
f 3161/2095/1629 3147/2081/1616 3174/2108/1640
f 3167/2101/1634 3145/2079/1614 3152/2086/1621
f 3158/2092/1626 3155/2089/1623 3141/2075/1610
f 3169/2103/1636 3141/2075/1610 3145/2079/1614
s 0
f 3175/2109/1606 3176/2110/1606 3137/2071/1606
f 3177/2111/1606 3178/2112/1606 3179/2113/1606
f 3180/2114/1606 3181/2115/1606 3182/2116/1606
f 3177/2111/1606 3180/2114/1606 3183/2117/1606
f 3181/2115/1606 3135/2069/1606 3184/2118/1606
f 3175/2109/1606 3185/2119/1606 3186/2120/1606
f 3187/2121/1641 3179/2113/1641 3186/2120/1641
s 1
f 3188/2122/1642 3189/2123/1643 3190/2124/1644
f 3191/2125/1645 3192/2126/1646 3188/2122/1642
f 3193/2127/1647 3194/2128/1648 3195/2129/1649
f 3196/2130/1650 3195/2129/1649 3197/2131/1651
f 3191/2125/1645 3198/2132/1652 3199/2133/1653
f 3200/2134/1654 3201/2135/1655 3194/2128/1648
f 3139/2073/1608 3202/2136/1656 3197/2131/1651
f 3192/2126/1646 3138/2072/1607 3189/2123/1643
f 3203/2137/1657 3204/2138/1658 3205/2139/1659
f 3189/2123/1643 3140/2074/1609 3206/2140/1660
f 3198/2132/1652 3188/2122/1642 3207/2141/1661
f 3194/2128/1648 3208/2142/1662 3209/2143/1663
f 3195/2129/1649 3209/2143/1663 3203/2137/1657
f 3199/2133/1653 3198/2132/1652 3210/2144/1664
f 3201/2135/1655 3211/2145/1665 3208/2142/1662
f 3140/2074/1609 3197/2131/1651 3203/2137/1657
f 3212/2146/1666 3213/2147/1667 3214/2148/1668
f 3190/2124/1644 3215/2149/1669 3216/2150/1670
f 3206/2140/1660 3205/2139/1659 3215/2149/1669
f 3210/2144/1664 3207/2141/1661 3216/2150/1670
f 3209/2143/1663 3208/2142/1662 3217/2151/1671
f 3203/2137/1657 3209/2143/1663 3212/2146/1666
f 3218/2152/1665 3210/2144/1664 3219/2153/1672
f 3208/2142/1662 3211/2145/1665 3220/2154/1673
f 3221/2155/1674 3222/2156/1675 3223/2157/1676
f 3224/2158/1673 3219/2153/1672 3221/2155/1674
f 3217/2151/1671 3220/2154/1673 3225/2159/1677
f 3204/2138/1658 3214/2148/1668 3226/2160/1678
f 3215/2149/1669 3227/2161/1679 3222/2156/1675
f 3205/2139/1659 3226/2160/1678 3227/2161/1679
f 3219/2153/1672 3216/2150/1670 3222/2156/1675
f 3212/2146/1666 3217/2151/1671 3228/2162/1680
f 3229/2163/1681 3230/2164/1682 3231/2165/1683
f 3213/2147/1667 3228/2162/1680 3232/2166/1684
f 3213/2147/1667 3233/2167/1685 3229/2163/1681
f 3234/2168/1677 3221/2155/1674 3235/2169/1686
f 3228/2162/1680 3225/2159/1677 3236/2170/1687
f 3214/2148/1668 3229/2163/1681 3237/2171/1688
f 3227/2161/1679 3238/2172/1689 3223/2157/1676
f 3226/2160/1678 3237/2171/1688 3238/2172/1689
f 3238/2172/1689 3239/2173/1690 3240/2174/1691
f 3237/2171/1688 3231/2165/1683 3239/2173/1690
f 3235/2169/1686 3223/2157/1676 3240/2174/1691
f 3232/2166/1684 3241/2175/1692 3242/2176/1693
f 3233/2167/1685 3242/2176/1693 3230/2164/1682
f 3243/2177/1694 3235/2169/1686 3244/2178/1695
f 3232/2166/1684 3236/2170/1687 3245/2179/1696
f 3241/2175/1692 3245/2179/1696 3246/2180/1697
f 3230/2164/1682 3247/2181/1698 3248/2182/1699
f 3240/2174/1691 3239/2173/1690 3249/2183/1700
f 3231/2165/1683 3248/2182/1699 3249/2183/1700
f 3244/2178/1695 3240/2174/1691 3250/2184/1701
f 3241/2175/1692 3251/2185/1702 3252/2186/1703
f 3242/2176/1693 3252/2186/1703 3247/2181/1698
f 3253/2187/1696 3244/2178/1695 3254/2188/1704
f 3251/2185/1702 3255/2189/1705 3256/2190/1706
f 3247/2181/1698 3252/2186/1703 3256/2190/1706
f 3254/2188/1704 3257/2191/1707 3258/2192/1708
f 3246/2180/1697 3259/2193/1708 3255/2189/1705
f 3248/2182/1699 3247/2181/1698 3260/2194/1709
f 3250/2184/1701 3249/2183/1700 3261/2195/1710
f 3249/2183/1700 3248/2182/1699 3262/2196/1711
f 3250/2184/1701 3263/2197/1712 3257/2191/1707
f 3262/2196/1711 3264/2198/1713 3265/2199/1714
f 3264/2198/1713 3266/2200/1715 3267/2201/1716
f 3263/2197/1712 3268/2202/1717 3269/2203/1718
f 3256/2190/1706 3255/2189/1705 3270/2204/1719
f 3260/2194/1709 3256/2190/1706 3271/2205/1720
f 3257/2191/1707 3269/2203/1718 3272/2206/1721
f 3259/2193/1708 3273/2207/1721 3270/2204/1719
f 3262/2196/1711 3260/2194/1709 3266/2200/1715
f 3261/2195/1710 3265/2199/1714 3268/2202/1717
f 3274/2208/1722 3275/2209/1723 3276/2210/1724
f 3265/2199/1714 3277/2211/1725 3278/2212/1726
f 3265/2199/1714 3264/2198/1713 3279/2213/1727
f 3268/2202/1717 3278/2212/1726 3275/2209/1723
f 3271/2205/1720 3270/2204/1719 3280/2214/1728
f 3266/2200/1715 3271/2205/1720 3281/2215/1729
f 3269/2203/1718 3275/2209/1723 3274/2208/1722
f 3270/2204/1719 3273/2207/1721 3282/2216/1722
f 3283/2217/1730 3284/2218/1731 3285/2219/1732
f 3280/2214/1728 3282/2216/1722 3286/2220/1733
f 3279/2213/1727 3267/2201/1716 3287/2221/1734
f 3278/2212/1726 3277/2211/1725 3288/2222/1735
f 3277/2211/1725 3279/2213/1727 3289/2223/1736
f 3275/2209/1723 3278/2212/1726 3290/2224/1737
f 3281/2215/1729 3280/2214/1728 3283/2217/1730
f 3267/2201/1716 3281/2215/1729 3291/2225/1738
f 3292/2226/1739 3293/2227/1740 3294/2228/1741
f 3291/2225/1738 3285/2219/1732 3295/2229/1742
f 3296/2230/1733 3276/2210/1724 3297/2231/1743
f 3286/2220/1733 3298/2232/1744 3284/2218/1731
f 3287/2221/1734 3295/2229/1742 3299/2233/1745
f 3290/2224/1737 3288/2222/1735 3292/2226/1739
f 3288/2222/1735 3289/2223/1736 3299/2233/1745
f 3276/2210/1724 3290/2224/1737 3300/2234/1746
f 3301/2235/1747 3302/2236/1748 3303/2237/1749
f 3299/2233/1745 3304/2238/1750 3293/2227/1740
f 3297/2231/1743 3300/2234/1746 3294/2228/1741
f 3284/2218/1731 3305/2239/1751 3306/2240/1752
f 3285/2219/1732 3306/2240/1752 3301/2235/1747
f 3307/2241/1744 3297/2231/1743 3308/2242/1753
f 3284/2218/1731 3298/2232/1744 3309/2243/1754
f 3295/2229/1742 3301/2235/1747 3304/2238/1750
f 3302/2236/1748 3310/2244/1755 3311/2245/1756
f 3294/2228/1741 3293/2227/1740 3312/2246/1757
f 3293/2227/1740 3304/2238/1750 3303/2237/1749
f 3308/2242/1753 3294/2228/1741 3313/2247/1758
f 3305/2239/1751 3314/2248/1759 3310/2244/1755
f 3306/2240/1752 3310/2244/1755 3302/2236/1748
f 3308/2242/1753 3315/2249/1760 3316/2250/1761
f 3309/2243/1754 3317/2251/1761 3314/2248/1759
f 3318/2252/1762 3319/2253/1763 3320/2254/1764
f 3315/2249/1760 3318/2252/1762 3321/2255/1765
f 3317/2251/1761 3322/2256/1765 3323/2257/1766
f 3303/2237/1749 3302/2236/1748 3324/2258/1767
f 3312/2246/1757 3325/2259/1768 3319/2253/1763
f 3303/2237/1749 3326/2260/1769 3325/2259/1768
f 3313/2247/1758 3319/2253/1763 3318/2252/1762
f 3310/2244/1755 3314/2248/1759 3323/2257/1766
f 3327/2261/1770 3328/2262/1771 3329/2263/1772
f 3323/2257/1766 3330/2264/1773 3331/2265/1774
f 3311/2245/1756 3331/2265/1774 3327/2261/1770
f 3321/2255/1765 3318/2252/1762 3332/2266/1775
f 3322/2256/1765 3333/2267/1776 3330/2264/1773
f 3324/2258/1767 3327/2261/1770 3334/2268/1777
f 3319/2253/1763 3325/2259/1768 3335/2269/1778
f 3326/2260/1769 3334/2268/1777 3335/2269/1778
f 3336/2270/1779 3337/2271/1780 3338/2272/1781
f 3320/2254/1764 3335/2269/1778 3339/2273/1782
f 3335/2269/1778 3334/2268/1777 3329/2263/1772
f 3332/2266/1775 3320/2254/1764 3340/2274/1783
f 3330/2264/1773 3336/2270/1779 3341/2275/1784
f 3331/2265/1774 3341/2275/1784 3328/2262/1771
f 3332/2266/1775 3342/2276/1785 3343/2277/1780
f 3333/2267/1776 3337/2271/1780 3336/2270/1779
f 3329/2263/1772 3328/2262/1771 3344/2278/1786
f 3339/2273/1782 3345/2279/1787 3346/2280/1788
f 3329/2263/1772 3347/2281/1789 3345/2279/1787
f 3340/2274/1783 3346/2280/1788 3348/2282/1790
f 3341/2275/1784 3336/2270/1779 3349/2283/1791
f 3328/2262/1771 3341/2275/1784 3350/2284/1792
f 3342/2276/1785 3348/2282/1790 3351/2285/1793
f 3352/2286/17 3353/2287/1593 3354/2288/1593
f 3353/2287/1593 3355/2289/1594 3356/2290/1594
f 3356/2290/1594 3355/2289/1594 3357/2291/1595
f 3357/2291/1595 3358/2292/1596 3359/2293/1596
f 3358/2292/1596 3360/2294/1597 3361/2295/1597
f 3360/2294/1597 3362/2296/130 3363/2297/130
f 3362/2296/130 3364/2298/1598 3365/2299/1598
f 3364/2298/1598 3366/2300/1599 3367/2301/1599
f 3366/2300/1599 3368/2302/1600 3369/2303/1794
f 3370/2304/1601 3371/2305/1795 3372/2306/1602
s 0
f 3373/2307/16 3374/2308/16 3375/2309/16
s 1
f 3376/2310/1603 3352/2286/17 3377/2311/17
f 3372/2306/1602 3376/2310/1603 3378/2312/1603
s 0
f 3379/2313/87 3380/2314/87 3381/2315/87
f 3382/2316/16 3383/2317/16 3384/2318/16
f 3385/2319/16 3386/2320/16 3384/2318/16
f 3385/2319/16 3387/2321/16 3388/2322/16
f 3389/2323/16 3390/2324/16 3388/2322/16
f 3389/2323/16 3391/2325/16 3392/2326/16
f 3393/2327/16 3394/2328/16 3392/2326/16
f 3393/2327/16 3395/2329/16 3396/2330/16
f 3397/2331/16 3398/2332/16 3399/2333/16
f 3397/2331/16 3400/2334/16 3375/2309/16
f 3373/2307/16 3401/2335/16 3396/2330/16
f 3382/2316/16 3402/2336/16 3399/2333/16
f 3403/2337/87 3381/2315/87 3404/2338/87
f 3405/2339/87 3404/2338/87 3406/2340/87
f 3407/2341/87 3408/2342/87 3406/2340/87
f 3407/2341/87 3409/2343/87 3410/2344/87
f 3411/2345/87 3412/2346/87 3410/2344/87
f 3413/2347/87 3411/2345/87 3414/2348/87
f 3415/2349/87 3416/2350/87 3417/2351/87
f 3415/2349/87 3418/2352/87 3419/2353/87
f 3413/2347/87 3420/2354/87 3421/2355/87
f 3379/2313/87 3422/2356/87 3417/2351/87
f 3423/2357/87 3421/2355/87 3419/2353/87
s 1
f 3424/2358/1796 3425/2359/1797 3426/2360/1798
f 3427/2361/1799 3428/2362/1800 3429/2363/1801
f 3430/2364/1802 3431/2365/1803 3432/2366/1804
f 3433/2367/1805 3434/2368/1806 3435/2369/1807
f 3427/2361/1799 3436/2370/1808 3432/2366/1804
f 3433/2367/1805 3437/2371/1809 3438/2372/1810
f 3439/2373/1811 3429/2363/1801 3425/2359/1797
f 3434/2368/1806 3440/2374/1812 3426/2360/1798
f 3435/2369/1807 3441/2375/1813 3442/2376/1814
f 3428/2362/1800 3432/2366/1804 3443/2377/1815
f 3437/2371/1809 3442/2376/1814 3444/2378/1816
f 3425/2359/1797 3429/2363/1801 3445/2379/1817
f 3426/2360/1798 3446/2380/1818 3441/2375/1813
f 3425/2359/1797 3447/2381/1819 3446/2380/1818
f 3428/2362/1800 3448/2382/1820 3445/2379/1817
f 3431/2365/1803 3449/2383/1816 3443/2377/1815
f 3450/2384/1821 3451/2385/1822 3452/2386/1823
f 3450/2384/1821 3453/2387/1824 3454/2388/1825
f 3455/2389/1826 3456/2390/1827 3457/2391/1828
f 3458/2392/1829 3459/2393/1830 3460/2394/1831
f 3461/2395/1832 3452/2386/1823 3456/2390/1827
f 3462/2396/1833 3463/2397/1834 3464/2398/1835
f 3465/2399/1836 3458/2392/1829 3466/2400/1837
f 3459/2393/1830 3467/2401/1838 3464/2398/1835
f 3465/2399/1836 3468/2402/1839 3469/2403/1840
f 3470/2404/1841 3457/2391/1828 3463/2397/1834
f 3471/2405/1842 3472/2406/1843 3473/2407/1844
f 3472/2406/1843 3474/2408/1845 3475/2409/1846
f 3474/2408/1845 3476/2410/1847 3477/2411/1848
f 3478/2412/1849 3479/2413/1850 3443/2377/1815
f 3479/2413/1850 3480/2414/1851 3448/2382/1820
f 3480/2414/1851 3481/2415/1852 3482/2416/1853
f 3481/2415/1852 3483/2417/1854 3484/2418/1855
f 3485/2419/1856 3486/2420/1857 3487/2421/1858
f 3486/2420/1857 3488/2422/1859 3489/2423/1860
f 3488/2422/1859 3490/2424/1861 3491/2425/1862
f 3490/2424/1861 3492/2426/1863 3493/2427/1864
f 3492/2426/1863 3494/2428/1865 3495/2429/1866
f 3494/2428/1865 3496/2430/1867 3497/2431/1868
f 3496/2430/1867 3498/2432/1869 3499/2433/1870
f 3499/2433/1870 3498/2432/1869 3500/2434/1871
f 3500/2434/1871 3501/2435/1872 3502/2436/1873
f 3502/2436/1873 3501/2435/1872 3503/2437/1874
f 3501/2435/1872 3500/2434/1871 3504/2438/1875
f 3505/2439/1876 3506/2440/1877 3507/2441/1878
f 3505/2439/1876 3508/2442/1879 3509/2443/1880
f 3510/2444/1881 3509/2443/1880 3511/2445/1882
f 3512/2446/1883 3511/2445/1882 3484/2418/1855
f 3506/2440/1877 3513/2447/1884 3503/2437/1874
f 3501/2435/1872 3514/2448/1885 3507/2441/1878
f 3514/2448/1885 3515/2449/1886 3508/2442/1879
f 3500/2434/1871 3498/2432/1869 3504/2438/1875
f 3446/2380/1818 3516/2450/1887 3517/2451/1888
f 3494/2428/1865 3517/2451/1888 3516/2450/1887
f 3504/2438/1875 3498/2432/1869 3518/2452/1889
f 3496/2430/1867 3516/2450/1887 3518/2452/1889
f 3504/2438/1875 3519/2453/1890 3515/2449/1886
f 3513/2447/1884 3520/2454/1891 3521/2455/1892
f 3486/2420/1857 3522/2456/1893 3523/2457/1894
f 3492/2426/1863 3490/2424/1861 3524/2458/1895
f 3494/2428/1865 3492/2426/1863 3525/2459/1896
f 3488/2422/1859 3523/2457/1894 3524/2458/1895
f 3485/2419/1856 3526/2460/1897 3522/2456/1893
f 3524/2458/1895 3523/2457/1894 3527/2461/1898
f 3517/2451/1888 3525/2459/1896 3528/2462/1899
f 3522/2456/1893 3529/2463/1900 3527/2461/1898
f 3524/2458/1895 3530/2464/1901 3528/2462/1899
f 3441/2375/1813 3528/2462/1899 3530/2464/1901
f 3527/2461/1898 3529/2463/1900 3442/2376/1814
f 3529/2463/1900 3522/2456/1893 3526/2460/1897
f 3531/2465/1849 3444/2378/1816 3529/2463/1900
f 3442/2376/1814 3529/2463/1900 3444/2378/1816
f 3447/2381/1819 3518/2452/1889 3516/2450/1887
f 3532/2466/1902 3533/2467/1903 3482/2416/1853
f 3518/2452/1889 3447/2381/1819 3534/2468/1904
f 3509/2443/1880 3535/2469/1905 3532/2466/1902
f 3445/2379/1817 3533/2467/1903 3534/2468/1904
f 3533/2467/1903 3532/2466/1902 3535/2469/1905
f 3448/2382/1820 3482/2416/1853 3533/2467/1903
f 3508/2442/1879 3515/2449/1886 3535/2469/1905
f 3534/2468/1904 3535/2469/1905 3515/2449/1886
f 3511/2445/1882 3532/2466/1902 3484/2418/1855
f 3536/2470/1906 3537/2471/1907 3467/2401/1838
f 3538/2472/1908 3539/2473/1909 3465/2399/1836
f 3540/2474/1910 3470/2404/1841 3462/2396/1833
f 3541/2475/1911 3542/2476/1912 3472/2406/1843
f 3543/2477/1913 3542/2476/1912 3541/2475/1911
f 3542/2476/1912 3544/2478/1914 3474/2408/1845
f 3543/2477/1913 3545/2479/1915 3544/2478/1914
f 3544/2478/1914 3546/2480/1916 3476/2410/1847
f 3546/2480/1916 3538/2472/1908 3547/2481/1917
f 3476/2410/1847 3547/2481/1917 3469/2403/1840
f 3539/2473/1909 3548/2482/1918 3458/2392/1829
f 3549/2483/1919 3462/2396/1833 3467/2401/1838
f 3550/2484/1920 3461/2395/1832 3455/2389/1826
f 3548/2482/1918 3536/2470/1906 3459/2393/1830
f 3551/2485/1921 3455/2389/1826 3470/2404/1841
f 3552/2486/1922 3553/2487/1923 3453/2387/1824
f 3552/2486/1922 3450/2384/1821 3461/2395/1832
f 3554/2488/1924 3555/2489/1925 3556/2490/1926
f 3557/2491/1927 3558/2492/1928 3559/2493/1929
f 3560/2494/1930 3561/2495/1931 3562/2496/1932
f 3563/2497/1933 3564/2498/1934 3565/2499/1935
f 3559/2493/1929 3558/2492/1928 3560/2494/1930
f 3566/2500/1936 3564/2498/1934 3563/2497/1933
f 3555/2489/1925 3557/2491/1927 3567/2501/1937
f 3568/2502/1938 3565/2499/1935 3554/2488/1924
f 3569/2503/1939 3570/2504/1940 3565/2499/1935
f 3558/2492/1928 3571/2505/1941 3572/2506/1942
f 3573/2507/1943 3569/2503/1939 3564/2498/1934
f 3555/2489/1925 3574/2508/1944 3575/2509/1945
f 3570/2504/1940 3576/2510/1946 3554/2488/1924
f 3576/2510/1946 3574/2508/1944 3555/2489/1925
f 3575/2509/1945 3571/2505/1941 3558/2492/1928
f 3572/2506/1942 3577/2511/1943 3561/2495/1931
f 3578/2512/1947 3579/2513/1948 3580/2514/1949
f 3580/2514/1949 3579/2513/1948 3454/2388/1825
f 3581/2515/1950 3582/2516/1951 3583/2517/1952
f 3584/2518/1953 3585/2519/1954 3586/2520/1955
f 3582/2516/1951 3578/2512/1947 3587/2521/1956
f 3588/2522/1957 3589/2523/1958 3590/2524/1959
f 3591/2525/1960 3592/2526/1961 3585/2519/1954
f 3593/2527/1962 3586/2520/1955 3588/2522/1957
f 3594/2528/1963 3592/2526/1961 3591/2525/1960
f 3589/2523/1958 3581/2515/1950 3595/2529/1964
f 3471/2405/1842 3596/2530/1965 3597/2531/1966
f 3598/2532/1967 3597/2531/1966 3599/2533/1968
f 3600/2534/1969 3599/2533/1968 3601/2535/1970
f 3572/2506/1942 3602/2536/1971 3603/2537/1972
f 3571/2505/1941 3604/2538/1973 3602/2536/1971
f 3604/2538/1973 3571/2505/1941 3605/2539/1974
f 3606/2540/1975 3605/2539/1974 3607/2541/1976
f 3487/2421/1858 3608/2542/1977 3609/2543/1978
f 3489/2423/1860 3610/2544/1979 3608/2542/1977
f 3491/2425/1862 3611/2545/1980 3610/2544/1979
f 3493/2427/1864 3612/2546/1981 3611/2545/1980
f 3495/2429/1866 3613/2547/1982 3612/2546/1981
f 3497/2431/1868 3614/2548/1983 3613/2547/1982
f 3499/2433/1870 3615/2549/1984 3614/2548/1983
f 3499/2433/1870 3616/2550/1985 3617/2551/1986
f 3502/2436/1873 3618/2552/1987 3617/2551/1986
f 3502/2436/1873 3521/2455/1892 3619/2553/1988
f 3618/2552/1987 3620/2554/1989 3621/2555/1990
f 3622/2556/1991 3623/2557/1992 3624/2558/1993
f 3625/2559/1994 3623/2557/1992 3622/2556/1991
f 3626/2560/1995 3625/2559/1994 3627/2561/1996
f 3628/2562/1997 3629/2563/1998 3607/2541/1976
f 3630/2564/1999 3624/2558/1993 3619/2553/1988
f 3624/2558/1993 3620/2554/1989 3618/2552/1987
f 3623/2557/1992 3631/2565/2000 3620/2554/1989
f 3617/2551/1986 3621/2555/1990 3615/2549/1984
f 3632/2566/2001 3633/2567/2002 3576/2510/1946
f 3613/2547/1982 3614/2548/1983 3633/2567/2002
f 3621/2555/1990 3634/2568/2003 3635/2569/2004
f 3635/2569/2004 3633/2567/2002 3614/2548/1983
f 3631/2565/2000 3634/2568/2003 3621/2555/1990
f 3636/2570/2005 3619/2553/1988 3521/2455/1892
f 3637/2571/2006 3638/2572/2007 3608/2542/1977
f 3639/2573/2008 3611/2545/1980 3612/2546/1981
f 3640/2574/2009 3612/2546/1981 3613/2547/1982
f 3639/2573/2008 3637/2571/2006 3610/2544/1979
f 3638/2572/2007 3641/2575/2010 3609/2543/1978
f 3639/2573/2008 3642/2576/2011 3643/2577/2012
f 3644/2578/2013 3640/2574/2009 3632/2566/2001
f 3643/2577/2012 3645/2579/2014 3638/2572/2007
f 3644/2578/2013 3642/2576/2011 3639/2573/2008
f 3570/2504/1940 3569/2503/1939 3642/2576/2011
f 3569/2503/1939 3645/2579/2014 3643/2577/2012
f 3641/2575/2010 3638/2572/2007 3645/2579/2014
f 3645/2579/2014 3573/2507/1943 3646/2580/1972
f 3569/2503/1939 3573/2507/1943 3645/2579/2014
f 3574/2508/1944 3576/2510/1946 3633/2567/2002
f 3605/2539/1974 3647/2581/2015 3648/2582/2016
f 3635/2569/2004 3634/2568/2003 3649/2583/2017
f 3625/2559/1994 3626/2560/1995 3648/2582/2016
f 3649/2583/2017 3647/2581/2015 3575/2509/1945
f 3650/2584/2018 3648/2582/2016 3647/2581/2015
f 3647/2581/2015 3605/2539/1974 3571/2505/1941
f 3623/2557/1992 3625/2559/1994 3650/2584/2018
f 3631/2565/2000 3650/2584/2018 3649/2583/2017
f 3626/2560/1995 3607/2541/1976 3648/2582/2016
f 3651/2585/2019 3652/2586/2020 3653/2587/2021
f 3654/2588/2022 3593/2527/1962 3655/2589/2023
f 3656/2590/2024 3657/2591/2025 3591/2525/1960
f 3590/2524/1959 3595/2529/1964 3658/2592/2026
f 3541/2475/1911 3471/2405/1842 3598/2532/1967
f 3659/2593/2027 3598/2532/1967 3600/2534/1969
f 3660/2594/2028 3600/2534/1969 3661/2595/2029
f 3662/2596/2030 3661/2595/2029 3657/2591/2025
f 3661/2595/2029 3601/2535/1970 3594/2528/1963
f 3652/2586/2020 3591/2525/1960 3584/2518/1953
f 3655/2589/2023 3590/2524/1959 3663/2597/2031
f 3583/2517/1952 3587/2521/1956 3664/2598/2032
f 3665/2599/2033 3653/2587/2021 3654/2588/2022
f 3653/2587/2021 3584/2518/1953 3593/2527/1962
f 3595/2529/1964 3583/2517/1952 3666/2600/2034
f 3667/2601/2035 3580/2514/1949 3453/2387/1824
f 3587/2521/1956 3580/2514/1949 3667/2601/2035
f 3668/2602/2036 3669/2603/2037 3538/2472/1908
f 3670/2604/2038 3671/2605/2039 3548/2482/1918
f 3672/2606/2040 3537/2471/1907 3536/2470/1906
f 3669/2603/2037 3670/2604/2038 3539/2473/1909
f 3673/2607/2041 3540/2474/1910 3549/2483/1919
f 3545/2479/1915 3668/2602/2036 3546/2480/1916
f 3674/2608/2042 3549/2483/1919 3537/2471/1907
f 3675/2609/2043 3550/2484/1920 3551/2485/1921
f 3671/2605/2039 3676/2610/2044 3536/2470/1906
f 3677/2611/2045 3551/2485/1921 3540/2474/1910
f 3678/2612/2046 3553/2487/1923 3552/2486/1922
f 3679/2613/2047 3552/2486/1922 3550/2484/1920
f 3680/2614/2048 3662/2596/2030 3656/2590/2024
f 3654/2588/2022 3681/2615/2049 3682/2616/2050
f 3683/2617/2051 3656/2590/2024 3652/2586/2020
f 3663/2597/2031 3658/2592/2026 3684/2618/2052
f 3541/2475/1911 3659/2593/2027 3685/2619/2053
f 3685/2619/2053 3659/2593/2027 3660/2594/2028
f 3686/2620/2054 3660/2594/2028 3662/2596/2030
f 3681/2615/2049 3663/2597/2031 3687/2621/2055
f 3666/2600/2034 3664/2598/2032 3688/2622/2056
f 3658/2592/2026 3666/2600/2034 3689/2623/2057
f 3667/2601/2035 3553/2487/1923 3678/2612/2046
f 3664/2598/2032 3667/2601/2035 3690/2624/2058
f 3691/2625/2059 3692/2626/2060 3693/2627/2061
f 3694/2628/2062 3695/2629/2063 3696/2630/2064
f 3697/2631/2065 3698/2632/2066 3699/2633/2067
f 3700/2634/2068 3701/2635/2069 3702/2636/2070
f 3703/2637/2071 3699/2633/2067 3695/2629/2063
f 3704/2638/2072 3705/2639/2073 3701/2635/2069
f 3706/2640/2074 3702/2636/2070 3707/2641/2075
f 3708/2642/2076 3706/2640/2074 3709/2643/2077
f 3710/2644/2078 3704/2638/2072 3700/2634/2068
f 3711/2645/2079 3700/2634/2068 3706/2640/2074
f 3699/2633/2067 3711/2645/2079 3708/2642/2076
f 3698/2632/2066 3710/2644/2078 3711/2645/2079
f 3695/2629/2063 3708/2642/2076 3712/2646/2080
f 3696/2630/2064 3713/2647/2081 3714/2648/2082
f 3713/2647/2081 3715/2649/2083 3716/2650/2084
f 3716/2650/2084 3715/2649/2083 3717/2651/2085
f 3718/2652/2086 3719/2653/2087 3720/2654/2088
f 3696/2630/2064 3712/2646/2080 3721/2655/2089
f 3709/2643/2077 3707/2641/2075 3719/2653/2087
f 3712/2646/2080 3709/2643/2077 3718/2652/2086
f 3713/2647/2081 3721/2655/2089 3722/2656/2090
f 3721/2655/2089 3718/2652/2086 3723/2657/2091
f 3723/2657/2091 3720/2654/2088 3724/2658/2092
f 3723/2657/2091 3724/2658/2092 3725/2659/2093
f 3726/2660/2094 3725/2659/2093 3727/2661/2095
f 3728/2662/2096 3729/2663/2097 3730/2664/2098
f 3728/2662/2096 3731/2665/2099 3732/2666/2100
f 3733/2667/2101 3732/2666/2100 3734/2668/2102
f 3735/2669/2103 3734/2668/2102 3736/2670/2104
f 3737/2671/2105 3738/2672/2106 3739/2673/2107
f 3722/2656/2090 3723/2657/2091 3726/2660/2094
f 3726/2660/2094 3729/2663/2097 3737/2671/2105
f 3722/2656/2090 3739/2673/2107 3715/2649/2083
f 3739/2673/2107 3740/2674/2108 3717/2651/2085
f 3740/2674/2108 3739/2673/2107 3738/2672/2106
f 3735/2669/2103 3741/2675/2109 3742/2676/2110
f 3737/2671/2105 3743/2677/2111 3738/2672/2106
f 3733/2667/2101 3735/2669/2103 3744/2678/2112
f 3728/2662/2096 3733/2667/2101 3745/2679/2113
f 3729/2663/2097 3728/2662/2096 3743/2677/2111
f 3728/2662/2096 3730/2664/2098 3731/2665/2099
f 3729/2663/2097 3727/2661/2095 3730/2664/2098
f 3741/2675/2109 3746/2680/2114 3747/2681/2115
f 3741/2675/2109 3736/2670/2104 3748/2682/2116
f 3740/2674/2108 3749/2683/2117 3750/2684/2118
f 3717/2651/2085 3740/2674/2108 3751/2685/2119
f 3743/2677/2111 3745/2679/2113 3749/2683/2117
f 3742/2676/2110 3747/2681/2115 3752/2686/2120
f 3744/2678/2112 3742/2676/2110 3753/2687/2121
f 3745/2679/2113 3744/2678/2112 3754/2688/2122
f 3753/2687/2121 3752/2686/2120 3755/2689/2123
f 3753/2687/2121 3756/2690/2124 3757/2691/2125
f 3754/2688/2122 3757/2691/2125 3750/2684/2118
f 3717/2651/2085 3758/2692/2126 3759/2693/2127
f 3751/2685/2119 3760/2694/2128 3761/2695/2129
f 3760/2694/2128 3762/2696/2130 3763/2697/2131
f 3762/2696/2130 3764/2698/2132 3765/2699/2133
f 3765/2699/2133 3764/2698/2132 3766/2700/2134
f 3766/2700/2134 3767/2701/2135 3768/2702/2136
f 3767/2701/2135 3769/2703/2137 3770/2704/2138
f 3769/2703/2137 3771/2705/2139 3772/2706/2140
f 3772/2706/2140 3771/2705/2139 3773/2707/2141
f 3774/2708/2142 3773/2707/2141 3775/2709/2143
f 3775/2709/2143 3776/2710/2144 3777/2711/2145
f 3759/2693/2127 3777/2711/2145 3776/2710/2144
f 3778/2712/2146 3779/2713/2147 3780/2714/2148
f 3781/2715/2149 3776/2710/2144 3779/2713/2147
f 3716/2650/2084 3779/2713/2147 3778/2712/2146
f 3714/2648/2082 3778/2712/2146 3782/2716/2150
f 3779/2713/2147 3776/2710/2144 3783/2717/2151
f 3783/2717/2151 3776/2710/2144 3775/2709/2143
f 3784/2718/2152 3785/2719/2153 3786/2720/2154
f 3756/2690/2124 3784/2718/2152 3787/2721/2155
f 3755/2689/2123 3788/2722/2156 3784/2718/2152
f 3757/2691/2125 3787/2721/2155 3789/2723/2157
f 3750/2684/2118 3789/2723/2157 3760/2694/2128
f 3787/2721/2155 3786/2720/2154 3790/2724/2158
f 3788/2722/2156 3791/2725/2159 3785/2719/2153
f 3789/2723/2157 3790/2724/2158 3762/2696/2130
f 3792/2726/2160 3793/2727/2161 3794/2728/2162
f 3795/2729/2163 3796/2730/2164 3797/2731/2165
f 3797/2731/2165 3796/2730/2164 3798/2732/2166
f 3799/2733/2167 3798/2732/2166 3800/2734/2168
f 3801/2735/2169 3800/2734/2168 3802/2736/2170
f 3802/2736/2170 3803/2737/2171 3804/2738/2172
f 3805/2739/2173 3804/2738/2172 3806/2740/2174
f 3807/2741/2175 3801/2735/2169 3805/2739/2173
f 3808/2742/2176 3799/2733/2167 3801/2735/2169
f 3797/2731/2165 3799/2733/2167 3808/2742/2176
f 3792/2726/2160 3797/2731/2165 3809/2743/2177
f 3791/2725/2159 3793/2727/2161 3792/2726/2160
f 3800/2734/2168 3798/2732/2166 3810/2744/2178
f 3796/2730/2164 3811/2745/2179 3810/2744/2178
f 3812/2746/2180 3803/2737/2171 3802/2736/2170
f 3811/2745/2179 3796/2730/2164 3795/2729/2163
f 3806/2740/2174 3813/2747/2181 3814/2748/2182
f 3813/2747/2181 3815/2749/2183 3816/2750/2184
f 3816/2750/2184 3815/2749/2183 3817/2751/2185
f 3818/2752/2186 3817/2751/2185 3819/2753/2187
f 3807/2741/2175 3820/2754/2188 3821/2755/2189
f 3822/2756/2190 3814/2748/2182 3820/2754/2188
f 3823/2757/2191 3821/2755/2189 3824/2758/2192
f 3825/2759/2193 3824/2758/2192 3826/2760/2194
f 3820/2754/2188 3827/2761/2195 3828/2762/2196
f 3826/2760/2194 3824/2758/2192 3829/2763/2197
f 3824/2758/2192 3821/2755/2189 3828/2762/2196
f 3814/2748/2182 3816/2750/2184 3827/2761/2195
f 3786/2720/2154 3785/2719/2153 3809/2743/2177
f 3762/2696/2130 3790/2724/2158 3830/2764/2198
f 3830/2764/2198 3790/2724/2158 3786/2720/2154
f 3830/2764/2198 3825/2759/2193 3831/2765/2199
f 3807/2741/2175 3823/2757/2191 3808/2742/2176
f 3832/2766/2200 3823/2757/2191 3825/2759/2193
f 3808/2742/2176 3823/2757/2191 3832/2766/2200
f 3833/2767/2201 3834/2768/2202 3835/2769/2203
f 3828/2762/2196 3827/2761/2195 3834/2768/2202
f 3827/2761/2195 3816/2750/2184 3818/2752/2186
f 3829/2763/2197 3828/2762/2196 3833/2767/2201
f 3836/2770/2204 3829/2763/2197 3837/2771/2205
f 3837/2771/2205 3833/2767/2201 3838/2772/2206
f 3839/2773/2207 3840/2774/2208 3771/2705/2139
f 3818/2752/2186 3841/2775/2209 3835/2769/2203
f 3842/2776/2210 3771/2705/2139 3840/2774/2208
f 3843/2777/2211 3840/2774/2208 3844/2778/2212
f 3845/2779/2213 3844/2778/2212 3846/2780/2214
f 3847/2781/2215 3846/2780/2214 3848/2782/2216
f 3849/2783/2217 3848/2782/2216 3850/2784/2218
f 3851/2785/2219 3837/2771/2205 3852/2786/2220
f 3769/2703/2137 3851/2785/2219 3853/2787/2221
f 3767/2701/2135 3836/2770/2204 3851/2785/2219
f 3766/2700/2134 3826/2760/2194 3836/2770/2204
f 3831/2765/2199 3826/2760/2194 3766/2700/2134
f 3848/2782/2216 3854/2788/2222 3855/2789/2223
f 3854/2788/2222 3856/2790/2224 3857/2791/2225
f 3856/2790/2224 3858/2792/2226 3859/2793/2227
f 3858/2792/2226 3860/2794/2228 3861/2795/2229
f 3860/2794/2228 3841/2775/2209 3819/2753/2187
f 3862/2796/2230 3863/2797/2231 3856/2790/2224
f 3844/2778/2212 3864/2798/2232 3862/2796/2230
f 3846/2780/2214 3862/2796/2230 3854/2788/2222
f 3840/2774/2208 3839/2773/2207 3864/2798/2232
f 3864/2798/2232 3865/2799/2233 3863/2797/2231
f 3839/2773/2207 3853/2787/2221 3865/2799/2233
f 3835/2769/2203 3866/2800/2234 3867/2801/2235
f 3852/2786/2220 3838/2772/2206 3867/2801/2235
f 3853/2787/2221 3852/2786/2220 3868/2802/2236
f 3841/2775/2209 3860/2794/2228 3866/2800/2234
f 3856/2790/2224 3863/2797/2231 3869/2803/2237
f 3863/2797/2231 3865/2799/2233 3868/2802/2236
f 3858/2792/2226 3869/2803/2237 3866/2800/2234
f 3867/2801/2235 3866/2800/2234 3869/2803/2237
f 3849/2783/2217 3870/2804/2238 3871/2805/2239
f 3845/2779/2213 3847/2781/2215 3871/2805/2239
f 3843/2777/2211 3845/2779/2213 3872/2806/2240
f 3873/2807/2241 3874/2808/2242 3875/2809/2243
f 3875/2809/2243 3874/2808/2242 3876/2810/2244
f 3877/2811/2245 3878/2812/2246 3879/2813/2247
f 3880/2814/2248 3879/2813/2247 3881/2815/2249
f 3882/2816/2250 3875/2809/2243 3870/2804/2238
f 3842/2776/2210 3843/2777/2211 3691/2625/2059
f 3773/2707/2141 3771/2705/2139 3842/2776/2210
f 3883/2817/2251 3877/2811/2245 3871/2805/2239
f 3871/2805/2239 3877/2811/2245 3880/2814/2248
f 3872/2806/2240 3880/2814/2248 3692/2626/2060
f 3773/2707/2141 3842/2776/2210 3884/2818/2252
f 3883/2817/2251 3885/2819/2253 3878/2812/2246
f 3886/2820/2254 3775/2709/2143 3884/2818/2252
f 3887/2821/2255 3888/2822/2256 3889/2823/2257
f 3890/2824/2258 3887/2821/2255 3891/2825/2259
f 3892/2826/2133 3893/2827/2260 3894/2828/2261
f 3890/2824/2258 3895/2829/2262 3896/2830/2263
f 3897/2831/2264 3898/2832/2265 3896/2830/2263
f 3893/2827/2260 3899/2833/2266 3900/2834/2267
f 3899/2833/2266 3901/2835/2268 3902/2836/2269
f 3901/2835/2268 3897/2831/2264 3903/2837/2270
f 3904/2838/2126 3905/2839/2271 3889/2823/2257
f 3906/2840/2131 3907/2841/2272 3908/2842/2273
f 3909/2843/2274 3908/2842/2273 3905/2839/2271
f 3892/2826/2133 3910/2844/2275 3907/2841/2272
f 3894/2828/2261 3911/2845/2276 3912/2846/2277
f 3889/2823/2257 3905/2839/2271 3913/2847/2278
f 3902/2836/2269 3914/2848/2279 3915/2849/2280
f 3907/2841/2272 3916/2850/2281 3913/2847/2278
f 3900/2834/2267 3915/2849/2280 3911/2845/2276
f 3907/2841/2272 3910/2844/2275 3912/2846/2277
f 3896/2830/2263 3895/2829/2262 3917/2851/2282
f 3905/2839/2271 3908/2842/2273 3913/2847/2278
f 3903/2837/2270 3917/2851/2282 3914/2848/2279
f 3916/2850/2281 3912/2846/2277 3918/2852/2283
f 3913/2847/2278 3916/2850/2281 3919/2853/2284
f 3917/2851/2282 3895/2829/2262 3920/2854/2285
f 3921/2855/2286 3920/2854/2285 3919/2853/2284
f 3922/2856/2287 3918/2852/2283 3912/2846/2277
f 3920/2854/2285 3923/2857/2288 3924/2858/2289
f 3895/2829/2262 3891/2825/2259 3923/2857/2288
f 3917/2851/2282 3921/2855/2286 3925/2859/2290
f 3918/2852/2283 3922/2856/2287 3925/2859/2290
f 3891/2825/2259 3913/2847/2278 3924/2858/2289
f 3915/2849/2280 3914/2848/2279 3925/2859/2290
f 3911/2845/2276 3915/2849/2280 3922/2856/2287
f 3731/2665/2099 3730/2664/2098 3926/2860/2291
f 3927/2861/2292 3928/2862/2293 3929/2863/2294
f 3725/2659/2093 3930/2864/2295 3931/2865/2296
f 3724/2658/2092 3720/2654/2088 3932/2866/2297
f 3724/2658/2092 3933/2867/2298 3930/2864/2295
f 3934/2868/2296 3935/2869/2299 3936/2870/2300
f 3702/2636/2070 3701/2635/2069 3937/2871/2301
f 3701/2635/2069 3705/2639/2073 3938/2872/2302
f 3939/2873/2303 3940/2874/2304 3941/2875/2305
f 3942/2876/2306 3929/2863/2294 3943/2877/2307
f 3944/2878/2308 3945/2879/2309 3946/2880/2310
f 3947/2881/2311 3944/2878/2308 3942/2876/2306
f 3720/2654/2088 3719/2653/2087 3948/2882/2293
f 3707/2641/2075 3949/2883/2307 3948/2882/2293
f 3702/2636/2070 3950/2884/2311 3949/2883/2307
f 3947/2881/2311 3942/2876/2306 3943/2877/2307
f 3951/2885/2312 3952/2886/2313 3734/2668/2102
f 3953/2887/2314 3954/2888/2315 3955/2889/2316
f 3727/2661/2095 3931/2865/2296 3926/2860/2291
f 3731/2665/2099 3956/2890/2317 3951/2885/2312
f 3955/2889/2316 3939/2873/2303 3957/2891/2318
f 3958/2892/2319 3959/2893/2320 3960/2894/2321
f 3954/2888/2315 3934/2868/2296 3936/2870/2300
f 3961/2895/2298 3927/2861/2292 3962/2896/2322
f 3736/2670/2104 3734/2668/2102 3952/2886/2313
f 3963/2897/2313 3957/2891/2318 3939/2873/2303
f 3961/2895/2298 3962/2896/2322 3936/2870/2300
f 3928/2862/2293 3943/2877/2307 3929/2863/2294
f 3748/2682/2116 3736/2670/2104 3964/2898/2323
f 3959/2893/2320 3963/2897/2313 3939/2873/2303
f 3936/2870/2300 3965/2899/2324 3966/2900/2325
f 3955/2889/2316 3966/2900/2325 3940/2874/2304
f 3929/2863/2294 3942/2876/2306 3967/2901/2326
f 3962/2896/2322 3929/2863/2294 3968/2902/2327
f 3962/2896/2322 3969/2903/2328 3965/2899/2324
f 3942/2876/2306 3946/2880/2310 3970/2904/2329
f 3971/2905/2330 3972/2906/1048 3973/2907/2331
f 3969/2903/2328 3971/2905/2330 3974/2908/2332
f 3974/2908/2332 3940/2874/2304 3966/2900/2325
f 3940/2874/2304 3974/2908/2332 3973/2907/2331
f 3968/2902/2327 3967/2901/2326 3971/2905/2330
f 3972/2906/1048 3971/2905/2330 3967/2901/2326
f 3975/2909/2333 3976/2910/2334 3977/2911/2335
f 3978/2912/2336 3979/2913/2337 3697/2631/2065
f 3980/2914/2338 3981/2915/2339 3982/2916/2340
f 3983/2917/2341 3698/2632/2066 3697/2631/2065
f 3984/2918/2342 3985/2919/2343 3986/2920/2344
f 3981/2915/2339 3983/2917/2341 3987/2921/2345
f 3985/2919/2343 3705/2639/2073 3704/2638/2072
f 3988/2922/2346 3984/2918/2342 3989/2923/2347
f 3990/2924/2348 3989/2923/2347 3991/2925/2349
f 3986/2920/2344 3704/2638/2072 3710/2644/2078
f 3989/2923/2347 3986/2920/2344 3992/2926/2350
f 3991/2925/2349 3992/2926/2350 3983/2917/2341
f 3992/2926/2350 3710/2644/2078 3698/2632/2066
f 3993/2927/2351 3991/2925/2349 3981/2915/2339
f 3994/2928/2352 3995/2929/2353 3980/2914/2338
f 3996/2930/2354 3997/2931/2355 3995/2929/2353
f 3996/2930/2354 3998/2932/2356 3999/2933/2357
f 4000/2934/2358 4001/2935/2359 4002/2936/2360
f 3980/2914/2338 3995/2929/2353 4003/2937/2361
f 3990/2924/2348 4000/2934/2358 4004/2938/2362
f 3993/2927/2351 4003/2937/2361 4000/2934/2358
f 3995/2929/2353 3997/2931/2355 4005/2939/2363
f 4003/2937/2361 4005/2939/2363 4001/2935/2359
f 4001/2935/2359 4006/2940/2364 4002/2936/2360
f 4001/2935/2359 4007/2941/2365 4008/2942/2366
f 4007/2941/2365 4009/2943/2367 4010/2944/2368
f 4011/2945/2369 4012/2946/2370 4009/2943/2367
f 4011/2945/2369 4013/2947/2371 4014/2948/2372
f 4013/2947/2371 4015/2949/2373 4016/2950/2374
f 4015/2949/2373 4017/2951/2375 4018/2952/2376
f 4019/2953/2377 4020/2954/2378 4021/2955/2379
f 4005/2939/2363 4021/2955/2379 4007/2941/2365
f 4007/2941/2365 4021/2955/2379 4009/2943/2367
f 4005/2939/2363 3997/2931/2355 4019/2953/2377
f 3999/2933/2357 4022/2956/2380 4019/2953/2377
f 4022/2956/2380 4023/2957/2381 4020/2954/2378
f 4015/2949/2373 4024/2958/2382 4025/2959/2383
f 4021/2955/2379 4020/2954/2378 4026/2960/2384
f 4013/2947/2371 4027/2961/2385 4024/2958/2382
f 4011/2945/2369 4026/2960/2384 4027/2961/2385
f 4026/2960/2384 4011/2945/2369 4009/2943/2367
f 4011/2945/2369 4028/2962/2386 4012/2946/2370
f 4009/2943/2367 4012/2946/2370 4010/2944/2368
f 4029/2963/2115 4030/2964/2114 4017/2951/2375
f 4017/2951/2375 4030/2964/2114 4031/2965/2116
f 4022/2956/2380 4032/2966/2387 4033/2967/2388
f 3999/2933/2357 4034/2968/2389 4032/2966/2387
f 4023/2957/2381 4027/2961/2385 4026/2960/2384
f 4025/2959/2383 4035/2969/2390 4036/2970/2120
f 4024/2958/2382 4037/2971/2391 4035/2969/2390
f 4027/2961/2385 4023/2957/2381 4037/2971/2391
f 4035/2969/2390 4038/2972/2392 4039/2973/2123
f 4040/2974/2393 4038/2972/2392 4035/2969/2390
f 4033/2967/2388 4040/2974/2393 4037/2971/2391
f 4041/2975/2394 4034/2968/2389 3999/2933/2357
f 4042/2976/2395 4043/2977/2396 4032/2966/2387
f 4044/2978/2397 4045/2979/2398 4043/2977/2396
f 4046/2980/2399 4047/2981/2400 4045/2979/2398
f 4046/2980/2399 4048/2982/2401 4049/2983/2402
f 4050/2984/2403 4051/2985/2404 4049/2983/2402
f 4052/2986/2405 4053/2987/2406 4051/2985/2404
f 4054/2988/2407 4055/2989/2408 4053/2987/2406
f 4054/2988/2407 4056/2990/2409 4057/2991/2410
f 4056/2990/2409 4058/2992/2411 4059/2993/2412
f 4060/2994/2413 4061/2995/2414 4059/2993/2412
f 4061/2995/2414 4060/2994/2413 4041/2975/2394
f 4062/2996/2415 4063/2997/2416 4064/2998/2417
f 3998/2932/2356 3996/2930/2354 4063/2997/2416
f 4064/2998/2417 4063/2997/2416 3996/2930/2354
f 4065/2999/2418 4064/2998/2417 3994/2928/2352
f 4066/3000/2419 4061/2995/2414 4063/2997/2416
f 4066/3000/2419 4067/3001/2420 4059/2993/2412
f 4068/3002/2421 4069/3003/2422 4070/3004/2423
f 4071/3005/2424 4070/3004/2423 4038/2972/2392
f 4070/3004/2423 4072/3006/2156 4039/2973/2123
f 4073/3007/2425 4071/3005/2424 4040/2974/2393
f 4043/2977/2396 4073/3007/2425 4033/2967/2388
f 4074/3008/2426 4068/3002/2421 4071/3005/2424
f 4069/3003/2422 4075/3009/2159 4072/3006/2156
f 4045/2979/2398 4074/3008/2426 4073/3007/2425
f 4076/3010/2427 4077/3011/2162 4078/3012/2161
f 4079/3013/2428 4080/3014/2429 4076/3010/2427
f 4079/3013/2428 4081/3015/2430 4082/3016/2431
f 4081/3015/2430 4083/3017/2432 4084/3018/2433
f 4083/3017/2432 4085/3019/2434 4086/3020/2435
f 4087/3021/2172 4088/3022/2171 4086/3020/2435
f 4089/3023/2174 4087/3021/2172 4085/3019/2434
f 4090/3024/2436 4091/3025/2437 4085/3019/2434
f 4092/3026/2438 4090/3024/2436 4083/3017/2432
f 4092/3026/2438 4081/3015/2430 4079/3013/2428
f 4093/3027/2439 4079/3013/2428 4094/3028/2440
f 4094/3028/2440 4078/3012/2161 4075/3009/2159
f 4084/3018/2433 4095/3029/2180 4096/3030/2178
f 4096/3030/2178 4097/3031/2179 4080/3014/2429
f 4086/3020/2435 4088/3022/2171 4095/3029/2180
f 4076/3010/2427 4080/3014/2429 4097/3031/2179
f 4098/3032/2441 4099/3033/2181 4089/3023/2174
f 4100/3034/2442 4101/3035/2183 4099/3033/2181
f 4100/3034/2442 4102/3036/2443 4103/3037/2185
f 4102/3036/2443 4104/3038/2444 4105/3039/2187
f 4090/3024/2436 4106/3040/2445 4107/3041/2446
f 4091/3025/2437 4090/3024/2436 4108/3042/2447
f 4106/3040/2445 4109/3043/2448 4110/3044/2449
f 4111/3045/2450 4110/3044/2449 4109/3043/2448
f 4112/3046/2451 4113/3047/2452 4108/3042/2447
f 4111/3045/2450 4114/3048/2453 4115/3049/2454
f 4110/3044/2449 4115/3049/2454 4112/3046/2451
f 4113/3047/2452 4100/3034/2442 4098/3032/2441
f 4068/3002/2421 4116/3050/2455 4093/3027/2439
f 4117/3051/2456 4074/3008/2426 4045/2979/2398
f 4117/3051/2456 4116/3050/2455 4068/3002/2421
f 4118/3052/2457 4109/3043/2448 4117/3051/2456
f 4090/3024/2436 4092/3026/2438 4106/3040/2445
f 4116/3050/2455 4117/3051/2456 4109/3043/2448
f 4116/3050/2455 4106/3040/2445 4092/3026/2438
f 4119/3053/2458 4120/3054/2459 4121/3055/2460
f 4112/3046/2451 4119/3053/2458 4122/3056/2461
f 4113/3047/2452 4122/3056/2461 4102/3036/2443
f 4115/3049/2454 4123/3057/2462 4119/3053/2458
f 4114/3048/2453 4124/3058/2463 4123/3057/2462
f 4123/3057/2462 4125/3059/2464 4120/3054/2459
f 4055/2989/2408 4126/3060/2465 4127/3061/2466
f 4121/3055/2460 4104/3038/2444 4102/3036/2443
f 4128/3062/2467 4129/3063/2468 4126/3060/2465
f 4129/3063/2468 4130/3064/2469 4131/3065/2470
f 4130/3064/2469 4132/3066/2471 4133/3067/2472
f 4132/3066/2471 4134/3068/2473 4135/3069/2474
f 4134/3068/2473 3882/2816/2250 3850/2784/2218
f 4124/3058/2463 4136/3070/2475 4125/3059/2464
f 4053/2987/2406 4127/3061/2466 4136/3070/2475
f 4051/2985/2404 4053/2987/2406 4124/3058/2463
f 4049/2983/2402 4051/2985/2404 4114/3048/2453
f 4049/2983/2402 4111/3045/2450 4118/3052/2457
f 3855/2789/2223 4137/3071/2476 4135/3069/2474
f 3857/2791/2225 4138/3072/2477 4137/3071/2476
f 4139/3073/2227 4140/3074/2478 4138/3072/2477
f 4141/3075/2229 4142/3076/2479 4140/3074/2478
f 4105/3039/2187 4104/3038/2444 4142/3076/2479
f 4138/3072/2477 4143/3077/2480 4144/3078/2481
f 4144/3078/2481 4145/3079/2482 4131/3065/2470
f 4137/3071/2476 4144/3078/2481 4133/3067/2472
f 4145/3079/2482 4127/3061/2466 4126/3060/2465
f 4143/3077/2480 4146/3080/2483 4145/3079/2482
f 4146/3080/2483 4136/3070/2475 4127/3061/2466
f 4147/3081/2484 4148/3082/2485 4121/3055/2460
f 4125/3059/2464 4149/3083/2486 4147/3081/2484
f 4136/3070/2475 4146/3080/2483 4149/3083/2486
f 4148/3082/2485 4142/3076/2479 4104/3038/2444
f 4150/3084/2487 4143/3077/2480 4138/3072/2477
f 4143/3077/2480 4150/3084/2487 4149/3083/2486
f 4148/3082/2485 4150/3084/2487 4140/3074/2478
f 4147/3081/2484 4149/3083/2486 4150/3084/2487
f 4151/3085/2488 4152/3086/2489 4134/3068/2473
f 4130/3064/2469 4153/3087/2490 4151/3085/2488
f 4129/3063/2468 3977/2911/2335 4153/3087/2490
f 4154/3088/2491 3976/2910/2334 4155/3089/2492
f 3882/2816/2250 4134/3068/2473 4152/3086/2489
f 4128/3062/2467 4156/3090/2493 3977/2911/2335
f 4057/2991/2410 4128/3062/2467 4055/2989/2408
f 4151/3085/2488 4157/3091/2494 4158/3092/2495
f 4151/3085/2488 4153/3087/2490 4154/3088/2491
f 4153/3087/2490 3977/2911/2335 3976/2910/2334
f 4057/2991/2410 4059/2993/2412 4156/3090/2493
f 4067/3001/2420 4066/3000/2419 4159/3093/2496
f 4067/3001/2420 3975/2909/2333 4156/3090/2493
f 4160/3094/2413 4161/3095/2497 4162/3096/2498
f 4163/3097/2411 4164/3098/2499 4161/3095/2497
f 4165/3099/2399 4166/3100/2500 4167/3101/2501
f 4168/3102/2502 4164/3098/2499 4163/3097/2411
f 4169/3103/2503 4170/3104/2504 4168/3102/2502
f 4171/3105/2505 4167/3101/2501 4172/3106/2506
f 4173/3107/2403 4172/3106/2506 4174/3108/2507
f 4175/3109/2405 4174/3108/2507 4170/3104/2504
f 4176/3110/2389 4177/3111/2508 4162/3096/2498
f 4178/3112/2509 4179/3113/2510 4180/3114/2397
f 4181/3115/2511 4178/3112/2509 4182/3116/2395
f 4179/3113/2510 4166/3100/2500 4165/3099/2399
f 4183/3117/2512 4184/3118/2513 4167/3101/2501
f 4162/3096/2498 4161/3095/2497 4185/3119/2514
f 4186/3120/2515 4187/3121/2516 4174/3108/2507
f 4185/3119/2514 4188/3122/2517 4179/3113/2510
f 4184/3118/2513 4186/3120/2515 4172/3106/2506
f 4179/3113/2510 4188/3122/2517 4183/3117/2512
f 4189/3123/2518 4164/3098/2499 4168/3102/2502
f 4181/3115/2511 4185/3119/2514 4178/3112/2509
f 4187/3121/2516 4189/3123/2518 4170/3104/2504
f 4188/3122/2517 4190/3124/2519 4191/3125/2520
f 4185/3119/2514 4192/3126/2521 4190/3124/2519
f 4189/3123/2518 4193/3127/2522 4194/3128/2523
f 4190/3124/2519 4194/3128/2523 4193/3127/2522
f 4183/3117/2512 4191/3125/2520 4195/3129/2524
f 4192/3126/2521 4196/3130/2525 4194/3128/2523
f 4196/3130/2525 4161/3095/2497 4164/3098/2499
f 4197/3131/2526 4193/3127/2522 4189/3123/2518
f 4191/3125/2520 4193/3127/2522 4197/3131/2526
f 4161/3095/2497 4196/3130/2525 4192/3126/2521
f 4186/3120/2515 4195/3129/2524 4197/3131/2526
f 4184/3118/2513 4195/3129/2524 4186/3120/2515
f 4028/2962/2386 4198/3132/2527 4199/3133/2528
f 4200/3134/2529 4201/3135/2530 4202/3136/2531
f 4203/3137/2532 4204/3138/2533 4008/2942/2366
f 4006/2940/2364 4205/3139/2534 4206/3140/2535
f 4204/3138/2533 4205/3139/2534 4006/2940/2364
f 4207/3141/2532 4208/3142/2536 4209/3143/2533
f 3984/2918/2342 4210/3144/2537 4211/3145/2538
f 3985/2919/2343 4211/3145/2538 3938/2872/2302
f 3941/2875/2305 4212/3146/2539 4213/3147/2540
f 4214/3148/2541 4215/3149/2542 4202/3136/2531
f 4216/3150/2543 4214/3148/2541 3946/2880/2310
f 4217/3151/2537 4214/3148/2541 4216/3150/2543
f 4002/2936/2360 4206/3140/2535 4218/3152/2544
f 4218/3152/2544 4219/3153/2542 3988/2922/2346
f 4219/3153/2542 4210/3144/2537 3984/2918/2342
f 4217/3151/2537 4215/3149/2542 4214/3148/2541
f 4220/3154/2545 4014/2948/2372 4016/2950/2374
f 4221/3155/2527 4222/3156/2546 4223/3157/2547
f 4199/3133/2528 4203/3137/2532 4010/2944/2368
f 4028/2962/2386 4014/2948/2372 4220/3154/2545
f 4224/3158/2545 4213/3147/2540 4222/3156/2546
f 3958/2892/2319 3960/2894/2321 4225/3159/2548
f 4223/3157/2547 4222/3156/2546 4208/3142/2536
f 4226/3160/2549 4201/3135/2530 4200/3134/2529
f 4018/2952/2376 4227/3161/2550 4228/3162/2551
f 4229/3163/2552 4213/3147/2540 4224/3158/2545
f 4208/3142/2536 4201/3135/2530 4226/3160/2549
f 4230/3164/2544 4202/3136/2531 4215/3149/2542
f 4031/2965/2116 4231/3165/2553 4227/3161/2550
f 4225/3159/2548 3960/2894/2321 4213/3147/2540
f 4232/3166/2554 4233/3167/2555 4208/3142/2536
f 4212/3146/2539 4232/3166/2554 4222/3156/2546
f 4202/3136/2531 4234/3168/2556 4235/3169/2557
f 4201/3135/2530 4236/3170/2558 4234/3168/2556
f 4233/3167/2555 4236/3170/2558 4201/3135/2530
f 4214/3148/2541 4235/3169/2557 3970/2904/2329
f 3973/2907/2331 3972/2906/1048 4237/3171/2559
f 4238/3172/2560 4237/3171/2559 4236/3170/2558
f 4232/3166/2554 4212/3146/2539 4238/3172/2560
f 4212/3146/2539 3941/2875/2305 3973/2907/2331
f 4237/3171/2559 4235/3169/2557 4234/3168/2556
f 4235/3169/2557 4237/3171/2559 3972/2906/1048
f 4239/3173/2561 4240/3174/2562 4241/3175/2562
f 4241/3175/2562 4240/3174/2562 4242/3176/2563
f 4242/3176/2563 4243/3177/2564 4244/3178/2564
f 4243/3177/2564 4245/3179/2565 4246/3180/2565
f 4245/3179/2565 4247/3181/2566 4248/3182/2566
f 4247/3181/2566 4249/3183/2567 4250/3184/2567
f 4249/3183/2567 4251/3185/2568 4252/3186/2568
f 4253/3187/2568 4254/3188/2569 4255/3189/2569
f 4254/3188/2569 4256/3190/2570 4257/3191/2570
f 4256/3190/2570 4258/3192/2571 4259/3193/2571
f 4258/3192/2571 4260/3194/2572 4261/3195/2572
f 4260/3194/2572 4262/3196/2573 4263/3197/2573
f 4262/3196/2573 4264/3198/2574 4265/3199/2574
f 4264/3198/2574 4266/3200/2575 4267/3201/2575
f 4267/3201/2575 4266/3200/2575 4268/3202/2576
f 4268/3202/2576 4269/3203/2577 4270/3204/2577
f 4269/3203/2577 4271/3205/2578 4272/3206/2578
f 4271/3205/2578 4273/3207/2579 4274/3208/2579
f 4274/3208/2579 4273/3207/2579 4275/3209/2580
f 4275/3209/2580 4276/3210/2581 4277/3211/2581
f 4276/3210/2581 4278/3212/2582 4279/3213/2582
f 4278/3212/2582 4280/3214/2583 4281/3215/2583
f 4280/3214/2583 4282/3216/2584 4283/3217/2584
f 4282/3216/2584 4284/3218/2585 4285/3219/2585
f 4284/3218/2585 4286/3220/2586 4287/3221/2586
f 4286/3220/2586 4288/3222/2587 4289/3223/2587
f 4288/3222/2587 4290/3224/2588 4291/3225/2588
f 4290/3224/2588 4292/3226/2589 4293/3227/2589
f 4292/3226/2589 4294/3228/2590 4295/3229/2590
f 4294/3228/2590 4296/3230/2591 4297/3231/2591
f 4297/3231/2591 4296/3230/2591 4298/3232/2592
f 4298/3232/2592 4239/3173/2561 4299/3233/2561
f 4300/3234/2593 4301/3235/2594 4302/3236/2594
f 4301/3235/2594 4303/3237/2595 4304/3238/2595
f 4303/3237/2595 4305/3239/2596 4306/3240/2596
f 4305/3239/2596 4307/3241/2597 4308/3242/2597
f 4308/3242/2597 4307/3241/2597 4309/3243/2598
f 4310/3244/2598 4309/3243/2598 4311/3245/2599
f 4312/3246/2599 4311/3245/2599 4313/3247/2600
f 4313/3247/2600 4314/3248/2601 4315/3249/2601
f 4314/3248/2601 4316/3250/2602 4317/3251/2602
f 4316/3250/2602 4318/3252/2603 4319/3253/2603
f 4318/3252/2603 4320/3254/2604 4321/3255/2604
f 4320/3254/2604 4322/3256/2605 4323/3257/2605
f 4323/3257/2605 4322/3256/2605 4324/3258/2606
f 4324/3258/2606 4325/3259/2607 4326/3260/2607
f 4325/3259/2607 4327/3261/2608 4328/3262/2608
f 4327/3261/2608 4329/3263/2609 4330/3264/2609
f 4330/3264/2609 4329/3263/2609 4331/3265/2610
f 4331/3265/2610 4332/3266/2611 4333/3267/2611
f 4332/3266/2611 4334/3268/2612 4335/3269/2612
f 4334/3268/2612 4336/3270/2613 4337/3271/2613
f 4337/3271/2613 4336/3270/2613 4338/3272/2614
f 4339/3273/2614 4338/3272/2614 4340/3274/2615
f 4340/3274/2615 4341/3275/2616 4342/3276/2616
f 4341/3275/2616 4343/3277/2617 4344/3278/2617
f 4344/3278/2617 4343/3277/2617 4345/3279/2618
f 4345/3279/2618 4346/3280/2619 4347/3281/2619
f 4346/3280/2619 4348/3282/2620 4349/3283/2620
f 4348/3282/2620 4350/3284/2621 4351/3285/2621
f 4351/3285/2621 4350/3284/2621 4352/3286/2622
f 4353/3287/2622 4352/3286/2622 4354/3288/2623
f 4355/3289/2623 4354/3288/2623 4356/3290/2624
f 4356/3290/2624 4300/3234/2593 4357/3291/2593
s 0
f 4358/3292/2625 4359/3293/2626 4360/3294/2626
f 4359/3293/2627 4361/3295/2627 4362/3296/2627
s 1
f 4361/3295/2628 4363/3297/2629 4364/3298/2629
s 0
f 4364/3298/2630 4363/3297/2630 4365/3299/2631
f 4366/3300/2632 4365/3299/2632 4367/3301/2632
s 1
f 4367/3301/2633 4368/3302/2634 4369/3303/2634
s 0
f 4368/3302/2635 4370/3304/2635 4371/3305/2635
f 4371/3305/2636 4370/3304/2636 4372/3306/2636
f 4373/3307/2637 4372/3306/2637 4374/3308/2637
f 4374/3308/2638 4375/3309/2638 4376/3310/2638
s 1
f 4375/3309/2639 4377/3311/2640 4378/3312/2641
s 0
f 4377/3311/2641 4379/3313/2642 4380/3314/2642
f 4380/3314/2642 4379/3313/2642 4381/3315/2643
s 1
f 4381/3315/2644 4382/3316/2645 4383/3317/2645
s 0
f 4382/3316/2646 4384/3318/2647 4385/3319/2647
f 4385/3319/2648 4384/3318/2648 4386/3320/2649
f 4387/3321/2649 4386/3320/2649 4388/3322/2650
f 4389/3323/2651 4388/3322/2651 4390/3324/2651
f 4390/3324/2652 4391/3325/2652 4392/3326/2652
f 4391/3325/2653 4393/3327/2654 4394/3328/2654
f 4393/3327/2654 4395/3329/2655 4396/3330/2655
f 4395/3329/2655 4397/3331/2656 4398/3332/2656
f 4398/3332/2657 4397/3331/2657 4399/3333/2657
f 4400/3334/2658 4399/3333/2658 4401/3335/2658
f 4401/3335/2659 4402/3336/2659 4403/3337/2659
f 4402/3336/2660 4404/3338/2660 4405/3339/2660
s 1
f 4404/3338/2661 4406/3340/2662 4407/3341/2662
s 0
f 4407/3341/2663 4406/3340/2663 4408/3342/2663
f 4408/3342/2664 4409/3343/2664 4410/3344/2664
s 1
f 4409/3343/2665 4411/3345/2666 4412/3346/2666
s 0
f 4412/3346/2667 4411/3345/2667 4413/3347/2667
f 4414/3348/2668 4413/3347/2668 4358/3292/2669
s 1
f 4415/3349/2670 4416/3350/2671 4417/3351/2671
f 4416/3350/2671 4418/3352/2672 4419/3353/2672
f 4418/3352/2672 4420/3354/2673 4421/3355/2673
f 4421/3355/2673 4420/3354/2673 4422/3356/2674
f 4422/3356/2674 4423/3357/2675 4424/3358/2675
f 4424/3358/2675 4423/3357/2675 4425/3359/2676
f 4425/3359/2676 4426/3360/2677 4427/3361/2677
f 4426/3360/2677 4428/3362/2678 4429/3363/2678
f 4428/3362/2678 4430/3364/2679 4431/3365/2679
f 4430/3364/2679 4432/3366/2680 4433/3367/2680
f 4432/3366/2680 4434/3368/2681 4435/3369/2681
f 4434/3368/2681 4436/3370/2682 4437/3371/2682
f 4436/3370/2682 4438/3372/2683 4439/3373/2683
f 4438/3372/2683 4440/3374/2684 4441/3375/2684
f 4440/3374/2684 4442/3376/2685 4443/3377/2685
f 4442/3376/2685 4444/3378/2686 4445/3379/2686
f 4444/3378/2686 4446/3380/2687 4447/3381/2687
f 4446/3380/2687 4448/3382/2688 4449/3383/2688
f 4449/3383/2688 4448/3382/2688 4450/3384/2689
f 4450/3384/2689 4451/3385/2690 4452/3386/2690
f 4451/3385/2690 4453/3387/2691 4454/3388/2691
f 4453/3387/2691 4455/3389/2692 4456/3390/2692
f 4455/3389/2692 4457/3391/2693 4458/3392/2693
f 4457/3391/2693 4459/3393/2694 4460/3394/2694
f 4461/3395/2694 4462/3396/2695 4463/3397/2695
f 4463/3397/2695 4462/3396/2695 4464/3398/2696
f 4464/3398/2696 4465/3399/2697 4466/3400/2697
f 4466/3400/2697 4465/3399/2697 4467/3401/2698
f 4467/3401/2698 4468/3402/2699 4469/3403/2699
f 4468/3402/2699 4470/3404/2700 4471/3405/2700
f 4470/3404/2700 4472/3406/2701 4473/3407/2701
f 4472/3406/2701 4415/3349/2670 4474/3408/2670
f 4475/3409/2702 4476/3410/2702 4477/3411/2703
f 4477/3411/2703 4478/3412/2704 4479/3413/2704
f 4479/3413/2704 4478/3412/2704 4480/3414/2705
f 4480/3414/2705 4481/3415/2706 4482/3416/2706
f 4481/3415/2706 4483/3417/2707 4484/3418/2707
f 4483/3417/2707 4485/3419/2708 4486/3420/2708
f 4486/3420/2708 4485/3419/2708 4487/3421/2709
f 4487/3421/2709 4488/3422/2710 4489/3423/2710
f 4488/3422/2710 4490/3424/2711 4491/3425/2711
f 4490/3424/2711 4492/3426/2712 4493/3427/2712
f 4492/3426/2712 4494/3428/2713 4495/3429/2713
f 4494/3428/2713 4496/3430/2714 4497/3431/2714
f 4496/3430/2714 4498/3432/2715 4499/3433/2715
f 4498/3432/2715 4500/3434/2716 4501/3435/2716
f 4501/3435/2716 4500/3434/2716 4502/3436/2717
f 4502/3436/2717 4503/3437/2718 4504/3438/2718
f 4503/3437/2718 4505/3439/2719 4506/3440/2719
f 4506/3440/2719 4505/3439/2719 4507/3441/2720
f 4507/3441/2720 4508/3442/2721 4509/3443/2721
f 4508/3442/2721 4510/3444/2722 4511/3445/2722
f 4511/3445/2722 4510/3444/2722 4512/3446/2723
f 4513/3447/2723 4512/3446/2723 4514/3448/2724
f 4515/3449/2724 4514/3448/2724 4516/3450/2725
f 4517/3451/2725 4516/3450/2725 4518/3452/2726
f 4519/3453/2726 4518/3452/2726 4520/3454/2727
f 4521/3455/2727 4520/3454/2727 4522/3456/2728
f 4522/3456/2728 4523/3457/2729 4524/3458/2729
f 4523/3457/2729 4525/3459/2730 4526/3460/2730
f 4525/3459/2730 4527/3461/2731 4528/3462/2731
f 4527/3461/2731 4529/3463/2732 4530/3464/2732
f 4530/3464/2732 4529/3463/2732 4531/3465/2733
f 4532/3466/2733 4531/3465/2733 4476/3410/2702
f 4533/3467/2734 4534/3468/2734 4535/3469/2735
f 4535/3469/2735 4536/3470/2736 4537/3471/2736
f 4536/3470/2736 4538/3472/2737 4539/3473/2737
f 4538/3472/2737 4540/3474/2738 4541/3475/2738
f 4540/3474/2738 4542/3476/2739 4543/3477/2739
f 4542/3476/2739 4544/3478/2740 4545/3479/2740
f 4544/3478/2740 4546/3480/2741 4547/3481/2741
f 4548/3482/2741 4549/3483/2742 4550/3484/2742
f 4549/3483/2742 4551/3485/2743 4552/3486/2743
f 4552/3486/2743 4551/3485/2743 4553/3487/2744
f 4553/3487/2744 4554/3488/2745 4555/3489/2745
f 4554/3488/2745 4556/3490/2746 4557/3491/2746
f 4556/3490/2746 4558/3492/2747 4559/3493/2747
f 4558/3492/2747 4560/3494/2748 4561/3495/2748
f 4560/3494/2748 4562/3496/2749 4563/3497/2749
f 4562/3496/2749 4564/3498/2750 4565/3499/2750
f 4564/3498/2750 4566/3500/2751 4567/3501/2751
f 4567/3501/2751 4566/3500/2751 4568/3502/2752
f 4568/3502/2752 4569/3503/2753 4570/3504/2753
f 4569/3503/2753 4571/3505/2754 4572/3506/2754
f 4571/3505/2754 4573/3507/2755 4574/3508/2755
f 4574/3508/2755 4573/3507/2755 4575/3509/2756
f 4575/3509/2756 4576/3510/2757 4577/3511/2757
f 4576/3510/2757 4578/3512/2758 4579/3513/2758
f 4579/3513/2758 4578/3512/2758 4580/3514/2759
f 4580/3514/2759 4581/3515/2760 4582/3516/2760
f 4582/3516/2760 4581/3515/2760 4583/3517/2761
f 4583/3517/2761 4584/3518/2762 4585/3519/2762
f 4584/3518/2762 4586/3520/2763 4587/3521/2763
f 4587/3521/2763 4586/3520/2763 4588/3522/2764
f 4588/3522/2764 4589/3523/2765 4590/3524/2765
f 4589/3523/2765 4534/3468/2734 4533/3467/2734
f 4591/3525/2766 4592/3526/2766 4593/3527/2767
f 4593/3527/2767 4594/3528/2768 4595/3529/2768
f 4595/3529/2768 4594/3528/2768 4596/3530/2769
f 4596/3530/2769 4597/3531/2770 4598/3532/2770
f 4597/3531/2770 4599/3533/2771 4600/3534/2771
f 4599/3533/2771 4601/3535/2772 4602/3536/2772
f 4601/3535/2772 4603/3537/2773 4604/3538/2773
f 4604/3538/2773 4603/3537/2773 4605/3539/2774
f 4606/3540/2774 4605/3539/2774 4607/3541/2775
f 4607/3541/2775 4608/3542/2776 4609/3543/2776
f 4608/3542/2776 4610/3544/2777 4611/3545/2778
f 4610/3544/2777 4612/3546/2779 4613/3547/2779
f 4612/3546/2779 4614/3548/2780 4615/3549/2780
f 4615/3549/2780 4614/3548/2780 4616/3550/2781
f 4616/3550/2781 4617/3551/2782 4618/3552/2782
f 4618/3552/2782 4617/3551/2782 4619/3553/2783
f 4620/3554/2783 4619/3553/2783 4621/3555/2784
f 4622/3556/2784 4621/3555/2784 4623/3557/2785
f 4623/3557/2785 4624/3558/2786 4625/3559/2787
f 4624/3558/2786 4626/3560/2788 4627/3561/2788
f 4626/3560/2788 4628/3562/2789 4629/3563/2789
f 4628/3562/2789 4630/3564/2790 4631/3565/2790
f 4630/3564/2790 4632/3566/2791 4633/3567/2791
f 4632/3566/2791 4634/3568/2792 4635/3569/2792
f 4634/3568/2792 4636/3570/2793 4637/3571/2793
f 4637/3571/2793 4636/3570/2793 4638/3572/2794
f 4638/3572/2794 4639/3573/2795 4640/3574/2796
f 4639/3573/2795 4641/3575/2797 4642/3576/2797
f 4641/3575/2797 4643/3577/2798 4644/3578/2798
f 4643/3577/2798 4645/3579/2799 4646/3580/2799
f 4645/3579/2799 4647/3581/2800 4648/3582/2800
f 4648/3582/2800 4647/3581/2800 4592/3526/2766
s 0
f 4649/3583/2801 4650/3584/2801 4651/3585/2801
f 4652/3586/2802 4653/3587/2802 4654/3588/2802
f 4655/3589/2803 4656/3590/2804 4657/3591/2804
s 1
f 4658/3592/2805 4659/3593/2806 4660/3594/2807
f 4661/3595/2808 4662/3596/2809 4663/3597/2809
f 4664/3598/2810 4665/3599/2811 4651/3585/2811
f 4652/3586/2812 4666/3600/2812 4667/3601/2813
s 0
f 4668/3602/2814 4655/3589/2815 4669/3603/2815
f 4670/3604/2816 4660/3594/2816 4671/3605/2817
s 1
f 4672/3606/2818 4661/3595/2819 4673/3607/2820
f 4664/3598/2810 4674/3608/2810 4675/3609/2821
f 4676/3610/2822 4677/3611/2813 4667/3601/2813
f 4668/3602/2823 4678/3612/2823 4679/3613/2824
f 4680/3614/2825 4671/3605/2825 4681/3615/2826
s 0
f 4682/3616/2827 4672/3606/2828 4683/3617/2828
f 4684/3618/2829 4675/3609/2829 4685/3619/2829
s 1
f 4676/3610/2822 4686/3620/2822 4687/3621/2830
s 0
f 4688/3622/2831 4689/3623/2832 4681/3615/2832
s 1
f 4690/3624/2833 4682/3616/2834 4691/3625/2834
s 0
f 4692/3626/2835 4693/3627/2836 4685/3619/2836
s 1
f 4694/3628/2830 4687/3621/2830 4695/3629/2837
f 4688/3622/2838 4696/3630/2838 4697/3631/2839
f 4690/3624/2833 4698/3632/2833 4699/3633/2840
f 4700/3634/2824 4679/3613/2841 4701/3635/2842
f 4702/3636/2843 4692/3626/2844 4703/3637/2844
s 0
f 4704/3638/2845 4695/3629/2845 4705/3639/2846
s 1
f 4706/3640/2839 4697/3631/2839 4707/3641/2847
s 0
f 4708/3642/2848 4699/3633/2848 4650/3584/2849
s 1
f 4709/3643/2850 4701/3635/2842 4654/3588/2851
f 4656/3590/2852 4702/3636/2843 4710/3644/2843
f 4711/3645/2853 4705/3639/2853 4659/3593/2806
s 0
f 4712/3646/2854 4707/3641/2854 4663/3597/2855
s 1
f 4713/3647/2856 4714/3648/2857 4715/3649/2858
f 4714/3648/2857 4716/3650/2859 4715/3649/2858
f 4716/3650/2859 4717/3651/2860 4715/3649/2858
f 4717/3651/2860 4718/3652/2861 4715/3649/2858
f 4718/3652/2861 4719/3653/2862 4715/3649/2858
f 4719/3653/2862 4720/3654/2863 4715/3649/2858
f 4720/3654/2863 4721/3655/2864 4715/3649/2858
f 4721/3655/2864 4722/3656/2865 4715/3649/2858
f 4722/3656/2865 4723/3657/2866 4715/3649/2858
f 4723/3657/2866 4724/3658/2867 4715/3649/2858
f 4724/3658/2867 4725/3659/2868 4715/3649/2858
f 4725/3659/2868 4726/3660/2869 4715/3649/2858
f 4726/3660/2869 4727/3661/2870 4715/3649/2858
f 4727/3661/2870 4728/3662/2871 4715/3649/2858
f 4728/3662/2871 4729/3663/2872 4715/3649/2858
f 4729/3663/2872 4730/3664/2873 4715/3649/2858
f 4730/3664/2873 4731/3665/2874 4715/3649/2858
f 4731/3665/2874 4732/3666/2875 4715/3649/2858
f 4732/3666/2875 4733/3667/2876 4715/3649/2858
f 4733/3667/2876 4734/3668/2877 4715/3649/2858
f 4734/3668/2877 4735/3669/2878 4715/3649/2858
f 4735/3669/2878 4736/3670/2879 4715/3649/2858
f 4736/3670/2879 4737/3671/2880 4715/3649/2858
f 4737/3671/2880 4738/3672/2881 4715/3649/2858
f 4738/3672/2881 4739/3673/2882 4715/3649/2858
f 4739/3673/2882 4740/3674/2883 4715/3649/2858
f 4740/3674/2883 4741/3675/2884 4715/3649/2858
f 4741/3675/2884 4742/3676/2885 4715/3649/2858
f 4742/3676/2885 4743/3677/2886 4715/3649/2858
f 4743/3677/2886 4744/3678/2887 4715/3649/2858
f 4744/3678/2887 4745/3679/2888 4715/3649/2858
f 4745/3679/2888 4713/3647/2856 4715/3649/2858
f 4746/3680/2889 4747/3681/2890 4748/3682/2890
f 4748/3682/2890 4747/3681/2890 4749/3683/2891
f 4750/3684/2891 4749/3683/2891 4751/3685/2892
f 4752/3686/2892 4751/3685/2892 4753/3687/2893
f 4754/3688/2893 4753/3687/2893 4755/3689/2894
f 4755/3689/2894 4756/3690/2895 4757/3691/2895
f 4757/3691/2895 4756/3690/2895 4758/3692/2896
f 4759/3693/2897 4758/3692/2896 4760/3694/2898
f 4760/3694/2898 4761/3695/2899 4762/3696/2899
f 4762/3696/2899 4761/3695/2899 4763/3697/2900
f 4764/3698/2901 4765/3699/2902 4766/3700/2902
f 4767/3701/2903 4768/3702/2889 4769/3703/2889
f 4763/3697/2900 4767/3701/2903 4770/3704/2903
f 4771/3705/2904 4772/3706/2905 4773/3707/2905
f 4774/3708/2906 4775/3709/2907 4776/3710/2908
f 4765/3699/2902 4777/3711/2909 4778/3712/2909
f 4777/3711/2909 4779/3713/2910 4780/3714/2910
f 4781/3715/2911 4782/3716/2911 4780/3714/2910
f 4783/3717/2912 4784/3718/2912 4782/3716/2911
f 4783/3717/2912 4785/3719/2913 4786/3720/2913
f 4787/3721/2914 4788/3722/2915 4789/3723/2915
f 4790/3724/2916 4787/3721/2914 4791/3725/2914
f 4785/3719/2913 4792/3726/2917 4793/3727/2917
f 4788/3722/2915 4794/3728/2918 4795/3729/2918
f 4790/3724/2916 4796/3730/2916 4793/3727/2917
f 4794/3728/2918 4764/3698/2901 4797/3731/2901
f 4771/3705/2904 4798/3732/2904 4799/3733/2919
f 4800/3734/2919 4799/3733/2919 4801/3735/2920
f 4802/3736/2920 4801/3735/2920 4803/3737/2921
f 4804/3738/2922 4805/3739/2923 4806/3740/2923
f 4807/3741/2924 4808/3742/2924 4806/3740/2923
f 4809/3743/2921 4803/3737/2921 4810/3744/2925
f 4804/3738/2922 4811/3745/2922 4812/3746/2926
f 4807/3741/2924 4813/3747/2925 4810/3744/2925
f 4814/3748/2926 4812/3746/2926 4815/3749/2927
f 4816/3750/2927 4815/3749/2927 4817/3751/2928
f 4772/3706/2905 4818/3752/2928 4817/3751/2928
f 4819/3753/2929 4820/3754/2930 4821/3755/2931
f 4822/3756/2932 4823/3757/2933 4824/3758/2934
f 4825/3759/2935 4826/3760/2936 4827/3761/2937
f 4820/3754/2930 4828/3762/2938 4829/3763/2939
f 4830/3764/2940 4776/3710/2908 4831/3765/2941
f 4832/3766/2942 4833/3767/2943 4834/3768/2944
f 4835/3769/2945 4827/3761/2937 4836/3770/2946
f 4828/3762/2938 4837/3771/2947 4838/3772/2948
f 4839/3773/2949 4840/3774/2950 4841/3775/2951
f 4842/3776/2952 4836/3770/2946 4775/3709/2907
f 4837/3771/2947 4822/3756/2932 4843/3777/2953
f 4844/3778/2954 4845/3779/2955 4846/3780/2956
f 4819/3753/2929 4841/3775/2951 4847/3781/2957
f 4848/3782/2958 4849/3783/2959 4850/3784/2960
f 4845/3779/2955 4851/3785/2961 4852/3786/2962
f 4853/3787/2963 4854/3788/2964 4855/3789/2965
f 4856/3790/2966 4857/3791/2967 4849/3783/2959
f 4856/3790/2966 4858/3792/2968 4859/3793/2969
f 4860/3794/2970 4861/3795/2971 4862/3796/2972
f 4863/3797/2973 4832/3766/2942 4864/3798/2974
f 4858/3792/2968 4860/3794/2970 4865/3799/2975
f 4866/3800/2976 4867/3801/2977 4832/3766/2942
f 4861/3795/2971 4844/3778/2954 4868/3802/2978
f 4869/3803/2979 4870/3804/2980 4867/3801/2977
f 4871/3805/2981 4872/3806/2982 4873/3807/2983
f 4836/3770/2946 4874/3808/2984 4875/3809/2985
f 4822/3756/2932 4837/3771/2947 4871/3805/2981
f 4823/3757/2933 4876/3810/2986 4877/3811/2987
f 4820/3754/2930 4819/3753/2929 4878/3812/2988
f 4775/3709/2907 4875/3809/2985 4879/3813/2989
f 4823/3757/2933 4822/3756/2932 4880/3814/2990
f 4826/3760/2936 4877/3811/2987 4881/3815/2991
f 4828/3762/2938 4820/3754/2930 4882/3816/2992
f 4776/3710/2908 4879/3813/2989 4883/3817/2957
f 4827/3761/2937 4881/3815/2991 4874/3808/2984
f 4837/3771/2947 4828/3762/2938 4872/3806/2982
f 4884/3818/2993 4885/3819/2994 4869/3803/2979
f 4878/3812/2988 4847/3781/2957 4886/3820/2995
f 4874/3808/2984 4887/3821/2996 4888/3822/2997
f 4880/3814/2990 4871/3805/2981 4889/3823/2998
f 4876/3810/2986 4890/3824/2999 4891/3825/3000
f 4882/3816/2992 4878/3812/2988 4892/3826/3001
f 4875/3809/2985 4888/3822/2997 4893/3827/3002
f 4876/3810/2986 4880/3814/2990 4894/3828/3003
f 4877/3811/2987 4891/3825/3000 4884/3818/2993
f 4872/3806/2982 4882/3816/2992 4895/3829/3004
f 4879/3813/2989 4893/3827/3002 4896/3830/3005
f 4881/3815/2991 4884/3818/2993 4887/3821/2996
f 4885/3819/2994 4850/3784/2960 4870/3804/2980
f 4889/3823/2998 4873/3807/2983 4861/3795/2971
f 4892/3826/3001 4886/3820/2995 4851/3785/2961
f 4887/3821/2996 4869/3803/2979 4866/3800/2976
f 4894/3828/3003 4889/3823/2998 4860/3794/2970
f 4890/3824/2999 4856/3790/2966 4848/3782/2958
f 4895/3829/3004 4892/3826/3001 4845/3779/2955
f 4888/3822/2997 4866/3800/2976 4863/3797/2973
f 4890/3824/2999 4894/3828/3003 4858/3792/2968
f 4891/3825/3000 4848/3782/2958 4885/3819/2994
f 4873/3807/2983 4895/3829/3004 4844/3778/2954
f 4893/3827/3002 4863/3797/2973 4897/3831/2961
f 4824/3758/2934 4823/3757/2933 4826/3760/2936
f 4868/3802/2978 4846/3780/2956 4898/3832/3006
f 4846/3780/2956 4852/3786/2962 4899/3833/2944
f 4859/3793/2969 4865/3799/2975 4854/3788/2964
f 4849/3783/2959 4900/3834/3007 4901/3835/3008
f 4865/3799/2975 4862/3796/2972 4902/3836/3009
f 4867/3801/2977 4903/3837/3010 4833/3767/2943
f 4857/3791/2967 4904/3838/3011 4900/3834/3007
f 4850/3784/2960 4901/3835/3008 4905/3839/3012
f 4862/3796/2972 4868/3802/2978 4906/3840/3013
f 4870/3804/2980 4905/3839/3012 4903/3837/3010
f 4857/3791/2967 4859/3793/2969 4853/3787/2963
f 4907/3841/3014 4855/3789/2965 4908/3842/3015
f 4900/3834/3007 4909/3843/3016 4910/3844/3017
f 4854/3788/2964 4902/3836/3009 4911/3845/3018
f 4903/3837/3010 4912/3846/3019 4913/3847/3020
f 4904/3838/3011 4914/3848/3021 4909/3843/3016
f 4901/3835/3008 4910/3844/3017 4915/3849/3022
f 4902/3836/3009 4906/3840/3013 4916/3850/3023
f 4905/3839/3012 4915/3849/3022 4912/3846/3019
f 4904/3838/3011 4853/3787/2963 4907/3841/3014
f 4833/3767/2943 4913/3847/3020 4917/3851/3024
f 4906/3840/3013 4898/3832/3006 4918/3852/3025
f 4898/3832/3006 4899/3833/2944 4919/3853/3026
f 4920/3854/3027 4921/3855/3028 4922/3856/3029
f 4909/3843/3016 4923/3857/3030 4924/3858/3031
f 4855/3789/2965 4911/3845/3018 4925/3859/3032
f 4912/3846/3019 4926/3860/3033 4927/3861/3034
f 4914/3848/3021 4928/3862/3035 4923/3857/3030
f 4910/3844/3017 4924/3858/3031 4929/3863/3036
f 4911/3845/3018 4916/3850/3023 4930/3864/3037
f 4915/3849/3022 4929/3863/3036 4926/3860/3033
f 4914/3848/3021 4907/3841/3014 4931/3865/3038
f 4913/3847/3020 4927/3861/3034 4932/3866/3027
f 4916/3850/3023 4918/3852/3025 4933/3867/3039
f 4918/3852/3025 4919/3853/3026 4920/3854/3027
f 4934/3868/3040 4922/3856/3029 4935/3869/3041
f 4908/3842/3015 4936/3870/3042 4937/3871/3043
f 4924/3858/3031 4923/3857/3030 4938/3872/3044
f 4925/3859/3032 4939/3873/3045 4936/3870/3042
f 4927/3861/3034 4926/3860/3033 4940/3874/3046
f 4923/3857/3030 4928/3862/3035 4941/3875/3047
f 4929/3863/3036 4924/3858/3031 4942/3876/3048
f 4930/3864/3037 4934/3868/3040 4939/3873/3045
f 4926/3860/3033 4929/3863/3036 4943/3877/3049
f 4931/3865/3038 4937/3871/3043 4941/3875/3047
f 4932/3866/3027 4927/3861/3034 4944/3878/3050
f 4933/3867/3039 4922/3856/3029 4934/3868/3040
f 4945/3879/3051 4946/3880/3052 4947/3881/3053
f 4922/3856/3029 4921/3855/3028 4948/3882/3054
f 4937/3871/3043 4936/3870/3042 4949/3883/3055
f 4938/3872/3044 4950/3884/3056 4951/3885/3057
f 4936/3870/3042 4939/3873/3045 4952/3886/3058
f 4940/3874/3046 4953/3887/3059 4945/3879/3051
f 4941/3875/3047 4954/3888/3060 4950/3884/3056
f 4942/3876/3048 4951/3885/3057 4955/3889/3061
f 4939/3873/3045 4934/3868/3040 4956/3890/3062
f 4943/3877/3049 4955/3889/3061 4953/3887/3059
f 4941/3875/3047 4937/3871/3043 4957/3891/3063
f 4944/3878/3050 4945/3879/3051 4958/3892/3054
f 4956/3890/3062 4935/3869/3041 4959/3893/3064
f 4935/3869/3041 4948/3882/3054 4960/3894/3053
f 4957/3891/3063 4949/3883/3055 4961/3895/3065
f 4950/3884/3056 4962/3896/3066 4963/3897/3067
f 4949/3883/3055 4952/3886/3058 4964/3898/3068
f 4953/3887/3059 4965/3899/3069 4946/3880/3052
f 4954/3888/3060 4966/3900/3070 4962/3896/3066
f 4951/3885/3057 4963/3897/3067 4967/3901/3071
f 4952/3886/3058 4956/3890/3062 4968/3902/3072
f 4955/3889/3061 4967/3901/3071 4965/3899/3069
f 4954/3888/3060 4957/3891/3063 4969/3903/3073
f 4970/3904/3074 4971/3905/551 4972/3906/551
f 4971/3905/551 4973/3907/18 4974/3908/18
f 4973/3907/18 4975/3909/547 4976/3910/547
f 4975/3909/547 4977/3911/87 4978/3912/87
f 4977/3911/87 4979/3913/442 4980/3914/442
f 4979/3913/442 4981/3915/131 4982/3916/131
f 4981/3915/131 4983/3917/445 4984/3918/445
f 4983/3917/445 4985/3919/130 4986/3920/130
f 4985/3919/130 4987/3921/389 4988/3922/389
f 4987/3921/389 4989/3923/129 4990/3924/129
f 4989/3923/129 4991/3925/385 4992/3926/385
f 4991/3925/385 4993/3927/16 4994/3928/16
f 4993/3927/16 4995/3929/492 4996/3930/492
f 4995/3929/492 4997/3931/15 4998/3932/15
f 4999/3933/3075 5000/3934/3075 5001/3935/3076
f 5002/3936/495 5003/3937/17 5004/3938/17
f 4997/3931/15 5002/3936/495 5005/3939/495
f 5006/3940/3077 5007/3941/3078 5008/3942/3079
f 5009/3943/3080 5010/3944/3081 5011/3945/3081
f 5012/3946/3082 5013/3947/3082 5014/3948/3083
f 5015/3949/3084 5016/3950/3084 5017/3951/3085
f 5018/3952/3086 5019/3953/3087 5020/3954/3087
f 5021/3955/3088 5022/3956/3088 5023/3957/3089
f 5024/3958/3090 5025/3959/3090 5026/3960/3091
f 5027/3961/3076 5001/3935/3076 5028/3962/3092
f 5009/3943/3080 5029/3963/3080 5030/3964/3093
f 5031/3965/3094 5014/3948/3083 5022/3956/3088
f 5032/3966/3085 5017/3951/3085 5000/3934/3075
f 5018/3952/3086 5033/3967/3086 5011/3945/3081
f 5034/3968/3091 5026/3960/3091 5013/3947/3082
f 5035/3969/3089 5023/3957/3089 5016/3950/3084
f 5036/3970/3092 5028/3962/3092 5020/3954/3087
f 5024/3958/3090 5037/3971/3093 5030/3964/3093
f 5038/3972/3095 5039/3973/3096 5040/3974/3097
f 5041/3975/3098 5042/3976/3099 5043/3977/3100
f 5044/3978/3101 5006/3940/3077 5045/3979/3102
f 5046/3980/3103 5043/3977/3100 5047/3981/3104
f 5048/3982/3105 5044/3978/3101 5049/3983/3106
f 5050/3984/3107 5047/3981/3104 5051/3985/3108
f 5052/3986/3109 5048/3982/3105 5053/3987/3110
f 5054/3988/3111 5051/3985/3108 5055/3989/3112
f 5056/3990/3113 5052/3986/3109 5057/3991/3114
f 5058/3992/3115 5055/3989/3112 5059/3993/3116
f 5060/3994/3117 5061/3995/3095 5062/3996/3118
f 5063/3997/3119 5056/3990/3113 5039/3973/3096
f 5064/3998/3120 5065/3999/3121 5059/3993/3116
f 5066/4000/3122 5062/3996/3118 5067/4001/3123
f 5007/3941/3078 5064/3998/3120 5068/4002/3124
f 5069/4003/3125 5067/4001/3123 5042/3976/3099
f 5068/4002/3124 5059/3993/3116 5070/4004/3126
f 5062/3996/3118 5071/4005/3127 5072/4006/3128
f 5008/3942/3079 5068/4002/3124 5073/4007/3129
f 5067/4001/3123 5072/4006/3128 5074/4008/3130
f 5045/3979/3102 5008/3942/3079 5075/4009/3131
f 5042/3976/3099 5074/4008/3130 5076/4010/3132
f 5049/3983/3106 5045/3979/3102 5077/4011/3133
f 5043/3977/3100 5076/4010/3132 5078/4012/3134
f 5053/3987/3110 5049/3983/3106 5079/4013/3135
f 5047/3981/3104 5078/4012/3134 5080/4014/3136
f 5057/3991/3114 5053/3987/3110 5081/4015/3137
f 5051/3985/3108 5080/4014/3136 5082/4016/3138
f 5039/3973/3096 5057/3991/3114 5083/4017/3139
f 5055/3989/3112 5082/4016/3138 5070/4004/3126
f 5061/3995/3095 5084/4018/3140 5071/4005/3127
f 5085/4019/1595 5086/4020/3141 5087/4021/3142
f 5088/4022/3143 5089/4023/17 5090/4024/17
f 5091/4025/2858 5092/4026/3144 5093/4027/3145
f 5094/4028/3146 5093/4027/3145 5095/4029/130
f 5096/4030/130 5087/4021/3142 5086/4020/3141
f 5097/4031/1595 5098/4032/1595 5099/4033/3147
f 5097/4031/1595 5100/4034/3148 5101/4035/3149
f 5100/4034/3148 5102/4036/3150 5103/4037/87
f 5103/4037/87 5102/4036/3150 5104/4038/3151
f 5105/4039/3152 5104/4038/3151 5106/4040/2858
f 5107/4041/2858 5108/4042/3153 5109/4043/3154
f 5108/4042/3153 5110/4044/3155 5111/4045/16
f 5111/4045/16 5110/4044/3155 5112/4046/3156
f 5113/4047/1595 5114/4048/3157 5115/4049/3142
f 5116/4050/3143 5114/4048/3157 5088/4022/3143
f 5117/4051/3158 5118/4052/3158 5092/4026/3144
f 5118/4052/3158 5119/4053/2858 5092/4026/3144
f 5119/4053/2858 5120/4054/3146 5121/4055/3145
f 5120/4054/3146 5122/4056/130 5123/4057/130
f 5124/4058/130 5125/4059/130 5126/4060/3141
f 5085/4019/1595 5114/4048/3157 5116/4050/3143
f 5089/4023/17 5118/4052/3158 5117/4051/3158
f 5114/4048/3157 5113/4047/1595 5088/4022/3143
f 5117/4051/3158 5092/4026/3144 5091/4025/2858
f 5127/4061/3159 5128/4062/3159 5129/4063/87
f 5130/4064/3160 5131/4065/3160 5132/4066/3161
f 5133/4067/3162 5134/4068/3163 5135/4069/3163
f 5136/4070/3161 5132/4066/3161 5137/4071/3164
f 5134/4068/3163 5138/4072/3165 5139/4073/3165
f 5140/4074/3166 5141/4075/3166 5142/4076/3167
f 5137/4071/3164 5141/4075/3166 5140/4074/3166
f 5138/4072/3165 5143/4077/3168 5144/4078/3168
f 5142/4076/3167 5145/4079/3169 5146/4080/3169
f 5144/4078/3168 5143/4077/3168 5147/4081/3170
f 5145/4079/3169 5148/4082/3171 5149/4083/3171
f 5147/4081/3170 5150/4084/3172 5151/4085/3172
f 5149/4083/3171 5148/4082/3171 5152/4086/3173
f 5151/4085/3172 5150/4084/3172 5153/4087/3174
f 5154/4088/3173 5152/4086/3173 5155/4089/3175
f 5156/4090/3174 5153/4087/3174 5131/4065/3160
f 5155/4089/3175 5133/4067/3162 5157/4091/3162
f 5158/4092/3176 5159/4093/3177 5160/4094/3178
f 5161/4095/3179 5162/4096/16 5163/4097/16
f 5129/4063/87 5164/4098/3180 5165/4099/3180
f 5162/4096/16 5166/4100/3181 5167/4101/3181
f 5164/4098/3180 5168/4102/3182 5169/4103/3182
f 5166/4100/3181 5170/4104/3183 5171/4105/3184
f 5169/4103/3182 5168/4102/3182 5172/4106/3185
f 5170/4104/3183 5173/4107/3186 5174/4108/3186
f 5175/4109/3185 5172/4106/3185 5176/4110/3187
f 5177/4111/3188 5178/4112/3189 5179/4113/3189
f 5174/4108/3186 5173/4107/3186 5180/4114/3190
f 5176/4110/3187 5181/4115/3191 5182/4116/3191
f 5178/4112/3189 5183/4117/3192 5184/4118/3193
f 5182/4116/3191 5181/4115/3191 5185/4119/3194
f 5183/4117/3192 5128/4062/3159 5127/4061/3159
f 5185/4119/3194 5161/4095/3179 5186/4120/3179
f 5187/4121/3195 5188/4122/3196 5189/4123/3197
f 5190/4124/3198 5191/4125/3199 5192/4126/3200
f 5193/4127/3201 5160/4094/3178 5194/4128/3202
f 5195/4129/3203 5196/4130/3204 5192/4126/3200
f 5197/4131/3205 5198/4132/3206 5194/4128/3202
f 5199/4133/3207 5195/4129/3203 5200/4134/3208
f 5201/4135/3209 5197/4131/3205 5202/4136/3210
f 5199/4133/3207 5203/4137/3211 5204/4138/3212
f 5201/4135/3209 5205/4139/3213 5187/4121/3195
f 5206/4140/3214 5204/4138/3212 5207/4141/3215
f 5208/4142/3216 5187/4121/3195 5209/4143/3217
f 5210/4144/3218 5211/4145/3219 5207/4141/3215
f 5212/4146/3220 5213/4147/3221 5209/4143/3217
f 5210/4144/3218 5214/4148/3222 5159/4093/3177
f 5190/4124/3198 5215/4149/3223 5216/4150/3224
f 5212/4146/3220 5217/4151/3225 5218/4152/3224
f 5207/4141/3215 5219/4153/3226 5220/4154/3227
f 5209/4143/3217 5189/4123/3197 5221/4155/3228
f 5214/4148/3222 5220/4154/3227 5222/4156/3229
f 5191/4125/3199 5216/4150/3224 5223/4157/3230
f 5217/4151/3225 5221/4155/3228 5224/4158/3230
f 5160/4094/3178 5159/4093/3177 5222/4156/3229
f 5191/4125/3199 5225/4159/3231 5226/4160/3232
f 5194/4128/3202 5160/4094/3178 5227/4161/3233
f 5192/4126/3200 5226/4160/3232 5228/4162/3234
f 5202/4136/3210 5194/4128/3202 5229/4163/3235
f 5200/4134/3208 5228/4162/3234 5230/4164/3236
f 5205/4139/3213 5202/4136/3210 5231/4165/3237
f 5204/4138/3212 5203/4137/3211 5230/4164/3236
f 5205/4139/3213 5232/4166/3238 5188/4122/3196
f 5207/4141/3215 5204/4138/3212 5233/4167/3239
s 0
f 5234/4168/3240 5235/4169/3240 5236/4170/3240
f 5237/4171/3240 5238/4172/3240 5239/4173/3240
f 5234/4168/3241 5240/4174/3241 5241/4175/3241
f 5238/4172/3240 5242/4176/3240 5243/4177/3240
f 5244/4178/3241 5245/4179/3241 5241/4175/3241
f 5242/4176/3240 5246/4180/3240 5247/4181/3240
f 5244/4178/3240 5248/4182/3240 5249/4183/3240
f 5250/4184/3240 5251/4185/3240 5252/4186/3240
f 5250/4184/3241 5253/4187/3241 5247/4181/3241
f 5254/4188/3241 5255/4189/3241 5249/4183/3241
f 5256/4190/3240 5257/4191/3240 5252/4186/3240
f 5254/4188/3240 5258/4192/3240 5259/4193/3240
f 5260/4194/3241 5261/4195/3241 5257/4191/3241
f 5262/4196/3240 5263/4197/3240 5259/4193/3240
f 5264/4198/3241 5236/4170/3241 5261/4195/3241
f 5262/4196/3240 5237/4171/3240 5265/4199/3240
s 1
f 5266/4200/3242 5267/4201/3243 5268/4202/3244
f 5269/4203/3245 5270/4204/3246 5271/4205/3247
f 5272/4206/3248 5273/4207/3249 5274/4208/3250
f 5275/4209/3251 5276/4210/3251 5277/4211/3252
f 5278/4212/3253 5279/4213/3253 5280/4214/3254
f 5281/4215/3255 5282/4216/3255 5276/4210/3251
f 5283/4217/3256 5284/4218/3256 5279/4213/3253
f 5285/4219/3257 5284/4218/3256 5283/4217/3256
f 5286/4220/3257 5287/4221/3252 5277/4211/3252
f 5288/4222/3258 5289/4223/3259 5290/4224/3260
f 5291/4225/3261 5292/4226/3262 5293/4227/3263
f 5294/4228/3264 5291/4225/3261 5295/4229/3261
f 5296/4230/3265 5297/4231/3266 5298/4232/3267
f 5299/4233/3268 5300/4234/3269 5301/4235/3270
f 5302/4236/3271 5303/4237/3272 5304/4238/3273
f 5305/4239/3274 5306/4240/3275 5307/4241/3276
f 5305/4239/3274 5308/4242/3277 5309/4243/3278
f 5310/4244/3279 5311/4245/1595 5309/4243/3278
s 0
f 5312/4246/2858 5313/4247/2858 5314/4248/2858
f 5315/4249/2858 5316/4250/2858 5312/4246/2858
f 5317/4251/2858 5316/4250/2858 5315/4249/2858
f 5318/4252/2858 5319/4253/2858 5317/4251/2858
f 5320/4254/2858 5321/4255/2858 5319/4253/2858
f 5322/4256/2858 5323/4257/2858 5321/4255/2858
s 1
f 5324/4258/3280 5325/4259/3281 5326/4260/3281
f 5327/4261/3282 5324/4258/3280 5328/4262/3280
f 5329/4263/3283 5330/4264/3283 5327/4261/3282
f 5331/4265/3284 5330/4264/3283 5329/4263/3283
f 5332/4266/3285 5333/4267/3285 5331/4265/3284
f 5334/4268/3286 5335/4269/3287 5336/4270/3287
f 5337/4271/3288 5338/4272/3288 5339/4273/3289
f 5340/4274/3289 5339/4273/3289 5341/4275/3290
f 5341/4275/3290 5342/4276/3291 5343/4277/3291
f 5342/4276/3291 5344/4278/3292 5345/4279/3292
f 5344/4278/3292 5346/4280/3293 5347/4281/3293
f 5346/4280/3293 5348/4282/3294 5349/4283/3294
s 0
f 5350/4284/2858 5351/4285/2858 5352/4286/2858
f 5353/4287/2858 5354/4288/2858 5355/4289/2858
f 5353/4287/2858 5356/4290/2858 5357/4291/2858
f 5358/4292/2858 5359/4293/2858 5357/4291/2858
f 5360/4294/2858 5361/4295/2858 5359/4293/2858
f 5362/4296/2858 5352/4286/2858 5361/4295/2858
s 1
f 5363/4297/3295 5364/4298/3295 5365/4299/3296
f 5366/4300/3297 5367/4301/3297 5364/4298/3295
f 5368/4302/3298 5369/4303/3298 5367/4301/3297
f 5370/4304/3299 5371/4305/3300 5372/4306/3300
f 5371/4305/3300 5373/4307/3301 5374/4308/3301
f 5375/4309/3296 5365/4299/3296 5374/4308/3301
f 5376/4310/3302 5377/4311/3303 5378/4312/3304
f 5379/4313/3305 5380/4314/3306 5381/4315/3307
f 5382/4316/3308 5383/4317/3309 5384/4318/3310
f 5385/4319/3311 5292/4226/3262 5386/4320/3312
f 5387/4321/3313 5388/4322/3314 5389/4323/3315
f 5390/4324/3316 5391/4325/3317 5392/4326/3318
f 5393/4327/3319 5394/4328/3320 5395/4329/3321
f 5396/4330/3322 5397/4331/3323 5398/4332/3324
f 5399/4333/3325 5400/4334/3326 5401/4335/3327
f 5402/4336/3328 5403/4337/3329 5397/4331/3323
f 5404/4338/3330 5405/4339/3331 5406/4340/3332
f 5407/4341/3333 5408/4342/3334 5409/4343/3335
f 5410/4344/3336 5411/4345/3337 5412/4346/3338
f 5413/4347/3339 5414/4348/3340 5415/4349/3341
f 5310/4244/3279 5416/4350/3342 5417/4351/3343
f 5418/4352/3344 5419/4353/3345 5420/4354/3346
f 5421/4355/3347 5422/4356/3348 5423/4357/3349
f 5424/4358/3350 5425/4359/3351 5426/4360/3352
f 5427/4361/3353 5428/4362/3354 5429/4363/3355
f 5430/4364/3356 5431/4365/3357 5432/4366/3358
f 5433/4367/3359 5434/4368/3360 5435/4369/3361
f 5436/4370/3362 5437/4371/3363 5438/4372/3364
f 5436/4370/3362 5266/4200/3242 5439/4373/3365
f 5440/4374/3366 5438/4372/3364 5441/4375/3367
f 5442/4376/3368 5443/4377/3369 5429/4363/3355
f 5444/4378/3370 5445/4379/3371 5426/4360/3352
f 5446/4380/3372 5447/4381/3373 5448/4382/3374
f 5449/4383/3375 5450/4384/3376 5451/4385/3377
f 5452/4386/3378 5453/4387/3379 5301/4235/3270
s 0
f 5454/4388/3380 5455/4389/3380 5453/4387/3380
f 5454/4388/3381 5456/4390/3381 5457/4391/3381
s 1
f 5456/4390/3382 5458/4392/3383 5459/4393/3384
f 5460/4394/3385 5461/4395/3386 5462/4396/3387
f 5463/4397/3388 5464/4398/3389 5462/4396/3387
f 5463/4397/3388 5465/4399/3390 5466/4400/3391
f 5467/4401/3392 5468/4402/3393 5469/4403/3394
f 5470/4404/3395 5466/4400/3391 5471/4405/3396
f 5460/4394/3385 5467/4401/3392 5472/4406/3397
f 5473/4407/3398 5474/4408/3399 5475/4409/3399
f 5476/4410/3400 5477/4411/3400 5478/4412/3401
f 5479/4413/3402 5480/4414/3403 5481/4415/3403
f 5482/4416/3404 5483/4417/3405 5484/4418/3406
s 0
f 5313/4247/2858 5485/4419/2858 5486/4420/2858
s 1
f 5271/4205/3247 5459/4393/3384 5487/4421/3407
f 5458/4392/3383 5487/4421/3407 5459/4393/3384
f 5274/4208/3250 5273/4207/3249 5299/4233/3268
f 5488/4422/3408 5489/4423/3409 5490/4424/3409
f 5491/4425/3410 5492/4426/3411 5493/4427/3412
f 5494/4428/3413 5495/4429/3414 5496/4430/3415
f 5497/4431/3416 5498/4432/3417 5499/4433/3418
s 0
f 5500/4434/2858 5501/4435/2858 5502/4436/2858
s 1
f 5503/4437/3419 5504/4438/3420 5505/4439/3421
f 5506/4440/3422 5507/4441/3423 5508/4442/3424
f 5509/4443/3425 5507/4441/3423 5510/4444/3426
f 5511/4445/3427 5512/4446/3428 5513/4447/3429
f 5514/4448/3430 5407/4341/3333 5515/4449/3431
f 5419/4353/3345 5516/4450/3432 5517/4451/3433
f 5518/4452/3434 5421/4355/3347 5519/4453/3435
f 5519/4453/3435 5296/4230/3265 5520/4454/3436
f 5418/4352/3344 5516/4450/3432 5419/4353/3345
f 5521/4455/3437 5517/4451/3433 5298/4232/3267
f 5303/4237/3272 5522/4456/3438 5379/4313/3305
f 5523/4457/3439 5399/4333/3325 5524/4458/3440
f 5525/4459/3441 5304/4238/3273 5526/4460/3442
f 5293/4227/3263 5292/4226/3262 5385/4319/3311
f 5527/4461/3443 5415/4349/3341 5414/4348/3340
f 5403/4337/3329 5402/4336/3328 5528/4462/3444
f 5398/4332/3324 5449/4383/3375 5529/4463/3445
f 5530/4464/3446 5491/4425/3410 5531/4465/3447
f 5409/4343/3335 5408/4342/3334 5532/4466/3448
f 5533/4467/3449 5386/4320/3312 5534/4468/3450
f 5380/4314/3306 5535/4469/3451 5523/4457/3439
f 5413/4347/3339 5294/4228/3264 5536/4470/3452
f 5302/4236/3271 5537/4471/3453 5522/4456/3438
f 5538/4472/3454 5539/4473/3455 5540/4474/3456
f 5541/4475/3457 5542/4476/3458 5543/4477/3459
f 5544/4478/3460 5545/4479/3461 5546/4480/3462
f 5547/4481/3463 5548/4482/3464 5549/4483/3465
f 5550/4484/3466 5551/4485/3467 5552/4486/3468
f 5553/4487/3469 5554/4488/3470 5555/4489/3471
s 0
f 5556/4490/2858 5557/4491/2858 5558/4492/2858
s 1
f 5559/4493/3472 5560/4494/3473 5561/4495/3474
f 5562/4496/3475 5563/4497/3476 5504/4438/3420
f 5564/4498/3477 5565/4499/3478 5566/4500/3479
f 5567/4501/3480 5568/4502/3481 5378/4312/3304
f 5569/4503/3482 5570/4504/3483 5571/4505/3484
f 5572/4506/3485 5573/4507/3486 5574/4508/3486
f 5575/4509/3487 5576/4510/3488 5577/4511/3488
f 5578/4512/3489 5579/4513/3490 5580/4514/3491
f 5581/4515/3492 5582/4516/3493 5583/4517/3493
f 5584/4518/3494 5585/4519/3495 5586/4520/3496
f 5587/4521/3497 5290/4224/3260 5588/4522/3498
s 0
f 5589/4523/2858 5590/4524/2858 5557/4491/2858
s 1
f 5591/4525/3499 5592/4526/3499 5593/4527/3500
f 5594/4528/3501 5595/4529/3502 5596/4530/3503
f 5597/4531/3504 5598/4532/3505 5599/4533/3506
f 5600/4534/3507 5601/4535/3507 5602/4536/3508
f 5603/4537/3509 5604/4538/3510 5605/4539/3511
f 5606/4540/3512 5607/4541/3513 5608/4542/3514
f 5578/4512/3489 5609/4543/3515 5610/4544/3516
f 5611/4545/3517 5612/4546/3518 5613/4547/3519
f 5614/4548/3520 5615/4549/3521 5616/4550/3522
f 5617/4551/3523 5618/4552/3524 5619/4553/3525
f 5546/4480/3462 5620/4554/3526 5621/4555/3527
f 5622/4556/3528 5617/4551/3523 5623/4557/3529
f 5624/4558/3530 5625/4559/3531 5626/4560/3532
f 5627/4561/3533 5581/4515/3492 5628/4562/3492
f 5629/4563/3534 5630/4564/3534 5631/4565/3535
f 5388/4322/3314 5632/4566/3536 5633/4567/3537
f 5634/4568/3538 5613/4547/3519 5635/4569/3539
f 5584/4518/3494 5599/4533/3506 5598/4532/3505
f 5636/4570/3540 5547/4481/3463 5564/4498/3477
f 5637/4571/3541 5638/4572/3542 5639/4573/3543
f 5640/4574/3544 5641/4575/3545 5642/4576/3546
f 5643/4577/3547 5612/4546/3518 5611/4545/3517
f 5644/4578/3548 5592/4526/3499 5591/4525/3499
f 5645/4579/3549 5646/4580/3549 5647/4581/3550
f 5648/4582/3551 5649/4583/3552 5650/4584/3553
f 5651/4585/3554 5652/4586/3554 5653/4587/3555
s 0
f 5654/4588/2858 5655/4589/2858 5656/4590/2858
s 1
f 5657/4591/3556 5658/4592/3556 5659/4593/3557
f 5660/4594/3558 5661/4595/3559 5662/4596/3560
f 5593/4527/3500 5663/4597/3561 5594/4528/3501
f 5664/4598/3562 5665/4599/3563 5666/4600/3564
f 5664/4598/3562 5667/4601/3565 5644/4578/3548
f 5668/4602/3566 5669/4603/3567 5670/4604/3568
f 5671/4605/3569 5672/4606/3569 5673/4607/3570
f 5674/4608/3571 5675/4609/3572 5676/4610/3573
s 0
f 5677/4611/2858 5678/4612/2858 5679/4613/2858
s 1
f 5680/4614/3574 5681/4615/3574 5652/4586/3554
f 5682/4616/3575 5683/4617/3576 5684/4618/3576
f 5685/4619/3577 5686/4620/3578 5687/4621/3579
f 5688/4622/3580 5682/4616/3575 5689/4623/3575
f 5641/4575/3545 5690/4624/3581 5691/4625/3582
s 0
f 5692/4626/2858 5693/4627/2858 5694/4628/2858
s 1
f 5695/4629/3583 5696/4630/3584 5697/4631/3585
f 5489/4423/3409 5336/4270/3287 5335/4269/3287
f 5698/4632/3586 5699/4633/3587 5700/4634/3588
f 5683/4617/3576 5627/4561/3533 5701/4635/3533
f 5702/4636/3589 5666/4600/3564 5703/4637/3590
f 5704/4638/3591 5705/4639/1595 5546/4480/3462
s 0
f 5706/4640/2858 5707/4641/2858 5708/4642/2858
s 1
f 5709/4643/3570 5673/4607/3570 5688/4622/3580
f 5710/4644/3592 5614/4548/3520 5512/4446/3428
f 5711/4645/3593 5712/4646/3594 5713/4647/3595
f 5714/4648/3596 5715/4649/3597 5640/4574/3544
f 5716/4650/3598 5717/4651/3599 5621/4555/3527
f 5718/4652/3600 5719/4653/3600 5720/4654/3601
s 0
f 5721/4655/2858 5558/4492/2858 5693/4627/2858
s 1
f 5722/4656/3550 5647/4581/3550 5723/4657/3602
s 0
f 5724/4658/2858 5679/4613/2858 5590/4524/2858
s 1
f 5725/4659/3602 5723/4657/3602 5726/4660/3603
f 5727/4661/3604 5728/4662/3605 5552/4486/3468
s 0
f 5729/4663/2858 5730/4664/2858 5731/4665/2858
s 1
f 5732/4666/3606 5545/4479/3461 5544/4478/3460
f 5733/4667/3607 5734/4668/3608 5735/4669/3609
f 5736/4670/3610 5713/4647/3595 5712/4646/3594
f 5607/4541/3513 5604/4538/3510 5603/4537/3509
f 5737/4671/3611 5738/4672/3611 5612/4546/3518
f 5387/4321/3313 5739/4673/3612 5740/4674/3613
f 5710/4644/3592 5615/4549/3521 5614/4548/3520
f 5662/4596/3560 5661/4595/3559 5741/4675/3614
f 5585/4519/3495 5738/4672/3611 5737/4671/3611
f 5742/4676/3615 5616/4550/3522 5743/4677/3616
f 5744/4678/3617 5745/4679/3618 5746/4680/3618
f 5747/4681/3619 5748/4682/3619 5749/4683/3555
f 5750/4684/3620 5670/4604/3568 5570/4504/3483
f 5668/4602/3566 5751/4685/3621 5740/4674/3613
f 5752/4686/3622 5741/4675/3614 5753/4687/3623
s 0
f 5754/4688/2858 5656/4590/2858 5730/4664/2858
f 5755/4689/3379 5756/4690/3379 5757/4691/3379
f 5758/4692/2858 5759/4693/2858 5707/4641/2858
f 5755/4689/3624 5760/4694/3624 5717/4651/3625
s 1
f 5542/4476/3458 5541/4475/3457 5715/4649/3597
f 5756/4690/3626 5711/4645/3593 5713/4647/3595
f 5761/4695/3627 5762/4696/3628 5736/4670/3610
f 5763/4697/3629 5761/4695/3627 5764/4698/3630
f 5765/4699/3631 5766/4700/3632 5626/4560/3532
f 5767/4701/3633 5768/4702/3634 5769/4703/3598
f 5770/4704/3635 5771/4705/3636 5772/4706/3637
s 0
f 5773/4707/2858 5774/4708/2858 5775/4709/2858
s 1
f 5776/4710/3638 5777/4711/3639 5778/4712/3640
f 5657/4591/3556 5779/4713/3508 5602/4536/3508
f 5780/4714/3641 5781/4715/3642 5782/4716/3643
f 5783/4717/3585 5697/4631/3585 5784/4718/3644
f 5785/4719/3645 5786/4720/3646 5505/4439/3421
f 5495/4429/3414 5787/4721/3647 5788/4722/3648
f 5789/4723/3649 5790/4724/3650 5791/4725/3651
f 5792/4726/3652 5793/4727/3653 5794/4728/3654
f 5795/4729/3655 5635/4569/3539 5796/4730/3656
f 5797/4731/3657 5798/4732/3658 5799/4733/3659
f 5800/4734/3660 5801/4735/3660 5802/4736/3661
f 5803/4737/3662 5804/4738/3663 5805/4739/3664
f 5806/4740/3665 5807/4741/3661 5802/4736/3661
f 5808/4742/3666 5809/4743/3666 5810/4744/3667
f 5811/4745/3668 5812/4746/3669 5813/4747/3669
f 5687/4621/3579 5686/4620/3578 5814/4748/3670
f 5815/4749/3671 5816/4750/3671 5817/4751/3672
f 5818/4752/3673 5819/4753/3673 5816/4750/3671
s 0
f 5820/4754/2858 5821/4755/2858 5822/4756/2858
f 5823/4757/2858 5824/4758/2858 5825/4759/2858
s 1
f 5826/4760/3674 5827/4761/3674 5828/4762/3601
f 5829/4763/3675 5830/4764/3675 5630/4564/3534
s 0
f 5831/4765/2858 5825/4759/2858 5775/4709/2858
s 1
f 5832/4766/3676 5833/4767/3677 5834/4768/3678
f 5835/4769/3679 5836/4770/3680 5837/4771/3680
f 5829/4763/3675 5838/4772/3681 5839/4773/3681
f 5840/4774/3682 5841/4775/3683 5842/4776/3684
f 5843/4777/3685 5844/4778/3686 5845/4779/3687
f 5846/4780/3688 5847/4781/3689 5848/4782/3689
f 5849/4783/3690 5850/4784/3691 5851/4785/3692
f 5852/4786/3693 5853/4787/3535 5631/4565/3535
f 5854/4788/3694 5855/4789/3694 5819/4753/3673
f 5856/4790/3695 5857/4791/3695 5858/4792/3696
f 5859/4793/3697 5860/4794/3698 5572/4506/3485
s 0
f 5861/4795/2858 5862/4796/2858 5863/4797/2858
s 1
f 5864/4798/3699 5865/4799/3557 5659/4593/3557
f 5866/4800/3700 5867/4801/3401 5478/4412/3401
f 5700/4634/3588 5699/4633/3587 5868/4802/3701
f 5869/4803/3702 5870/4804/3703 5696/4630/3584
f 5871/4805/3704 5872/4806/3705 5873/4807/3706
f 5874/4808/3707 5875/4809/3708 5876/4810/3709
f 5877/4811/3710 5878/4812/3711 5879/4813/3712
f 5880/4814/3713 5881/4815/3714 5882/4816/3715
f 5763/4697/3629 5883/4817/3716 5771/4705/3636
f 5884/4818/3717 5885/4819/3718 5886/4820/3719
f 5887/4821/3696 5858/4792/3696 5855/4789/3694
f 5888/4822/3672 5817/4751/3672 5889/4823/3720
f 5838/4772/3681 5334/4268/3286 5890/4824/3286
f 5871/4805/3704 5891/4825/3721 5892/4826/3722
f 5847/4781/3689 5893/4827/3723 5894/4828/3724
f 5876/4810/3709 5875/4809/3708 5870/4804/3703
s 0
f 5895/4829/2858 5822/4756/2858 5896/4830/2858
s 1
f 5778/4712/3640 5777/4711/3639 5897/4831/3725
f 5898/4832/3726 5899/4833/3727 5900/4834/3728
f 5844/4778/3686 5901/4835/3729 5902/4836/3730
f 5903/4837/3731 5886/4820/3719 5885/4819/3718
f 5904/4838/3732 5905/4839/3733 5851/4785/3692
f 5906/4840/3734 5907/4841/3735 5908/4842/3736
f 5909/4843/3737 5910/4844/3738 5911/4845/3739
f 5912/4846/3740 5913/4847/3741 5914/4848/3742
f 5915/4849/3743 5916/4850/3744 5917/4851/3745
f 5803/4737/3662 5918/4852/1595 5769/4703/3598
f 5919/4853/3746 5920/4854/3747 5921/4855/3747
f 5922/4856/3748 5923/4857/3749 5924/4858/3750
f 5907/4841/3735 5925/4859/3751 5926/4860/3752
f 5927/4861/3753 5928/4862/3754 5929/4863/3755
f 5930/4864/3756 5931/4865/3757 5932/4866/3758
s 0
f 5933/4867/3599 5934/4868/3599 5935/4869/3599
s 1
f 5843/4777/3685 5936/4870/3759 5916/4850/3744
f 5937/4871/3760 5938/4872/3761 5939/4873/3762
f 5911/4845/3739 5780/4714/3641 5940/4874/3763
f 5893/4827/3723 5941/4875/3764 5906/4840/3734
f 5942/4876/3765 5931/4865/3757 5930/4864/3756
s 0
f 5943/4877/2858 5944/4878/2858 5945/4879/2858
f 5946/4880/2858 5947/4881/2858 5948/4882/2858
s 1
f 5949/4883/3766 5950/4884/3767 5951/4885/3768
f 5952/4886/3769 5953/4887/3770 5877/4811/3710
f 5954/4888/3771 5955/4889/3772 5956/4890/3773
f 5957/4891/3774 5958/4892/3774 5675/4609/3572
f 5959/4893/3775 5960/4894/3776 5961/4895/3777
f 5813/4747/3669 5812/4746/3669 5806/4740/3665
f 5962/4896/3778 5963/4897/3779 5923/4857/3749
f 5767/4701/3633 5964/4898/3780 5965/4899/3781
f 5966/4900/3782 5967/4901/3782 5900/4834/3728
s 0
f 5968/4902/2858 5969/4903/2858 5821/4755/2858
s 1
f 5970/4904/3783 5971/4905/3783 5809/4743/3666
f 5972/4906/3784 5973/4907/3785 5974/4908/3785
f 5975/4909/3786 5289/4223/3259 5288/4222/3258
s 0
f 5933/4867/3381 5976/4910/3381 5967/4901/3381
s 1
f 5977/4911/3787 5978/4912/3788 5979/4913/3789
f 5980/4914/3790 5505/4439/3421 5786/4720/3646
f 5981/4915/3791 5982/4916/3792 5983/4917/3793
f 5745/4679/3618 5984/4918/3794 5985/4919/3795
f 5883/4817/3716 5986/4920/1595 5898/4832/3726
f 5962/4896/3778 5987/4921/3796 5794/4728/3654
f 5988/4922/3797 5972/4906/3784 5989/4923/3784
f 5990/4924/3798 5571/4505/3484 5842/4776/3684
f 5991/4925/3799 5992/4926/3800 5993/4927/3801
f 5994/4928/3802 5995/4929/3803 5996/4930/3804
f 5997/4931/3805 5998/4932/3805 5999/4933/3806
f 6000/4934/3807 6001/4935/3808 6002/4936/3809
f 5938/4872/3761 5937/4871/3760 5953/4887/3770
f 5878/4812/3711 5685/4619/3577 6003/4937/3810
f 6004/4938/3811 5979/4913/3789 5495/4429/3414
f 6005/4939/3812 6006/4940/3813 6007/4941/3814
f 5792/4726/3652 5840/4774/3682 6008/4942/3815
f 6009/4943/3816 6010/4944/3817 6011/4945/3818
f 5503/4437/3419 6012/4946/1595 6013/4947/3819
f 6014/4948/3820 6015/4949/3821 6016/4950/3822
f 6017/4951/3656 5796/4730/3656 5903/4837/3731
f 6018/4952/3823 6019/4953/3824 6020/4954/3825
f 6021/4955/3826 6002/4936/3809 5985/4919/3795
f 6000/4934/3807 6022/4956/3827 5846/4780/3688
f 5910/4844/3738 6023/4957/3828 6024/4958/3829
f 6025/4959/3830 5704/4638/3591 5545/4479/3461
f 5884/4818/3717 5798/4732/3658 5797/4731/3657
s 0
f 5945/4879/2858 6026/4960/2858 6027/4961/2858
s 1
f 6028/4962/3831 6029/4963/3832 6030/4964/3833
f 6031/4965/3834 6032/4966/3834 6033/4967/3835
f 5973/4907/3785 5835/4769/3679 6034/4968/3679
f 5868/4802/3701 5699/4633/3587 5978/4912/3788
s 0
f 5948/4882/2858 6035/4969/2858 6036/4970/2858
s 1
f 6037/4971/3836 6038/4972/3837 6030/4964/3833
f 6039/4973/3838 6040/4974/3839 6041/4975/3840
s 0
f 6042/4976/2858 5863/4797/2858 5944/4878/2858
f 6027/4961/2858 6026/4960/2858 5947/4881/2858
s 1
f 6043/4977/3841 5897/4831/3725 5782/4716/3643
f 5772/4706/3637 5771/4705/3636 5898/4832/3726
f 5483/4417/3405 6044/4978/3842 6045/4979/3843
s 0
f 6046/4980/2858 5896/4830/2858 5824/4758/2858
s 1
f 6047/4981/3844 5880/4814/3713 6048/4982/3845
s 0
f 6035/4969/2858 5655/4589/2858 5654/4588/2858
s 1
f 6049/4983/3846 6050/4984/3847 6051/4985/3848
f 6052/4986/3849 6053/4987/3850 6054/4988/3851
f 6055/4989/3852 6056/4990/3853 6057/4991/3854
f 6058/4992/3855 6059/4993/3856 6060/4994/3857
f 5562/4496/3475 5503/4437/3419 6061/4995/3858
f 6062/4996/3859 6063/4997/3860 6064/4998/3861
f 5788/4722/3648 5787/4721/3647 6065/4999/3862
f 6066/5000/3863 6067/5001/3864 5506/4440/3422
f 6068/5002/3865 6069/5003/3866 6070/5004/3867
f 6013/4947/3819 6071/5005/3593 6072/5006/3868
f 6073/5007/3869 6067/5001/3864 6066/5000/3863
f 6074/5008/3870 6075/5009/3871 6076/5010/3872
f 6077/5011/3873 6078/5012/3874 6079/5013/3875
f 6080/5014/3876 6081/5015/3877 6082/5016/3878
f 6083/5017/3879 5637/4571/3541 5921/4855/3747
f 5784/4718/3644 6064/4998/3861 6063/4997/3860
f 6084/5018/3880 6085/5019/3881 6086/5020/3882
f 6087/5021/3883 6088/5022/3884 6089/5023/3885
f 6090/5024/3822 6016/4950/3822 6024/4958/3829
f 6091/5025/3886 6092/5026/3886 5857/4791/3695
f 6093/5027/3887 6094/5028/3888 6095/5029/3889
f 6096/5030/3890 6097/5031/3891 6098/5032/3892
f 6099/5033/3893 6100/5034/3894 6101/5035/3895
f 6102/5036/3896 6103/5037/3897 6104/5038/3897
f 6105/5039/3898 6106/5040/3898 6107/5041/3899
s 0
f 6108/5042/2858 6109/5043/2858 6110/5044/2858
s 1
f 6111/5045/3900 6112/5046/3901 6010/4944/3817
f 6113/5047/3700 5852/4786/3693 6114/5048/3693
f 6054/4988/3851 6053/4987/3850 6069/5003/3866
f 6115/5049/3902 6116/5050/3903 6117/5051/3904
f 6118/5052/3905 6119/5053/3906 6120/5054/3907
f 6118/5052/3905 6121/5055/3908 5574/4508/3486
f 5650/4584/3553 6122/5056/3706 5873/4807/3706
f 6123/5057/3909 6099/5033/3893 5992/4926/3800
f 6124/5058/3910 6125/5059/3911 6126/5060/3911
f 6127/5061/3912 6128/5062/3912 5575/4509/3487
s 0
f 6129/5063/2858 6130/5064/2858 6131/5065/2858
f 6132/5066/2858 6133/5067/2858 6109/5043/2858
s 1
f 6134/5068/3899 6107/5041/3899 6135/5069/3913
f 6136/5070/3914 6137/5071/3914 6106/5040/3898
f 6138/5072/3915 6139/5073/3913 6135/5069/3913
f 6140/5074/3916 6141/5075/3917 6142/5076/3918
f 6138/5072/3915 6143/5077/3915 6104/5038/3897
f 5753/4687/3623 5741/4675/3614 5698/4632/3586
f 6144/5078/3699 5333/4267/3285 5332/4266/3285
f 5718/4652/3600 6145/5079/3919 6146/5080/3919
s 0
f 6147/5081/2858 6131/5065/2858 6148/5082/2858
f 6149/5083/2858 6150/5084/2858 6151/5085/2858
s 1
f 6128/5062/3912 6127/5061/3912 6146/5080/3919
f 5576/4510/3488 6152/5086/3920 6153/5087/3920
f 6154/5088/3921 5827/4761/3674 5826/4760/3674
f 5601/4535/3507 5600/4534/3507 5488/4422/3408
f 6155/5089/3922 5527/4461/3443 6156/5090/3923
f 6157/5091/3924 6158/5092/3925 6159/5093/3926
s 0
f 6160/5094/2858 5502/4436/2858 6133/5067/2858
s 1
f 5401/4335/3327 5400/4334/3326 6161/5095/3927
f 6162/5096/3928 5526/4460/3442 6163/5097/3825
f 6164/5098/3929 6007/4941/3814 5469/4403/3394
f 6165/5099/3930 6166/5100/3931 6167/5101/3931
f 6168/5102/3932 6169/5103/3933 6170/5104/3933
f 5991/4925/3799 6171/5105/1595 5299/4233/3268
f 6172/5106/3934 6124/5058/3910 6173/5107/3910
f 6065/4999/3862 5787/4721/3647 5913/4847/3741
f 6174/5108/3935 6053/4987/3850 6052/4986/3849
f 6031/4965/3834 6175/5109/3936 5432/4366/3358
f 6176/5110/3937 6177/5111/3938 6178/5112/3939
f 6179/5113/3940 6097/5031/3891 6096/5030/3890
f 6180/5114/3941 6181/5115/3942 6182/5116/3943
f 6142/5076/3918 6183/5117/3944 6184/5118/3944
f 6185/5119/3945 6186/5120/3946 6187/5121/3947
f 6166/5100/3931 6168/5102/3932 6188/5122/3932
f 6189/5123/3948 6190/5124/3949 6191/5125/3950
f 6189/5123/3948 6192/5126/3951 6193/5127/3952
s 0
f 6194/5128/3953 6195/5129/3953 6196/5130/3953
s 1
f 6197/5131/3954 6198/5132/3955 6199/5133/3956
f 6056/4990/3853 6200/5134/3957 6201/5135/3958
f 6202/5136/3959 5420/4354/3346 5998/4932/3805
f 5492/4426/3411 5790/4724/3650 5789/4723/3649
f 6203/5137/3960 6204/5138/3961 5447/4381/3373
f 6205/5139/3962 6193/5127/3952 6006/4940/3813
f 6206/5140/3963 6207/5141/3964 6181/5115/3942
f 6208/5142/3965 6209/5143/3966 6210/5144/3966
f 6211/5145/3967 5993/4927/3801 6212/5146/3968
f 5481/4415/3403 5480/4414/3403 6165/5099/3930
s 0
f 6213/5147/2858 6151/5085/2858 6214/5148/2858
s 1
f 6050/4984/3847 6081/5015/3877 6080/5014/3876
f 5393/4327/3319 6215/5149/3969 6184/5118/3944
f 6216/5150/3970 6211/5145/3967 6212/5146/3968
f 6095/5029/3889 6217/5151/3971 6218/5152/3972
f 6219/5153/3973 6098/5032/3892 6220/5154/3974
f 6221/5155/3975 6222/5156/3976 6223/5157/3977
f 6224/5158/3978 6225/5159/3979 6076/5010/3872
f 6226/5160/3980 6227/5161/3981 6055/4989/3852
f 6228/5162/3982 6229/5163/3983 6230/5164/3983
f 6200/5134/3957 6204/5138/3961 6203/5137/3960
s 0
f 6194/5128/3984 6216/5150/3984 6231/5165/3984
s 1
f 6232/5166/3985 6233/5167/3986 6199/5133/3956
f 6116/5050/3903 6234/5168/3987 6087/5021/3883
f 6235/5169/3988 5814/4748/3670 6236/5170/3989
f 6237/5171/3990 5370/4304/3299 6238/5172/3299
s 0
f 6239/5173/2858 6214/5148/2858 6240/5174/2858
f 6240/5174/2858 6241/5175/2858 6242/5176/2858
f 6243/5177/2858 6244/5178/2858 6245/5179/2858
f 6242/5176/2858 6241/5175/2858 6244/5178/2858
s 1
f 6246/5180/3991 6247/5181/1595 6248/5182/3782
f 6094/5028/3888 6249/5183/3992 5999/4933/3806
f 6179/5113/3940 6096/5030/3890 6015/4949/3821
f 6250/5184/3993 6251/5185/3994 6248/5182/3782
f 6252/5186/3995 6253/5187/3996 6254/5188/3996
f 6255/5189/3997 5475/4409/3399 5474/4408/3399
f 6256/5190/3998 6257/5191/3998 6258/5192/3999
f 6259/5193/4000 6176/5110/3937 6260/5194/4001
f 6261/5195/4002 6262/5196/3845 6048/4982/3845
f 6263/5197/4003 6264/5198/4004 6033/4967/3835
s 0
f 5500/4434/2858 6265/5199/2858 5355/4289/2858
s 1
f 6252/5186/3995 6266/5200/3995 6267/5201/3999
f 5690/4624/3581 6268/5202/4005 6269/5203/4006
f 6246/5180/3991 6270/5204/4007 6271/5205/4008
f 6272/5206/4009 6174/5108/3935 6273/5207/3935
f 6254/5188/3996 6253/5187/3996 6255/5189/3997
f 6274/5208/4010 6061/4995/3858 6275/5209/4011
f 6276/5210/4012 6277/5211/4013 6085/5019/3881
f 6185/5119/3945 6278/5212/4014 6191/5125/3950
f 6217/5151/3971 6279/5213/4015 6220/5154/3974
f 5914/4848/3742 5913/4847/3741 6067/5001/3864
f 6169/5103/3933 6172/5106/3934 6280/5214/3934
s 0
f 6245/5179/2858 6281/5215/2858 6282/5216/2858
s 1
f 6283/5217/4016 5506/4440/3422 6284/5218/4017
f 6285/5219/4018 6286/5220/4018 5597/4531/3504
f 5348/4282/3294 5479/4413/3402 6287/5221/3402
f 6288/5222/4019 5510/4444/3426 6289/5223/4020
f 6101/5035/3895 6212/5146/3968 5993/4927/3801
f 6186/5120/3946 6290/5224/4021 5499/4433/3418
f 5957/4891/3774 6291/5225/3720 5889/4823/3720
f 6292/5226/4022 6293/5227/4022 6257/5191/3998
f 6062/4996/3859 6272/5206/4009 6294/5228/4023
f 6295/5229/4024 5791/4725/3651 6296/5230/4025
f 6276/5210/4012 6297/5231/4026 6298/5232/4027
f 6299/5233/4028 6300/5234/4029 5996/4930/3804
f 6250/5184/3993 6301/5235/4030 6302/5236/4031
f 6303/5237/3278 6196/5130/3624 6072/5006/3868
f 6206/5140/3963 6077/5011/3873 6304/5238/4032
f 6275/5209/4011 6061/4995/3858 6013/4947/3819
f 5508/4442/3424 5507/4441/3423 5509/4443/3425
f 6305/5239/4033 6289/5223/4020 6306/5240/4034
f 6152/5086/3920 5477/4411/3400 5476/4410/3400
f 6025/4959/3830 5269/4203/3245 6307/5241/4035
s 0
f 6308/5242/2858 5323/4257/2858 5322/4256/2858
s 1
f 5582/4516/3493 5338/4272/3288 5337/4271/3288
s 0
f 5350/4284/2858 6309/5243/2858 6310/5244/2858
s 1
f 6208/5142/3965 6311/5245/3965 5369/4303/3298
f 5384/4318/3310 6312/5246/3491 5580/4514/3491
f 5450/4384/3376 6313/5247/4036 6314/5248/4037
f 6315/5249/4038 6316/5250/4039 5405/4339/3331
f 6317/5251/3429 5513/4447/3429 5423/4357/3349
f 5765/4699/3631 6318/5252/3631 5435/4369/3361
f 5704/4638/3591 6307/5241/4035 5487/4421/3407
f 6319/5253/4040 5471/4405/3396 6320/5254/4041
s 0
f 5731/4665/2858 5759/4693/2858 5758/4692/2858
s 1
f 6306/5240/4034 6289/5223/4020 5483/4417/3405
f 5925/4859/3751 6321/5255/4042 6322/5256/4042
s 0
f 6323/5257/2858 6324/5258/2858 6148/5082/2858
s 1
f 6237/5171/3990 6325/5259/3990 6137/5071/3914
f 6125/5059/3911 6326/5260/4043 6327/5261/4043
f 6328/5262/4044 5924/4858/3750 5498/4432/3417
f 6329/5263/4045 5510/4444/3426 6288/5222/4019
f 6330/5264/4046 6044/4978/3842 5661/4595/3559
f 6331/5265/4047 5410/4344/3336 6332/5266/4048
f 6333/5267/4049 5534/4468/3450 6286/5220/4018
f 6334/5268/4050 6293/5227/4022 6292/5226/4022
f 5622/4556/3528 6335/5269/4051 6336/5270/4052
f 6337/5271/4050 6338/5272/3254 5280/4214/3254
f 6339/5273/3573 5676/4610/3573 5646/4580/3549
f 6340/5274/4053 6336/5270/4052 6341/5275/4054
f 5595/4529/3502 5744/4678/3617 6342/5276/4055
f 6343/5277/3603 5726/4660/3603 6210/5144/3966
f 6344/5278/4056 6345/5279/4057 6346/5280/4058
f 6045/4979/3843 6044/4978/3842 6330/5264/4046
f 5994/4928/3802 6347/5281/3802 5961/4895/3777
f 6348/5282/4059 5282/4216/3255 5281/4215/3255
f 6349/5283/4060 5538/4472/3454 6350/5284/4061
f 5553/4487/3469 6351/5285/1595 6352/5286/3378
f 6353/5287/4062 6354/5288/4063 6355/5289/4064
f 5747/4681/3619 6356/5290/4065 6357/5291/4065
f 5565/4499/3478 6358/5292/4066 5743/4677/3616
f 6359/5293/4067 5672/4606/3569 5671/4605/3569
f 5559/4493/3472 6360/5294/4068 6352/5286/3378
s 0
f 5485/4419/2858 6150/5084/2858 6149/5083/2858
s 1
f 6361/5295/4069 6362/5296/4070 6363/5297/4070
f 6357/5291/4065 6356/5290/4065 6361/5295/4069
f 6364/5298/4071 5698/4632/3586 6365/5299/4072
f 6123/5057/3909 5991/4925/3799 5273/4207/3249
f 5955/4889/3772 5975/4909/3786 6366/5300/4073
f 6314/5248/4037 6313/5247/4036 6354/5288/4063
f 6367/5301/4074 6320/5254/4041 5633/4567/3537
f 6368/5302/4059 6363/5297/4070 6362/5296/4070
f 6369/5303/3668 6370/5304/3667 5810/4744/3667
f 5904/4838/3732 6371/5305/3732 5735/4669/3609
f 5776/4710/3638 5778/4712/3640 5983/4917/3793
f 5539/4473/3455 6316/5250/4039 6315/5249/4038
f 6372/5306/3659 5799/4733/3659 5875/4809/3708
f 6373/5307/4075 5703/4637/3590 6374/5308/3927
f 6091/5025/3886 6102/5036/3896 6375/5309/3896
f 6376/5310/3398 5971/4905/3783 5970/4904/3783
s 0
f 6323/5257/2858 6377/5311/2858 5969/4903/2858
s 1
f 6378/5312/4076 6379/5313/4076 5988/4922/3797
f 5883/4817/3716 5764/4698/3630 5712/4646/3594
f 6380/5314/4077 6381/5315/4048 6332/5266/4048
f 5981/4915/3791 6382/5316/3791 5549/4483/3465
f 6298/5232/4027 6115/5049/3902 6383/5317/3902
f 6269/5203/4006 6268/5202/4005 5928/4862/3754
s 0
f 6384/5318/2858 6110/5044/2858 6130/5064/2858
s 1
f 5836/4770/3680 6359/5293/4067 6385/5319/4067
f 6222/5156/3976 6221/5155/3975 6227/5161/3981
f 5563/4497/3476 6386/5320/4078 5785/4719/3645
f 6387/5321/4079 6086/5020/3882 6322/5256/4042
f 6388/5322/4080 5979/4913/3789 6004/4938/3811
f 6389/5323/4081 5942/4876/3765 6390/5324/4082
f 6391/5325/4083 5978/4912/3788 5977/4911/3787
f 6392/5326/4084 6070/5004/3867 6155/5089/3922
f 5934/4868/4085 5980/4914/3790 5786/4720/3646
s 0
f 6281/5215/2858 5862/4796/2858 5861/4795/2858
f 6309/5243/2858 6393/5327/2858 5694/4628/2858
s 1
f 5801/4735/3660 5800/4734/3660 5681/4615/3574
f 6088/5022/3884 6019/4953/3824 6018/4952/3823
f 6177/5111/3938 6112/5046/3901 6111/5045/3900
s 0
f 5773/4707/2858 6394/5328/2858 5678/4612/2858
f 5708/4642/2858 6308/5242/2858 6395/5329/2858
s 1
f 6327/5261/4043 6326/5260/4043 6379/5313/4076
f 6396/5330/4086 6058/4992/3855 6230/5164/3983
f 6397/5331/4087 6398/5332/4087 6399/5333/4088
f 6400/5334/4089 6401/5335/4090 6402/5336/4090
f 6403/5337/4091 6404/5338/4091 6405/5339/4092
f 6406/5340/4092 6405/5339/4092 6407/5341/4093
f 6408/5342/4094 6409/5343/4094 6410/5344/4095
f 6411/5345/4096 6412/5346/4096 6404/5338/4091
f 6413/5347/4097 6414/5348/4097 6412/5346/4096
f 6415/5349/4088 6399/5333/4088 6414/5348/4097
f 6416/5350/4098 6417/5351/4098 6418/5352/4099
f 6419/5353/4100 6420/5354/4099 6418/5352/4099
f 6400/5334/4089 6421/5355/4089 6422/5356/4101
f 6423/5357/4095 6410/5344/4095 6417/5351/4098
f 6424/5358/4101 6422/5356/4101 6409/5343/4094
f 6425/5359/4102 6426/5360/4102 6398/5332/4087
f 6427/5361/4093 6407/5341/4093 6402/5336/4090
f 6425/5359/4102 6419/5353/4100 6428/5362/4100
s 0
f 6429/5363/1595 6430/5364/1595 6431/5365/1595
f 6430/5364/1595 6432/5366/1595 6431/5365/1595
f 6432/5366/1595 6433/5367/1595 6431/5365/1595
f 6433/5367/1595 6434/5368/1595 6431/5365/1595
f 6434/5368/1595 6435/5369/1595 6431/5365/1595
f 6435/5369/1595 6436/5370/1595 6431/5365/1595
f 6436/5370/1595 6437/5371/1595 6431/5365/1595
f 6437/5371/1595 6438/5372/1595 6431/5365/1595
f 6438/5372/1595 6439/5373/1595 6431/5365/1595
f 6439/5373/1595 6440/5374/1595 6431/5365/1595
f 6440/5374/1595 6441/5375/1595 6431/5365/1595
f 6441/5375/1595 6442/5376/1595 6431/5365/1595
f 6442/5376/1595 6443/5377/1595 6431/5365/1595
f 6443/5377/1595 6444/5378/1595 6431/5365/1595
f 6444/5378/1595 6445/5379/1595 6431/5365/1595
f 6445/5379/1595 6429/5363/1595 6431/5365/1595
s 1
f 5326/4260/3281 5325/4259/3281 6154/5088/3921
s 0
f 6446/5380/2858 6447/5381/2858 6448/5382/2858
f 6447/5381/2858 6449/5383/2858 6448/5382/2858
f 6449/5383/2858 6450/5384/2858 6448/5382/2858
f 6450/5384/2858 6451/5385/2858 6448/5382/2858
f 6451/5385/2858 6452/5386/2858 6448/5382/2858
f 6452/5386/2858 6453/5387/2858 6448/5382/2858
f 6453/5387/2858 6454/5388/2858 6448/5382/2858
f 6454/5388/2858 6455/5389/2858 6448/5382/2858
f 6455/5389/2858 6456/5390/2858 6448/5382/2858
f 6456/5390/2858 6457/5391/2858 6448/5382/2858
f 6457/5391/2858 6458/5392/2858 6448/5382/2858
f 6458/5392/2858 6459/5393/2858 6448/5382/2858
f 6459/5393/2858 6460/5394/2858 6448/5382/2858
f 6460/5394/2858 6461/5395/2858 6448/5382/2858
f 6461/5395/2858 6462/5396/2858 6448/5382/2858
f 6462/5396/2858 6463/5397/2858 6448/5382/2858
f 6463/5397/2858 6464/5398/2858 6448/5382/2858
f 6464/5398/2858 6465/5399/2858 6448/5382/2858
f 6465/5399/2858 6466/5400/2858 6448/5382/2858
f 6466/5400/2858 6467/5401/2858 6448/5382/2858
f 6467/5401/2858 6468/5402/2858 6448/5382/2858
f 6468/5402/2858 6469/5403/2858 6448/5382/2858
f 6469/5403/2858 6470/5404/2858 6448/5382/2858
f 6470/5404/2858 6471/5405/2858 6448/5382/2858
f 6471/5405/2858 6472/5406/2858 6448/5382/2858
f 6472/5406/2858 6473/5407/2858 6448/5382/2858
f 6473/5407/2858 6474/5408/2858 6448/5382/2858
f 6474/5408/2858 6475/5409/2858 6448/5382/2858
f 6475/5409/2858 6476/5410/2858 6448/5382/2858
f 6476/5410/2858 6477/5411/2858 6448/5382/2858
f 6477/5411/2858 6478/5412/2858 6448/5382/2858
f 6478/5412/2858 6446/5380/2858 6448/5382/2858
f 6479/5413/4103 6480/5414/4103 6481/5415/4103
f 6482/5416/4104 6483/5417/4104 6484/5418/4104
f 6485/5419/4105 6486/5420/4105 6487/5421/4105
f 6488/5422/4106 6489/5423/4106 6490/5424/4106
f 6491/5425/4107 6492/5426/4107 6493/5427/4107
f 6494/5428/4108 6495/5429/4108 6496/5430/4108
f 6497/5431/4104 6498/5432/4104 6484/5418/4104
f 6499/5433/4109 6500/5434/4109 6501/5435/4109
f 6502/5436/4110 6503/5437/4110 6504/5438/4110
f 6505/5439/4107 6506/5440/4107 6492/5426/4107
f 6507/5441/4111 6508/5442/4111 6504/5438/4111
f 6509/5443/4112 6510/5444/4112 6487/5421/4112
f 6511/5445/4106 6512/5446/4106 6490/5424/4106
f 6482/5416/4113 6513/5447/4113 6514/5448/4113
f 6515/5449/4114 6516/5450/4114 6517/5451/4114
f 6518/5452/4115 6519/5453/4115 6520/5454/4115
f 6480/5414/4116 6507/5441/4116 6521/5455/4116
f 6522/5456/4117 6523/5457/4117 6506/5440/4117
f 6500/5434/4118 6524/5458/4118 6496/5430/4118
f 6525/5459/4119 6526/5460/4119 6517/5451/4119
f 6525/5459/4120 6527/5461/4120 6528/5462/4120
f 6513/5447/4121 6479/5413/4121 6529/5463/4121
f 6530/5464/4122 6493/5427/4122 6531/5465/4122
f 6485/5419/4123 6532/5466/4123 6495/5429/4123
f 6497/5431/4124 6533/5467/4124 6528/5462/4124
f 6534/5468/4125 6535/5469/4125 6523/5457/4125
f 6502/5436/4110 6499/5433/4110 6536/5470/4110
f 6488/5422/4126 6537/5471/4126 6510/5444/4126
f 6538/5472/4127 6520/5454/4127 6512/5446/4127
f 6539/5473/4128 6531/5465/4128 6540/5474/4128
f 6515/5449/4129 6541/5475/4129 6535/5469/4129
f 6542/5476/4130 6540/5474/4130 6519/5453/4130
s 1
f 6543/5477/4131 6544/5478/4132 6545/5479/4132
f 6546/5480/4133 6547/5481/4134 6548/5482/4135
f 6549/5483/4136 6550/5484/4136 6551/5485/4137
f 6552/5486/4138 6553/5487/4138 6554/5488/4139
f 6555/5489/4140 6556/5490/4141 6557/5491/4141
f 6558/5492/4142 6559/5493/4143 6560/5494/4144
f 6561/5495/4145 6562/5496/4145 6563/5497/4146
f 6564/5498/4147 6565/5499/4148 6566/5500/4148
f 6567/5501/4149 6568/5502/4135 6548/5482/4135
f 6569/5503/4150 6570/5504/4150 6557/5491/4141
f 6567/5501/4149 6571/5505/4149 6572/5506/4151
f 6573/5507/4152 6574/5508/4152 6545/5479/4132
f 6575/5509/4153 6576/5510/4153 6577/5511/4154
f 6578/5512/4155 6579/5513/4155 6550/5484/4136
f 6561/5495/4145 6580/5514/4156 6581/5515/4156
f 6582/5516/4157 6583/5517/4157 6547/5481/4134
f 6584/5518/4137 6551/5485/4137 6585/5519/4158
f 6552/5486/4138 6586/5520/4154 6577/5511/4154
f 6559/5493/4143 6587/5521/4159 6588/5522/4159
f 6589/5523/4142 6590/5524/4142 6591/5525/4160
f 6592/5526/4161 6593/5527/4161 6583/5517/4157
f 6594/5528/4162 6595/5529/4160 6591/5525/4160
f 6578/5512/4155 6596/5530/4146 6563/5497/4146
f 6564/5498/4147 6597/5531/4147 6581/5515/4156
f 6575/5509/4153 6543/5477/4131 6598/5532/4131
f 6599/5533/4163 6600/5534/4163 6570/5504/4150
f 6565/5499/4148 6601/5535/4151 6572/5506/4151
f 6573/5507/4152 6594/5528/4162 6602/5536/4162
f 6555/5489/4140 6603/5537/4140 6593/5527/4161
f 6587/5521/4159 6604/5538/4158 6585/5519/4158
f 6605/5539/4164 6606/5540/4164 6600/5534/4163
f 6607/5541/4165 6554/5488/4139 6606/5540/4164
f 6608/5542/15 6609/5543/15 6610/5544/494
f 6611/5545/4166 6612/5546/4166 6613/5547/87
f 6614/5548/495 6615/5549/495 6616/5550/496
f 6617/5551/17 6618/5552/17 6619/5553/552
f 6620/5554/446 6621/5555/446 6622/5556/130
f 6623/5557/552 6619/5553/552 6624/5558/551
f 6625/5559/4167 6626/5560/4167 6627/5561/492
f 6628/5562/385 6629/5563/385 6630/5564/4168
f 6631/5565/549 6632/5566/549 6633/5567/547
f 6634/5568/443 6635/5569/443 6636/5570/131
f 6637/5571/129 6638/5572/129 6639/5573/387
f 6640/5574/551 6624/5558/551 6641/5575/550
f 6642/5576/445 6643/5577/445 6621/5555/446
f 6644/5578/494 6610/5544/494 6615/5549/495
f 6645/5579/442 6646/5580/442 6635/5569/443
f 6647/5581/4169 6648/5582/4169 6646/5580/442
f 6649/5583/18 6650/5584/18 6632/5566/549
f 6651/5585/390 6652/5586/390 6653/5587/389
f 6654/5588/493 6655/5589/493 6609/5543/15
f 6656/5590/87 6613/5547/87 6648/5582/4169
f 6657/5591/444 6658/5592/444 6643/5577/445
f 6659/5593/496 6616/5550/496 6660/5594/17
f 6661/5595/16 6662/5596/16 6626/5560/4167
f 6663/5597/387 6639/5573/387 6629/5563/385
f 6664/5598/389 6653/5587/389 6665/5599/388
f 6666/5600/131 6636/5570/131 6658/5592/444
f 6667/5601/388 6665/5599/388 6638/5572/129
f 6668/5602/550 6641/5575/550 6650/5584/18
f 6669/5603/547 6633/5567/547 6612/5546/4166
f 6670/5604/492 6627/5561/492 6655/5589/493
f 6671/5605/4168 6630/5564/4168 6662/5596/16
f 6672/5606/130 6622/5556/130 6652/5586/390
f 6673/5607/4170 6674/5608/4170 6675/5609/4171
f 6676/5610/4172 6677/5611/4173 6678/5612/4173
f 6679/5613/4174 6680/5614/4174 6681/5615/4175
f 6682/5616/4176 6683/5617/4176 6684/5618/4177
f 6685/5619/4178 6686/5620/4179 6687/5621/4179
f 6688/5622/4180 6689/5623/4180 6690/5624/4181
f 6677/5611/4173 6691/5625/4182 6692/5626/4182
f 6693/5627/4183 6694/5628/4183 6692/5626/4182
f 6695/5629/4184 6696/5630/4184 6674/5608/4170
f 6697/5631/4185 6698/5632/4185 6699/5633/4186
f 6700/5634/4187 6701/5635/4188 6702/5636/4188
f 6703/5637/4189 6704/5638/4189 6694/5628/4183
f 6705/5639/4190 6706/5640/4190 6687/5621/4179
f 6707/5641/4191 6708/5642/4191 6709/5643/4192
f 6710/5644/4193 6711/5645/4193 6712/5646/4194
f 6713/5647/4195 6714/5648/4175 6681/5615/4175
f 6715/5649/4196 6716/5650/4186 6699/5633/4186
f 6705/5639/4190 6676/5610/4172 6717/5651/4172
f 6679/5613/4174 6715/5649/4196 6718/5652/4196
f 6695/5629/4184 6719/5653/4177 6684/5618/4177
f 6720/5654/4197 6721/5655/4171 6675/5609/4171
f 6701/5635/4188 6722/5656/4198 6723/5657/4198
f 6724/5658/4199 6725/5659/4199 6711/5645/4193
f 6697/5631/4185 6726/5660/4200 6727/5661/4200
f 6700/5634/4187 6728/5662/4187 6689/5623/4180
f 6720/5654/4197 6729/5663/4197 6704/5638/4189
f 6707/5641/4191 6730/5664/4181 6690/5624/4181
f 6731/5665/4201 6732/5666/4192 6733/5667/4192
f 6685/5619/4178 6734/5668/4178 6727/5661/4200
f 6731/5665/4201 6735/5669/4201 6683/5617/4176
f 6736/5670/4194 6712/5646/4194 6723/5657/4198
f 6724/5658/4199 6713/5647/4195 6737/5671/4195
s 0
f 6738/5672/1595 6739/5673/1595 6740/5674/1595
f 6741/5675/1595 6742/5676/1595 6743/5677/1595
f 6744/5678/1595 6745/5679/1595 6746/5680/1595
f 6747/5681/1595 6748/5682/1595 6749/5683/1595
f 6750/5684/1595 6751/5685/1595 6752/5686/1595
f 6753/5687/1595 6754/5688/1595 6755/5689/1595
f 6741/5675/1595 6756/5690/1595 6757/5691/1595
f 6758/5692/1595 6759/5693/1595 6757/5691/1595
f 6760/5694/1595 6761/5695/1595 6739/5673/1595
f 6762/5696/1595 6763/5697/1595 6764/5698/1595
f 6765/5699/1595 6766/5700/1595 6767/5701/1595
f 6758/5692/1595 6768/5702/1595 6769/5703/1595
f 6770/5704/1595 6771/5705/1595 6752/5686/1595
f 6772/5706/1595 6773/5707/1595 6774/5708/1595
f 6775/5709/1595 6776/5710/1595 6777/5711/1595
f 6778/5712/1595 6779/5713/1595 6746/5680/1595
f 6780/5714/1595 6781/5715/1595 6764/5698/1595
f 6770/5704/1595 6782/5716/1595 6743/5677/1595
f 6744/5678/1595 6780/5714/1595 6783/5717/1595
f 6784/5718/1595 6749/5683/1595 6761/5695/1595
f 6785/5719/1595 6786/5720/1595 6740/5674/1595
f 6765/5699/1595 6787/5721/1595 6788/5722/1595
f 6789/5723/1595 6790/5724/1595 6777/5711/1595
f 6762/5696/1595 6791/5725/1595 6792/5726/1595
f 6753/5687/1595 6793/5727/1595 6767/5701/1595
f 6785/5719/1595 6794/5728/1595 6769/5703/1595
f 6795/5729/1595 6755/5689/1595 6773/5707/1595
f 6796/5730/1595 6797/5731/1595 6774/5708/1595
f 6750/5684/1595 6798/5732/1595 6792/5726/1595
f 6796/5730/1595 6799/5733/1595 6748/5682/1595
f 6775/5709/1595 6800/5734/1595 6788/5722/1595
f 6789/5723/1595 6778/5712/1595 6801/5735/1595
s 1
f 6802/5736/4202 6803/5737/4202 6804/5738/4203
s 0
f 6805/5739/1595 6806/5740/1595 6807/5741/1595
s 1
f 6808/5742/4204 6809/5743/4204 6810/5744/4205
f 6811/5745/4206 6812/5746/4207 6813/5747/4207
f 6814/5748/4208 6815/5749/4208 6816/5750/4209
f 6817/5751/4210 6818/5752/4210 6819/5753/4211
f 6820/5754/4212 6821/5755/4213 6822/5756/4213
f 6823/5757/4214 6824/5758/4214 6825/5759/4215
f 6826/5760/4203 6804/5738/4203 6827/5761/4216
f 6828/5762/4217 6829/5763/4217 6815/5749/4208
f 6830/5764/4216 6827/5761/4216 6831/5765/4218
f 6832/5766/4219 6833/5767/4219 6834/5768/4220
f 6835/5769/4221 6836/5770/4222 6837/5771/4222
f 6838/5772/4223 6839/5773/4223 6809/5743/4204
f 6840/5774/4224 6841/5775/4224 6822/5756/4213
f 6802/5736/4202 6842/5776/4225 6843/5777/4225
f 6844/5778/4205 6810/5744/4205 6845/5779/4226
f 6835/5769/4221 6846/5780/4221 6813/5747/4207
f 6847/5781/4227 6848/5782/4227 6849/5783/4210
f 6850/5784/4211 6819/5753/4211 6851/5785/4228
f 6852/5786/4229 6853/5787/4229 6843/5777/4225
f 6854/5788/4228 6851/5785/4228 6855/5789/4230
f 6820/5754/4212 6856/5790/4212 6839/5773/4223
f 6840/5774/4224 6857/5791/4215 6825/5759/4215
f 6858/5792/4231 6859/5793/4231 6837/5771/4222
f 6860/5794/4232 6861/5795/4232 6829/5763/4217
f 6862/5796/4218 6831/5765/4218 6824/5758/4214
f 6863/5797/4230 6855/5789/4230 6833/5767/4219
f 6852/5786/4229 6864/5798/4209 6816/5750/4209
f 6865/5799/4226 6845/5779/4226 6848/5782/4227
f 6866/5800/4233 6867/5801/4233 6861/5795/4232
f 6811/5745/4206 6868/5802/4206 6867/5801/4233
f 6869/5803/4220 6834/5768/4220 6859/5793/4231
f 6870/5804/4234 6871/5805/4234 6872/5806/4235
s 0
f 6873/5807/1595 6874/5808/1595 6875/5809/1595
f 6876/5810/1595 6877/5811/1595 6878/5812/1595
f 6879/5813/1595 6880/5814/1595 6881/5815/1595
f 6882/5816/1595 6883/5817/1595 6884/5818/1595
f 6885/5819/1595 6886/5820/1595 6881/5815/1595
f 6883/5817/1595 6887/5821/1595 6878/5812/1595
f 6888/5822/1595 6889/5823/1595 6890/5824/1595
f 6891/5825/1595 6892/5826/1595 6893/5827/1595
f 6894/5828/1595 6895/5829/1595 6896/5830/1595
f 6880/5814/1595 6897/5831/1595 6881/5815/1595
f 6898/5832/1595 6899/5833/1595 6900/5834/1595
f 6901/5835/1595 6902/5836/1595 6893/5827/1595
f 6903/5837/1595 6904/5838/1595 6905/5839/1595
f 6906/5840/1595 6905/5839/1595 6907/5841/1595
f 6908/5842/1595 6909/5843/1595 6910/5844/1595
f 6911/5845/1595 6912/5846/1595 6913/5847/1595
f 6914/5848/1595 6915/5849/1595 6916/5850/1595
f 6917/5851/1595 6910/5844/1595 6915/5849/1595
f 6918/5852/1595 6916/5850/1595 6904/5838/1595
f 6919/5853/1595 6879/5813/1595 6920/5854/1595
f 6921/5855/1595 6900/5834/1595 6922/5856/1595
s 1
f 6923/5857/4236 6924/5858/4237 6925/5859/4237
s 0
f 6926/5860/1595 6907/5841/1595 6877/5811/1595
f 6927/5861/1595 6928/5862/1595 6929/5863/1595
s 1
f 6930/5864/4238 6931/5865/4238 6932/5866/4239
s 0
f 6908/5842/1595 6901/5835/1595 6933/5867/1595
f 6934/5868/1595 6935/5869/1595 6936/5870/1595
f 6935/5869/1595 6937/5871/1595 6936/5870/1595
s 1
f 6924/5858/4237 6938/5872/4239 6932/5866/4239
s 0
f 6882/5816/1595 6939/5873/1595 6807/5741/1595
f 6921/5855/1595 6940/5874/1595 6900/5834/1595
s 1
f 6941/5875/4240 6942/5876/4240 6943/5877/4241
f 6944/5878/4241 6945/5879/4241 6946/5880/4242
s 0
f 6898/5832/1595 6947/5881/1595 6899/5833/1595
s 1
f 6870/5804/4234 6948/5882/4243 6949/5883/4243
f 6948/5882/4243 6950/5884/4244 6951/5885/4244
s 0
f 6891/5825/1595 6805/5739/1595 6952/5886/1595
f 6953/5887/1595 6929/5863/1595 6875/5809/1595
s 1
f 6923/5857/4236 6954/5888/4236 6951/5885/4244
f 6955/5889/4242 6946/5880/4242 6956/5890/4245
s 0
f 6957/5891/1595 6958/5892/1595 6913/5847/1595
s 1
f 6959/5893/4246 6960/5894/4246 6961/5895/4247
s 0
f 6953/5887/1595 6962/5896/1595 6929/5863/1595
f 6963/5897/1595 6964/5898/1595 6922/5856/1595
f 6874/5808/1595 6965/5899/1595 6875/5809/1595
s 1
f 6966/5900/4235 6872/5806/4235 6942/5876/4240
f 6967/5901/4248 6968/5902/4248 6960/5894/4246
s 0
f 6919/5853/1595 6920/5854/1595 6899/5833/1595
f 6885/5819/1595 6934/5868/1595 6886/5820/1595
f 6969/5903/1595 6970/5904/1595 6936/5870/1595
s 1
f 6971/5905/4247 6961/5895/4247 6931/5865/4238
s 0
f 6912/5846/1595 6972/5906/1595 6913/5847/1595
f 6964/5898/1595 6973/5907/1595 6922/5856/1595
s 1
f 6974/5908/4245 6956/5890/4245 6975/5909/4249
s 0
f 6889/5823/1595 6976/5910/1595 6890/5824/1595
f 6895/5829/1595 6963/5897/1595 6896/5830/1595
f 6976/5910/1595 6977/5911/1595 6978/5912/1595
f 6927/5861/1595 6894/5828/1595 6928/5862/1595
s 1
f 6979/5913/4249 6975/5909/4249 6968/5902/4248
s 0
f 6977/5911/1595 6873/5807/1595 6978/5912/1595
f 6969/5903/1595 6911/5845/1595 6970/5904/1595
f 6957/5891/1595 6888/5822/1595 6958/5892/1595
s 1
f 6980/5914/496 6981/5915/17 6982/5916/17
f 6983/5917/16 6984/5918/4250 6985/5919/4251
f 6986/5920/4252 6987/5921/4253 6988/5922/4254
f 6988/5922/4254 6989/5923/15 6990/5924/15
f 6989/5923/15 6991/5925/494 6992/5926/494
f 6991/5925/494 6993/5927/495 6994/5928/495
f 6993/5927/495 6980/5914/496 6995/5929/496
f 6996/5930/4255 6997/5931/4255 6998/5932/4256
f 6999/5933/4256 6998/5932/4256 7000/5934/4257
f 7001/5935/4258 7002/5936/4257 7000/5934/4257
f 7001/5935/4258 7003/5937/4258 7004/5938/4259
f 7005/5939/4260 7006/5940/4259 7004/5938/4259
f 7007/5941/4261 7008/5942/4261 7009/5943/4262
f 7010/5944/4263 7011/5945/4262 7009/5943/4262
f 6996/5930/4255 7010/5944/4263 7012/5946/4263
s 0
f 7013/5947/1595 7014/5948/1595 7015/5949/1595
f 7016/5950/1595 7017/5951/1595 7015/5949/1595
f 7018/5952/1595 7019/5953/1595 7017/5951/1595
f 7020/5954/1595 7021/5955/1595 7019/5953/1595
f 7022/5956/1595 7023/5957/1595 7021/5955/1595
f 7022/5956/1595 7024/5958/1595 7025/5959/1595
f 7024/5958/1595 7026/5960/1595 7027/5961/1595
f 7028/5962/1595 7029/5963/1595 7027/5961/1595
s 1
f 7030/5964/496 7031/5965/17 7032/5966/17
f 7033/5967/495 7030/5964/496 7034/5968/496
f 7035/5969/494 7033/5967/495 7036/5970/495
f 7037/5971/15 7035/5969/494 7038/5972/494
f 7039/5973/493 7037/5971/15 7040/5974/15
f 7041/5975/4264 7039/5973/493 7042/5976/4265
f 7043/5977/16 7044/5978/4266 7045/5979/4250
f 7044/5978/4266 7041/5975/4264 7046/5980/4267
f 6985/5919/4251 6984/5918/4250 6987/5921/4253
f 7047/5981/4268 7048/5982/4269 7049/5983/4269
f 7050/5984/4270 7047/5981/4268 7051/5985/4268
f 7052/5986/4271 7053/5987/4272 7054/5988/4272
f 7055/5989/4273 7056/5990/4273 7057/5991/4274
f 7042/5976/4265 6988/5922/4254 6987/5921/4253
f 7058/5992/4275 7050/5984/4270 7059/5993/4270
f 7060/5994/17 7061/5995/17 7062/5996/496
f 7063/5997/496 7062/5996/496 7064/5998/495
f 7065/5999/495 7064/5998/495 7066/6000/494
f 7067/6001/494 7066/6000/494 7068/6002/4276
f 7069/6003/4276 7068/6002/4276 7070/6004/4277
f 7071/6005/4278 7072/6006/4274 7057/5991/4274
f 7058/5992/4275 7073/6007/4275 7074/6008/4279
s 0
f 7075/6009/4280 7076/6010/4280 7077/6011/4280
s 1
f 7078/6012/4281 7079/6013/4282 7056/5990/4273
f 7071/6005/4278 7080/6014/4278 7081/6015/4283
f 7082/6016/4284 7074/6008/4279 7083/6017/4285
f 7078/6012/4281 7084/6018/4286 7085/6019/4287
f 7053/5987/4272 7086/6020/16 7087/6021/16
s 0
f 7088/6022/4288 7089/6023/4288 7090/6024/4288
s 1
f 7091/6025/4289 7092/6026/4290 7093/6027/4291
f 7094/6028/4292 7095/6029/4293 7096/6030/4294
f 7097/6031/4295 7098/6032/4295 7093/6027/4291
f 7099/6033/4296 7100/6034/4297 7096/6030/4294
f 6982/5916/17 6981/5915/17 7101/6035/552
f 7102/6036/4298 7103/6037/4299 7104/6038/87
f 7105/6039/4300 7106/6040/549 7107/6041/4301
f 7108/6042/18 7109/6043/18 7107/6041/4301
f 7110/6044/550 7111/6045/550 7109/6043/18
f 7112/6046/551 7113/6047/551 7111/6045/550
f 7114/6048/552 7101/6035/552 7113/6047/551
f 7115/6049/4302 7116/6050/4303 7117/6051/4303
f 7118/6052/4304 7115/6049/4302 7119/6053/4302
f 7120/6054/4305 7121/6055/4305 7118/6052/4304
f 7122/6056/4306 7121/6055/4305 7120/6054/4305
f 7005/5939/4260 7123/6057/4260 7122/6056/4306
f 7124/6058/4307 7125/6059/4308 7126/6060/4308
f 7127/6061/4309 7128/6062/4309 7124/6058/4307
f 7117/6051/4303 7116/6050/4303 7128/6062/4309
s 0
f 7013/5947/1595 7129/6063/1595 7130/6064/1595
f 7130/6064/1595 7131/6065/1595 7132/6066/1595
f 7131/6065/1595 7133/6067/1595 7134/6068/1595
f 7133/6067/1595 7135/6069/1595 7136/6070/1595
f 7135/6069/1595 7137/6071/1595 7138/6072/1595
f 7138/6072/1595 7137/6071/1595 7139/6073/1595
f 7140/6074/1595 7139/6073/1595 7141/6075/1595
f 7141/6075/1595 7142/6076/1595 7143/6077/1595
s 1
f 7032/5966/17 7031/5965/17 7144/6078/552
f 7145/6079/552 7144/6078/552 7146/6080/551
f 7147/6081/551 7146/6080/551 7148/6082/550
f 7149/6083/550 7148/6082/550 7150/6084/18
f 7151/6085/18 7150/6084/18 7152/6086/549
f 7153/6087/4310 7152/6086/549 7154/6088/4311
f 7155/6089/4299 7156/6090/4312 7157/6091/87
f 7158/6092/4313 7154/6088/4311 7156/6090/4312
f 7102/6036/4298 7105/6039/4300 7159/6093/4314
f 7160/6094/4315 7049/5983/4269 7048/5982/4269
f 7161/6095/4316 7160/6094/4315 7162/6096/4315
f 7163/6097/4317 7164/6098/4317 7165/6099/4318
f 7166/6100/4319 7167/6101/4320 7168/6102/4320
f 7159/6093/4314 7107/6041/4301 7153/6087/4310
f 7169/6103/4321 7170/6104/4321 7161/6095/4316
f 7171/6105/552 7061/5995/17 7060/5994/17
f 7172/6106/551 7171/6105/552 7173/6107/552
f 7174/6108/550 7172/6106/551 7175/6109/551
f 7176/6110/4322 7174/6108/550 7177/6111/550
f 7178/6112/4323 7176/6110/4322 7179/6113/4322
f 7180/6114/4324 7166/6100/4319 7181/6115/4319
f 7182/6116/4325 7183/6117/4326 7170/6104/4321
s 0
f 7184/6118/4327 7185/6119/4327 7186/6120/4327
s 1
f 7167/6101/4320 7187/6121/4328 7188/6122/4329
f 7081/6015/4283 7180/6114/4324 7189/6123/4324
f 7190/6124/4330 7183/6117/4326 7182/6116/4325
f 7188/6122/4329 7187/6121/4328 7191/6125/4331
f 7192/6126/87 7193/6127/87 7164/6098/4317
s 0
f 7194/6128/4332 7195/6129/4332 7196/6130/4332
s 1
f 7197/6131/4333 7198/6132/4334 7199/6133/4335
f 7200/6134/4336 7201/6135/4337 7202/6136/4338
f 7199/6133/4335 7203/6137/4339 7204/6138/4339
f 7205/6139/4340 7206/6140/4340 7200/6134/4336
f 7207/6141/130 7208/6142/130 7209/6143/390
f 7210/6144/4341 7211/6145/4342 6983/5917/16
f 7212/6146/4343 7213/6147/387 7214/6148/4344
f 7215/6149/129 7216/6150/129 7214/6148/4344
f 7217/6151/388 7218/6152/388 7216/6150/129
f 7219/6153/389 7220/6154/389 7218/6152/388
f 7221/6155/390 7209/6143/390 7220/6154/389
f 7222/6156/4345 7223/6157/4346 7224/6158/4346
f 7225/6159/4347 7222/6156/4345 7226/6160/4345
f 7227/6161/4348 7228/6162/4348 7225/6159/4347
f 7229/6163/4349 7228/6162/4348 7227/6161/4348
f 7230/6164/4350 7231/6165/4350 7229/6163/4349
f 7232/6166/4351 7008/5942/4261 7007/5941/4261
f 7233/6167/4352 7234/6168/4352 7232/6166/4351
f 7224/6158/4346 7223/6157/4346 7234/6168/4352
s 0
f 7235/6169/1595 7236/6170/1595 7237/6171/1595
f 7237/6171/1595 7238/6172/1595 7239/6173/1595
f 7238/6172/1595 7240/6174/1595 7241/6175/1595
f 7240/6174/1595 7242/6176/1595 7243/6177/1595
f 7242/6176/1595 7244/6178/1595 7245/6179/1595
f 7245/6179/1595 7244/6178/1595 7246/6180/1595
f 7247/6181/1595 7246/6180/1595 7248/6182/1595
f 7248/6182/1595 7029/5963/1595 7028/5962/1595
s 1
f 7249/6183/130 7250/6184/130 7251/6185/390
f 7252/6186/390 7251/6185/390 7253/6187/389
f 7254/6188/389 7253/6187/389 7255/6189/388
f 7256/6190/388 7255/6189/388 7257/6191/129
f 7258/6192/129 7257/6191/129 7259/6193/387
f 7260/6194/4353 7259/6193/387 7261/6195/4354
f 7262/6196/4342 7263/6197/4355 7043/5977/16
f 7264/6198/4356 7261/6195/4354 7263/6197/4355
f 7210/6144/4341 7212/6146/4343 7265/6199/4357
f 7266/6200/4358 7267/6201/4359 7268/6202/4359
f 7269/6203/4360 7266/6200/4358 7270/6204/4358
f 7271/6205/4361 7272/6206/4361 7273/6207/4362
f 7274/6208/4363 7275/6209/4364 7276/6210/4364
f 7265/6199/4357 7214/6148/4344 7260/6194/4353
f 7277/6211/4365 7278/6212/4365 7269/6203/4360
f 7279/6213/390 7280/6214/130 7281/6215/130
f 7282/6216/389 7279/6213/390 7283/6217/390
f 7284/6218/388 7282/6216/389 7285/6219/389
f 7286/6220/4366 7284/6218/388 7287/6221/388
f 7288/6222/4367 7286/6220/4366 7289/6223/4366
f 7290/6224/4368 7274/6208/4363 7291/6225/4363
f 7292/6226/4369 7293/6227/4370 7278/6212/4365
s 0
f 7294/6228/4371 7295/6229/4371 7296/6230/4371
s 1
f 7275/6209/4364 7297/6231/4372 7298/6232/4373
f 7299/6233/4374 7290/6224/4368 7300/6234/4368
f 7301/6235/4375 7293/6227/4370 7292/6226/4369
f 7298/6232/4373 7297/6231/4372 7302/6236/4376
f 7087/6021/16 7086/6020/16 7272/6206/4361
s 0
f 7303/6237/4377 7304/6238/4377 7305/6239/4377
s 1
f 7306/6240/4378 7307/6241/4379 7308/6242/4380
f 7309/6243/4381 7310/6244/4382 7311/6245/4383
f 7308/6242/4380 7098/6032/4295 7097/6031/4295
f 7099/6033/4296 7312/6246/4296 7309/6243/4381
f 7313/6247/446 7314/6248/130 7315/6249/130
f 7104/6038/87 7316/6250/4384 7317/6251/4385
f 7318/6252/4386 7319/6253/4387 7320/6254/4388
f 7320/6254/4388 7321/6255/131 7322/6256/131
f 7321/6255/131 7323/6257/444 7324/6258/444
f 7323/6257/444 7325/6259/445 7326/6260/445
f 7325/6259/445 7313/6247/446 7327/6261/446
f 7328/6262/4389 7329/6263/4389 7330/6264/4390
f 7331/6265/4390 7330/6264/4390 7332/6266/4391
f 7333/6267/4392 7334/6268/4391 7332/6266/4391
f 7333/6267/4392 7335/6269/4392 7336/6270/4393
f 7230/6164/4350 7337/6271/4393 7336/6270/4393
f 7126/6060/4308 7125/6059/4308 7338/6272/4394
f 7339/6273/4395 7340/6274/4394 7338/6272/4394
f 7328/6262/4389 7339/6273/4395 7341/6275/4395
s 0
f 7235/6169/1595 7342/6276/1595 7343/6277/1595
f 7344/6278/1595 7345/6279/1595 7343/6277/1595
f 7346/6280/1595 7347/6281/1595 7345/6279/1595
f 7348/6282/1595 7349/6283/1595 7347/6281/1595
f 7350/6284/1595 7351/6285/1595 7349/6283/1595
f 7350/6284/1595 7352/6286/1595 7353/6287/1595
f 7352/6286/1595 7354/6288/1595 7355/6289/1595
f 7143/6077/1595 7142/6076/1595 7355/6289/1595
s 1
f 7356/6290/446 7357/6291/130 7358/6292/130
f 7359/6293/445 7356/6290/446 7360/6294/446
f 7361/6295/444 7359/6293/445 7362/6296/445
f 7363/6297/131 7361/6295/444 7364/6298/444
f 7365/6299/443 7363/6297/131 7366/6300/131
f 7367/6301/4396 7365/6299/443 7368/6302/4397
f 7157/6091/87 7369/6303/4398 7370/6304/4384
f 7369/6303/4398 7367/6301/4396 7371/6305/4399
f 7317/6251/4385 7316/6250/4384 7319/6253/4387
f 7372/6306/4400 7268/6202/4359 7267/6201/4359
f 7373/6307/4401 7372/6306/4400 7374/6308/4400
f 7375/6309/4402 7376/6310/4403 7377/6311/4403
f 7378/6312/4404 7379/6313/4404 7380/6314/4405
f 7368/6302/4397 7320/6254/4388 7319/6253/4387
f 7381/6315/4406 7373/6307/4401 7382/6316/4401
f 7281/6215/130 7280/6214/130 7383/6317/446
f 7384/6318/446 7383/6317/446 7385/6319/445
f 7386/6320/445 7385/6319/445 7387/6321/444
f 7388/6322/444 7387/6321/444 7389/6323/4407
f 7390/6324/4407 7389/6323/4407 7391/6325/4408
f 7392/6326/4409 7393/6327/4405 7380/6314/4405
f 7381/6315/4406 7394/6328/4406 7395/6329/4410
s 0
f 7396/6330/4411 7397/6331/4411 7398/6332/4411
s 1
f 7399/6333/4412 7400/6334/4413 7379/6313/4404
f 7392/6326/4409 7401/6335/4409 7299/6233/4374
f 7402/6336/4414 7395/6329/4410 7403/6337/4415
f 7399/6333/4412 7404/6338/4416 7405/6339/4417
f 7376/6310/4403 7193/6127/87 7192/6126/87
s 0
f 7406/6340/4418 7407/6341/4418 7408/6342/4418
s 1
f 7409/6343/4419 7410/6344/4420 7411/6345/4421
f 7412/6346/4422 7413/6347/4423 7414/6348/4424
f 7204/6138/4339 7203/6137/4339 7411/6345/4421
f 7205/6139/4340 7415/6349/4425 7414/6348/4424
f 7416/6350/4426 3783/2717/2151 3886/2820/2254
f 3783/2717/2151 7416/6350/4426 7417/6351/4427
f 7417/6351/4427 7418/6352/4428 3782/2716/2150
f 7418/6352/4428 7419/6353/4429 7420/6354/4430
f 7419/6353/4429 7421/6355/4431 3694/2628/2062
f 7421/6355/4431 3978/2912/2336 3703/2637/2071
f 3692/2626/2060 3881/2815/2249 7422/6356/4432
f 3870/2804/2238 3876/2810/2244 3885/2819/2253
f 3982/2916/2340 7423/6357/4433 7424/6358/4434
f 3987/2921/2345 7425/6359/4435 7423/6357/4433
f 4065/2999/2418 7426/6360/4436 7427/6361/4437
f 7428/6362/4438 7424/6358/4434 7426/6360/4436
f 7429/6363/4439 3886/2820/2254 3693/2627/2061
f 3697/2631/2065 3979/2913/2337 7425/6359/4435
f 3976/2910/2334 3975/2909/2333 7430/6364/4440
f 4157/3091/2494 4154/3088/2491 7431/6365/4441
f 4066/3000/2419 4062/2996/2415 7427/6361/4437
f 7432/6366/4442 7430/6364/4440 3975/2909/2333
f 4158/3092/2495 4157/3091/2494 7433/6367/4443
f 4152/3086/2489 4158/3092/2495 7434/6368/4444
f 5/5/5 1/1/1 3/3/3
f 9/9/9 4/4/4 5/5/5
f 44/44/37 6/6/6 8/8/8
f 8/8/8 7/7/7 9/9/9
f 7435/6369/214 10/10/10 12/12/11
f 10/10/10 13/13/12 11/11/10
f 13/13/12 15/15/13 14/14/12
f 16/16/13 15/15/13 18/18/14
f 23/23/15 19/19/15 21/21/16
f 25/25/17 22/22/17 23/23/15
f 104/104/18 24/24/18 25/25/17
f 32/32/25 26/26/19 28/28/21
f 7436/6370/135 29/29/22 31/31/24
f 45/45/38 32/32/25 33/33/26
f 33/33/26 28/28/21 35/35/28
f 30/30/23 33/33/26 36/36/29
f 31/31/24 30/30/23 37/37/30
f 28/28/21 27/27/20 34/34/27
f 4/4/4 35/35/28 1/1/1
f 7/7/7 36/36/29 4/4/4
f 6/6/6 37/37/30 7/7/7
f 1/1/1 34/34/27 2/2/2
f 9/9/9 39/39/32 8/8/8
f 3/3/3 41/41/34 5/5/5
f 5/5/5 42/42/35 9/9/9
f 8/8/8 40/40/33 44/44/37
f 29/29/22 45/45/38 30/30/23
f 181/181/146 46/46/39 48/48/41
f 50/50/43 52/52/45 51/51/44
f 108/108/46 54/54/16 56/56/46
f 60/60/50 57/57/47 59/59/49
f 65/65/55 60/60/50 61/61/51
f 94/94/80 62/62/52 64/64/54
f 62/62/52 65/65/55 63/63/53
f 7437/6371/57 66/66/56 68/68/57
f 7437/6371/57 68/68/57 70/70/58
f 70/70/58 69/69/58 72/72/59
f 72/72/59 71/71/59 74/74/60
f 89/89/75 75/75/61 77/77/63
f 87/87/73 78/78/64 80/80/66
f 77/77/63 76/76/62 82/82/68
f 82/82/68 83/83/69 77/77/63
f 87/87/73 85/85/71 82/82/68
f 80/80/66 86/86/72 87/87/73
f 77/77/63 84/84/70 89/89/75
f 84/84/70 83/83/69 59/59/49
f 83/83/69 85/85/71 61/61/51
f 85/85/71 86/86/72 63/63/53
f 88/88/74 84/84/70 58/58/48
f 65/65/55 62/62/52 91/91/77
f 57/57/47 60/60/50 93/93/79
f 60/60/50 65/65/55 92/92/78
f 62/62/52 94/94/80 90/90/76
f 82/82/68 81/81/67 87/87/73
f 7438/6372/4445 96/96/82 98/98/84
f 223/223/16 102/102/86 100/100/44
f 7439/6373/87 103/103/87 104/104/18
f 100/100/44 99/99/42 51/51/44
f 7440/6374/88 105/105/88 107/107/89
f 99/99/42 108/108/46 49/49/42
s 0
f 7441/6375/90 109/109/90 111/111/90
f 7442/6376/91 112/112/91 114/114/91
s 1
f 7443/6377/92 115/115/92 117/117/94
f 122/122/99 118/118/95 120/120/97
f 7444/6378/4446 121/121/98 122/122/99
f 127/127/104 123/123/100 125/125/102
f 7445/6379/4447 126/126/103 127/127/104
f 7446/6380/4448 128/128/105 130/130/107
f 7447/6381/4449 131/131/108 133/133/110
f 7448/6382/4450 134/134/111 136/136/113
f 116/116/93 137/137/114 139/139/115
f 7449/6383/16 140/140/116 141/141/117
f 116/116/93 139/139/115 117/117/94
f 146/146/120 3/3/3 145/145/119
f 151/151/124 146/146/120 147/147/121
f 179/179/145 148/148/122 150/150/6
f 148/148/122 151/151/124 149/149/123
f 7450/6384/125 152/152/125 154/154/126
f 154/154/126 153/153/126 156/156/127
f 156/156/127 155/155/127 158/158/128
f 17/17/14 158/158/128 18/18/14
f 160/160/129 21/21/16 159/159/129
f 162/162/130 160/160/129 161/161/130
f 224/224/131 162/162/130 163/163/131
f 27/27/20 26/26/19 165/165/133
f 175/175/141 166/166/134 168/168/24
f 165/165/133 164/164/132 170/170/137
f 170/170/137 171/171/138 165/165/133
f 175/175/141 173/173/140 170/170/137
f 168/168/24 174/174/30 175/175/141
f 165/165/133 172/172/139 27/27/20
f 172/172/139 171/171/138 145/145/119
f 171/171/138 173/173/140 147/147/121
f 173/173/140 174/174/30 149/149/123
f 38/38/31 172/172/139 2/2/2
f 151/151/124 148/148/122 177/177/143
f 3/3/3 146/146/120 41/41/34
f 146/146/120 151/151/124 178/178/144
f 148/148/122 179/179/145 176/176/142
f 170/170/137 169/169/136 175/175/141
f 7451/6385/4451 46/46/39 182/182/147
f 53/53/16 52/52/45 184/184/149
f 55/55/16 54/54/16 187/187/151
f 190/190/154 188/188/152 57/57/47
f 194/194/157 189/189/153 190/190/154
f 216/216/80 191/191/54 193/193/156
f 193/193/156 192/192/155 194/194/157
f 7452/6386/56 195/195/56 197/197/158
f 196/196/158 198/198/159 197/197/158
f 198/198/159 200/200/160 199/199/159
f 201/201/160 200/200/160 73/73/60
f 206/206/164 75/75/61 202/202/161
f 7453/6387/65 203/203/162 205/205/66
f 217/217/173 206/206/164 207/207/165
f 207/207/165 202/202/161 209/209/167
f 204/204/163 207/207/165 210/210/168
f 205/205/66 204/204/163 211/211/72
f 202/202/161 89/89/75 208/208/166
f 189/189/153 209/209/167 188/188/152
f 192/192/155 210/210/168 189/189/153
f 191/191/54 211/211/72 192/192/155
f 188/188/152 208/208/166 58/58/48
f 194/194/157 212/212/169 193/193/156
f 57/57/47 93/93/79 190/190/154
f 190/190/154 214/214/171 194/194/157
f 193/193/156 213/213/170 216/216/80
f 203/203/162 217/217/173 204/204/163
f 97/97/83 96/96/82 219/219/175
f 221/221/176 102/102/86 222/222/149
f 7454/6388/87 224/224/131 225/225/87
f 183/183/148 220/220/148 184/184/149
f 7455/6389/178 226/226/177 228/228/178
f 220/220/148 183/183/148 186/186/151
s 0
f 7456/6390/179 229/229/179 231/231/179
f 7457/6391/180 232/232/180 234/234/180
s 1
f 255/255/200 235/235/181 237/237/182
f 119/119/96 238/238/183 120/120/97
f 238/238/183 240/240/185 239/239/184
f 124/124/101 242/242/187 125/125/102
f 242/242/187 244/244/189 243/243/188
f 7458/6392/4452 246/246/191 248/248/193
f 7459/6393/4453 249/249/194 251/251/196
f 7460/6394/4454 252/252/197 254/254/199
f 138/138/16 137/137/114 256/256/201
f 7449/6383/16 257/257/202 140/140/116
f 255/255/200 237/237/182 256/256/201
f 264/264/207 261/261/204 263/263/206
f 269/269/212 264/264/207 265/265/208
f 304/304/234 266/266/209 268/268/211
f 266/266/209 269/269/212 267/267/210
f 7461/6395/14 270/270/213 272/272/13
f 272/272/13 271/271/13 274/274/12
f 274/274/12 273/273/12 276/276/10
f 417/417/214 276/276/10 277/277/214
f 281/281/18 278/278/87 280/280/18
f 283/283/17 281/281/18 282/282/17
f 362/362/15 283/283/17 284/284/15
f 299/299/229 285/285/215 287/287/217
f 297/297/227 288/288/218 290/290/220
f 287/287/217 286/286/216 292/292/222
f 292/292/222 293/293/223 287/287/217
f 297/297/227 295/295/225 292/292/222
f 290/290/220 296/296/226 297/297/227
f 287/287/217 294/294/224 299/299/229
f 294/294/224 293/293/223 263/263/206
f 293/293/223 295/295/225 265/265/208
f 295/295/225 296/296/226 267/267/210
f 298/298/228 294/294/224 262/262/205
f 269/269/212 266/266/209 301/301/231
f 261/261/204 264/264/207 303/303/233
f 264/264/207 269/269/212 302/302/232
f 266/266/209 304/304/234 300/300/230
f 292/292/222 291/291/221 297/297/227
f 7462/6396/4455 306/306/236 308/308/238
f 444/444/87 312/312/242 310/310/240
f 445/445/87 313/313/87 315/315/243
f 320/320/248 316/316/244 318/318/246
f 324/324/252 319/319/247 320/320/248
f 352/352/271 321/321/249 323/323/251
f 323/323/251 322/322/250 324/324/252
f 7463/6397/60 325/325/60 327/327/59
f 326/326/59 328/328/58 327/327/59
f 328/328/58 330/330/57 329/329/58
f 330/330/57 332/332/56 331/331/57
f 340/340/259 334/334/253 336/336/255
f 7464/6398/344 337/337/256 339/339/258
f 353/353/272 340/340/259 341/341/260
f 341/341/260 336/336/255 343/343/262
f 338/338/257 341/341/260 344/344/263
f 339/339/258 338/338/257 345/345/264
f 336/336/255 335/335/254 342/342/261
f 319/319/247 343/343/262 316/316/244
f 322/322/250 344/344/263 319/319/247
f 321/321/249 345/345/264 322/322/250
f 316/316/244 342/342/261 317/317/245
f 324/324/252 347/347/266 323/323/251
f 318/318/246 349/349/268 320/320/248
f 320/320/248 350/350/269 324/324/252
f 323/323/251 348/348/267 352/352/271
f 337/337/256 353/353/272 338/338/257
f 478/478/355 354/354/273 356/356/275
f 358/358/276 360/360/277 359/359/240
f 7465/6399/16 362/362/15 363/363/16
f 309/309/239 357/357/239 310/310/240
f 7466/6400/279 364/364/278 366/366/279
f 357/357/239 309/309/239 314/314/243
s 0
f 7467/6401/280 367/367/280 369/369/280
f 7468/6402/281 370/370/281 372/372/281
s 1
f 396/396/304 373/373/282 375/375/283
f 499/499/366 376/376/284 378/378/286
f 376/376/284 379/379/287 377/377/285
f 503/503/370 381/381/289 383/383/291
f 381/381/289 384/384/292 382/382/290
f 7469/6403/4456 386/386/294 388/388/296
f 7470/6404/4457 389/389/297 391/391/299
f 7471/6405/4458 392/392/300 394/394/302
f 515/515/87 395/395/303 397/397/305
f 7472/6406/87 398/398/306 399/399/307
f 396/396/304 375/375/283 397/397/305
f 405/405/311 403/403/309 261/261/204
f 409/409/314 404/404/310 405/405/311
f 437/437/327 406/406/211 408/408/313
f 408/408/313 407/407/312 409/409/314
f 7473/6407/315 410/410/128 412/412/315
f 410/410/128 413/413/127 411/411/128
f 413/413/127 415/415/126 414/414/127
f 416/416/126 415/415/126 277/277/214
f 420/420/131 418/418/131 278/278/87
f 422/422/130 419/419/130 420/420/131
f 484/484/129 421/421/129 422/422/130
f 427/427/319 285/285/215 423/423/316
f 7474/6408/219 424/424/317 426/426/220
f 438/438/328 427/427/319 428/428/320
f 428/428/320 423/423/316 430/430/322
f 425/425/318 428/428/320 431/431/323
f 426/426/220 425/425/318 432/432/226
f 423/423/316 299/299/229 429/429/321
f 404/404/310 430/430/322 403/403/309
f 407/407/312 431/431/323 404/404/310
f 406/406/211 432/432/226 407/407/312
f 403/403/309 429/429/321 262/262/205
f 409/409/314 433/433/324 408/408/313
f 261/261/204 303/303/233 405/405/311
f 405/405/311 435/435/326 409/409/314
f 408/408/313 434/434/325 437/437/327
f 424/424/317 438/438/328 425/425/318
f 307/307/237 306/306/236 440/440/330
f 442/442/332 312/312/242 443/443/333
f 488/488/334 313/313/87 446/446/334
f 448/448/336 318/318/246 447/447/335
f 453/453/340 448/448/336 449/449/337
f 476/476/271 450/450/338 452/452/249
f 450/450/338 453/453/340 451/451/339
f 7475/6409/160 454/454/60 456/456/160
f 7475/6409/160 456/456/160 458/458/159
f 458/458/159 457/457/159 460/460/158
f 332/332/56 460/460/158 333/333/56
f 335/335/254 334/334/253 462/462/342
f 472/472/350 463/463/343 465/465/258
f 462/462/342 461/461/341 467/467/346
f 467/467/346 468/468/347 462/462/342
f 472/472/350 470/470/349 467/467/346
f 465/465/258 471/471/264 472/472/350
f 462/462/342 469/469/348 335/335/254
f 469/469/348 468/468/347 447/447/335
f 468/468/347 470/470/349 449/449/337
f 470/470/349 471/471/264 451/451/339
f 346/346/265 469/469/348 317/317/245
f 453/453/340 450/450/338 474/474/352
f 318/318/246 448/448/336 349/349/268
f 448/448/336 453/453/340 475/475/353
f 450/450/338 476/476/271 473/473/351
f 467/467/346 466/466/345 472/472/350
f 7476/6410/4459 354/354/273 479/479/356
f 361/361/87 360/360/277 481/481/333
f 7477/6411/16 483/483/16 484/484/129
f 481/481/333 480/480/331 443/443/333
f 7478/6412/358 485/485/358 487/487/359
f 480/480/331 488/488/334 441/441/331
s 0
f 7479/6413/360 489/489/360 491/491/360
f 7480/6414/361 492/492/361 494/494/361
s 1
f 7481/6415/362 495/495/362 497/497/364
f 501/501/368 498/498/365 378/378/286
f 7482/6416/4460 500/500/367 501/501/368
f 505/505/372 502/502/369 383/383/291
f 7483/6417/4461 504/504/371 505/505/372
f 7484/6418/4462 506/506/373 508/508/375
f 7485/6419/4463 509/509/376 511/511/378
f 7486/6420/4464 512/512/379 514/514/381
f 496/496/363 395/395/303 516/516/382
f 7472/6406/87 399/399/307 517/517/383
f 496/496/363 516/516/382 497/497/364
f 7487/6421/386 521/521/385 523/523/386
f 521/521/385 524/524/387 522/522/385
f 524/524/387 526/526/129 525/525/387
f 526/526/129 528/528/388 527/527/129
f 528/528/388 530/530/389 529/529/388
f 530/530/389 532/532/390 531/531/389
f 532/532/390 534/534/130 533/533/390
f 550/550/391 536/536/391 538/538/392
f 537/537/392 539/539/393 538/538/392
f 539/539/393 541/541/394 540/540/393
f 541/541/394 543/543/395 542/542/394
f 7488/6422/396 545/545/396 547/547/397
f 546/546/397 548/548/398 547/547/397
f 548/548/398 536/536/391 549/549/398
f 555/555/385 551/551/385 553/553/386
f 557/557/387 554/554/387 555/555/385
f 559/559/129 556/556/129 557/557/387
f 561/561/388 558/558/388 559/559/129
f 563/563/389 560/560/389 561/561/388
f 565/565/390 562/562/390 563/563/389
f 7489/6423/130 564/564/130 565/565/390
f 579/579/400 566/566/399 568/568/400
f 567/567/399 566/566/399 570/570/401
f 569/569/401 571/571/402 570/570/401
f 572/572/403 571/571/402 574/574/404
f 574/574/404 573/573/404 576/576/406
f 576/576/406 575/575/405 578/578/407
f 7490/6424/408 579/579/400 580/580/408
f 595/595/410 581/581/409 583/583/410
f 581/581/409 584/584/411 582/582/409
f 584/584/411 586/586/412 585/585/411
f 7491/6425/413 588/588/413 590/590/414
f 589/589/414 591/591/415 590/590/414
f 591/591/415 593/593/416 592/592/415
f 594/594/416 593/593/416 583/583/410
f 610/610/129 596/596/129 598/598/387
f 598/598/387 597/597/387 600/600/385
f 600/600/385 599/599/385 602/602/386
f 7492/6426/130 603/603/130 605/605/390
f 605/605/390 604/604/390 607/607/389
f 607/607/389 606/606/389 609/609/388
f 609/609/388 608/608/388 610/610/129
f 7493/6427/418 611/611/417 613/613/418
f 7493/6427/418 613/613/418 615/615/419
f 621/621/420 615/615/419 616/616/420
f 7494/6428/421 617/617/421 619/619/422
f 7495/6429/423 619/619/422 620/620/423
f 7496/6430/424 621/621/420 622/622/424
f 7495/6429/423 620/620/423 611/611/417
f 7497/6431/130 623/623/130 625/625/390
f 630/630/385 626/626/385 628/628/386
f 632/632/387 629/629/387 630/630/385
f 634/634/129 631/631/129 632/632/387
f 636/636/388 633/633/388 634/634/129
f 637/637/389 635/635/389 636/636/388
f 625/625/390 624/624/390 637/637/389
f 651/651/389 638/638/389 640/640/388
f 652/652/387 641/641/387 643/643/385
f 640/640/388 639/639/388 645/645/129
f 7498/6432/130 646/646/130 648/648/390
f 643/643/385 642/642/385 650/650/386
f 648/648/390 647/647/390 651/651/389
f 645/645/129 644/644/129 652/652/387
f 667/667/129 653/653/129 655/655/387
f 659/659/385 656/656/385 658/658/386
f 655/655/387 654/654/387 659/659/385
f 7499/6433/130 660/660/130 662/662/390
f 662/662/390 661/661/390 664/664/389
f 664/664/389 663/663/389 666/666/388
f 666/666/388 665/665/388 667/667/129
f 7500/6434/426 668/668/425 670/670/426
f 673/673/427 671/671/427 668/668/425
f 675/675/428 672/672/428 673/673/427
f 7501/6435/429 674/674/429 675/675/428
f 680/680/430 676/676/430 678/678/431
f 7502/6436/432 678/678/431 679/679/432
f 7500/6434/426 670/670/426 680/680/430
f 693/693/433 681/681/433 683/683/434
f 7503/6437/436 684/684/435 686/686/436
f 683/683/434 682/682/434 684/684/435
f 7504/6438/437 687/687/437 689/689/438
f 691/691/439 689/689/438 690/690/439
f 7505/6439/440 691/691/439 692/692/440
f 7505/6439/440 692/692/440 693/693/433
f 7506/6440/441 694/694/441 696/696/442
f 696/696/442 695/695/442 698/698/443
f 698/698/443 697/697/443 700/700/131
f 700/700/131 699/699/131 702/702/444
f 702/702/444 701/701/444 704/704/445
f 704/704/445 703/703/445 706/706/446
f 706/706/446 705/705/446 534/534/130
f 7507/6441/448 707/707/447 709/709/448
f 7507/6441/448 709/709/448 711/711/449
f 711/711/449 710/710/449 713/713/450
f 713/713/450 712/712/450 543/543/395
f 717/717/452 714/714/451 716/716/452
f 7508/6442/453 717/717/452 718/718/453
f 7508/6442/453 718/718/453 707/707/447
f 722/722/442 719/719/441 721/721/442
f 724/724/443 722/722/442 723/723/443
f 726/726/131 724/724/443 725/725/131
f 728/728/444 726/726/131 727/727/444
f 730/730/445 728/728/444 729/729/445
f 732/732/446 730/730/445 731/731/446
f 7489/6423/130 732/732/446 564/564/130
f 745/745/454 733/733/454 735/735/455
f 735/735/455 734/734/455 737/737/456
f 737/737/456 736/736/456 739/739/457
f 741/741/458 739/739/457 740/740/458
f 743/743/460 741/741/458 742/742/459
f 577/577/407 743/743/460 578/578/407
f 7509/6443/461 744/744/461 745/745/454
f 7510/6444/462 746/746/462 748/748/463
f 748/748/463 747/747/463 750/750/464
f 750/750/464 749/749/464 586/586/412
f 7511/6445/466 751/751/465 753/753/466
f 7511/6445/466 753/753/466 755/755/467
f 755/755/467 754/754/467 757/757/468
f 7510/6444/462 757/757/468 746/746/462
f 771/771/131 758/758/443 760/760/131
f 758/758/443 761/761/442 759/759/443
f 761/761/442 763/763/441 762/762/442
f 7492/6426/130 765/765/446 603/603/130
f 765/765/446 767/767/445 766/766/446
f 767/767/445 769/769/444 768/768/445
f 769/769/444 771/771/131 770/770/444
f 785/785/469 772/772/469 774/774/470
f 773/773/470 775/775/471 774/774/470
f 775/775/471 777/777/472 776/776/471
f 7494/6428/421 779/779/473 617/617/421
f 780/780/474 779/779/473 782/782/475
f 778/778/472 777/777/472 784/784/476
f 781/781/475 772/772/469 782/782/475
f 7497/6431/130 786/786/446 623/623/130
f 791/791/442 788/788/441 790/790/442
f 793/793/443 791/791/442 792/792/443
f 795/795/131 793/793/443 794/794/131
f 797/797/444 795/795/131 796/796/444
f 799/799/445 797/797/444 798/798/445
f 786/786/446 799/799/445 787/787/446
f 812/812/445 800/800/444 802/802/445
f 813/813/443 803/803/442 805/805/443
f 800/800/444 806/806/131 801/801/444
f 7498/6432/130 808/808/446 646/646/130
f 803/803/442 810/810/441 804/804/442
f 808/808/446 812/812/445 809/809/446
f 806/806/131 813/813/443 807/807/131
f 827/827/131 814/814/443 816/816/131
f 820/820/442 817/817/441 819/819/442
f 814/814/443 820/820/442 815/815/443
f 7499/6433/130 821/821/446 660/660/130
f 821/821/446 823/823/445 822/822/446
f 823/823/445 825/825/444 824/824/445
f 825/825/444 827/827/131 826/826/444
f 831/831/477 828/828/477 830/830/478
f 833/833/479 828/828/477 832/832/479
f 835/835/480 833/833/479 834/834/480
f 7501/6435/429 835/835/480 674/674/429
f 841/841/482 836/836/481 838/838/482
f 837/837/481 836/836/481 840/840/483
f 829/829/478 841/841/482 830/830/478
f 855/855/485 842/842/484 844/844/485
f 848/848/486 845/845/486 847/847/487
f 842/842/484 845/845/486 843/843/484
f 7504/6438/437 849/849/488 687/687/437
f 850/850/488 849/849/488 852/852/489
f 851/851/489 853/853/490 852/852/489
f 854/854/490 853/853/490 844/844/485
f 7512/6446/491 856/856/491 858/858/492
f 858/858/492 857/857/492 860/860/493
f 860/860/493 859/859/493 862/862/15
f 862/862/15 861/861/15 864/864/494
f 864/864/494 863/863/494 866/866/495
f 866/866/495 865/865/495 868/868/496
f 868/868/496 867/867/496 870/870/17
f 7513/6447/498 871/871/497 873/873/498
f 7513/6447/498 873/873/498 875/875/499
f 875/875/499 874/874/499 877/877/500
f 877/877/500 876/876/500 879/879/501
f 7514/6448/503 880/880/502 882/882/503
f 7514/6448/503 882/882/503 884/884/504
f 884/884/504 883/883/504 871/871/497
f 888/888/492 885/885/491 887/887/492
f 890/890/493 888/888/492 889/889/493
f 892/892/15 890/890/493 891/891/15
f 894/894/494 892/892/15 893/893/494
f 896/896/495 894/894/494 895/895/495
f 898/898/496 896/896/495 897/897/496
f 7515/6449/17 898/898/496 899/899/17
f 912/912/505 900/900/505 902/902/506
f 7516/6450/507 902/902/506 903/903/507
f 7516/6450/507 903/903/507 905/905/509
f 907/907/510 905/905/509 906/906/510
f 909/909/512 907/907/510 908/908/511
f 1084/1084/513 909/909/512 910/910/513
f 7517/6451/514 911/911/514 912/912/505
f 7518/6452/515 913/913/515 915/915/516
f 915/915/516 914/914/516 917/917/517
f 917/917/517 916/916/517 919/919/518
f 923/923/520 920/920/519 922/922/520
f 925/925/521 923/923/520 924/924/521
f 927/927/522 925/925/521 926/926/522
f 7518/6452/515 927/927/522 913/913/515
f 942/942/15 928/928/493 930/930/15
f 928/928/493 931/931/492 929/929/493
f 931/931/492 933/933/491 932/932/492
f 7519/6453/17 935/935/496 937/937/17
f 935/935/496 938/938/495 936/936/496
f 938/938/495 940/940/494 939/939/495
f 940/940/494 942/942/15 941/941/494
f 957/957/523 943/943/523 945/945/524
f 944/944/524 946/946/525 945/945/524
f 947/947/525 946/946/525 949/949/526
f 7520/6454/528 950/950/527 952/952/528
f 951/951/527 950/950/527 954/954/529
f 949/949/526 948/948/526 956/956/530
f 953/953/529 943/943/523 954/954/529
f 7521/6455/17 958/958/496 960/960/17
f 964/964/492 961/961/491 963/963/492
f 966/966/493 964/964/492 965/965/493
f 968/968/15 966/966/493 967/967/15
f 970/970/494 968/968/15 969/969/494
f 972/972/495 970/970/494 971/971/495
f 958/958/496 972/972/495 959/959/496
f 986/986/495 973/973/494 975/975/495
f 987/987/493 976/976/492 978/978/493
f 973/973/494 979/979/15 974/974/494
f 7522/6456/17 981/981/496 983/983/17
f 976/976/492 984/984/491 977/977/492
f 981/981/496 986/986/495 982/982/496
f 979/979/15 987/987/493 980/980/15
f 1002/1002/15 988/988/493 990/990/15
f 994/994/492 991/991/491 993/993/492
f 988/988/493 994/994/492 989/989/493
f 7523/6457/17 995/995/496 997/997/17
f 995/995/496 998/998/495 996/996/496
f 998/998/495 1000/1000/494 999/999/495
f 1000/1000/494 1002/1002/15 1001/1001/494
f 1006/1006/531 1003/1003/531 1005/1005/532
f 1008/1008/533 1003/1003/531 1007/1007/533
f 1010/1010/534 1008/1008/533 1009/1009/534
f 7524/6458/535 1010/1010/534 1011/1011/535
f 1017/1017/537 1012/1012/536 1014/1014/537
f 1013/1013/536 1012/1012/536 1016/1016/538
f 1004/1004/532 1017/1017/537 1005/1005/532
f 1032/1032/540 1018/1018/539 1020/1020/540
f 1024/1024/541 1021/1021/541 1023/1023/542
f 1018/1018/539 1021/1021/541 1019/1019/539
f 7525/6459/544 1025/1025/543 1027/1027/544
f 1026/1026/543 1025/1025/543 1029/1029/545
f 1028/1028/545 1030/1030/546 1029/1029/545
f 1030/1030/546 1032/1032/540 1031/1031/546
f 7526/6460/548 1033/1033/547 1035/1035/548
f 1033/1033/547 1036/1036/549 1034/1034/547
f 1036/1036/549 1038/1038/18 1037/1037/549
f 1038/1038/18 1040/1040/550 1039/1039/18
f 1040/1040/550 1042/1042/551 1041/1041/550
f 1042/1042/551 1044/1044/552 1043/1043/551
f 1044/1044/552 870/870/17 1045/1045/552
f 1058/1058/553 1046/1046/553 1048/1048/554
f 1047/1047/554 1049/1049/555 1048/1048/554
f 1049/1049/555 1051/1051/556 1050/1050/555
f 1051/1051/556 879/879/501 1052/1052/556
f 7527/6461/557 1053/1053/557 1055/1055/558
f 1055/1055/558 1054/1054/558 1057/1057/559
f 1056/1056/559 1046/1046/553 1057/1057/559
f 1063/1063/547 1059/1059/547 1061/1061/548
f 1065/1065/549 1062/1062/549 1063/1063/547
f 1067/1067/18 1064/1064/18 1065/1065/549
f 1069/1069/550 1066/1066/550 1067/1067/18
f 1071/1071/551 1068/1068/551 1069/1069/550
f 1072/1072/552 1070/1070/552 1071/1071/551
f 7515/6449/17 899/899/17 1072/1072/552
f 1085/1085/560 1073/1073/560 1075/1075/562
f 1075/1075/562 1074/1074/561 1077/1077/563
f 1076/1076/563 1078/1078/564 1077/1077/563
f 1079/1079/565 1078/1078/564 1081/1081/566
f 1081/1081/566 1080/1080/566 1083/1083/567
f 1082/1082/567 1084/1084/513 1083/1083/567
f 7528/6462/568 1073/1073/560 1086/1086/568
f 1099/1099/570 1087/1087/569 1089/1089/570
f 1087/1087/569 1090/1090/571 1088/1088/569
f 1090/1090/571 919/919/518 1091/1091/571
f 7529/6463/572 1092/1092/572 1094/1094/573
f 1093/1093/573 1095/1095/574 1094/1094/573
f 1095/1095/574 1097/1097/575 1096/1096/574
f 1098/1098/575 1097/1097/575 1089/1089/570
f 1113/1113/18 1100/1100/18 1102/1102/549
f 1102/1102/549 1101/1101/549 1104/1104/547
f 1104/1104/547 1103/1103/547 1106/1106/548
f 7519/6453/17 937/937/17 1108/1108/552
f 1108/1108/552 1107/1107/552 1110/1110/551
f 1110/1110/551 1109/1109/551 1112/1112/550
f 1112/1112/550 1111/1111/550 1113/1113/18
f 7530/6464/577 1114/1114/576 1116/1116/577
f 7530/6464/577 1116/1116/577 1118/1118/578
f 1118/1118/578 1117/1117/578 1120/1120/579
f 7520/6454/528 952/952/528 1122/1122/580
f 7531/6465/4465 1122/1122/580 1123/1123/581
f 7532/6466/582 1120/1120/579 1124/1124/582
f 7531/6465/4465 1123/1123/581 1114/1114/576
f 7521/6455/17 960/960/17 1126/1126/552
f 1131/1131/547 1127/1127/547 1129/1129/548
f 1133/1133/549 1130/1130/549 1131/1131/547
f 1135/1135/18 1132/1132/18 1133/1133/549
f 1137/1137/550 1134/1134/550 1135/1135/18
f 1138/1138/551 1136/1136/551 1137/1137/550
f 1126/1126/552 1125/1125/552 1138/1138/551
f 1151/1151/551 1139/1139/551 1141/1141/550
f 1152/1152/549 1142/1142/549 1144/1144/547
f 1141/1141/550 1140/1140/550 1146/1146/18
f 7522/6456/17 983/983/17 1148/1148/552
f 1144/1144/547 1143/1143/547 1150/1150/548
f 1148/1148/552 1147/1147/552 1151/1151/551
f 1146/1146/18 1145/1145/18 1152/1152/549
f 1166/1166/18 1153/1153/18 1155/1155/549
f 1159/1159/547 1156/1156/547 1158/1158/548
f 1155/1155/549 1154/1154/549 1159/1159/547
f 7523/6457/17 997/997/17 1161/1161/552
f 1161/1161/552 1160/1160/552 1163/1163/551
f 1163/1163/551 1162/1162/551 1165/1165/550
f 1165/1165/550 1164/1164/550 1166/1166/18
f 7533/6467/584 1167/1167/583 1169/1169/584
f 1172/1172/585 1170/1170/585 1167/1167/583
f 1173/1173/586 1171/1171/586 1172/1172/585
f 7524/6458/535 1011/1011/535 1173/1173/586
f 1178/1178/587 1174/1174/587 1176/1176/588
f 7534/6468/589 1176/1176/588 1177/1177/589
f 7533/6467/584 1169/1169/584 1178/1178/587
f 7535/6469/590 1179/1179/590 1181/1181/591
f 7536/6470/593 1182/1182/592 1184/1184/593
f 1181/1181/591 1180/1180/591 1182/1182/592
f 7525/6459/544 1027/1027/544 1186/1186/594
f 1188/1188/595 1186/1186/594 1187/1187/595
f 1190/1190/596 1188/1188/595 1189/1189/596
f 7535/6469/590 1190/1190/596 1179/1179/590
f 1343/1269/751 1339/1265/747 1341/1267/749
f 1345/1271/753 1342/1268/750 1343/1269/751
f 1347/1273/755 1344/1270/752 1345/1271/753
f 1359/1285/756 1346/1272/754 1347/1273/755
f 1351/1277/758 1348/1274/754 1350/1276/757
f 1353/1279/760 1351/1277/758 1352/1278/759
f 1355/1281/762 1353/1279/760 1354/1280/761
f 1340/1266/748 1355/1281/762 1341/1267/749
f 1357/1283/764 1343/1269/751 1356/1282/763
f 1358/1284/765 1345/1271/753 1357/1283/764
f 1360/1286/766 1347/1273/755 1358/1284/765
f 1368/1294/767 1359/1285/756 1360/1286/766
f 1350/1276/757 1349/1275/756 1362/1288/768
f 1352/1278/759 1350/1276/757 1363/1289/769
f 1354/1280/761 1352/1278/759 1364/1290/770
f 1341/1267/749 1354/1280/761 1356/1282/763
f 1366/1292/772 1357/1283/764 1365/1291/771
f 1367/1293/773 1358/1284/765 1366/1292/772
f 1369/1295/774 1360/1286/766 1367/1293/773
f 7537/1414/775 1368/1294/767 1369/1295/774
f 1362/1288/768 1361/1287/767 1371/1297/776
f 1363/1289/769 1362/1288/768 1372/1298/777
f 1364/1290/770 1363/1289/769 1373/1299/778
f 1356/1282/763 1364/1290/770 1365/1291/771
f 1366/1292/772 1365/1291/771 1375/1301/780
f 1367/1293/773 1366/1292/772 1376/1302/781
f 1369/1295/774 1367/1293/773 1377/1303/782
f 7537/1414/775 1369/1295/774 1378/1304/783
f 1380/1306/784 1371/1297/776 1379/1305/783
f 1381/1307/785 1372/1298/777 1380/1306/784
f 1382/1308/786 1373/1299/778 1381/1307/785
f 1374/1300/779 1365/1291/771 1382/1308/786
f 1375/1301/780 1374/1300/779 1384/1310/788
f 1376/1302/781 1375/1301/780 1385/1311/789
f 1377/1303/782 1376/1302/781 1386/1312/790
f 1378/1304/783 1377/1303/782 1387/1313/791
f 1389/1315/792 1380/1306/784 1388/1314/791
f 1390/1316/793 1381/1307/785 1389/1315/792
f 1391/1317/794 1382/1308/786 1390/1316/793
f 1383/1309/787 1374/1300/779 1391/1317/794
f 1393/1319/796 1384/1310/788 1392/1318/795
f 1394/1320/797 1385/1311/789 1393/1319/796
f 1395/1321/798 1386/1312/790 1394/1320/797
f 7538/1415/799 1387/1313/791 1395/1321/798
f 1389/1315/792 1388/1314/791 1397/1323/800
f 1390/1316/793 1389/1315/792 1398/1324/801
f 1391/1317/794 1390/1316/793 1399/1325/802
f 1383/1309/787 1391/1317/794 1392/1318/795
f 1413/1339/816 1400/1326/803 1402/1328/805
f 1414/1340/817 1403/1329/806 1405/1331/808
f 7539/1416/4466 1406/1332/809 1408/1334/811
f 1400/1326/803 1409/1335/812 1401/1327/804
f 7539/1416/4466 1408/1334/811 1412/1338/815
f 1406/1332/809 1413/1339/816 1407/1333/810
f 1412/1338/815 1411/1337/814 1414/1340/817
f 1405/1331/808 1404/1330/807 1409/1335/812
f 1425/1351/828 1415/1341/818 1417/1343/820
f 1426/1352/829 1418/1344/821 1420/1346/823
f 1429/1355/832 1421/1347/824 1423/1349/826
f 7540/1417/4467 1424/1350/827 1425/1351/828
f 1421/1347/824 1426/1352/829 1422/1348/825
f 1428/1354/831 1427/1353/830 1418/1344/821
f 1417/1343/820 1416/1342/819 1428/1354/831
f 7540/1417/4467 1429/1355/832 1424/1350/827
f 1434/1360/837 1430/1356/833 1432/1358/835
f 1436/1362/839 1433/1359/836 1434/1360/837
f 1438/1364/841 1435/1361/838 1436/1362/839
f 7541/1418/842 1437/1363/840 1438/1364/841
f 1442/1368/844 1439/1365/840 1441/1367/843
f 1444/1370/846 1442/1368/844 1443/1369/845
f 1446/1372/848 1444/1370/846 1445/1371/847
f 1431/1357/834 1446/1372/848 1432/1358/835
f 1460/1386/862 1447/1373/849 1449/1375/851
f 1461/1387/863 1450/1376/852 1452/1378/854
f 7542/1419/4468 1453/1379/855 1455/1381/857
f 1447/1373/849 1456/1382/858 1448/1374/850
f 7542/1419/4468 1455/1381/857 1459/1385/861
f 1453/1379/855 1460/1386/862 1454/1380/856
f 1459/1385/861 1458/1384/860 1461/1387/863
f 1452/1378/854 1451/1377/853 1456/1382/858
f 1466/1392/868 1462/1388/864 1464/1390/866
f 1468/1394/870 1465/1391/867 1466/1392/868
f 1470/1396/872 1467/1393/869 1468/1394/870
f 1482/1408/874 1469/1395/871 1470/1396/872
f 1474/1400/876 1471/1397/873 1473/1399/875
f 1476/1402/878 1474/1400/876 1475/1401/877
f 1478/1404/880 1476/1402/878 1477/1403/879
f 1463/1389/865 1478/1404/880 1464/1390/866
f 1480/1406/882 1466/1392/868 1479/1405/881
f 1481/1407/883 1468/1394/870 1480/1406/882
f 1483/1409/884 1470/1396/872 1481/1407/883
f 7543/1420/885 1482/1408/874 1483/1409/884
f 1473/1399/875 1472/1398/874 1485/1411/886
f 1475/1401/877 1473/1399/875 1486/1412/887
f 1477/1403/879 1475/1401/877 1487/1413/888
f 1464/1390/866 1477/1403/879 1479/1405/881
f 7544/1266/4469 1488/1265/889 1490/1267/891
f 1488/1265/889 1491/1268/892 1489/1269/890
f 1491/1268/892 1493/1270/894 1492/1271/893
f 1493/1270/894 1495/1272/896 1494/1273/895
f 1501/1277/900 1497/1276/898 1499/1274/896
f 1503/1279/902 1500/1278/899 1501/1277/900
f 1504/1281/903 1502/1280/901 1503/1279/902
f 7544/1266/4469 1490/1267/891 1504/1281/903
f 1490/1267/891 1489/1269/890 1506/1282/905
f 1489/1269/890 1492/1271/893 1505/1283/904
f 1492/1271/893 1494/1273/895 1507/1284/906
f 1494/1273/895 1496/1285/897 1508/1286/907
f 1497/1276/898 1510/1288/909 1498/1275/897
f 1500/1278/899 1512/1289/910 1497/1276/898
f 1502/1280/901 1513/1290/911 1500/1278/899
f 1490/1267/891 1506/1282/905 1502/1280/901
f 1506/1282/905 1505/1283/904 1515/1291/913
f 1505/1283/904 1507/1284/906 1514/1292/912
f 1507/1284/906 1508/1286/907 1516/1293/914
f 1508/1286/907 1509/1294/908 1517/1295/915
f 1510/1288/909 1519/1297/917 1511/1287/908
f 1512/1289/910 1521/1298/918 1510/1288/909
f 1513/1290/911 1522/1299/919 1512/1289/910
f 1506/1282/905 1515/1291/913 1513/1290/911
f 1514/1292/912 1523/1301/920 1515/1291/913
f 1516/1293/914 1525/1302/922 1514/1292/912
f 1517/1295/915 1526/1303/923 1516/1293/914
f 1518/1414/916 1527/1304/924 1517/1295/915
f 1520/1296/916 1519/1297/917 1529/1305/924
f 1519/1297/917 1521/1298/918 1528/1306/925
f 1521/1298/918 1522/1299/919 1530/1307/926
f 1522/1299/919 1515/1291/913 1531/1308/927
f 1523/1301/920 1532/1310/928 1524/1300/921
f 1525/1302/922 1534/1311/930 1523/1301/920
f 1526/1303/923 1535/1312/931 1525/1302/922
f 1527/1304/924 1536/1313/932 1526/1303/923
f 1529/1305/924 1528/1306/925 1538/1314/932
f 1528/1306/925 1530/1307/926 1537/1315/933
f 1530/1307/926 1531/1308/927 1539/1316/934
f 1531/1308/927 1524/1300/921 1540/1317/935
f 1533/1309/929 1532/1310/928 1542/1318/937
f 1532/1310/928 1534/1311/930 1541/1319/936
f 1534/1311/930 1535/1312/931 1543/1320/938
f 1535/1312/931 1536/1313/932 1544/1321/939
f 1537/1315/933 1546/1323/941 1538/1314/932
f 1539/1316/934 1548/1324/942 1537/1315/933
f 1540/1317/935 1549/1325/943 1539/1316/934
f 1533/1309/929 1542/1318/937 1540/1317/935
f 1560/1327/954 1550/1326/944 1552/1328/946
f 1564/1340/958 1553/1331/947 1555/1329/949
f 1563/1333/957 1556/1332/950 1558/1334/952
f 1565/1336/959 1559/1335/953 1560/1327/954
f 1557/1416/951 1561/1338/955 1558/1334/952
f 1552/1328/946 1551/1339/945 1563/1333/957
f 1561/1338/955 1564/1340/958 1562/1337/956
f 1553/1331/947 1559/1335/953 1554/1330/948
f 1575/1351/969 1566/1343/960 1568/1341/962
f 1578/1345/972 1569/1344/963 1571/1346/965
f 1577/1348/971 1572/1347/966 1574/1349/968
f 1581/1417/975 1575/1351/969 1576/1350/970
f 1571/1346/965 1570/1352/964 1577/1348/971
f 1580/1354/974 1569/1344/963 1579/1353/973
f 1566/1343/960 1580/1354/974 1567/1342/961
f 1574/1349/968 1573/1355/967 1576/1350/970
f 7545/1357/4470 1582/1356/976 1584/1358/978
f 1582/1356/976 1585/1359/979 1583/1360/977
f 1585/1359/979 1587/1361/980 1586/1362/839
f 1587/1361/980 1589/1363/982 1588/1364/981
f 1595/1368/986 1591/1367/984 1593/1365/982
f 1597/1370/988 1594/1369/985 1595/1368/986
f 1598/1372/989 1596/1371/987 1597/1370/988
f 7545/1357/4470 1584/1358/978 1598/1372/989
f 1609/1374/1000 1599/1373/990 1601/1375/992
f 1613/1387/1004 1602/1378/993 1604/1376/995
f 1612/1380/1003 1605/1379/996 1607/1381/998
f 1614/1383/1005 1608/1382/999 1609/1374/1000
f 1606/1419/997 1610/1385/1001 1607/1381/998
f 1601/1375/992 1600/1386/991 1612/1380/1003
f 1610/1385/1001 1613/1387/1004 1611/1384/1002
f 1602/1378/993 1608/1382/999 1603/1377/994
f 7546/1389/4471 1615/1388/1006 1617/1390/1008
f 1615/1388/1006 1618/1391/1009 1616/1392/1007
f 1618/1391/1009 1620/1393/1011 1619/1394/1010
f 1620/1393/1011 1622/1395/1013 1621/1396/1012
f 1628/1400/1018 1624/1399/1015 1626/1397/1016
f 1630/1402/1020 1627/1401/1017 1628/1400/1018
f 1631/1404/1021 1629/1403/1019 1630/1402/1020
f 7546/1389/4471 1617/1390/1008 1631/1404/1021
f 1617/1390/1008 1616/1392/1007 1633/1405/1023
f 1616/1392/1007 1619/1394/1010 1632/1406/1022
f 1619/1394/1010 1621/1396/1012 1634/1407/1024
f 1621/1396/1012 1623/1408/1014 1635/1409/1025
f 1624/1399/1015 1637/1411/1027 1625/1398/1014
f 1627/1401/1017 1639/1412/1028 1624/1399/1015
f 1629/1403/1019 1640/1413/1029 1627/1401/1017
f 1617/1390/1008 1633/1405/1023 1629/1403/1019
f 1645/1425/1034 1641/1421/1030 1643/1423/1032
f 1647/1427/1036 1644/1424/1033 1645/1425/1034
f 1649/1429/1038 1646/1426/1035 1647/1427/1036
f 7547/6471/1378 1648/1428/1037 1649/1429/1038
f 7548/1654/1378 1650/1430/1039 1652/1432/1037
f 1650/1430/1039 1653/1433/1041 1651/1431/1040
f 1653/1433/1041 1655/1435/1043 1654/1434/1042
f 1655/1435/1043 1643/1423/1032 1656/1436/1044
f 1641/1421/1030 1657/1437/1045 1642/1422/1031
f 1641/1421/1030 1644/1424/1033 1657/1437/1045
f 1644/1424/1033 1646/1426/1035 1659/1439/1046
f 1646/1426/1035 1648/1428/1037 1660/1440/1047
f 1651/1431/1040 1662/1442/1048 1652/1432/1037
f 1654/1434/1042 1664/1444/1049 1651/1431/1040
f 1656/1436/1044 1665/1445/1050 1654/1434/1042
f 1642/1422/1031 1658/1438/130 1656/1436/1044
f 1669/1449/1054 1666/1446/1051 1668/1448/1053
f 1671/1451/1056 1669/1449/1054 1670/1450/1055
f 1673/1453/1058 1671/1451/1056 1672/1452/1057
f 7549/6472/1061 1673/1453/1058 1674/1454/1059
f 1679/1459/1064 1675/1455/1060 1677/1457/1062
f 1681/1461/1066 1678/1458/1063 1679/1459/1064
f 1682/1462/1067 1680/1460/1065 1681/1461/1066
f 1667/1447/1052 1666/1446/1051 1682/1462/1067
f 1657/1437/1045 1668/1448/1053 1658/1438/130
f 1659/1439/1046 1670/1450/1055 1657/1437/1045
f 1660/1440/1047 1672/1452/1057 1659/1439/1046
f 1661/1441/17 1674/1454/1059 1660/1440/1047
f 1679/1459/1064 1677/1457/1062 1662/1442/1048
f 1681/1461/1066 1679/1459/1064 1664/1444/1049
f 1682/1462/1067 1681/1461/1066 1665/1445/1050
f 1667/1447/1052 1682/1462/1067 1658/1438/130
f 1687/1467/751 1683/1463/747 1685/1465/749
f 1689/1469/753 1686/1466/750 1687/1467/751
f 1691/1471/755 1688/1468/752 1689/1469/753
f 1703/1483/756 1690/1470/754 1691/1471/755
f 1695/1475/758 1692/1472/754 1694/1474/757
f 1697/1477/760 1695/1475/758 1696/1476/759
f 1699/1479/762 1697/1477/760 1698/1478/761
f 1684/1464/748 1699/1479/762 1685/1465/749
f 1701/1481/764 1687/1467/751 1700/1480/763
f 1702/1482/765 1689/1469/753 1701/1481/764
f 1704/1484/766 1691/1471/755 1702/1482/765
f 1712/1492/767 1703/1483/756 1704/1484/766
f 1694/1474/757 1693/1473/756 1706/1486/768
f 1696/1476/759 1694/1474/757 1707/1487/769
f 1698/1478/761 1696/1476/759 1708/1488/770
f 1685/1465/749 1698/1478/761 1700/1480/763
f 1710/1490/772 1701/1481/764 1709/1489/771
f 1711/1491/773 1702/1482/765 1710/1490/772
f 1713/1493/774 1704/1484/766 1711/1491/773
f 7550/6473/775 1712/1492/767 1713/1493/774
f 1706/1486/768 1705/1485/767 1715/1495/776
f 1707/1487/769 1706/1486/768 1716/1496/777
f 1708/1488/770 1707/1487/769 1717/1497/778
f 1700/1480/763 1708/1488/770 1709/1489/771
f 1710/1490/772 1709/1489/771 1719/1499/780
f 1711/1491/773 1710/1490/772 1720/1500/781
f 1713/1493/774 1711/1491/773 1721/1501/782
f 7550/6473/775 1713/1493/774 1722/1502/783
f 1724/1504/784 1715/1495/776 1723/1503/783
f 1725/1505/785 1716/1496/777 1724/1504/784
f 1726/1506/786 1717/1497/778 1725/1505/785
f 1718/1498/779 1709/1489/771 1726/1506/786
f 1719/1499/780 1718/1498/779 1728/1508/788
f 1720/1500/781 1719/1499/780 1729/1509/789
f 1721/1501/782 1720/1500/781 1730/1510/790
f 1722/1502/783 1721/1501/782 1731/1511/791
f 1733/1513/792 1724/1504/784 1732/1512/791
f 1734/1514/793 1725/1505/785 1733/1513/792
f 1735/1515/794 1726/1506/786 1734/1514/793
f 1727/1507/787 1718/1498/779 1735/1515/794
f 1737/1517/796 1728/1508/788 1736/1516/795
f 1738/1518/797 1729/1509/789 1737/1517/796
f 1739/1519/798 1730/1510/790 1738/1518/797
f 7551/6474/799 1731/1511/791 1739/1519/798
f 1733/1513/792 1732/1512/791 1741/1521/800
f 1734/1514/793 1733/1513/792 1742/1522/801
f 1735/1515/794 1734/1514/793 1743/1523/802
f 1727/1507/787 1735/1515/794 1736/1516/795
f 1757/1537/816 1744/1524/803 1746/1526/805
f 1758/1538/817 1747/1527/806 1749/1529/808
f 7552/6475/4466 1750/1530/809 1752/1532/811
f 1744/1524/803 1753/1533/812 1745/1525/804
f 7552/6475/4466 1752/1532/811 1756/1536/815
f 1750/1530/809 1757/1537/816 1751/1531/810
f 1756/1536/815 1755/1535/814 1758/1538/817
f 1749/1529/808 1748/1528/807 1753/1533/812
f 1769/1549/828 1759/1539/818 1761/1541/820
f 1770/1550/829 1762/1542/821 1764/1544/823
f 1773/1553/832 1765/1545/824 1767/1547/826
f 7553/6476/4467 1768/1548/827 1769/1549/828
f 1765/1545/824 1770/1550/829 1766/1546/825
f 1772/1552/831 1771/1551/830 1762/1542/821
f 1761/1541/820 1760/1540/819 1772/1552/831
f 7553/6476/4467 1773/1553/832 1768/1548/827
f 1778/1558/837 1774/1554/833 1776/1556/835
f 1780/1560/1068 1777/1557/836 1778/1558/837
f 1782/1562/841 1779/1559/838 1780/1560/1068
f 7554/6477/842 1781/1561/840 1782/1562/841
f 1786/1566/844 1783/1563/840 1785/1565/843
f 1788/1568/846 1786/1566/844 1787/1567/845
f 1790/1570/848 1788/1568/846 1789/1569/847
f 1775/1555/834 1790/1570/848 1776/1556/835
f 1804/1584/862 1791/1571/849 1793/1573/851
f 1805/1585/1069 1794/1574/852 1796/1576/854
f 7555/6478/4468 1797/1577/855 1799/1579/857
f 1791/1571/849 1800/1580/858 1792/1572/850
f 7555/6478/4468 1799/1579/857 1803/1583/861
f 1797/1577/855 1804/1584/862 1798/1578/856
f 1803/1583/861 1802/1582/860 1805/1585/1069
f 1796/1576/854 1795/1575/853 1800/1580/858
f 1810/1590/868 1806/1586/864 1808/1588/866
f 1812/1592/870 1809/1589/867 1810/1590/868
f 1814/1594/872 1811/1591/869 1812/1592/870
f 1826/1606/874 1813/1593/871 1814/1594/872
f 1818/1598/876 1815/1595/873 1817/1597/875
f 1820/1600/1070 1818/1598/876 1819/1599/877
f 1822/1602/880 1820/1600/1070 1821/1601/879
f 1807/1587/865 1822/1602/880 1808/1588/866
f 1824/1604/882 1810/1590/868 1823/1603/881
f 1825/1605/883 1812/1592/870 1824/1604/882
f 1827/1607/884 1814/1594/872 1825/1605/883
f 7556/6479/885 1826/1606/874 1827/1607/884
f 1817/1597/875 1816/1596/874 1829/1609/886
f 1819/1599/877 1817/1597/875 1830/1610/887
f 1821/1601/879 1819/1599/877 1831/1611/888
f 1808/1588/866 1821/1601/879 1823/1603/881
f 7557/1266/4469 1832/1265/889 1834/1267/891
f 1832/1265/889 1835/1268/892 1833/1269/890
f 1835/1268/892 1837/1270/894 1836/1271/893
f 1837/1270/894 1839/1272/896 1838/1273/895
f 1845/1277/900 1841/1276/898 1843/1274/896
f 1847/1279/902 1844/1278/899 1845/1277/900
f 1848/1281/903 1846/1280/901 1847/1279/902
f 7557/1266/4469 1834/1267/891 1848/1281/903
f 1834/1267/891 1833/1269/890 1850/1282/905
f 1833/1269/890 1836/1271/893 1849/1283/904
f 1836/1271/893 1838/1273/895 1851/1284/906
f 1838/1273/895 1840/1285/897 1852/1286/907
f 1841/1276/898 1854/1288/909 1842/1275/897
f 1844/1278/899 1856/1289/910 1841/1276/898
f 1846/1280/901 1857/1290/911 1844/1278/899
f 1834/1267/891 1850/1282/905 1846/1280/901
f 1850/1282/905 1849/1283/904 1859/1291/913
f 1849/1283/904 1851/1284/906 1858/1292/912
f 1851/1284/906 1852/1286/907 1860/1293/914
f 1852/1286/907 1853/1294/908 1861/1295/915
f 1854/1288/909 1863/1297/917 1855/1287/908
f 1856/1289/910 1865/1298/918 1854/1288/909
f 1857/1290/911 1866/1299/919 1856/1289/910
f 1850/1282/905 1859/1291/913 1857/1290/911
f 1858/1292/912 1867/1301/920 1859/1291/913
f 1860/1293/914 1869/1302/922 1858/1292/912
f 1861/1295/915 1870/1303/923 1860/1293/914
f 1862/1414/916 1871/1304/924 1861/1295/915
f 1864/1296/916 1863/1297/917 1873/1305/924
f 1863/1297/917 1865/1298/918 1872/1306/925
f 1865/1298/918 1866/1299/919 1874/1307/926
f 1866/1299/919 1859/1291/913 1875/1308/927
f 1867/1301/920 1876/1310/928 1868/1300/921
f 1869/1302/922 1878/1311/930 1867/1301/920
f 1870/1303/923 1879/1312/931 1869/1302/922
f 1871/1304/924 1880/1313/932 1870/1303/923
f 1873/1305/924 1872/1306/925 1882/1314/932
f 1872/1306/925 1874/1307/926 1881/1315/933
f 1874/1307/926 1875/1308/927 1883/1316/934
f 1875/1308/927 1868/1300/921 1884/1317/935
f 1877/1309/929 1876/1310/928 1886/1318/937
f 1876/1310/928 1878/1311/930 1885/1319/936
f 1878/1311/930 1879/1312/931 1887/1320/938
f 1879/1312/931 1880/1313/932 1888/1321/939
f 1881/1315/933 1890/1323/941 1882/1314/932
f 1883/1316/934 1892/1324/942 1881/1315/933
f 1884/1317/935 1893/1325/943 1883/1316/934
f 1877/1309/929 1886/1318/937 1884/1317/935
f 1904/1327/954 1894/1326/1071 1896/1328/946
f 1908/1340/958 1897/1331/947 1899/1329/949
f 1907/1333/957 1900/1332/950 1902/1334/952
f 1909/1336/959 1903/1335/953 1904/1327/954
f 1901/1416/951 1905/1338/955 1902/1334/952
f 1896/1328/946 1895/1339/945 1907/1333/957
f 1905/1338/955 1908/1340/958 1906/1337/956
f 1897/1331/947 1903/1335/953 1898/1330/948
f 1919/1351/969 1910/1343/960 1912/1341/962
f 1922/1345/972 1913/1344/963 1915/1346/965
f 1921/1348/971 1916/1347/966 1918/1349/968
f 1925/1417/975 1919/1351/969 1920/1350/970
f 1915/1346/965 1914/1352/964 1921/1348/971
f 1924/1354/974 1913/1344/963 1923/1353/973
f 1910/1343/960 1924/1354/974 1911/1342/961
f 1918/1349/968 1917/1355/967 1920/1350/970
f 7558/1357/4470 1926/1356/976 1928/1358/978
f 1926/1356/976 1929/1359/979 1927/1360/977
f 1929/1359/979 1931/1361/980 1930/1362/1072
f 1931/1361/980 1933/1363/982 1932/1364/981
f 1939/1368/986 1935/1367/984 1937/1365/982
f 1941/1370/988 1938/1369/985 1939/1368/986
f 1942/1372/989 1940/1371/987 1941/1370/988
f 7558/1357/4470 1928/1358/978 1942/1372/989
f 1953/1374/1000 1943/1373/990 1945/1375/992
f 1957/1387/1073 1946/1378/993 1948/1376/995
f 1956/1380/1003 1949/1379/996 1951/1381/998
f 1958/1383/1005 1952/1382/999 1953/1374/1000
f 1950/1419/997 1954/1385/1001 1951/1381/998
f 1945/1375/992 1944/1386/991 1956/1380/1003
f 1954/1385/1001 1957/1387/1073 1955/1384/1002
f 1946/1378/993 1952/1382/999 1947/1377/994
f 7559/1389/4471 1959/1388/1006 1961/1390/1008
f 1959/1388/1006 1962/1391/1009 1960/1392/1007
f 1962/1391/1009 1964/1393/1011 1963/1394/1010
f 1964/1393/1011 1966/1395/1013 1965/1396/1012
f 1972/1400/1018 1968/1399/1015 1970/1397/1016
f 1974/1402/1074 1971/1401/1017 1972/1400/1018
f 1975/1404/1021 1973/1403/1019 1974/1402/1074
f 7559/1389/4471 1961/1390/1008 1975/1404/1021
f 1961/1390/1008 1960/1392/1007 1977/1405/1023
f 1960/1392/1007 1963/1394/1010 1976/1406/1022
f 1963/1394/1010 1965/1396/1012 1978/1407/1024
f 1965/1396/1012 1967/1408/1014 1979/1409/1025
f 1968/1399/1015 1981/1411/1027 1969/1398/1014
f 1971/1401/1017 1983/1412/1028 1968/1399/1015
f 1973/1403/1019 1984/1413/1029 1971/1401/1017
f 1961/1390/1008 1977/1405/1023 1973/1403/1019
f 1989/1616/1034 1985/1612/1030 1987/1614/1032
f 1991/1618/1036 1988/1615/1033 1989/1616/1034
f 1993/1620/1075 1990/1617/1035 1991/1618/1036
f 7560/6480/1378 1992/1619/1037 1993/1620/1075
f 7561/6481/1378 1994/1621/1039 1996/1623/1037
f 1994/1621/1039 1997/1624/1041 1995/1622/1040
f 1997/1624/1041 1999/1626/1043 1998/1625/1042
f 1999/1626/1043 1987/1614/1032 2000/1627/1044
f 1985/1612/1030 2001/1628/1045 1986/1613/1031
f 1985/1612/1030 1988/1615/1033 2001/1628/1045
f 1988/1615/1033 1990/1617/1035 2003/1630/1046
f 1990/1617/1035 1992/1619/1037 2004/1631/1047
f 1995/1622/1040 2006/1633/1048 1996/1623/1037
f 1998/1625/1042 2008/1635/1049 1995/1622/1040
f 2000/1627/1044 2009/1636/1050 1998/1625/1042
f 1986/1613/1031 2002/1629/130 2000/1627/1044
f 2013/1640/1054 2010/1637/1051 2012/1639/1053
f 2015/1642/1056 2013/1640/1054 2014/1641/1055
f 2017/1644/1058 2015/1642/1056 2016/1643/1057
f 7562/6482/1061 2017/1644/1058 2018/1645/1062
f 2023/1650/1064 2019/1646/1060 2021/1648/1062
f 2025/1652/1066 2022/1649/1063 2023/1650/1064
f 2026/1653/1067 2024/1651/1065 2025/1652/1066
f 2011/1638/1052 2010/1637/1051 2026/1653/1067
f 2001/1628/1045 2012/1639/1053 2002/1629/130
f 2003/1630/1046 2014/1641/1055 2001/1628/1045
f 2004/1631/1047 2016/1643/1057 2003/1630/1046
f 2005/1632/17 2018/1645/1062 2004/1631/1047
f 2023/1650/1064 2021/1648/1062 2006/1633/1048
f 2025/1652/1066 2023/1650/1064 2008/1635/1049
f 2026/1653/1067 2025/1652/1066 2009/1636/1050
f 2011/1638/1052 2026/1653/1067 2002/1629/130
f 7563/1266/4472 2027/1265/1076 2029/1267/1078
f 2027/1265/1076 2030/1268/1079 2028/1269/1077
f 2030/1268/1079 2032/1270/1081 2031/1271/1080
f 2032/1270/1081 2034/1272/1083 2033/1273/1082
f 2040/1277/1087 2036/1276/1085 2038/1274/1083
f 2042/1279/1089 2039/1278/1086 2040/1277/1087
f 2043/1281/1090 2041/1280/1088 2042/1279/1089
f 7563/1266/4472 2029/1267/1078 2043/1281/1090
f 2029/1267/1078 2028/1269/1077 2045/1282/1092
f 2028/1269/1077 2031/1271/1080 2044/1283/1091
f 2031/1271/1080 2033/1273/1082 2046/1284/1093
f 2033/1273/1082 2035/1285/1084 2047/1286/1094
f 2036/1276/1085 2049/1288/1096 2037/1275/1084
f 2039/1278/1086 2051/1289/1097 2036/1276/1085
f 2041/1280/1088 2052/1290/1098 2039/1278/1086
f 2029/1267/1078 2045/1282/1092 2041/1280/1088
f 2045/1282/1092 2044/1283/1091 2054/1291/1100
f 2044/1283/1091 2046/1284/1093 2053/1292/1099
f 2046/1284/1093 2047/1286/1094 2055/1293/1101
f 2047/1286/1094 2048/1294/1095 2056/1295/1102
f 2049/1288/1096 2058/1297/1104 2050/1287/1095
f 2051/1289/1097 2060/1298/1105 2049/1288/1096
f 2052/1290/1098 2061/1299/1106 2051/1289/1097
f 2045/1282/1092 2054/1291/1100 2052/1290/1098
f 2053/1292/1099 2062/1301/1107 2054/1291/1100
f 2055/1293/1101 2064/1302/1109 2053/1292/1099
f 2056/1295/1102 2065/1303/1110 2055/1293/1101
f 2057/1414/1103 2066/1304/1111 2056/1295/1102
f 2059/1296/1103 2058/1297/1104 2068/1305/1111
f 2058/1297/1104 2060/1298/1105 2067/1306/1112
f 2060/1298/1105 2061/1299/1106 2069/1307/1113
f 2061/1299/1106 2054/1291/1100 2070/1308/1114
f 2062/1301/1107 2071/1310/1115 2063/1300/1108
f 2064/1302/1109 2073/1311/1117 2062/1301/1107
f 2065/1303/1110 2074/1312/1118 2064/1302/1109
f 2066/1304/1111 2075/1313/1119 2065/1303/1110
f 2068/1305/1111 2067/1306/1112 2077/1314/1119
f 2067/1306/1112 2069/1307/1113 2076/1315/1120
f 2069/1307/1113 2070/1308/1114 2078/1316/1121
f 2070/1308/1114 2063/1300/1108 2079/1317/1122
f 2072/1309/1116 2071/1310/1115 2081/1318/1124
f 2071/1310/1115 2073/1311/1117 2080/1319/1123
f 2073/1311/1117 2074/1312/1118 2082/1320/1125
f 2074/1312/1118 2075/1313/1119 2083/1321/1126
f 2076/1315/1120 2085/1323/1128 2077/1314/1119
f 2078/1316/1121 2087/1324/1129 2076/1315/1120
f 2079/1317/1122 2088/1325/1130 2078/1316/1121
f 2072/1309/1116 2081/1318/1124 2079/1317/1122
f 2099/1327/1141 2089/1326/1131 2091/1328/1133
f 2103/1340/1145 2092/1331/1134 2094/1329/1136
f 2102/1333/1144 2095/1332/1137 2097/1334/1139
f 2104/1336/1146 2098/1335/1140 2099/1327/1141
f 2096/1416/1138 2100/1338/1142 2097/1334/1139
f 2091/1328/1133 2090/1339/1132 2102/1333/1144
f 2100/1338/1142 2103/1340/1145 2101/1337/1143
f 2092/1331/1134 2098/1335/1140 2093/1330/1135
f 2114/1351/1156 2105/1343/1147 2107/1341/1149
f 2117/1345/1159 2108/1344/1150 2110/1346/1152
f 2116/1348/1158 2111/1347/1153 2113/1349/1155
f 2120/1417/1162 2114/1351/1156 2115/1350/1157
f 2110/1346/1152 2109/1352/1151 2116/1348/1158
f 2119/1354/1161 2108/1344/1150 2118/1353/1160
f 2105/1343/1147 2119/1354/1161 2106/1342/1148
f 2113/1349/1155 2112/1355/1154 2115/1350/1157
f 7564/1357/4473 2121/1356/1163 2123/1358/1165
f 2121/1356/1163 2124/1359/1166 2122/1360/1164
f 2124/1359/1166 2126/1361/1168 2125/1362/1167
f 2126/1361/1168 2128/1363/1170 2127/1364/1169
f 2134/1368/1174 2130/1367/1172 2132/1365/1170
f 2136/1370/1176 2133/1369/1173 2134/1368/1174
f 2137/1372/1177 2135/1371/1175 2136/1370/1176
f 7564/1357/4473 2123/1358/1165 2137/1372/1177
f 2148/1374/1188 2138/1373/1178 2140/1375/1180
f 2152/1387/1192 2141/1378/1181 2143/1376/1183
f 2151/1380/1191 2144/1379/1184 2146/1381/1186
f 2153/1383/1193 2147/1382/1187 2148/1374/1188
f 2145/1419/1185 2149/1385/1189 2146/1381/1186
f 2140/1375/1180 2139/1386/1179 2151/1380/1191
f 2149/1385/1189 2152/1387/1192 2150/1384/1190
f 2141/1378/1181 2147/1382/1187 2142/1377/1182
f 7565/1389/4474 2154/1388/1194 2156/1390/1196
f 2154/1388/1194 2157/1391/1197 2155/1392/1195
f 2157/1391/1197 2159/1393/1199 2158/1394/1198
f 2159/1393/1199 2161/1395/1201 2160/1396/1200
f 2167/1400/1206 2163/1399/1203 2165/1397/1204
f 2169/1402/1208 2166/1401/1205 2167/1400/1206
f 2170/1404/1209 2168/1403/1207 2169/1402/1208
f 7565/1389/4474 2156/1390/1196 2170/1404/1209
f 2156/1390/1196 2155/1392/1195 2172/1405/1211
f 2155/1392/1195 2158/1394/1198 2171/1406/1210
f 2158/1394/1198 2160/1396/1200 2173/1407/1212
f 2160/1396/1200 2162/1408/1202 2174/1409/1213
f 2163/1399/1203 2176/1411/1215 2164/1398/1202
f 2166/1401/1205 2178/1412/1216 2163/1399/1203
f 2168/1403/1207 2179/1413/1217 2166/1401/1205
f 2156/1390/1196 2172/1405/1211 2168/1403/1207
f 2184/1269/1222 2180/1265/1218 2182/1267/1220
f 2186/1271/1224 2183/1268/1221 2184/1269/1222
f 2188/1273/1226 2185/1270/1223 2186/1271/1224
f 2200/1285/1227 2187/1272/1225 2188/1273/1226
f 2192/1277/1229 2189/1274/1225 2191/1276/1228
f 2194/1279/1231 2192/1277/1229 2193/1278/1230
f 2196/1281/1233 2194/1279/1231 2195/1280/1232
f 2181/1266/1219 2196/1281/1233 2182/1267/1220
f 2198/1283/1235 2184/1269/1222 2197/1282/1234
f 2199/1284/1236 2186/1271/1224 2198/1283/1235
f 2201/1286/1237 2188/1273/1226 2199/1284/1236
f 2209/1294/1238 2200/1285/1227 2201/1286/1237
f 2191/1276/1228 2190/1275/1227 2203/1288/1239
f 2193/1278/1230 2191/1276/1228 2204/1289/1240
f 2195/1280/1232 2193/1278/1230 2205/1290/1241
f 2182/1267/1220 2195/1280/1232 2197/1282/1234
f 2207/1292/1243 2198/1283/1235 2206/1291/1242
f 2208/1293/1244 2199/1284/1236 2207/1292/1243
f 2210/1295/1245 2201/1286/1237 2208/1293/1244
f 7566/1414/1246 2209/1294/1238 2210/1295/1245
f 2203/1288/1239 2202/1287/1238 2212/1297/1247
f 2204/1289/1240 2203/1288/1239 2213/1298/1248
f 2205/1290/1241 2204/1289/1240 2214/1299/1249
f 2197/1282/1234 2205/1290/1241 2206/1291/1242
f 2207/1292/1243 2206/1291/1242 2216/1301/1251
f 2208/1293/1244 2207/1292/1243 2217/1302/1252
f 2210/1295/1245 2208/1293/1244 2218/1303/1253
f 7566/1414/1246 2210/1295/1245 2219/1304/1254
f 2221/1306/1255 2212/1297/1247 2220/1305/1254
f 2222/1307/1256 2213/1298/1248 2221/1306/1255
f 2223/1308/1257 2214/1299/1249 2222/1307/1256
f 2215/1300/1250 2206/1291/1242 2223/1308/1257
f 2216/1301/1251 2215/1300/1250 2225/1310/1259
f 2217/1302/1252 2216/1301/1251 2226/1311/1260
f 2218/1303/1253 2217/1302/1252 2227/1312/1261
f 2219/1304/1254 2218/1303/1253 2228/1313/1262
f 2230/1315/1263 2221/1306/1255 2229/1314/1262
f 2231/1316/1264 2222/1307/1256 2230/1315/1263
f 2232/1317/1265 2223/1308/1257 2231/1316/1264
f 2224/1309/1258 2215/1300/1250 2232/1317/1265
f 2234/1319/1267 2225/1310/1259 2233/1318/1266
f 2235/1320/1268 2226/1311/1260 2234/1319/1267
f 2236/1321/1269 2227/1312/1261 2235/1320/1268
f 7567/1415/1270 2228/1313/1262 2236/1321/1269
f 2230/1315/1263 2229/1314/1262 2238/1323/1271
f 2231/1316/1264 2230/1315/1263 2239/1324/1272
f 2232/1317/1265 2231/1316/1264 2240/1325/1273
f 2224/1309/1258 2232/1317/1265 2233/1318/1266
f 2254/1339/1287 2241/1326/1274 2243/1328/1276
f 2255/1340/1288 2244/1329/1277 2246/1331/1279
f 7568/1416/4475 2247/1332/1280 2249/1334/1282
f 2241/1326/1274 2250/1335/1283 2242/1327/1275
f 7568/1416/4475 2249/1334/1282 2253/1338/1286
f 2247/1332/1280 2254/1339/1287 2248/1333/1281
f 2253/1338/1286 2252/1337/1285 2255/1340/1288
f 2246/1331/1279 2245/1330/1278 2250/1335/1283
f 2266/1351/1299 2256/1341/1289 2258/1343/1291
f 2267/1352/1300 2259/1344/1292 2261/1346/1294
f 2270/1355/1303 2262/1347/1295 2264/1349/1297
f 7569/1417/4476 2265/1350/1298 2266/1351/1299
f 2262/1347/1295 2267/1352/1300 2263/1348/1296
f 2269/1354/1302 2268/1353/1301 2259/1344/1292
f 2258/1343/1291 2257/1342/1290 2269/1354/1302
f 7569/1417/4476 2270/1355/1303 2265/1350/1298
f 2275/1360/1308 2271/1356/1304 2273/1358/1306
f 2277/1362/1167 2274/1359/1307 2275/1360/1308
f 2279/1364/1311 2276/1361/1309 2277/1362/1167
f 7570/1418/1312 2278/1363/1310 2279/1364/1311
f 2283/1368/1314 2280/1365/1310 2282/1367/1313
f 2285/1370/1316 2283/1368/1314 2284/1369/1315
f 2287/1372/1318 2285/1370/1316 2286/1371/1317
f 2272/1357/1305 2287/1372/1318 2273/1358/1306
f 2301/1386/1332 2288/1373/1319 2290/1375/1321
f 2302/1387/1333 2291/1376/1322 2293/1378/1324
f 7571/1419/4477 2294/1379/1325 2296/1381/1327
f 2288/1373/1319 2297/1382/1328 2289/1374/1320
f 7571/1419/4477 2296/1381/1327 2300/1385/1331
f 2294/1379/1325 2301/1386/1332 2295/1380/1326
f 2300/1385/1331 2299/1384/1330 2302/1387/1333
f 2293/1378/1324 2292/1377/1323 2297/1382/1328
f 2307/1392/1338 2303/1388/1334 2305/1390/1336
f 2309/1394/1340 2306/1391/1337 2307/1392/1338
f 2311/1396/1342 2308/1393/1339 2309/1394/1340
f 2323/1408/1344 2310/1395/1341 2311/1396/1342
f 2315/1400/1346 2312/1397/1343 2314/1399/1345
f 2317/1402/1348 2315/1400/1346 2316/1401/1347
f 2319/1404/1350 2317/1402/1348 2318/1403/1349
f 2304/1389/1335 2319/1404/1350 2305/1390/1336
f 2321/1406/1352 2307/1392/1338 2320/1405/1351
f 2322/1407/1353 2309/1394/1340 2321/1406/1352
f 2324/1409/1354 2311/1396/1342 2322/1407/1353
f 7572/1420/1355 2323/1408/1344 2324/1409/1354
f 2314/1399/1345 2313/1398/1344 2326/1411/1356
f 2316/1401/1347 2314/1399/1345 2327/1412/1357
f 2318/1403/1349 2316/1401/1347 2328/1413/1358
f 2305/1390/1336 2318/1403/1349 2320/1405/1351
f 2332/1425/1360 2329/1423/1061 2331/1421/1359
f 2334/1427/1362 2332/1425/1360 2333/1424/1361
f 2336/1429/1364 2334/1427/1362 2335/1426/1363
f 7573/6471/1051 2336/1429/1364 2337/1428/1052
f 2342/1431/1367 2338/1430/1365 2340/1432/1052
f 2344/1434/1369 2341/1433/1366 2342/1431/1367
f 2345/1436/1370 2343/1435/1368 2344/1434/1369
f 2330/1422/1062 2329/1423/1061 2345/1436/1370
f 2347/1437/1371 2331/1421/1359 2346/1438/17
f 2348/1439/1372 2333/1424/1361 2347/1437/1371
f 2349/1440/1373 2335/1426/1363 2348/1439/1372
f 2370/1441/130 2337/1428/1052 2349/1440/1373
f 2342/1431/1367 2340/1432/1052 2351/1442/1374
f 2344/1434/1369 2342/1431/1367 2352/1444/1375
f 2345/1436/1370 2344/1434/1369 2353/1445/1376
f 2330/1422/1062 2345/1436/1370 2346/1438/17
f 2358/1449/1380 2354/1448/1377 2356/1446/1378
f 2360/1451/1382 2357/1450/1379 2358/1449/1380
f 2362/1453/1383 2359/1452/1381 2360/1451/1382
f 7574/6472/1032 2361/1454/1031 2362/1453/1383
f 7575/1456/1032 2363/1455/1384 2365/1457/1031
f 2363/1455/1384 2366/1458/1386 2364/1459/1385
f 2366/1458/1386 2368/1460/1388 2367/1461/1387
f 2368/1460/1388 2356/1446/1378 2369/1462/1389
f 2354/1448/1377 2347/1437/1371 2355/1447/1037
f 2354/1448/1377 2357/1450/1379 2347/1437/1371
f 2357/1450/1379 2359/1452/1381 2348/1439/1372
f 2359/1452/1381 2361/1454/1031 2349/1440/1373
f 2364/1459/1385 2351/1442/1374 2365/1457/1031
f 2367/1461/1387 2352/1444/1375 2364/1459/1385
f 2369/1462/1389 2353/1445/1376 2367/1461/1387
f 2355/1447/1037 2346/1438/17 2369/1462/1389
f 7576/1266/4472 2371/1265/1076 2373/1267/1078
f 2371/1265/1076 2374/1268/1079 2372/1269/1077
f 2374/1268/1079 2376/1270/1081 2375/1271/1080
f 2376/1270/1081 2378/1272/1083 2377/1273/1082
f 2384/1277/1087 2380/1276/1085 2382/1274/1083
f 2386/1279/1089 2383/1278/1086 2384/1277/1087
f 2387/1281/1090 2385/1280/1088 2386/1279/1089
f 7576/1266/4472 2373/1267/1078 2387/1281/1090
f 2373/1267/1078 2372/1269/1077 2389/1282/1092
f 2372/1269/1077 2375/1271/1080 2388/1283/1091
f 2375/1271/1080 2377/1273/1082 2390/1284/1093
f 2377/1273/1082 2379/1285/1084 2391/1286/1094
f 2380/1276/1085 2393/1288/1096 2381/1275/1084
f 2383/1278/1086 2395/1289/1097 2380/1276/1085
f 2385/1280/1088 2396/1290/1098 2383/1278/1086
f 2373/1267/1078 2389/1282/1092 2385/1280/1088
f 2389/1282/1092 2388/1283/1091 2398/1291/1100
f 2388/1283/1091 2390/1284/1093 2397/1292/1099
f 2390/1284/1093 2391/1286/1094 2399/1293/1101
f 2391/1286/1094 2392/1294/1095 2400/1295/1102
f 2393/1288/1096 2402/1297/1104 2394/1287/1095
f 2395/1289/1097 2404/1298/1105 2393/1288/1096
f 2396/1290/1098 2405/1299/1106 2395/1289/1097
f 2389/1282/1092 2398/1291/1100 2396/1290/1098
f 2397/1292/1099 2406/1301/1107 2398/1291/1100
f 2399/1293/1101 2408/1302/1109 2397/1292/1099
f 2400/1295/1102 2409/1303/1110 2399/1293/1101
f 2401/1414/1103 2410/1304/1111 2400/1295/1102
f 2403/1296/1103 2402/1297/1104 2412/1305/1111
f 2402/1297/1104 2404/1298/1105 2411/1306/1112
f 2404/1298/1105 2405/1299/1106 2413/1307/1113
f 2405/1299/1106 2398/1291/1100 2414/1308/1114
f 2406/1301/1107 2415/1310/1115 2407/1300/1108
f 2408/1302/1109 2417/1311/1117 2406/1301/1107
f 2409/1303/1110 2418/1312/1118 2408/1302/1109
f 2410/1304/1111 2419/1313/1119 2409/1303/1110
f 2412/1305/1111 2411/1306/1112 2421/1314/1119
f 2411/1306/1112 2413/1307/1113 2420/1315/1120
f 2413/1307/1113 2414/1308/1114 2422/1316/1121
f 2414/1308/1114 2407/1300/1108 2423/1317/1122
f 2416/1309/1116 2415/1310/1115 2425/1318/1124
f 2415/1310/1115 2417/1311/1117 2424/1319/1123
f 2417/1311/1117 2418/1312/1118 2426/1320/1125
f 2418/1312/1118 2419/1313/1119 2427/1321/1126
f 2420/1315/1120 2429/1323/1128 2421/1314/1119
f 2422/1316/1121 2431/1324/1129 2420/1315/1120
f 2423/1317/1122 2432/1325/1130 2422/1316/1121
f 2416/1309/1116 2425/1318/1124 2423/1317/1122
f 2443/1327/1141 2433/1326/1390 2435/1328/1133
f 2447/1340/1145 2436/1331/1134 2438/1329/1136
f 2446/1333/1144 2439/1332/1137 2441/1334/1139
f 2448/1336/1146 2442/1335/1140 2443/1327/1141
f 2440/1416/1138 2444/1338/1142 2441/1334/1139
f 2435/1328/1133 2434/1339/1132 2446/1333/1144
f 2444/1338/1142 2447/1340/1145 2445/1337/1143
f 2436/1331/1134 2442/1335/1140 2437/1330/1135
f 2458/1351/1156 2449/1343/1147 2451/1341/1149
f 2461/1345/1159 2452/1344/1150 2454/1346/1152
f 2460/1348/1158 2455/1347/1153 2457/1349/1155
f 2464/1417/1162 2458/1351/1156 2459/1350/1157
f 2454/1346/1152 2453/1352/1151 2460/1348/1158
f 2463/1354/1161 2452/1344/1150 2462/1353/1160
f 2449/1343/1147 2463/1354/1161 2450/1342/1148
f 2457/1349/1155 2456/1355/1154 2459/1350/1157
f 7577/1357/4473 2465/1356/1163 2467/1358/1165
f 2465/1356/1163 2468/1359/1166 2466/1360/1164
f 2468/1359/1166 2470/1361/1168 2469/1362/1391
f 2470/1361/1168 2472/1363/1170 2471/1364/1169
f 2478/1368/1174 2474/1367/1172 2476/1365/1170
f 2480/1370/1176 2477/1369/1173 2478/1368/1174
f 2481/1372/1177 2479/1371/1175 2480/1370/1176
f 7577/1357/4473 2467/1358/1165 2481/1372/1177
f 2492/1374/1188 2482/1373/1178 2484/1375/1180
f 2496/1387/1192 2485/1378/1181 2487/1376/1183
f 2495/1380/1191 2488/1379/1184 2490/1381/1186
f 2497/1383/1193 2491/1382/1187 2492/1374/1188
f 2489/1419/1185 2493/1385/1189 2490/1381/1186
f 2484/1375/1180 2483/1386/1179 2495/1380/1191
f 2493/1385/1189 2496/1387/1192 2494/1384/1190
f 2485/1378/1181 2491/1382/1187 2486/1377/1182
f 7578/1389/4474 2498/1388/1194 2500/1390/1196
f 2498/1388/1194 2501/1391/1197 2499/1392/1195
f 2501/1391/1197 2503/1393/1199 2502/1394/1198
f 2503/1393/1199 2505/1395/1201 2504/1396/1200
f 2511/1400/1206 2507/1399/1203 2509/1397/1204
f 2513/1402/1392 2510/1401/1205 2511/1400/1206
f 2514/1404/1209 2512/1403/1207 2513/1402/1392
f 7578/1389/4474 2500/1390/1196 2514/1404/1209
f 2500/1390/1196 2499/1392/1195 2516/1405/1211
f 2499/1392/1195 2502/1394/1198 2515/1406/1210
f 2502/1394/1198 2504/1396/1200 2517/1407/1212
f 2504/1396/1200 2506/1408/1202 2518/1409/1213
f 2507/1399/1203 2520/1411/1215 2508/1398/1202
f 2510/1401/1205 2522/1412/1216 2507/1399/1203
f 2512/1403/1207 2523/1413/1217 2510/1401/1205
f 2500/1390/1196 2516/1405/1211 2512/1403/1207
f 2528/1269/1222 2524/1265/1218 2526/1267/1220
f 2530/1271/1224 2527/1268/1221 2528/1269/1222
f 2532/1273/1226 2529/1270/1223 2530/1271/1224
f 2544/1285/1227 2531/1272/1225 2532/1273/1226
f 2536/1277/1229 2533/1274/1225 2535/1276/1228
f 2538/1279/1231 2536/1277/1229 2537/1278/1230
f 2540/1281/1233 2538/1279/1231 2539/1280/1232
f 2525/1266/1219 2540/1281/1233 2526/1267/1220
f 2542/1283/1235 2528/1269/1222 2541/1282/1234
f 2543/1284/1236 2530/1271/1224 2542/1283/1235
f 2545/1286/1237 2532/1273/1226 2543/1284/1236
f 2553/1294/1238 2544/1285/1227 2545/1286/1237
f 2535/1276/1228 2534/1275/1227 2547/1288/1239
f 2537/1278/1230 2535/1276/1228 2548/1289/1240
f 2539/1280/1232 2537/1278/1230 2549/1290/1241
f 2526/1267/1220 2539/1280/1232 2541/1282/1234
f 2551/1292/1243 2542/1283/1235 2550/1291/1242
f 2552/1293/1244 2543/1284/1236 2551/1292/1243
f 2554/1295/1245 2545/1286/1237 2552/1293/1244
f 7579/1414/1246 2553/1294/1238 2554/1295/1245
f 2547/1288/1239 2546/1287/1238 2556/1297/1247
f 2548/1289/1240 2547/1288/1239 2557/1298/1248
f 2549/1290/1241 2548/1289/1240 2558/1299/1249
f 2541/1282/1234 2549/1290/1241 2550/1291/1242
f 2551/1292/1243 2550/1291/1242 2560/1301/1251
f 2552/1293/1244 2551/1292/1243 2561/1302/1252
f 2554/1295/1245 2552/1293/1244 2562/1303/1253
f 7579/1414/1246 2554/1295/1245 2563/1304/1254
f 2565/1306/1255 2556/1297/1247 2564/1305/1254
f 2566/1307/1256 2557/1298/1248 2565/1306/1255
f 2567/1308/1257 2558/1299/1249 2566/1307/1256
f 2559/1300/1250 2550/1291/1242 2567/1308/1257
f 2560/1301/1251 2559/1300/1250 2569/1310/1259
f 2561/1302/1252 2560/1301/1251 2570/1311/1260
f 2562/1303/1253 2561/1302/1252 2571/1312/1261
f 2563/1304/1254 2562/1303/1253 2572/1313/1262
f 2574/1315/1263 2565/1306/1255 2573/1314/1262
f 2575/1316/1264 2566/1307/1256 2574/1315/1263
f 2576/1317/1265 2567/1308/1257 2575/1316/1264
f 2568/1309/1258 2559/1300/1250 2576/1317/1265
f 2578/1319/1267 2569/1310/1259 2577/1318/1266
f 2579/1320/1268 2570/1311/1260 2578/1319/1267
f 2580/1321/1269 2571/1312/1261 2579/1320/1268
f 7580/1415/1270 2572/1313/1262 2580/1321/1269
f 2574/1315/1263 2573/1314/1262 2582/1323/1271
f 2575/1316/1264 2574/1315/1263 2583/1324/1272
f 2576/1317/1265 2575/1316/1264 2584/1325/1273
f 2568/1309/1258 2576/1317/1265 2577/1318/1266
f 2598/1339/1287 2585/1326/1274 2587/1328/1276
f 2599/1340/1288 2588/1329/1277 2590/1331/1279
f 7581/1416/4475 2591/1332/1280 2593/1334/1282
f 2585/1326/1274 2594/1335/1283 2586/1327/1275
f 7581/1416/4475 2593/1334/1282 2597/1338/1286
f 2591/1332/1280 2598/1339/1287 2592/1333/1281
f 2597/1338/1286 2596/1337/1285 2599/1340/1288
f 2590/1331/1279 2589/1330/1278 2594/1335/1283
f 2610/1351/1299 2600/1341/1289 2602/1343/1291
f 2611/1352/1300 2603/1344/1292 2605/1346/1294
f 2614/1355/1303 2606/1347/1295 2608/1349/1297
f 7582/1417/4476 2609/1350/1298 2610/1351/1299
f 2606/1347/1295 2611/1352/1300 2607/1348/1296
f 2613/1354/1302 2612/1353/1301 2603/1344/1292
f 2602/1343/1291 2601/1342/1290 2613/1354/1302
f 7582/1417/4476 2614/1355/1303 2609/1350/1298
f 2619/1360/1308 2615/1356/1304 2617/1358/1306
f 2621/1362/1393 2618/1359/1307 2619/1360/1308
f 2623/1364/1311 2620/1361/1309 2621/1362/1393
f 7583/1418/1312 2622/1363/1310 2623/1364/1311
f 2627/1368/1314 2624/1365/1310 2626/1367/1313
f 2629/1370/1316 2627/1368/1314 2628/1369/1315
f 2631/1372/1318 2629/1370/1316 2630/1371/1317
f 2616/1357/1305 2631/1372/1318 2617/1358/1306
f 2645/1386/1332 2632/1373/1319 2634/1375/1321
f 2646/1387/1394 2635/1376/1322 2637/1378/1324
f 7584/1419/4477 2638/1379/1325 2640/1381/1327
f 2632/1373/1319 2641/1382/1328 2633/1374/1320
f 7584/1419/4477 2640/1381/1327 2644/1385/1331
f 2638/1379/1325 2645/1386/1332 2639/1380/1326
f 2644/1385/1331 2643/1384/1330 2646/1387/1394
f 2637/1378/1324 2636/1377/1323 2641/1382/1328
f 2651/1392/1338 2647/1388/1334 2649/1390/1336
f 2653/1394/1340 2650/1391/1337 2651/1392/1338
f 2655/1396/1342 2652/1393/1339 2653/1394/1340
f 2667/1408/1344 2654/1395/1341 2655/1396/1342
f 2659/1400/1346 2656/1397/1343 2658/1399/1345
f 2661/1402/1395 2659/1400/1346 2660/1401/1347
f 2663/1404/1350 2661/1402/1395 2662/1403/1349
f 2648/1389/1335 2663/1404/1350 2649/1390/1336
f 2665/1406/1352 2651/1392/1338 2664/1405/1351
f 2666/1407/1353 2653/1394/1340 2665/1406/1352
f 2668/1409/1354 2655/1396/1342 2666/1407/1353
f 7585/1420/1355 2667/1408/1344 2668/1409/1354
f 2658/1399/1345 2657/1398/1344 2670/1411/1356
f 2660/1401/1347 2658/1399/1345 2671/1412/1357
f 2662/1403/1349 2660/1401/1347 2672/1413/1358
f 2649/1390/1336 2662/1403/1349 2664/1405/1351
f 2676/1425/1360 2673/1423/1061 2675/1421/1359
f 2678/1427/1362 2676/1425/1360 2677/1424/1361
f 2680/1429/1396 2678/1427/1362 2679/1426/1363
f 7586/6471/1051 2680/1429/1396 2681/1428/1052
f 2686/1431/1367 2682/1430/1365 2684/1432/1052
f 2688/1434/1369 2685/1433/1366 2686/1431/1367
f 2689/1436/1370 2687/1435/1368 2688/1434/1369
f 2674/1422/1062 2673/1423/1061 2689/1436/1370
f 2691/1437/1371 2675/1421/1359 2690/1438/17
f 2692/1439/1372 2677/1424/1361 2691/1437/1371
f 2693/1440/1373 2679/1426/1363 2692/1439/1372
f 2714/1441/130 2681/1428/1052 2693/1440/1373
f 2686/1431/1367 2684/1432/1052 2695/1442/1374
f 2688/1434/1369 2686/1431/1367 2696/1444/1375
f 2689/1436/1370 2688/1434/1369 2697/1445/1376
f 2674/1422/1062 2689/1436/1370 2690/1438/17
f 2702/1449/1380 2698/1448/1377 2700/1446/1378
f 2704/1451/1382 2701/1450/1379 2702/1449/1380
f 2706/1453/1383 2703/1452/1381 2704/1451/1382
f 7587/6472/1032 2705/1454/1031 2706/1453/1383
f 7588/1456/1032 2707/1455/1384 2709/1457/1031
f 2707/1455/1384 2710/1458/1386 2708/1459/1385
f 2710/1458/1386 2712/1460/1388 2711/1461/1387
f 2712/1460/1388 2700/1446/1378 2713/1462/1389
f 2698/1448/1377 2691/1437/1371 2699/1447/1037
f 2698/1448/1377 2701/1450/1379 2691/1437/1371
f 2701/1450/1379 2703/1452/1381 2692/1439/1372
f 2703/1452/1381 2705/1454/1031 2693/1440/1373
f 2708/1459/1385 2695/1442/1374 2709/1457/1031
f 2711/1461/1387 2696/1444/1375 2708/1459/1385
f 2713/1462/1389 2697/1445/1376 2711/1461/1387
f 2699/1447/1037 2690/1438/17 2713/1462/1389
s 0
f 7589/1672/1397 2715/1655/1397 2717/1657/1397
f 2768/1707/16 2718/1658/16 2720/1660/16
f 7590/6483/17 2721/1661/17 2723/1663/17
f 2722/1662/17 2724/1664/17 2723/1663/17
f 7591/6484/1398 2726/1666/1398 2728/1668/1398
f 7592/6485/16 2729/1669/16 2731/1671/16
f 7593/6486/16 2732/1672/16 2734/1673/16
f 2744/1683/87 2735/1674/87 2737/1676/87
f 2770/1709/87 2738/1677/87 2740/1679/87
f 7594/6487/130 2741/1680/130 2743/1682/130
f 7595/6488/87 2744/1683/87 2745/1684/87
f 7596/6489/130 2746/1685/130 2748/1687/130
f 7597/6490/130 2749/1688/130 2746/1685/130
f 7598/6491/1399 2750/1689/1399 2752/1691/1399
f 2735/1674/87 2753/1692/87 2736/1675/87
f 7599/6492/1400 2755/1694/1400 2757/1696/1400
f 7600/6493/16 2758/1697/16 2760/1699/16
f 7601/6494/17 2761/1700/17 2763/1702/17
f 7602/6495/17 2764/1703/17 2761/1700/17
f 7603/6496/1401 2765/1704/1401 2767/1706/1401
f 2758/1697/16 2768/1707/16 2759/1698/16
f 7604/6497/87 2769/1708/87 2770/1709/87
f 7595/6488/87 2745/1684/87 2772/1711/87
f 7604/6497/87 2772/1711/87 2769/1708/87
f 7605/6498/130 2773/1712/130 2775/1714/130
f 2774/1713/130 2776/1715/130 2775/1714/130
f 7606/1690/1402 2778/1689/1402 2780/1705/1402
f 7607/6499/17 2781/1718/17 2783/1720/17
f 7608/6500/1439 2784/1721/1439 2786/1723/1439
s 1
f 2849/1786/1452 2787/1724/1404 2789/1726/1406
f 2793/1730/1410 2790/1727/1407 2792/1729/1409
f 2806/1743/1422 2790/1727/1407 2794/1731/1411
f 2792/1729/1409 2791/1728/1408 2796/1733/1413
f 2804/1741/1421 2797/1734/1414 2799/1736/1416
f 2798/1735/1415 2800/1737/1417 2799/1736/1416
f 2796/1733/1413 2795/1732/1412 2803/1740/1420
f 2824/1761/1419 2797/1734/1414 2805/1742/1420
f 2800/1737/1417 2806/1743/1422 2801/1738/1418
f 2817/1754/1432 2807/1744/1423 2809/1746/1425
f 7609/6501/4478 2810/1747/1426 2812/1749/1428
f 2819/1756/1434 2813/1750/1426 2815/1752/1430
f 2818/1755/1433 2816/1753/1431 2817/1754/1432
f 2811/1748/1427 2816/1753/1431 2812/1749/1428
f 2823/1760/1438 2819/1756/1434 2820/1757/1435
f 2808/1745/1424 2821/1758/1436 2809/1746/1425
f 2821/1758/1436 2823/1760/1438 2822/1759/1437
f 2800/1737/1417 2817/1754/1432 2806/1743/1422
f 7609/6501/4478 2812/1749/1428 2824/1761/1419
f 2815/1752/1430 2814/1751/1429 2795/1732/1412
f 2818/1755/1433 2817/1754/1432 2798/1735/1415
f 2797/1734/1414 2812/1749/1428 2798/1735/1415
f 2791/1728/1408 2820/1757/1435 2795/1732/1412
f 2806/1743/1422 2809/1746/1425 2790/1727/1407
f 2790/1727/1407 2822/1759/1437 2791/1728/1408
s 0
f 7608/6500/1439 2786/1723/1439 2826/1763/1439
f 2835/1772/1439 2827/1764/1439 2829/1766/1439
f 2833/1770/1439 2830/1767/1439 2832/1769/1439
f 2830/1767/1439 2829/1766/1439 2831/1768/1439
f 2784/1721/1439 2833/1770/1439 2785/1722/1439
f 7610/6502/1439 2826/1763/1439 2834/1771/1439
f 7610/6502/1439 2834/1771/1439 2835/1772/1439
s 1
f 2788/1725/1405 2836/1773/1440 2838/1775/1442
f 2850/1787/1453 2839/1776/1443 2836/1773/1440
f 2845/1782/1449 2841/1778/1445 2843/1780/1447
f 7611/6503/4479 2844/1781/1448 2845/1782/1449
f 7612/6504/1451 2846/1783/1450 2839/1776/1443
f 2843/1780/1447 2842/1779/1446 2848/1785/1451
f 7611/6503/4479 2849/1786/1452 2844/1781/1448
f 2787/1724/1404 2850/1787/1453 2788/1725/1405
f 2854/1791/1457 2851/1788/1454 2853/1790/1456
f 2789/1726/1406 2788/1725/1405 2854/1791/1457
f 2836/1773/1440 2840/1777/1444 2837/1774/1441
f 2841/1778/1445 2856/1793/1459 2842/1779/1446
f 2844/1781/1448 2853/1790/1456 2841/1778/1445
f 2840/1777/1444 2846/1783/1450 2855/1792/1458
f 2842/1779/1446 2857/1794/1460 2847/1784/1450
f 2844/1781/1448 2789/1726/1406 2853/1790/1456
f 2852/1789/1455 2860/1797/1462 2862/1799/1464
f 2837/1774/1441 2863/1800/1465 2838/1775/1442
f 2838/1775/1442 2864/1801/1466 2854/1791/1457
f 2837/1774/1441 2855/1792/1458 2863/1800/1465
f 2857/1794/1460 2856/1793/1459 2866/1803/1468
f 2856/1793/1459 2853/1790/1456 2862/1799/1464
f 2855/1792/1458 2858/1795/1461 2865/1802/1467
f 2859/1796/1461 2857/1794/1460 2868/1805/1469
f 2876/1813/1476 2869/1806/1470 2871/1808/1472
f 2865/1802/1467 2867/1804/1469 2869/1806/1470
f 2868/1805/1469 2866/1803/1468 2874/1811/1473
f 2851/1788/1454 2875/1812/1475 2852/1789/1455
f 2863/1800/1465 2876/1813/1476 2864/1801/1466
f 2864/1801/1466 2877/1814/1477 2851/1788/1454
f 2863/1800/1465 2865/1802/1467 2876/1813/1476
f 2866/1803/1468 2862/1799/1464 2873/1810/1474
f 2885/1822/1485 2878/1815/1478 2880/1817/1480
f 2873/1810/1474 2861/1798/1463 2882/1819/1482
f 2860/1797/1462 2880/1817/1480 2861/1798/1463
f 2869/1806/1470 2872/1809/1473 2870/1807/1471
f 2874/1811/1473 2873/1810/1474 2884/1821/1484
f 2875/1812/1475 2885/1822/1485 2860/1797/1462
f 2876/1813/1476 2871/1808/1472 2877/1814/1477
f 2877/1814/1477 2886/1823/1486 2875/1812/1475
f 2871/1808/1472 2887/1824/1487 2886/1823/1486
f 2886/1823/1486 2888/1825/1488 2885/1822/1485
f 2871/1808/1472 2870/1807/1471 2887/1824/1487
f 2881/1818/1481 2890/1827/1490 2882/1819/1482
f 2880/1817/1480 2879/1816/1479 2881/1818/1481
f 2870/1807/1471 2883/1820/1483 2889/1826/1489
f 2884/1821/1484 2882/1819/1482 2893/1830/1492
f 2893/1830/1492 2891/1828/1491 2895/1832/1494
f 2878/1815/1478 2896/1833/1495 2879/1816/1479
f 2888/1825/1488 2887/1824/1487 2899/1836/1498
f 2888/1825/1488 2899/1836/1498 2878/1815/1478
f 2887/1824/1487 2889/1826/1489 2898/1835/1497
f 2890/1827/1490 2901/1838/1500 2891/1828/1491
f 2879/1816/1479 2897/1834/1496 2890/1827/1490
f 2889/1826/1489 2892/1829/1492 2900/1837/1499
f 2901/1838/1500 2903/1840/1501 2894/1831/1493
f 2901/1838/1500 2897/1834/1496 2903/1840/1501
f 2902/1839/1494 2906/1843/1504 2900/1837/1499
f 2894/1831/1493 2904/1841/1502 2895/1832/1494
f 2897/1834/1496 2896/1833/1495 2905/1842/1503
f 2899/1836/1498 2898/1835/1497 2911/1848/1508
f 2896/1833/1495 2899/1836/1498 2909/1846/1506
f 2900/1837/1499 2907/1844/1505 2898/1835/1497
f 2911/1848/1508 2912/1849/1509 2909/1846/1506
f 2920/1857/1517 2913/1850/1510 2915/1852/1512
f 2907/1844/1505 2916/1853/1513 2910/1847/1507
f 2904/1841/1502 2903/1840/1501 2919/1856/1516
f 2903/1840/1501 2905/1842/1503 2918/1855/1515
f 2906/1843/1504 2921/1858/1518 2907/1844/1505
f 2904/1841/1502 2919/1856/1516 2908/1845/1504
f 2905/1842/1503 2909/1846/1506 2920/1857/1517
f 2910/1847/1507 2917/1854/1514 2911/1848/1508
f 2928/1865/1524 2923/1860/1519 2925/1862/1521
f 2917/1854/1514 2926/1863/1522 2912/1849/1509
f 2913/1850/1510 2912/1849/1509 2914/1851/1511
f 2916/1853/1513 2928/1865/1524 2917/1854/1514
f 2919/1856/1516 2918/1855/1515 2930/1867/1526
f 2918/1855/1515 2920/1857/1517 2929/1866/1525
f 2921/1858/1518 2923/1860/1519 2916/1853/1513
f 2922/1859/1518 2919/1856/1516 2931/1868/1527
f 2940/1877/1535 2932/1869/1528 2934/1871/1530
f 2931/1868/1527 2930/1867/1526 2935/1872/1520
f 2915/1852/1512 2914/1851/1511 2937/1874/1532
f 2927/1864/1523 2926/1863/1522 2939/1876/1534
f 2914/1851/1511 2927/1864/1523 2936/1873/1531
f 2926/1863/1522 2928/1865/1524 2938/1875/1533
f 2930/1867/1526 2929/1866/1525 2934/1871/1530
f 2929/1866/1525 2915/1852/1512 2940/1877/1535
f 2949/1886/1543 2941/1878/1536 2943/1880/1538
f 2937/1874/1532 2944/1881/1539 2940/1877/1535
f 2925/1862/1521 2924/1861/1520 2946/1883/1541
f 2934/1871/1530 2933/1870/1529 2935/1872/1520
f 2936/1873/1531 2948/1885/1542 2937/1874/1532
f 2939/1876/1534 2938/1875/1533 2943/1880/1538
f 2936/1873/1531 2939/1876/1534 2948/1885/1542
f 2938/1875/1533 2925/1862/1521 2949/1886/1543
f 2953/1890/1547 2950/1887/1544 2952/1889/1546
f 2943/1880/1538 2942/1879/1537 2948/1885/1542
f 2949/1886/1543 2946/1883/1541 2941/1878/1536
f 2932/1869/1528 2955/1892/1549 2933/1870/1529
f 2944/1881/1539 2952/1889/1546 2932/1869/1528
f 2946/1883/1541 2945/1882/1540 2954/1891/1548
f 2947/1884/1540 2933/1870/1529 2958/1895/1552
f 2948/1885/1542 2953/1890/1547 2944/1881/1539
f 2964/1901/1558 2951/1888/1545 2960/1897/1554
f 2942/1879/1537 2941/1878/1536 2962/1899/1556
f 2953/1890/1547 2942/1879/1537 2950/1887/1544
f 2941/1878/1536 2954/1891/1548 2961/1898/1555
f 2955/1892/1549 2964/1901/1558 2956/1893/1550
f 2952/1889/1546 2951/1888/1545 2955/1892/1549
f 2957/1894/1551 2966/1903/1560 2954/1891/1548
f 2956/1893/1550 2965/1902/1559 2958/1895/1552
f 2975/1912/1567 2968/1905/1561 2970/1907/1563
f 2966/1903/1560 2971/1908/1564 2963/1900/1557
f 2965/1902/1559 2972/1909/1565 2967/1904/1560
f 2951/1888/1545 2950/1887/1544 2959/1896/1553
f 2961/1898/1555 2975/1912/1567 2962/1899/1556
f 2962/1899/1556 2976/1913/1568 2950/1887/1544
f 2963/1900/1557 2968/1905/1561 2961/1898/1555
f 2965/1902/1559 2964/1901/1558 2972/1909/1565
f 2984/1921/1576 2977/1914/1569 2979/1916/1571
f 2960/1897/1554 2980/1917/1572 2972/1909/1565
f 2959/1896/1553 2979/1916/1571 2960/1897/1554
f 2968/1905/1561 2971/1908/1564 2969/1906/1562
f 2972/1909/1565 2981/1918/1573 2973/1910/1564
f 2974/1911/1566 2984/1921/1576 2959/1896/1553
f 2976/1913/1568 2975/1912/1567 2985/1922/1577
f 2976/1913/1568 2985/1922/1577 2974/1911/1566
f 2994/1931/1585 2986/1923/1578 2988/1925/1580
f 2985/1922/1577 2970/1907/1563 2990/1927/1582
f 2984/1921/1576 2985/1922/1577 2977/1914/1569
f 2970/1907/1563 2969/1906/1562 2989/1926/1581
f 2980/1917/1572 2992/1929/1584 2981/1918/1573
f 2979/1916/1571 2978/1915/1570 2980/1917/1572
f 2982/1919/1574 2993/1930/1585 2969/1906/1562
f 2981/1918/1573 2986/1923/1578 2983/1920/1575
f 2978/1915/1570 2977/1914/1569 2996/1933/1587
f 2989/1926/1581 2997/1934/1588 2990/1927/1582
f 2990/1927/1582 2998/1935/1589 2977/1914/1569
f 2991/1928/1583 2999/1936/1590 2989/1926/1581
f 2986/1923/1578 2992/1929/1584 2987/1924/1579
f 2992/1929/1584 2978/1915/1570 3000/1937/1591
f 2993/1930/1585 3001/1938/1592 2991/1928/1583
f 3027/1964/17 3002/1939/1593 3004/1941/17
f 3002/1939/1593 3005/1942/1594 3003/1940/1593
f 3006/1943/1594 3005/1942/1594 3008/1945/1595
f 3007/1944/1595 3009/1946/1596 3008/1945/1595
f 3009/1946/1596 3011/1948/1597 3010/1947/1596
f 3011/1948/1597 3013/1950/130 3012/1949/1597
f 3013/1950/130 3015/1952/1598 3014/1951/130
f 3015/1952/1598 3017/1954/1599 3016/1953/1598
f 3017/1954/1599 3019/1956/1600 3018/1955/1599
f 7613/6505/1601 3021/1958/1601 3023/1960/1602
s 0
f 7614/6506/87 3024/1961/87 3026/1963/87
s 1
f 3029/1966/1603 3027/1964/17 3028/1965/1603
f 3022/1959/1602 3029/1966/1603 3023/1960/1602
s 0
f 3049/1986/16 3030/1967/16 3032/1969/16
f 7615/6507/87 3033/1970/87 3035/1972/87
f 7615/6507/87 3035/1972/87 3037/1974/87
f 7616/6508/87 3037/1974/87 3038/1975/87
f 7616/6508/87 3038/1975/87 3040/1977/87
f 7617/6509/87 3040/1977/87 3041/1978/87
f 7617/6509/87 3041/1978/87 3043/1980/87
f 7618/6510/87 3043/1980/87 3044/1981/87
f 7619/6511/87 3045/1982/87 3047/1984/87
f 7614/6506/87 3026/1963/87 3045/1982/87
f 7618/6510/87 3044/1981/87 3024/1961/87
f 7619/6511/87 3047/1984/87 3033/1970/87
f 3051/1988/16 3048/1985/16 3049/1986/16
f 7620/6512/16 3050/1987/16 3051/1988/16
f 7620/6512/16 3052/1989/16 3050/1987/16
f 7621/6513/16 3054/1991/16 3052/1989/16
f 7621/6513/16 3055/1992/16 3054/1991/16
f 3055/1992/16 3057/1994/16 3056/1993/16
f 7622/6514/16 3059/1996/16 3061/1998/16
f 7623/6515/16 3061/1998/16 3062/1999/16
f 3064/2001/16 3063/2000/16 3057/1994/16
f 7622/6514/16 3032/1969/16 3059/1996/16
f 7623/6515/16 3062/1999/16 3064/2001/16
f 7624/2019/1604 3065/2002/1604 3067/2004/1604
f 7625/6516/87 3068/2005/87 3070/2007/87
f 7626/6517/17 3071/2008/17 3073/2010/17
f 7627/6518/17 3074/2011/17 3071/2008/17
f 7628/6519/1398 3075/2012/1398 3077/2014/1398
f 7629/6520/87 3078/2015/87 3080/2017/87
f 7630/6521/87 3081/2018/87 3083/2019/87
f 3094/2030/16 3084/2020/16 3086/2022/16
f 3119/2055/16 3087/2023/16 3089/2025/16
f 7631/6522/130 3090/2026/130 3092/2028/130
f 3121/2057/16 3093/2029/16 3094/2030/16
f 7632/6523/130 3095/2031/130 3097/2033/130
f 3096/2032/130 3098/2034/130 3097/2033/130
f 7633/6524/1399 3100/2036/1399 3102/2038/1399
f 3086/2022/16 3085/2021/16 3104/2040/16
f 7634/6525/1605 3105/2041/1605 3107/2043/1605
f 7635/6526/87 3108/2044/87 3110/2046/87
f 7636/6527/17 3111/2047/17 3113/2049/17
f 3112/2048/17 3114/2050/17 3113/2049/17
f 7637/6528/1401 3116/2052/1401 3118/2054/1401
f 3110/2046/87 3109/2045/87 3068/2005/87
f 3124/2060/16 3119/2055/16 3120/2056/16
f 3093/2029/16 3121/2057/16 3123/2059/16
f 3122/2058/16 3124/2060/16 3123/2059/16
f 7638/6529/130 3125/2061/130 3127/2063/130
f 7639/6530/130 3128/2064/130 3125/2061/130
f 7640/2037/1402 3129/2053/1402 3131/2038/1402
f 7641/6531/17 3132/2066/17 3134/2068/17
f 3184/2118/1606 3135/2069/1606 3137/2071/1606
s 1
f 3189/2123/1643 3138/2072/1607 3140/2074/1609
f 3145/2079/1614 3141/2075/1610 3143/2077/1612
f 3155/2089/1623 3144/2078/1613 3141/2075/1610
f 3152/2086/1621 3145/2079/1614 3146/2080/1615
f 3174/2108/1640 3147/2081/1616 3149/2083/1618
f 3174/2108/1640 3149/2083/1618 3151/2085/1620
f 3173/2107/1639 3152/2086/1621 3153/2087/1622
f 3172/2106/1639 3154/2088/1622 3147/2081/1616
f 3151/2085/1620 3150/2084/1619 3155/2089/1623
f 7642/6532/4480 3156/2090/1624 3158/2092/1626
f 7643/6533/4481 3159/2093/1627 3161/2095/1629
f 3168/2102/1635 3162/2096/1630 3164/2098/1627
f 3156/2090/1624 3165/2099/1632 3157/2091/1625
f 7643/6533/4481 3161/2095/1629 3165/2099/1632
f 3171/2105/1638 3167/2101/1634 3168/2102/1635
f 7642/6532/4480 3158/2092/1626 3170/2104/1637
f 3170/2104/1637 3169/2103/1636 3171/2105/1638
f 3158/2092/1626 3157/2091/1625 3155/2089/1623
f 3160/2094/1628 3172/2106/1639 3161/2095/1629
f 3162/2096/1630 3152/2086/1621 3163/2097/1631
f 3166/2100/1633 3174/2108/1640 3157/2091/1625
f 3166/2100/1633 3161/2095/1629 3174/2108/1640
f 3162/2096/1630 3167/2101/1634 3152/2086/1621
f 3169/2103/1636 3158/2092/1626 3141/2075/1610
f 3167/2101/1634 3169/2103/1636 3145/2079/1614
s 0
f 3136/2070/1606 3175/2109/1606 3137/2071/1606
f 3187/2121/1606 3177/2111/1606 3179/2113/1606
f 3183/2117/1606 3180/2114/1606 3182/2116/1606
f 3178/2112/1606 3177/2111/1606 3183/2117/1606
f 3182/2116/1641 3181/2115/1641 3184/2118/1641
f 3176/2110/1606 3175/2109/1606 3186/2120/1606
f 3185/2119/1606 3187/2121/1606 3186/2120/1606
s 1
f 3207/2141/1661 3188/2122/1642 3190/2124/1644
f 3198/2132/1652 3191/2125/1645 3188/2122/1642
f 3196/2130/1650 3193/2127/1647 3195/2129/1649
f 3202/2136/1656 3196/2130/1650 3197/2131/1651
f 7644/6534/4482 3191/2125/1645 3199/2133/1653
f 3193/2127/1647 3200/2134/1654 3194/2128/1648
f 3140/2074/1609 3139/2073/1608 3197/2131/1651
f 3188/2122/1642 3192/2126/1646 3189/2123/1643
f 3206/2140/1660 3203/2137/1657 3205/2139/1659
f 3190/2124/1644 3189/2123/1643 3206/2140/1660
f 3210/2144/1664 3198/2132/1652 3207/2141/1661
f 3195/2129/1649 3194/2128/1648 3209/2143/1663
f 3197/2131/1651 3195/2129/1649 3203/2137/1657
f 3218/2152/1665 3199/2133/1653 3210/2144/1664
f 3194/2128/1648 3201/2135/1655 3208/2142/1662
f 3206/2140/1660 3140/2074/1609 3203/2137/1657
f 3204/2138/1658 3212/2146/1666 3214/2148/1668
f 3207/2141/1661 3190/2124/1644 3216/2150/1670
f 3190/2124/1644 3206/2140/1660 3215/2149/1669
f 3219/2153/1672 3210/2144/1664 3216/2150/1670
f 3212/2146/1666 3209/2143/1663 3217/2151/1671
f 3204/2138/1658 3203/2137/1657 3212/2146/1666
f 3224/2158/1673 3218/2152/1665 3219/2153/1672
f 3217/2151/1671 3208/2142/1662 3220/2154/1673
f 3235/2169/1686 3221/2155/1674 3223/2157/1676
f 3234/2168/1677 3224/2158/1673 3221/2155/1674
f 3228/2162/1680 3217/2151/1671 3225/2159/1677
f 3205/2139/1659 3204/2138/1658 3226/2160/1678
f 3216/2150/1670 3215/2149/1669 3222/2156/1675
f 3215/2149/1669 3205/2139/1659 3227/2161/1679
f 3221/2155/1674 3219/2153/1672 3222/2156/1675
f 3213/2147/1667 3212/2146/1666 3228/2162/1680
f 3237/2171/1688 3229/2163/1681 3231/2165/1683
f 3233/2167/1685 3213/2147/1667 3232/2166/1684
f 3214/2148/1668 3213/2147/1667 3229/2163/1681
f 3243/2177/1694 3234/2168/1677 3235/2169/1686
f 3232/2166/1684 3228/2162/1680 3236/2170/1687
f 3226/2160/1678 3214/2148/1668 3237/2171/1688
f 3222/2156/1675 3227/2161/1679 3223/2157/1676
f 3227/2161/1679 3226/2160/1678 3238/2172/1689
f 3223/2157/1676 3238/2172/1689 3240/2174/1691
f 3238/2172/1689 3237/2171/1688 3239/2173/1690
f 3244/2178/1695 3235/2169/1686 3240/2174/1691
f 3233/2167/1685 3232/2166/1684 3242/2176/1693
f 3229/2163/1681 3233/2167/1685 3230/2164/1682
f 3253/2187/1696 3243/2177/1694 3244/2178/1695
f 3241/2175/1692 3232/2166/1684 3245/2179/1696
f 3251/2185/1702 3241/2175/1692 3246/2180/1697
f 3231/2165/1683 3230/2164/1682 3248/2182/1699
f 3250/2184/1701 3240/2174/1691 3249/2183/1700
f 3239/2173/1690 3231/2165/1683 3249/2183/1700
f 3254/2188/1704 3244/2178/1695 3250/2184/1701
f 3242/2176/1693 3241/2175/1692 3252/2186/1703
f 3230/2164/1682 3242/2176/1693 3247/2181/1698
f 7645/6535/1697 3253/2187/1696 3254/2188/1704
f 3252/2186/1703 3251/2185/1702 3256/2190/1706
f 3260/2194/1709 3247/2181/1698 3256/2190/1706
f 7645/6535/1697 3254/2188/1704 3258/2192/1708
f 3251/2185/1702 3246/2180/1697 3255/2189/1705
f 3262/2196/1711 3248/2182/1699 3260/2194/1709
f 3263/2197/1712 3250/2184/1701 3261/2195/1710
f 3261/2195/1710 3249/2183/1700 3262/2196/1711
f 3254/2188/1704 3250/2184/1701 3257/2191/1707
f 3261/2195/1710 3262/2196/1711 3265/2199/1714
f 3279/2213/1727 3264/2198/1713 3267/2201/1716
f 3257/2191/1707 3263/2197/1712 3269/2203/1718
f 3271/2205/1720 3256/2190/1706 3270/2204/1719
f 3266/2200/1715 3260/2194/1709 3271/2205/1720
f 3258/2192/1708 3257/2191/1707 3272/2206/1721
f 3255/2189/1705 3259/2193/1708 3270/2204/1719
f 3264/2198/1713 3262/2196/1711 3266/2200/1715
f 3263/2197/1712 3261/2195/1710 3268/2202/1717
f 3296/2230/1733 3274/2208/1722 3276/2210/1724
f 3268/2202/1717 3265/2199/1714 3278/2212/1726
f 3277/2211/1725 3265/2199/1714 3279/2213/1727
f 3269/2203/1718 3268/2202/1717 3275/2209/1723
f 3281/2215/1729 3271/2205/1720 3280/2214/1728
f 3267/2201/1716 3266/2200/1715 3281/2215/1729
f 3272/2206/1721 3269/2203/1718 3274/2208/1722
f 3280/2214/1728 3270/2204/1719 3282/2216/1722
f 3291/2225/1738 3283/2217/1730 3285/2219/1732
f 3283/2217/1730 3280/2214/1728 3286/2220/1733
f 3289/2223/1736 3279/2213/1727 3287/2221/1734
f 3290/2224/1737 3278/2212/1726 3288/2222/1735
f 3288/2222/1735 3277/2211/1725 3289/2223/1736
f 3276/2210/1724 3275/2209/1723 3290/2224/1737
f 3291/2225/1738 3281/2215/1729 3283/2217/1730
f 3287/2221/1734 3267/2201/1716 3291/2225/1738
f 3300/2234/1746 3292/2226/1739 3294/2228/1741
f 3287/2221/1734 3291/2225/1738 3295/2229/1742
f 3307/2241/1744 3296/2230/1733 3297/2231/1743
f 3283/2217/1730 3286/2220/1733 3284/2218/1731
f 3289/2223/1736 3287/2221/1734 3299/2233/1745
f 3300/2234/1746 3290/2224/1737 3292/2226/1739
f 3292/2226/1739 3288/2222/1735 3299/2233/1745
f 3297/2231/1743 3276/2210/1724 3300/2234/1746
f 3304/2238/1750 3301/2235/1747 3303/2237/1749
f 3292/2226/1739 3299/2233/1745 3293/2227/1740
f 3308/2242/1753 3297/2231/1743 3294/2228/1741
f 3285/2219/1732 3284/2218/1731 3306/2240/1752
f 3295/2229/1742 3285/2219/1732 3301/2235/1747
f 7646/6536/4483 3307/2241/1744 3308/2242/1753
f 3305/2239/1751 3284/2218/1731 3309/2243/1754
f 3299/2233/1745 3295/2229/1742 3304/2238/1750
f 3324/2258/1767 3302/2236/1748 3311/2245/1756
f 3313/2247/1758 3294/2228/1741 3312/2246/1757
f 3312/2246/1757 3293/2227/1740 3303/2237/1749
f 3315/2249/1760 3308/2242/1753 3313/2247/1758
f 3306/2240/1752 3305/2239/1751 3310/2244/1755
f 3301/2235/1747 3306/2240/1752 3302/2236/1748
f 7646/6536/4483 3308/2242/1753 3316/2250/1761
f 3305/2239/1751 3309/2243/1754 3314/2248/1759
f 3332/2266/1775 3318/2252/1762 3320/2254/1764
f 3316/2250/1761 3315/2249/1760 3321/2255/1765
f 3314/2248/1759 3317/2251/1761 3323/2257/1766
f 3326/2260/1769 3303/2237/1749 3324/2258/1767
f 3313/2247/1758 3312/2246/1757 3319/2253/1763
f 3312/2246/1757 3303/2237/1749 3325/2259/1768
f 3315/2249/1760 3313/2247/1758 3318/2252/1762
f 3311/2245/1756 3310/2244/1755 3323/2257/1766
f 3334/2268/1777 3327/2261/1770 3329/2263/1772
f 3311/2245/1756 3323/2257/1766 3331/2265/1774
f 3324/2258/1767 3311/2245/1756 3327/2261/1770
f 7647/6537/4484 3321/2255/1765 3332/2266/1775
f 3323/2257/1766 3322/2256/1765 3330/2264/1773
f 3326/2260/1769 3324/2258/1767 3334/2268/1777
f 3320/2254/1764 3319/2253/1763 3335/2269/1778
f 3325/2259/1768 3326/2260/1769 3335/2269/1778
f 3349/2283/1791 3336/2270/1779 3338/2272/1781
f 3340/2274/1783 3320/2254/1764 3339/2273/1782
f 3339/2273/1782 3335/2269/1778 3329/2263/1772
f 3342/2276/1785 3332/2266/1775 3340/2274/1783
f 3331/2265/1774 3330/2264/1773 3341/2275/1784
f 3327/2261/1770 3331/2265/1774 3328/2262/1771
f 7647/6537/4484 3332/2266/1775 3343/2277/1780
f 3330/2264/1773 3333/2267/1776 3336/2270/1779
f 3347/2281/1789 3329/2263/1772 3344/2278/1786
f 3340/2274/1783 3339/2273/1782 3346/2280/1788
f 3339/2273/1782 3329/2263/1772 3345/2279/1787
f 3342/2276/1785 3340/2274/1783 3348/2282/1790
f 3350/2284/1792 3341/2275/1784 3349/2283/1791
f 3344/2278/1786 3328/2262/1771 3350/2284/1792
f 3343/2277/1780 3342/2276/1785 3351/2285/1793
f 3377/2311/17 3352/2286/17 3354/2288/1593
f 3354/2288/1593 3353/2287/1593 3356/2290/1594
f 7648/6538/1595 3356/2290/1594 3357/2291/1595
f 7648/6538/1595 3357/2291/1595 3359/2293/1596
f 3359/2293/1596 3358/2292/1596 3361/2295/1597
f 3361/2295/1597 3360/2294/1597 3363/2297/130
f 3363/2297/130 3362/2296/130 3365/2299/1598
f 3365/2299/1598 3364/2298/1598 3367/2301/1599
f 3367/2301/1599 3366/2300/1599 3369/2303/1794
f 7649/6539/1602 3370/2304/1601 3372/2306/1602
s 0
f 3401/2335/16 3373/2307/16 3375/2309/16
s 1
f 3378/2312/1603 3376/2310/1603 3377/2311/17
f 7649/6539/1602 3372/2306/1602 3378/2312/1603
s 0
f 3403/2337/87 3379/2313/87 3381/2315/87
f 3402/2336/16 3382/2316/16 3384/2318/16
f 3383/2317/16 3385/2319/16 3384/2318/16
f 3386/2320/16 3385/2319/16 3388/2322/16
f 3387/2321/16 3389/2323/16 3388/2322/16
f 3390/2324/16 3389/2323/16 3392/2326/16
f 3391/2325/16 3393/2327/16 3392/2326/16
f 3394/2328/16 3393/2327/16 3396/2330/16
f 3400/2334/16 3397/2331/16 3399/2333/16
f 3374/2308/16 3397/2331/16 3375/2309/16
f 3395/2329/16 3373/2307/16 3396/2330/16
f 3398/2332/16 3382/2316/16 3399/2333/16
f 3405/2339/87 3403/2337/87 3404/2338/87
f 3408/2342/87 3405/2339/87 3406/2340/87
f 3409/2343/87 3407/2341/87 3406/2340/87
f 3412/2346/87 3407/2341/87 3410/2344/87
f 3414/2348/87 3411/2345/87 3410/2344/87
f 3420/2354/87 3413/2347/87 3414/2348/87
f 3422/2356/87 3415/2349/87 3417/2351/87
f 3416/2350/87 3415/2349/87 3419/2353/87
f 3423/2357/87 3413/2347/87 3421/2355/87
f 3380/2314/87 3379/2313/87 3417/2351/87
f 3418/2352/87 3423/2357/87 3419/2353/87
s 1
f 3440/2374/1812 3424/2358/1796 3426/2360/1798
f 3439/2373/1811 3427/2361/1799 3429/2363/1801
f 3436/2370/1808 3430/2364/1802 3432/2366/1804
f 3437/2371/1809 3433/2367/1805 3435/2369/1807
f 3428/2362/1800 3427/2361/1799 3432/2366/1804
f 7650/6540/4485 3433/2367/1805 3438/2372/1810
f 3424/2358/1796 3439/2373/1811 3425/2359/1797
f 3435/2369/1807 3434/2368/1806 3426/2360/1798
f 3437/2371/1809 3435/2369/1807 3442/2376/1814
f 3448/2382/1820 3428/2362/1800 3443/2377/1815
f 3438/2372/1810 3437/2371/1809 3444/2378/1816
f 3447/2381/1819 3425/2359/1797 3445/2379/1817
f 3435/2369/1807 3426/2360/1798 3441/2375/1813
f 3426/2360/1798 3425/2359/1797 3446/2380/1818
f 3429/2363/1801 3428/2362/1800 3445/2379/1817
f 3432/2366/1804 3431/2365/1803 3443/2377/1815
f 3461/2395/1832 3450/2384/1821 3452/2386/1823
f 3451/2385/1822 3450/2384/1821 3454/2388/1825
f 3470/2404/1841 3455/2389/1826 3457/2391/1828
f 3466/2400/1837 3458/2392/1829 3460/2394/1831
f 3455/2389/1826 3461/2395/1832 3456/2390/1827
f 3467/2401/1838 3462/2396/1833 3464/2398/1835
f 3468/2402/1839 3465/2399/1836 3466/2400/1837
f 3460/2394/1831 3459/2393/1830 3464/2398/1835
f 3547/2481/1917 3465/2399/1836 3469/2403/1840
f 3462/2396/1833 3470/2404/1841 3463/2397/1834
f 3596/2530/1965 3471/2405/1842 3473/2407/1844
f 3473/2407/1844 3472/2406/1843 3475/2409/1846
f 3475/2409/1846 3474/2408/1845 3477/2411/1848
f 3449/2383/1816 3478/2412/1849 3443/2377/1815
f 3443/2377/1815 3479/2413/1850 3448/2382/1820
f 3448/2382/1820 3480/2414/1851 3482/2416/1853
f 3482/2416/1853 3481/2415/1852 3484/2418/1855
f 7651/6541/4486 3485/2419/1856 3487/2421/1858
f 3487/2421/1858 3486/2420/1857 3489/2423/1860
f 3489/2423/1860 3488/2422/1859 3491/2425/1862
f 3491/2425/1862 3490/2424/1861 3493/2427/1864
f 3493/2427/1864 3492/2426/1863 3495/2429/1866
f 3495/2429/1866 3494/2428/1865 3497/2431/1868
f 3497/2431/1868 3496/2430/1867 3499/2433/1870
f 3616/2550/1985 3499/2433/1870 3500/2434/1871
f 3616/2550/1985 3500/2434/1871 3502/2436/1873
f 3521/2455/1892 3502/2436/1873 3503/2437/1874
f 3514/2448/1885 3501/2435/1872 3504/2438/1875
f 3508/2442/1879 3505/2439/1876 3507/2441/1878
f 3510/2444/1881 3505/2439/1876 3509/2443/1880
f 3512/2446/1883 3510/2444/1881 3511/2445/1882
f 3483/2417/1854 3512/2446/1883 3484/2418/1855
f 3507/2441/1878 3506/2440/1877 3503/2437/1874
f 3503/2437/1874 3501/2435/1872 3507/2441/1878
f 3507/2441/1878 3514/2448/1885 3508/2442/1879
f 3441/2375/1813 3446/2380/1818 3517/2451/1888
f 3496/2430/1867 3494/2428/1865 3516/2450/1887
f 3519/2453/1890 3504/2438/1875 3518/2452/1889
f 3498/2432/1869 3496/2430/1867 3518/2452/1889
f 3514/2448/1885 3504/2438/1875 3515/2449/1886
f 3503/2437/1874 3513/2447/1884 3521/2455/1892
f 3488/2422/1859 3486/2420/1857 3523/2457/1894
f 3525/2459/1896 3492/2426/1863 3524/2458/1895
f 3517/2451/1888 3494/2428/1865 3525/2459/1896
f 3490/2424/1861 3488/2422/1859 3524/2458/1895
f 3486/2420/1857 3485/2419/1856 3522/2456/1893
f 3530/2464/1901 3524/2458/1895 3527/2461/1898
f 3441/2375/1813 3517/2451/1888 3528/2462/1899
f 3523/2457/1894 3522/2456/1893 3527/2461/1898
f 3525/2459/1896 3524/2458/1895 3528/2462/1899
f 3442/2376/1814 3441/2375/1813 3530/2464/1901
f 3530/2464/1901 3527/2461/1898 3442/2376/1814
f 7652/6542/4487 3529/2463/1900 3526/2460/1897
f 7652/6542/4487 3531/2465/1849 3529/2463/1900
f 3446/2380/1818 3447/2381/1819 3516/2450/1887
f 3484/2418/1855 3532/2466/1902 3482/2416/1853
f 3519/2453/1890 3518/2452/1889 3534/2468/1904
f 3511/2445/1882 3509/2443/1880 3532/2466/1902
f 3447/2381/1819 3445/2379/1817 3534/2468/1904
f 3534/2468/1904 3533/2467/1903 3535/2469/1905
f 3445/2379/1817 3448/2382/1820 3533/2467/1903
f 3509/2443/1880 3508/2442/1879 3535/2469/1905
f 3519/2453/1890 3534/2468/1904 3515/2449/1886
f 3459/2393/1830 3536/2470/1906 3467/2401/1838
f 3547/2481/1917 3538/2472/1908 3465/2399/1836
f 3549/2483/1919 3540/2474/1910 3462/2396/1833
f 3471/2405/1842 3541/2475/1911 3472/2406/1843
f 7653/6543/4488 3543/2477/1913 3541/2475/1911
f 3472/2406/1843 3542/2476/1912 3474/2408/1845
f 3542/2476/1912 3543/2477/1913 3544/2478/1914
f 3474/2408/1845 3544/2478/1914 3476/2410/1847
f 3476/2410/1847 3546/2480/1916 3547/2481/1917
f 3477/2411/1848 3476/2410/1847 3469/2403/1840
f 3465/2399/1836 3539/2473/1909 3458/2392/1829
f 3537/2471/1907 3549/2483/1919 3467/2401/1838
f 3551/2485/1921 3550/2484/1920 3455/2389/1826
f 3458/2392/1829 3548/2482/1918 3459/2393/1830
f 3540/2474/1910 3551/2485/1921 3470/2404/1841
f 3450/2384/1821 3552/2486/1922 3453/2387/1824
f 3550/2484/1920 3552/2486/1922 3461/2395/1832
f 7654/6544/4489 3554/2488/1924 3556/2490/1926
f 3567/2501/1937 3557/2491/1927 3559/2493/1929
f 7655/6545/4490 3560/2494/1930 3562/2496/1932
f 3568/2502/1938 3563/2497/1933 3565/2499/1935
f 7655/6545/4490 3559/2493/1929 3560/2494/1930
f 7656/6546/4491 3566/2500/1936 3563/2497/1933
f 3556/2490/1926 3555/2489/1925 3567/2501/1937
f 7654/6544/4489 3568/2502/1938 3554/2488/1924
f 3564/2498/1934 3569/2503/1939 3565/2499/1935
f 3560/2494/1930 3558/2492/1928 3572/2506/1942
f 3566/2500/1936 3573/2507/1943 3564/2498/1934
f 3557/2491/1927 3555/2489/1925 3575/2509/1945
f 3565/2499/1935 3570/2504/1940 3554/2488/1924
f 3554/2488/1924 3576/2510/1946 3555/2489/1925
f 3557/2491/1927 3575/2509/1945 3558/2492/1928
f 3560/2494/1930 3572/2506/1942 3561/2495/1931
f 3587/2521/1956 3578/2512/1947 3580/2514/1949
f 3453/2387/1824 3580/2514/1949 3454/2388/1825
f 3595/2529/1964 3581/2515/1950 3583/2517/1952
f 3593/2527/1962 3584/2518/1953 3586/2520/1955
f 3583/2517/1952 3582/2516/1951 3587/2521/1956
f 3655/2589/2023 3588/2522/1957 3590/2524/1959
f 3584/2518/1953 3591/2525/1960 3585/2519/1954
f 3655/2589/2023 3593/2527/1962 3588/2522/1957
f 3657/2591/2025 3594/2528/1963 3591/2525/1960
f 3590/2524/1959 3589/2523/1958 3595/2529/1964
f 3598/2532/1967 3471/2405/1842 3597/2531/1966
f 3600/2534/1969 3598/2532/1967 3599/2533/1968
f 3661/2595/2029 3600/2534/1969 3601/2535/1970
f 3577/2511/1943 3572/2506/1942 3603/2537/1972
f 3572/2506/1942 3571/2505/1941 3602/2536/1971
f 3606/2540/1975 3604/2538/1973 3605/2539/1974
f 3629/2563/1998 3606/2540/1975 3607/2541/1976
f 7651/6541/4486 3487/2421/1858 3609/2543/1978
f 3487/2421/1858 3489/2423/1860 3608/2542/1977
f 3489/2423/1860 3491/2425/1862 3610/2544/1979
f 3491/2425/1862 3493/2427/1864 3611/2545/1980
f 3493/2427/1864 3495/2429/1866 3612/2546/1981
f 3495/2429/1866 3497/2431/1868 3613/2547/1982
f 3497/2431/1868 3499/2433/1870 3614/2548/1983
f 3615/2549/1984 3499/2433/1870 3617/2551/1986
f 3616/2550/1985 3502/2436/1873 3617/2551/1986
f 3618/2552/1987 3502/2436/1873 3619/2553/1988
f 3617/2551/1986 3618/2552/1987 3621/2555/1990
f 3630/2564/1999 3622/2556/1991 3624/2558/1993
f 3627/2561/1996 3625/2559/1994 3622/2556/1991
f 3628/2562/1997 3626/2560/1995 3627/2561/1996
f 3626/2560/1995 3628/2562/1997 3607/2541/1976
f 3636/2570/2005 3630/2564/1999 3619/2553/1988
f 3619/2553/1988 3624/2558/1993 3618/2552/1987
f 3624/2558/1993 3623/2557/1992 3620/2554/1989
f 3570/2504/1940 3632/2566/2001 3576/2510/1946
f 3632/2566/2001 3613/2547/1982 3633/2567/2002
f 3615/2549/1984 3621/2555/1990 3635/2569/2004
f 3615/2549/1984 3635/2569/2004 3614/2548/1983
f 3620/2554/1989 3631/2565/2000 3621/2555/1990
f 3520/2454/1891 3636/2570/2005 3521/2455/1892
f 3610/2544/1979 3637/2571/2006 3608/2542/1977
f 3640/2574/2009 3639/2573/2008 3612/2546/1981
f 3632/2566/2001 3640/2574/2009 3613/2547/1982
f 3611/2545/1980 3639/2573/2008 3610/2544/1979
f 3608/2542/1977 3638/2572/2007 3609/2543/1978
f 3637/2571/2006 3639/2573/2008 3643/2577/2012
f 3570/2504/1940 3644/2578/2013 3632/2566/2001
f 3637/2571/2006 3643/2577/2012 3638/2572/2007
f 3640/2574/2009 3644/2578/2013 3639/2573/2008
f 3644/2578/2013 3570/2504/1940 3642/2576/2011
f 3642/2576/2011 3569/2503/1939 3643/2577/2012
f 7657/6547/4492 3641/2575/2010 3645/2579/2014
f 7657/6547/4492 3645/2579/2014 3646/2580/1972
f 3635/2569/2004 3574/2508/1944 3633/2567/2002
f 3607/2541/1976 3605/2539/1974 3648/2582/2016
f 3574/2508/1944 3635/2569/2004 3649/2583/2017
f 3650/2584/2018 3625/2559/1994 3648/2582/2016
f 3574/2508/1944 3649/2583/2017 3575/2509/1945
f 3649/2583/2017 3650/2584/2018 3647/2581/2015
f 3575/2509/1945 3647/2581/2015 3571/2505/1941
f 3631/2565/2000 3623/2557/1992 3650/2584/2018
f 3634/2568/2003 3631/2565/2000 3649/2583/2017
f 3665/2599/2033 3651/2585/2019 3653/2587/2021
f 3681/2615/2049 3654/2588/2022 3655/2589/2023
f 3652/2586/2020 3656/2590/2024 3591/2525/1960
f 3663/2597/2031 3590/2524/1959 3658/2592/2026
f 3659/2593/2027 3541/2475/1911 3598/2532/1967
f 3660/2594/2028 3659/2593/2027 3600/2534/1969
f 3662/2596/2030 3660/2594/2028 3661/2595/2029
f 3656/2590/2024 3662/2596/2030 3657/2591/2025
f 3657/2591/2025 3661/2595/2029 3594/2528/1963
f 3653/2587/2021 3652/2586/2020 3584/2518/1953
f 3681/2615/2049 3655/2589/2023 3663/2597/2031
f 3666/2600/2034 3583/2517/1952 3664/2598/2032
f 7658/6548/4493 3665/2599/2033 3654/2588/2022
f 3654/2588/2022 3653/2587/2021 3593/2527/1962
f 3658/2592/2026 3595/2529/1964 3666/2600/2034
f 3553/2487/1923 3667/2601/2035 3453/2387/1824
f 3664/2598/2032 3587/2521/1956 3667/2601/2035
f 3546/2480/1916 3668/2602/2036 3538/2472/1908
f 3539/2473/1909 3670/2604/2038 3548/2482/1918
f 3676/2610/2044 3672/2606/2040 3536/2470/1906
f 3538/2472/1908 3669/2603/2037 3539/2473/1909
f 3674/2608/2042 3673/2607/2041 3549/2483/1919
f 3544/2478/1914 3545/2479/1915 3546/2480/1916
f 3672/2606/2040 3674/2608/2042 3537/2471/1907
f 3677/2611/2045 3675/2609/2043 3551/2485/1921
f 3548/2482/1918 3671/2605/2039 3536/2470/1906
f 3673/2607/2041 3677/2611/2045 3540/2474/1910
f 3679/2613/2047 3678/2612/2046 3552/2486/1922
f 3675/2609/2043 3679/2613/2047 3550/2484/1920
f 3683/2617/2051 3680/2614/2048 3656/2590/2024
f 7658/6548/4493 3654/2588/2022 3682/2616/2050
f 3651/2585/2019 3683/2617/2051 3652/2586/2020
f 3687/2621/2055 3663/2597/2031 3684/2618/2052
f 7653/6543/4488 3541/2475/1911 3685/2619/2053
f 3686/2620/2054 3685/2619/2053 3660/2594/2028
f 3680/2614/2048 3686/2620/2054 3662/2596/2030
f 3682/2616/2050 3681/2615/2049 3687/2621/2055
f 3689/2623/2057 3666/2600/2034 3688/2622/2056
f 3684/2618/2052 3658/2592/2026 3689/2623/2057
f 3690/2624/2058 3667/2601/2035 3678/2612/2046
f 3688/2622/2056 3664/2598/2032 3690/2624/2058
f 3884/2818/2252 3691/2625/2059 3693/2627/2061
f 7420/6354/4430 3694/2628/2062 3696/2630/2064
f 3703/2637/2071 3697/2631/2065 3699/2633/2067
f 3706/2640/2074 3700/2634/2068 3702/2636/2070
f 3694/2628/2062 3703/2637/2071 3695/2629/2063
f 3700/2634/2068 3704/2638/2072 3701/2635/2069
f 3709/2643/2077 3706/2640/2074 3707/2641/2075
f 3712/2646/2080 3708/2642/2076 3709/2643/2077
f 3711/2645/2079 3710/2644/2078 3700/2634/2068
f 3708/2642/2076 3711/2645/2079 3706/2640/2074
f 3695/2629/2063 3699/2633/2067 3708/2642/2076
f 3699/2633/2067 3698/2632/2066 3711/2645/2079
f 3696/2630/2064 3695/2629/2063 3712/2646/2080
f 7420/6354/4430 3696/2630/2064 3714/2648/2082
f 3714/2648/2082 3713/2647/2081 3716/2650/2084
f 3781/2715/2149 3716/2650/2084 3717/2651/2085
f 3723/2657/2091 3718/2652/2086 3720/2654/2088
f 3713/2647/2081 3696/2630/2064 3721/2655/2089
f 3718/2652/2086 3709/2643/2077 3719/2653/2087
f 3721/2655/2089 3712/2646/2080 3718/2652/2086
f 3715/2649/2083 3713/2647/2081 3722/2656/2090
f 3722/2656/2090 3721/2655/2089 3723/2657/2091
f 3726/2660/2094 3723/2657/2091 3725/2659/2093
f 3729/2663/2097 3726/2660/2094 3727/2661/2095
f 3733/2667/2101 3728/2662/2096 3732/2666/2100
f 3735/2669/2103 3733/2667/2101 3734/2668/2102
f 3741/2675/2109 3735/2669/2103 3736/2670/2104
f 3722/2656/2090 3737/2671/2105 3739/2673/2107
f 3737/2671/2105 3722/2656/2090 3726/2660/2094
f 3715/2649/2083 3739/2673/2107 3717/2651/2085
f 3749/2683/2117 3740/2674/2108 3738/2672/2106
f 3744/2678/2112 3735/2669/2103 3742/2676/2110
f 3745/2679/2113 3733/2667/2101 3744/2678/2112
f 3743/2677/2111 3728/2662/2096 3745/2679/2113
f 3737/2671/2105 3729/2663/2097 3743/2677/2111
f 3742/2676/2110 3741/2675/2109 3747/2681/2115
f 3746/2680/2114 3741/2675/2109 3748/2682/2116
f 3751/2685/2119 3740/2674/2108 3750/2684/2118
f 3758/2692/2126 3717/2651/2085 3751/2685/2119
f 3738/2672/2106 3743/2677/2111 3749/2683/2117
f 3753/2687/2121 3742/2676/2110 3752/2686/2120
f 3754/2688/2122 3744/2678/2112 3753/2687/2121
f 3749/2683/2117 3745/2679/2113 3754/2688/2122
f 3756/2690/2124 3753/2687/2121 3755/2689/2123
f 3754/2688/2122 3753/2687/2121 3757/2691/2125
f 3749/2683/2117 3754/2688/2122 3750/2684/2118
f 3781/2715/2149 3717/2651/2085 3759/2693/2127
f 3758/2692/2126 3751/2685/2119 3761/2695/2129
f 3761/2695/2129 3760/2694/2128 3763/2697/2131
f 3763/2697/2131 3762/2696/2130 3765/2699/2133
f 7659/6549/4494 3765/2699/2133 3766/2700/2134
f 7659/6549/4494 3766/2700/2134 3768/2702/2136
f 3768/2702/2136 3767/2701/2135 3770/2704/2138
f 3770/2704/2138 3769/2703/2137 3772/2706/2140
f 3774/2708/2142 3772/2706/2140 3773/2707/2141
f 7660/6550/2258 3774/2708/2142 3775/2709/2143
f 7660/6550/2258 3775/2709/2143 3777/2711/2145
f 3781/2715/2149 3759/2693/2127 3776/2710/2144
f 3782/2716/2150 3778/2712/2146 3780/2714/2148
f 3716/2650/2084 3781/2715/2149 3779/2713/2147
f 3714/2648/2082 3716/2650/2084 3778/2712/2146
f 7420/6354/4430 3714/2648/2082 3782/2716/2150
f 3780/2714/2148 3779/2713/2147 3783/2717/2151
f 3886/2820/2254 3783/2717/2151 3775/2709/2143
f 3787/2721/2155 3784/2718/2152 3786/2720/2154
f 3757/2691/2125 3756/2690/2124 3787/2721/2155
f 3756/2690/2124 3755/2689/2123 3784/2718/2152
f 3750/2684/2118 3757/2691/2125 3789/2723/2157
f 3751/2685/2119 3750/2684/2118 3760/2694/2128
f 3789/2723/2157 3787/2721/2155 3790/2724/2158
f 3784/2718/2152 3788/2722/2156 3785/2719/2153
f 3760/2694/2128 3789/2723/2157 3762/2696/2130
f 3795/2729/2163 3792/2726/2160 3794/2728/2162
f 3792/2726/2160 3795/2729/2163 3797/2731/2165
f 3799/2733/2167 3797/2731/2165 3798/2732/2166
f 3801/2735/2169 3799/2733/2167 3800/2734/2168
f 3805/2739/2173 3801/2735/2169 3802/2736/2170
f 3805/2739/2173 3802/2736/2170 3804/2738/2172
f 3822/2756/2190 3805/2739/2173 3806/2740/2174
f 3822/2756/2190 3807/2741/2175 3805/2739/2173
f 3807/2741/2175 3808/2742/2176 3801/2735/2169
f 3809/2743/2177 3797/2731/2165 3808/2742/2176
f 3785/2719/2153 3792/2726/2160 3809/2743/2177
f 3785/2719/2153 3791/2725/2159 3792/2726/2160
f 3812/2746/2180 3800/2734/2168 3810/2744/2178
f 3798/2732/2166 3796/2730/2164 3810/2744/2178
f 3800/2734/2168 3812/2746/2180 3802/2736/2170
f 3794/2728/2162 3811/2745/2179 3795/2729/2163
f 3822/2756/2190 3806/2740/2174 3814/2748/2182
f 3814/2748/2182 3813/2747/2181 3816/2750/2184
f 3818/2752/2186 3816/2750/2184 3817/2751/2185
f 3841/2775/2209 3818/2752/2186 3819/2753/2187
f 3823/2757/2191 3807/2741/2175 3821/2755/2189
f 3807/2741/2175 3822/2756/2190 3820/2754/2188
f 3825/2759/2193 3823/2757/2191 3824/2758/2192
f 3831/2765/2199 3825/2759/2193 3826/2760/2194
f 3821/2755/2189 3820/2754/2188 3828/2762/2196
f 3836/2770/2204 3826/2760/2194 3829/2763/2197
f 3829/2763/2197 3824/2758/2192 3828/2762/2196
f 3820/2754/2188 3814/2748/2182 3827/2761/2195
f 3832/2766/2200 3786/2720/2154 3809/2743/2177
f 3764/2698/2132 3762/2696/2130 3830/2764/2198
f 3832/2766/2200 3830/2764/2198 3786/2720/2154
f 3764/2698/2132 3830/2764/2198 3831/2765/2199
f 3830/2764/2198 3832/2766/2200 3825/2759/2193
f 3809/2743/2177 3808/2742/2176 3832/2766/2200
f 3838/2772/2206 3833/2767/2201 3835/2769/2203
f 3833/2767/2201 3828/2762/2196 3834/2768/2202
f 3834/2768/2202 3827/2761/2195 3818/2752/2186
f 3837/2771/2205 3829/2763/2197 3833/2767/2201
f 3851/2785/2219 3836/2770/2204 3837/2771/2205
f 3852/2786/2220 3837/2771/2205 3838/2772/2206
f 3769/2703/2137 3839/2773/2207 3771/2705/2139
f 3834/2768/2202 3818/2752/2186 3835/2769/2203
f 3843/2777/2211 3842/2776/2210 3840/2774/2208
f 3845/2779/2213 3843/2777/2211 3844/2778/2212
f 3847/2781/2215 3845/2779/2213 3846/2780/2214
f 3849/2783/2217 3847/2781/2215 3848/2782/2216
f 3882/2816/2250 3849/2783/2217 3850/2784/2218
f 3853/2787/2221 3851/2785/2219 3852/2786/2220
f 3839/2773/2207 3769/2703/2137 3853/2787/2221
f 3769/2703/2137 3767/2701/2135 3851/2785/2219
f 3767/2701/2135 3766/2700/2134 3836/2770/2204
f 3764/2698/2132 3831/2765/2199 3766/2700/2134
f 3850/2784/2218 3848/2782/2216 3855/2789/2223
f 3855/2789/2223 3854/2788/2222 3857/2791/2225
f 3857/2791/2225 3856/2790/2224 3859/2793/2227
f 3859/2793/2227 3858/2792/2226 3861/2795/2229
f 3861/2795/2229 3860/2794/2228 3819/2753/2187
f 3854/2788/2222 3862/2796/2230 3856/2790/2224
f 3846/2780/2214 3844/2778/2212 3862/2796/2230
f 3848/2782/2216 3846/2780/2214 3854/2788/2222
f 3844/2778/2212 3840/2774/2208 3864/2798/2232
f 3862/2796/2230 3864/2798/2232 3863/2797/2231
f 3864/2798/2232 3839/2773/2207 3865/2799/2233
f 3838/2772/2206 3835/2769/2203 3867/2801/2235
f 3868/2802/2236 3852/2786/2220 3867/2801/2235
f 3865/2799/2233 3853/2787/2221 3868/2802/2236
f 3835/2769/2203 3841/2775/2209 3866/2800/2234
f 3858/2792/2226 3856/2790/2224 3869/2803/2237
f 3869/2803/2237 3863/2797/2231 3868/2802/2236
f 3860/2794/2228 3858/2792/2226 3866/2800/2234
f 3868/2802/2236 3867/2801/2235 3869/2803/2237
f 3847/2781/2215 3849/2783/2217 3871/2805/2239
f 3872/2806/2240 3845/2779/2213 3871/2805/2239
f 3691/2625/2059 3843/2777/2211 3872/2806/2240
f 4152/3086/2489 3873/2807/2241 3875/2809/2243
f 3870/2804/2238 3875/2809/2243 3876/2810/2244
f 3880/2814/2248 3877/2811/2245 3879/2813/2247
f 3692/2626/2060 3880/2814/2248 3881/2815/2249
f 3849/2783/2217 3882/2816/2250 3870/2804/2238
f 3884/2818/2252 3842/2776/2210 3691/2625/2059
f 3870/2804/2238 3883/2817/2251 3871/2805/2239
f 3872/2806/2240 3871/2805/2239 3880/2814/2248
f 3691/2625/2059 3872/2806/2240 3692/2626/2060
f 3775/2709/2143 3773/2707/2141 3884/2818/2252
f 3877/2811/2245 3883/2817/2251 3878/2812/2246
f 3693/2627/2061 3886/2820/2254 3884/2818/2252
f 3891/2825/2259 3887/2821/2255 3889/2823/2257
f 3895/2829/2262 3890/2824/2258 3891/2825/2259
f 3910/2844/2275 3892/2826/2133 3894/2828/2261
f 3898/2832/2265 3890/2824/2258 3896/2830/2263
f 3903/2837/2270 3897/2831/2264 3896/2830/2263
f 3894/2828/2261 3893/2827/2260 3900/2834/2267
f 3900/2834/2267 3899/2833/2266 3902/2836/2269
f 3902/2836/2269 3901/2835/2268 3903/2837/2270
f 3888/2822/2256 3904/2838/2126 3889/2823/2257
f 3909/2843/2274 3906/2840/2131 3908/2842/2273
f 3904/2838/2126 3909/2843/2274 3905/2839/2271
f 3906/2840/2131 3892/2826/2133 3907/2841/2272
f 3910/2844/2275 3894/2828/2261 3912/2846/2277
f 3891/2825/2259 3889/2823/2257 3913/2847/2278
f 3900/2834/2267 3902/2836/2269 3915/2849/2280
f 3908/2842/2273 3907/2841/2272 3913/2847/2278
f 3894/2828/2261 3900/2834/2267 3911/2845/2276
f 3916/2850/2281 3907/2841/2272 3912/2846/2277
f 3903/2837/2270 3896/2830/2263 3917/2851/2282
f 3902/2836/2269 3903/2837/2270 3914/2848/2279
f 3919/2853/2284 3916/2850/2281 3918/2852/2283
f 3924/2858/2289 3913/2847/2278 3919/2853/2284
f 3921/2855/2286 3917/2851/2282 3920/2854/2285
f 3918/2852/2283 3921/2855/2286 3919/2853/2284
f 3911/2845/2276 3922/2856/2287 3912/2846/2277
f 3919/2853/2284 3920/2854/2285 3924/2858/2289
f 3920/2854/2285 3895/2829/2262 3923/2857/2288
f 3914/2848/2279 3917/2851/2282 3925/2859/2290
f 3921/2855/2286 3918/2852/2283 3925/2859/2290
f 3923/2857/2288 3891/2825/2259 3924/2858/2289
f 3922/2856/2287 3915/2849/2280 3925/2859/2290
f 3956/2890/2317 3731/2665/2099 3926/2860/2291
f 3962/2896/2322 3927/2861/2292 3929/2863/2294
f 3727/2661/2095 3725/2659/2093 3931/2865/2296
f 3933/2867/2298 3724/2658/2092 3932/2866/2297
f 3725/2659/2093 3724/2658/2092 3930/2864/2295
f 3950/2884/2311 3702/2636/2070 3937/2871/2301
f 3937/2871/2301 3701/2635/2069 3938/2872/2302
f 3960/2894/2321 3939/2873/2303 3941/2875/2305
f 3942/2876/2306 3944/2878/2308 3946/2880/2310
f 3932/2866/2297 3720/2654/2088 3948/2882/2293
f 3719/2653/2087 3707/2641/2075 3948/2882/2293
f 3707/2641/2075 3702/2636/2070 3949/2883/2307
f 3732/2666/2100 3951/2885/2312 3734/2668/2102
f 3730/2664/2098 3727/2661/2095 3926/2860/2291
f 3732/2666/2100 3731/2665/2099 3951/2885/2312
f 3953/2887/2314 3955/2889/2316 3957/2891/2318
f 3955/2889/2316 3954/2888/2315 3936/2870/2300
f 3964/2898/2323 3736/2670/2104 3952/2886/2313
f 3935/2869/2299 3961/2895/2298 3936/2870/2300
f 7661/6551/2553 3748/2682/2116 3964/2898/2323
f 3960/2894/2321 3959/2893/2320 3939/2873/2303
f 3955/2889/2316 3936/2870/2300 3966/2900/2325
f 3939/2873/2303 3955/2889/2316 3940/2874/2304
f 3968/2902/2327 3929/2863/2294 3967/2901/2326
f 3969/2903/2328 3962/2896/2322 3968/2902/2327
f 3936/2870/2300 3962/2896/2322 3965/2899/2324
f 3967/2901/2326 3942/2876/2306 3970/2904/2329
f 3974/2908/2332 3971/2905/2330 3973/2907/2331
f 3965/2899/2324 3969/2903/2328 3974/2908/2332
f 3965/2899/2324 3974/2908/2332 3966/2900/2325
f 3941/2875/2305 3940/2874/2304 3973/2907/2331
f 3969/2903/2328 3968/2902/2327 3971/2905/2330
f 3970/2904/2329 3972/2906/1048 3967/2901/2326
f 4156/3090/2493 3975/2909/2333 3977/2911/2335
f 3703/2637/2071 3978/2912/2336 3697/2631/2065
f 7428/6362/4438 3980/2914/2338 3982/2916/2340
f 3987/2921/2345 3983/2917/2341 3697/2631/2065
f 3989/2923/2347 3984/2918/2342 3986/2920/2344
f 3982/2916/2340 3981/2915/2339 3987/2921/2345
f 3986/2920/2344 3985/2919/2343 3704/2638/2072
f 3990/2924/2348 3988/2922/2346 3989/2923/2347
f 3993/2927/2351 3990/2924/2348 3991/2925/2349
f 3992/2926/2350 3986/2920/2344 3710/2644/2078
f 3991/2925/2349 3989/2923/2347 3992/2926/2350
f 3981/2915/2339 3991/2925/2349 3983/2917/2341
f 3983/2917/2341 3992/2926/2350 3698/2632/2066
f 3980/2914/2338 3993/2927/2351 3981/2915/2339
f 7428/6362/4438 3994/2928/2352 3980/2914/2338
f 3994/2928/2352 3996/2930/2354 3995/2929/2353
f 3997/2931/2355 3996/2930/2354 3999/2933/2357
f 4004/2938/2362 4000/2934/2358 4002/2936/2360
f 3993/2927/2351 3980/2914/2338 4003/2937/2361
f 3988/2922/2346 3990/2924/2348 4004/2938/2362
f 3990/2924/2348 3993/2927/2351 4000/2934/2358
f 4003/2937/2361 3995/2929/2353 4005/2939/2363
f 4000/2934/2358 4003/2937/2361 4001/2935/2359
f 4006/2940/2364 4001/2935/2359 4008/2942/2366
f 4008/2942/2366 4007/2941/2365 4010/2944/2368
f 4028/2962/2386 4011/2945/2369 4014/2948/2372
f 4014/2948/2372 4013/2947/2371 4016/2950/2374
f 4016/2950/2374 4015/2949/2373 4018/2952/2376
f 4005/2939/2363 4019/2953/2377 4021/2955/2379
f 4001/2935/2359 4005/2939/2363 4007/2941/2365
f 3997/2931/2355 3999/2933/2357 4019/2953/2377
f 4019/2953/2377 4022/2956/2380 4020/2954/2378
f 4017/2951/2375 4015/2949/2373 4025/2959/2383
f 4015/2949/2373 4013/2947/2371 4024/2958/2382
f 4013/2947/2371 4011/2945/2369 4027/2961/2385
f 4021/2955/2379 4026/2960/2384 4009/2943/2367
f 4025/2959/2383 4029/2963/2115 4017/2951/2375
f 4018/2952/2376 4017/2951/2375 4031/2965/2116
f 4023/2957/2381 4022/2956/2380 4033/2967/2388
f 4022/2956/2380 3999/2933/2357 4032/2966/2387
f 4020/2954/2378 4023/2957/2381 4026/2960/2384
f 4029/2963/2115 4025/2959/2383 4036/2970/2120
f 4025/2959/2383 4024/2958/2382 4035/2969/2390
f 4024/2958/2382 4027/2961/2385 4037/2971/2391
f 4036/2970/2120 4035/2969/2390 4039/2973/2123
f 4037/2971/2391 4040/2974/2393 4035/2969/2390
f 4023/2957/2381 4033/2967/2388 4037/2971/2391
f 3998/2932/2356 4041/2975/2394 3999/2933/2357
f 4034/2968/2389 4042/2976/2395 4032/2966/2387
f 4042/2976/2395 4044/2978/2397 4043/2977/2396
f 4044/2978/2397 4046/2980/2399 4045/2979/2398
f 4047/2981/2400 4046/2980/2399 4049/2983/2402
f 4048/2982/2401 4050/2984/2403 4049/2983/2402
f 4050/2984/2403 4052/2986/2405 4051/2985/2404
f 4052/2986/2405 4054/2988/2407 4053/2987/2406
f 4055/2989/2408 4054/2988/2407 4057/2991/2410
f 4057/2991/2410 4056/2990/2409 4059/2993/2412
f 4058/2992/2411 4060/2994/2413 4059/2993/2412
f 3998/2932/2356 4061/2995/2414 4041/2975/2394
f 4065/2999/2418 4062/2996/2415 4064/2998/2417
f 4061/2995/2414 3998/2932/2356 4063/2997/2416
f 3994/2928/2352 4064/2998/2417 3996/2930/2354
f 7428/6362/4438 4065/2999/2418 3994/2928/2352
f 4062/2996/2415 4066/3000/2419 4063/2997/2416
f 4061/2995/2414 4066/3000/2419 4059/2993/2412
f 4071/3005/2424 4068/3002/2421 4070/3004/2423
f 4040/2974/2393 4071/3005/2424 4038/2972/2392
f 4038/2972/2392 4070/3004/2423 4039/2973/2123
f 4033/2967/2388 4073/3007/2425 4040/2974/2393
f 4032/2966/2387 4043/2977/2396 4033/2967/2388
f 4073/3007/2425 4074/3008/2426 4071/3005/2424
f 4070/3004/2423 4069/3003/2422 4072/3006/2156
f 4043/2977/2396 4045/2979/2398 4073/3007/2425
f 4094/3028/2440 4076/3010/2427 4078/3012/2161
f 4094/3028/2440 4079/3013/2428 4076/3010/2427
f 4080/3014/2429 4079/3013/2428 4082/3016/2431
f 4082/3016/2431 4081/3015/2430 4084/3018/2433
f 4084/3018/2433 4083/3017/2432 4086/3020/2435
f 4085/3019/2434 4087/3021/2172 4086/3020/2435
f 4091/3025/2437 4089/3023/2174 4085/3019/2434
f 4083/3017/2432 4090/3024/2436 4085/3019/2434
f 4081/3015/2430 4092/3026/2438 4083/3017/2432
f 4093/3027/2439 4092/3026/2438 4079/3013/2428
f 4069/3003/2422 4093/3027/2439 4094/3028/2440
f 4069/3003/2422 4094/3028/2440 4075/3009/2159
f 4082/3016/2431 4084/3018/2433 4096/3030/2178
f 4082/3016/2431 4096/3030/2178 4080/3014/2429
f 4084/3018/2433 4086/3020/2435 4095/3029/2180
f 4077/3011/2162 4076/3010/2427 4097/3031/2179
f 4091/3025/2437 4098/3032/2441 4089/3023/2174
f 4098/3032/2441 4100/3034/2442 4099/3033/2181
f 4101/3035/2183 4100/3034/2442 4103/3037/2185
f 4103/3037/2185 4102/3036/2443 4105/3039/2187
f 4108/3042/2447 4090/3024/2436 4107/3041/2446
f 4098/3032/2441 4091/3025/2437 4108/3042/2447
f 4107/3041/2446 4106/3040/2445 4110/3044/2449
f 4118/3052/2457 4111/3045/2450 4109/3043/2448
f 4107/3041/2446 4112/3046/2451 4108/3042/2447
f 4110/3044/2449 4111/3045/2450 4115/3049/2454
f 4107/3041/2446 4110/3044/2449 4112/3046/2451
f 4108/3042/2447 4113/3047/2452 4098/3032/2441
f 4069/3003/2422 4068/3002/2421 4093/3027/2439
f 4047/2981/2400 4117/3051/2456 4045/2979/2398
f 4074/3008/2426 4117/3051/2456 4068/3002/2421
f 4047/2981/2400 4118/3052/2457 4117/3051/2456
f 4106/3040/2445 4116/3050/2455 4109/3043/2448
f 4093/3027/2439 4116/3050/2455 4092/3026/2438
f 4122/3056/2461 4119/3053/2458 4121/3055/2460
f 4113/3047/2452 4112/3046/2451 4122/3056/2461
f 4100/3034/2442 4113/3047/2452 4102/3036/2443
f 4112/3046/2451 4115/3049/2454 4119/3053/2458
f 4115/3049/2454 4114/3048/2453 4123/3057/2462
f 4119/3053/2458 4123/3057/2462 4120/3054/2459
f 4053/2987/2406 4055/2989/2408 4127/3061/2466
f 4122/3056/2461 4121/3055/2460 4102/3036/2443
f 4055/2989/2408 4128/3062/2467 4126/3060/2465
f 4126/3060/2465 4129/3063/2468 4131/3065/2470
f 4131/3065/2470 4130/3064/2469 4133/3067/2472
f 4133/3067/2472 4132/3066/2471 4135/3069/2474
f 4135/3069/2474 4134/3068/2473 3850/2784/2218
f 4123/3057/2462 4124/3058/2463 4125/3059/2464
f 4124/3058/2463 4053/2987/2406 4136/3070/2475
f 4114/3048/2453 4051/2985/2404 4124/3058/2463
f 4111/3045/2450 4049/2983/2402 4114/3048/2453
f 4047/2981/2400 4049/2983/2402 4118/3052/2457
f 3850/2784/2218 3855/2789/2223 4135/3069/2474
f 3855/2789/2223 3857/2791/2225 4137/3071/2476
f 3857/2791/2225 4139/3073/2227 4138/3072/2477
f 4139/3073/2227 4141/3075/2229 4140/3074/2478
f 4141/3075/2229 4105/3039/2187 4142/3076/2479
f 4137/3071/2476 4138/3072/2477 4144/3078/2481
f 4133/3067/2472 4144/3078/2481 4131/3065/2470
f 4135/3069/2474 4137/3071/2476 4133/3067/2472
f 4131/3065/2470 4145/3079/2482 4126/3060/2465
f 4144/3078/2481 4143/3077/2480 4145/3079/2482
f 4145/3079/2482 4146/3080/2483 4127/3061/2466
f 4120/3054/2459 4147/3081/2484 4121/3055/2460
f 4120/3054/2459 4125/3059/2464 4147/3081/2484
f 4125/3059/2464 4136/3070/2475 4149/3083/2486
f 4121/3055/2460 4148/3082/2485 4104/3038/2444
f 4140/3074/2478 4150/3084/2487 4138/3072/2477
f 4146/3080/2483 4143/3077/2480 4149/3083/2486
f 4142/3076/2479 4148/3082/2485 4140/3074/2478
f 4148/3082/2485 4147/3081/2484 4150/3084/2487
f 4132/3066/2471 4151/3085/2488 4134/3068/2473
f 4132/3066/2471 4130/3064/2469 4151/3085/2488
f 4130/3064/2469 4129/3063/2468 4153/3087/2490
f 7431/6365/4441 4154/3088/2491 4155/3089/2492
f 3875/2809/2243 3882/2816/2250 4152/3086/2489
f 4129/3063/2468 4128/3062/2467 3977/2911/2335
f 4152/3086/2489 4151/3085/2488 4158/3092/2495
f 4157/3091/2494 4151/3085/2488 4154/3088/2491
f 4154/3088/2491 4153/3087/2490 3976/2910/2334
f 4128/3062/2467 4057/2991/2410 4156/3090/2493
f 7432/6366/4442 4067/3001/2420 4159/3093/2496
f 4059/2993/2412 4067/3001/2420 4156/3090/2493
f 4177/3111/2508 4160/3094/2413 4162/3096/2498
f 4160/3094/2413 4163/3097/2411 4161/3095/2497
f 4171/3105/2505 4165/3099/2399 4167/3101/2501
f 7662/6552/4495 4168/3102/2502 4163/3097/2411
f 7662/6552/4495 4169/3103/2503 4168/3102/2502
f 4173/3107/2403 4171/3105/2505 4172/3106/2506
f 4175/3109/2405 4173/3107/2403 4174/3108/2507
f 4169/3103/2503 4175/3109/2405 4170/3104/2504
f 4181/3115/2511 4176/3110/2389 4162/3096/2498
f 4182/3116/2395 4178/3112/2509 4180/3114/2397
f 4176/3110/2389 4181/3115/2511 4182/3116/2395
f 4180/3114/2397 4179/3113/2510 4165/3099/2399
f 4166/3100/2500 4183/3117/2512 4167/3101/2501
f 4181/3115/2511 4162/3096/2498 4185/3119/2514
f 4172/3106/2506 4186/3120/2515 4174/3108/2507
f 4178/3112/2509 4185/3119/2514 4179/3113/2510
f 4167/3101/2501 4184/3118/2513 4172/3106/2506
f 4166/3100/2500 4179/3113/2510 4183/3117/2512
f 4170/3104/2504 4189/3123/2518 4168/3102/2502
f 4174/3108/2507 4187/3121/2516 4170/3104/2504
f 4183/3117/2512 4188/3122/2517 4191/3125/2520
f 4188/3122/2517 4185/3119/2514 4190/3124/2519
f 4164/3098/2499 4189/3123/2518 4194/3128/2523
f 4191/3125/2520 4190/3124/2519 4193/3127/2522
f 4184/3118/2513 4183/3117/2512 4195/3129/2524
f 4190/3124/2519 4192/3126/2521 4194/3128/2523
f 4194/3128/2523 4196/3130/2525 4164/3098/2499
f 4187/3121/2516 4197/3131/2526 4189/3123/2518
f 4195/3129/2524 4191/3125/2520 4197/3131/2526
f 4185/3119/2514 4161/3095/2497 4192/3126/2521
f 4187/3121/2516 4186/3120/2515 4197/3131/2526
f 4012/2946/2370 4028/2962/2386 4199/3133/2528
f 4230/3164/2544 4200/3134/2529 4202/3136/2531
f 4010/2944/2368 4203/3137/2532 4008/2942/2366
f 4002/2936/2360 4006/2940/2364 4206/3140/2535
f 4008/2942/2366 4204/3138/2533 4006/2940/2364
f 3985/2919/2343 3984/2918/2342 4211/3145/2538
f 3705/2639/2073 3985/2919/2343 3938/2872/2302
f 3960/2894/2321 3941/2875/2305 4213/3147/2540
f 3945/2879/2309 4216/3150/2543 3946/2880/2310
f 4004/2938/2362 4002/2936/2360 4218/3152/2544
f 4004/2938/2362 4218/3152/2544 3988/2922/2346
f 3988/2922/2346 4219/3153/2542 3984/2918/2342
f 4228/3162/2551 4220/3154/2545 4016/2950/2374
f 4012/2946/2370 4199/3133/2528 4010/2944/2368
f 4198/3132/2527 4028/2962/2386 4220/3154/2545
f 4221/3155/2527 4224/3158/2545 4222/3156/2546
f 4207/3141/2532 4223/3157/2547 4208/3142/2536
f 4016/2950/2374 4018/2952/2376 4228/3162/2551
f 4209/3143/2533 4208/3142/2536 4226/3160/2549
f 4018/2952/2376 4031/2965/2116 4227/3161/2550
f 4229/3163/2552 4225/3159/2548 4213/3147/2540
f 4222/3156/2546 4232/3166/2554 4208/3142/2536
f 4213/3147/2540 4212/3146/2539 4222/3156/2546
f 4214/3148/2541 4202/3136/2531 4235/3169/2557
f 4202/3136/2531 4201/3135/2530 4234/3168/2556
f 4208/3142/2536 4233/3167/2555 4201/3135/2530
f 3946/2880/2310 4214/3148/2541 3970/2904/2329
f 4238/3172/2560 3973/2907/2331 4237/3171/2559
f 4233/3167/2555 4238/3172/2560 4236/3170/2558
f 4233/3167/2555 4232/3166/2554 4238/3172/2560
f 4238/3172/2560 4212/3146/2539 3973/2907/2331
f 4236/3170/2558 4237/3171/2559 4234/3168/2556
f 3970/2904/2329 4235/3169/2557 3972/2906/1048
f 4299/3233/2561 4239/3173/2561 4241/3175/2562
f 7663/6553/2563 4241/3175/2562 4242/3176/2563
f 7663/6553/2563 4242/3176/2563 4244/3178/2564
f 4244/3178/2564 4243/3177/2564 4246/3180/2565
f 4246/3180/2565 4245/3179/2565 4248/3182/2566
f 4248/3182/2566 4247/3181/2566 4250/3184/2567
f 4250/3184/2567 4249/3183/2567 4252/3186/2568
f 7664/6554/2568 4253/3187/2568 4255/3189/2569
f 4255/3189/2569 4254/3188/2569 4257/3191/2570
f 4257/3191/2570 4256/3190/2570 4259/3193/2571
f 4259/3193/2571 4258/3192/2571 4261/3195/2572
f 4261/3195/2572 4260/3194/2572 4263/3197/2573
f 4263/3197/2573 4262/3196/2573 4265/3199/2574
f 4265/3199/2574 4264/3198/2574 4267/3201/2575
f 7665/6555/2576 4267/3201/2575 4268/3202/2576
f 7665/6555/2576 4268/3202/2576 4270/3204/2577
f 4270/3204/2577 4269/3203/2577 4272/3206/2578
f 4272/3206/2578 4271/3205/2578 4274/3208/2579
f 7666/6556/2580 4274/3208/2579 4275/3209/2580
f 7666/6556/2580 4275/3209/2580 4277/3211/2581
f 4277/3211/2581 4276/3210/2581 4279/3213/2582
f 4279/3213/2582 4278/3212/2582 4281/3215/2583
f 4281/3215/2583 4280/3214/2583 4283/3217/2584
f 4283/3217/2584 4282/3216/2584 4285/3219/2585
f 4285/3219/2585 4284/3218/2585 4287/3221/2586
f 4287/3221/2586 4286/3220/2586 4289/3223/2587
f 4289/3223/2587 4288/3222/2587 4291/3225/2588
f 4291/3225/2588 4290/3224/2588 4293/3227/2589
f 4293/3227/2589 4292/3226/2589 4295/3229/2590
f 4295/3229/2590 4294/3228/2590 4297/3231/2591
f 7667/6557/2592 4297/3231/2591 4298/3232/2592
f 7667/6557/2592 4298/3232/2592 4299/3233/2561
f 4357/3291/2593 4300/3234/2593 4302/3236/2594
f 4302/3236/2594 4301/3235/2594 4304/3238/2595
f 4304/3238/2595 4303/3237/2595 4306/3240/2596
f 4306/3240/2596 4305/3239/2596 4308/3242/2597
f 4310/3244/2598 4308/3242/2597 4309/3243/2598
f 4312/3246/2599 4310/3244/2598 4311/3245/2599
f 7668/6558/2600 4312/3246/2599 4313/3247/2600
f 7668/6558/2600 4313/3247/2600 4315/3249/2601
f 4315/3249/2601 4314/3248/2601 4317/3251/2602
f 4317/3251/2602 4316/3250/2602 4319/3253/2603
f 4319/3253/2603 4318/3252/2603 4321/3255/2604
f 4321/3255/2604 4320/3254/2604 4323/3257/2605
f 7669/6559/2606 4323/3257/2605 4324/3258/2606
f 7669/6559/2606 4324/3258/2606 4326/3260/2607
f 4326/3260/2607 4325/3259/2607 4328/3262/2608
f 4328/3262/2608 4327/3261/2608 4330/3264/2609
f 7670/6560/2610 4330/3264/2609 4331/3265/2610
f 7670/6560/2610 4331/3265/2610 4333/3267/2611
f 4333/3267/2611 4332/3266/2611 4335/3269/2612
f 4335/3269/2612 4334/3268/2612 4337/3271/2613
f 4339/3273/2614 4337/3271/2613 4338/3272/2614
f 7671/6561/2615 4339/3273/2614 4340/3274/2615
f 7671/6561/2615 4340/3274/2615 4342/3276/2616
f 4342/3276/2616 4341/3275/2616 4344/3278/2617
f 7672/6562/2618 4344/3278/2617 4345/3279/2618
f 7672/6562/2618 4345/3279/2618 4347/3281/2619
f 4347/3281/2619 4346/3280/2619 4349/3283/2620
f 4349/3283/2620 4348/3282/2620 4351/3285/2621
f 4353/3287/2622 4351/3285/2621 4352/3286/2622
f 4355/3289/2623 4353/3287/2622 4354/3288/2623
f 7673/6563/2624 4355/3289/2623 4356/3290/2624
f 7673/6563/2624 4356/3290/2624 4357/3291/2593
s 0
f 7674/6564/2625 4358/3292/2625 4360/3294/4496
f 4360/3294/2627 4359/3293/2627 4362/3296/2627
f 4362/3296/4497 4361/3295/4497 4364/3298/2630
f 4366/3300/2631 4364/3298/2630 4365/3299/2631
f 7675/6565/2632 4366/3300/2632 4367/3301/2632
f 7675/6565/4498 4367/3301/4498 4369/3303/4499
f 4369/3303/2635 4368/3302/2635 4371/3305/2635
f 4373/3307/2636 4371/3305/2636 4372/3306/2636
f 7676/6566/2637 4373/3307/2637 4374/3308/2637
f 7676/6566/2638 4374/3308/2638 4376/3310/2638
s 1
f 4376/3310/2639 4375/3309/2639 4378/3312/2641
s 0
f 4378/3312/4500 4377/3311/4500 4380/3314/4500
f 7677/6567/4501 4380/3314/4501 4381/3315/4501
f 7677/6567/2643 4381/3315/2643 4383/3317/4502
f 4383/3317/2646 4382/3316/2646 4385/3319/2646
f 4387/3321/4503 4385/3319/2647 4386/3320/4503
f 4389/3323/4504 4387/3321/4505 4388/3322/4504
f 7678/6568/2651 4389/3323/4504 4390/3324/2651
s 1
f 7678/6568/4506 4390/3324/4506 4392/3326/4507
s 0
f 4392/3326/2653 4391/3325/2653 4394/3328/2654
f 4394/3328/2654 4393/3327/2654 4396/3330/2655
f 4396/3330/2655 4395/3329/2655 4398/3332/2656
f 4400/3334/2657 4398/3332/2657 4399/3333/2657
f 7679/6569/2658 4400/3334/2658 4401/3335/2658
f 7679/6569/2659 4401/3335/2659 4403/3337/2659
f 4403/3337/2660 4402/3336/2660 4405/3339/2660
f 4405/3339/4508 4404/3338/4508 4407/3341/4509
f 7680/6570/4510 4407/3341/4509 4408/3342/4510
f 7680/6570/2664 4408/3342/2664 4410/3344/2664
f 4410/3344/4511 4409/3343/4511 4412/3346/4512
f 4414/3348/2667 4412/3346/2667 4413/3347/2667
f 7674/6564/2669 4414/3348/2668 4358/3292/2669
s 1
f 4474/3408/2670 4415/3349/2670 4417/3351/2671
f 4417/3351/2671 4416/3350/2671 4419/3353/2672
f 4419/3353/2672 4418/3352/2672 4421/3355/2673
f 7681/6571/2674 4421/3355/2673 4422/3356/2674
f 7681/6571/2674 4422/3356/2674 4424/3358/2675
f 7682/6572/2676 4424/3358/2675 4425/3359/2676
f 7682/6572/2676 4425/3359/2676 4427/3361/2677
f 4427/3361/2677 4426/3360/2677 4429/3363/2678
f 4429/3363/2678 4428/3362/2678 4431/3365/2679
f 4431/3365/2679 4430/3364/2679 4433/3367/2680
f 4433/3367/2680 4432/3366/2680 4435/3369/2681
f 4435/3369/2681 4434/3368/2681 4437/3371/2682
f 4437/3371/2682 4436/3370/2682 4439/3373/2683
f 4439/3373/2683 4438/3372/2683 4441/3375/2684
f 4441/3375/2684 4440/3374/2684 4443/3377/2685
f 4443/3377/2685 4442/3376/2685 4445/3379/2686
f 4445/3379/2686 4444/3378/2686 4447/3381/2687
f 4447/3381/2687 4446/3380/2687 4449/3383/2688
f 7683/6573/2689 4449/3383/2688 4450/3384/2689
f 7683/6573/2689 4450/3384/2689 4452/3386/2690
f 4452/3386/2690 4451/3385/2690 4454/3388/2691
f 4454/3388/2691 4453/3387/2691 4456/3390/2692
f 4456/3390/2692 4455/3389/2692 4458/3392/2693
f 4458/3392/2693 4457/3391/2693 4460/3394/2694
f 7684/6574/2694 4461/3395/2694 4463/3397/2695
f 7685/6575/2696 4463/3397/2695 4464/3398/2696
f 7685/6575/2696 4464/3398/2696 4466/3400/2697
f 7686/6576/2698 4466/3400/2697 4467/3401/2698
f 7686/6576/2698 4467/3401/2698 4469/3403/2699
f 4469/3403/2699 4468/3402/2699 4471/3405/2700
f 4471/3405/2700 4470/3404/2700 4473/3407/2701
f 4473/3407/2701 4472/3406/2701 4474/3408/2670
f 7687/6577/2703 4475/3409/2702 4477/3411/2703
f 7687/6577/2703 4477/3411/2703 4479/3413/2704
f 7688/6578/2705 4479/3413/2704 4480/3414/2705
f 7688/6578/2705 4480/3414/2705 4482/3416/2706
f 4482/3416/2706 4481/3415/2706 4484/3418/2707
f 4484/3418/2707 4483/3417/2707 4486/3420/2708
f 7689/6579/2709 4486/3420/2708 4487/3421/2709
f 7689/6579/2709 4487/3421/2709 4489/3423/2710
f 4489/3423/2710 4488/3422/2710 4491/3425/2711
f 4491/3425/2711 4490/3424/2711 4493/3427/2712
f 4493/3427/2712 4492/3426/2712 4495/3429/2713
f 4495/3429/2713 4494/3428/2713 4497/3431/2714
f 4497/3431/2714 4496/3430/2714 4499/3433/2715
f 4499/3433/2715 4498/3432/2715 4501/3435/2716
f 7690/6580/2717 4501/3435/2716 4502/3436/2717
f 7690/6580/2717 4502/3436/2717 4504/3438/2718
f 4504/3438/2718 4503/3437/2718 4506/3440/2719
f 7691/6581/2720 4506/3440/2719 4507/3441/2720
f 7691/6581/2720 4507/3441/2720 4509/3443/2721
f 4509/3443/2721 4508/3442/2721 4511/3445/2722
f 4513/3447/2723 4511/3445/2722 4512/3446/2723
f 4515/3449/2724 4513/3447/2723 4514/3448/2724
f 4517/3451/2725 4515/3449/2724 4516/3450/2725
f 4519/3453/2726 4517/3451/2725 4518/3452/2726
f 4521/3455/2727 4519/3453/2726 4520/3454/2727
f 7692/6582/2728 4521/3455/2727 4522/3456/2728
f 7692/6582/2728 4522/3456/2728 4524/3458/2729
f 4524/3458/2729 4523/3457/2729 4526/3460/2730
f 4526/3460/2730 4525/3459/2730 4528/3462/2731
f 4528/3462/2731 4527/3461/2731 4530/3464/2732
f 4532/3466/2733 4530/3464/2732 4531/3465/2733
f 4475/3409/2702 4532/3466/2733 4476/3410/2702
f 7693/6583/2735 4533/3467/2734 4535/3469/2735
f 7693/6583/2735 4535/3469/2735 4537/3471/2736
f 4537/3471/2736 4536/3470/2736 4539/3473/2737
f 4539/3473/2737 4538/3472/2737 4541/3475/2738
f 4541/3475/2738 4540/3474/2738 4543/3477/2739
f 4543/3477/2739 4542/3476/2739 4545/3479/2740
f 4545/3479/2740 4544/3478/2740 4547/3481/2741
f 7694/6584/2741 4548/3482/2741 4550/3484/2742
f 4550/3484/2742 4549/3483/2742 4552/3486/2743
f 7695/6585/2744 4552/3486/2743 4553/3487/2744
f 7695/6585/2744 4553/3487/2744 4555/3489/2745
f 4555/3489/2745 4554/3488/2745 4557/3491/2746
f 4557/3491/2746 4556/3490/2746 4559/3493/2747
f 4559/3493/2747 4558/3492/2747 4561/3495/2748
f 4561/3495/2748 4560/3494/2748 4563/3497/2749
f 4563/3497/2749 4562/3496/2749 4565/3499/2750
f 4565/3499/2750 4564/3498/2750 4567/3501/2751
f 7696/6586/2752 4567/3501/2751 4568/3502/2752
f 7696/6586/2752 4568/3502/2752 4570/3504/2753
f 4570/3504/2753 4569/3503/2753 4572/3506/2754
f 4572/3506/2754 4571/3505/2754 4574/3508/2755
f 7697/6587/2756 4574/3508/2755 4575/3509/2756
f 7697/6587/2756 4575/3509/2756 4577/3511/2757
f 4577/3511/2757 4576/3510/2757 4579/3513/2758
f 7698/6588/2759 4579/3513/2758 4580/3514/2759
f 7698/6588/2759 4580/3514/2759 4582/3516/2760
f 7699/6589/2761 4582/3516/2760 4583/3517/2761
f 7699/6589/2761 4583/3517/2761 4585/3519/2762
f 4585/3519/2762 4584/3518/2762 4587/3521/2763
f 7700/6590/2764 4587/3521/2763 4588/3522/2764
f 7700/6590/2764 4588/3522/2764 4590/3524/2765
f 4590/3524/2765 4589/3523/2765 4533/3467/2734
f 7701/6591/2767 4591/3525/2766 4593/3527/2767
f 7701/6591/2767 4593/3527/2767 4595/3529/2768
f 7702/6592/2769 4595/3529/2768 4596/3530/2769
f 7702/6592/2769 4596/3530/2769 4598/3532/2770
f 4598/3532/2770 4597/3531/2770 4600/3534/2771
f 4600/3534/2771 4599/3533/2771 4602/3536/2772
f 4602/3536/2772 4601/3535/2772 4604/3538/2773
f 4606/3540/2774 4604/3538/2773 4605/3539/2774
f 7703/6593/2775 4606/3540/2774 4607/3541/2775
f 7703/6593/2775 4607/3541/2775 4609/3543/2776
f 4609/3543/2776 4608/3542/2776 4611/3545/2778
f 4611/3545/2778 4610/3544/2777 4613/3547/2779
f 4613/3547/2779 4612/3546/2779 4615/3549/2780
f 7704/6594/2781 4615/3549/2780 4616/3550/2781
f 7704/6594/2781 4616/3550/2781 4618/3552/2782
f 4620/3554/2783 4618/3552/2782 4619/3553/2783
f 4622/3556/2784 4620/3554/2783 4621/3555/2784
f 7705/6595/2785 4622/3556/2784 4623/3557/2785
f 7705/6595/2785 4623/3557/2785 4625/3559/2787
f 4625/3559/2787 4624/3558/2786 4627/3561/2788
f 4627/3561/2788 4626/3560/2788 4629/3563/2789
f 4629/3563/2789 4628/3562/2789 4631/3565/2790
f 4631/3565/2790 4630/3564/2790 4633/3567/2791
f 4633/3567/2791 4632/3566/2791 4635/3569/2792
f 4635/3569/2792 4634/3568/2792 4637/3571/2793
f 7706/6596/2794 4637/3571/2793 4638/3572/2794
f 7706/6596/2794 4638/3572/2794 4640/3574/2796
f 4640/3574/2796 4639/3573/2795 4642/3576/2797
f 4642/3576/2797 4641/3575/2797 4644/3578/2798
f 4644/3578/2798 4643/3577/2798 4646/3580/2799
f 4646/3580/2799 4645/3579/2799 4648/3582/2800
f 4591/3525/2766 4648/3582/2800 4592/3526/2766
s 0
f 4665/3599/2801 4649/3583/4513 4651/3585/2801
s 1
f 4666/3600/2812 4652/3586/2812 4654/3588/2851
s 0
f 4669/3603/2803 4655/3589/2803 4657/3591/2804
f 4670/3604/4514 4658/3592/4515 4660/3594/4514
f 4673/3607/4516 4661/3595/4516 4663/3597/4517
f 4674/3608/4518 4664/3598/4518 4651/3585/4519
s 1
f 4677/3611/2813 4652/3586/2812 4667/3601/2813
s 0
f 4678/3612/2814 4668/3602/2814 4669/3603/2814
f 4680/3614/4520 4670/3604/4520 4671/3605/4520
s 1
f 4683/3617/4521 4672/3606/2818 4673/3607/2820
f 4684/3618/4522 4664/3598/2810 4675/3609/2821
f 4686/3620/2822 4676/3610/2822 4667/3601/2813
s 0
f 4700/3634/2841 4668/3602/4523 4679/3613/2841
s 1
f 4689/3623/4524 4680/3614/2825 4681/3615/2826
s 0
f 4691/3625/2827 4682/3616/2827 4683/3617/2828
f 4693/3627/2829 4684/3618/2829 4685/3619/2829
f 4694/3628/4525 4676/3610/4525 4687/3621/4525
s 1
f 4696/3630/2838 4688/3622/2838 4681/3615/2826
f 4698/3632/2833 4690/3624/2833 4691/3625/2834
s 0
f 4703/3637/2835 4692/3626/2835 4685/3619/2836
f 4704/3638/4526 4694/3628/4526 4695/3629/4526
f 4706/3640/4527 4688/3622/4528 4697/3631/4527
s 1
f 4708/3642/4529 4690/3624/2833 4699/3633/2840
f 4709/3643/2850 4700/3634/2824 4701/3635/2842
f 4710/3644/2843 4702/3636/2843 4703/3637/2844
f 4711/3645/2853 4704/3638/4530 4705/3639/2853
s 0
f 4712/3646/4531 4706/3640/4532 4707/3641/4531
f 4649/3583/2849 4708/3642/2848 4650/3584/2849
f 4653/3587/4533 4709/3643/4534 4654/3588/4533
s 1
f 4657/3591/4535 4656/3590/2852 4710/3644/2843
f 4658/3592/2805 4711/3645/2853 4659/3593/2806
f 4662/3596/2809 4712/3646/4536 4663/3597/2809
f 7707/6597/2889 4746/3680/2889 4748/3682/2890
f 4750/3684/2891 4748/3682/2890 4749/3683/2891
f 4752/3686/2892 4750/3684/2891 4751/3685/2892
f 4754/3688/2893 4752/3686/2892 4753/3687/2893
f 7708/6598/2894 4754/3688/2893 4755/3689/2894
f 7708/6598/2894 4755/3689/2894 4757/3691/2895
f 4759/3693/2897 4757/3691/2895 4758/3692/2896
f 7709/6599/2898 4759/3693/2897 4760/3694/2898
f 7709/6599/2898 4760/3694/2898 4762/3696/2899
f 7710/6600/2900 4762/3696/2899 4763/3697/2900
f 4797/3731/2901 4764/3698/2901 4766/3700/2902
f 4770/3704/2903 4767/3701/2903 4769/3703/2889
f 7710/6600/2900 4763/3697/2900 4770/3704/2903
f 4798/3732/2904 4771/3705/2904 4773/3707/2905
f 4830/3764/2940 4774/3708/2906 4776/3710/2908
f 4766/3700/2902 4765/3699/2902 4778/3712/2909
f 4778/3712/2909 4777/3711/2909 4780/3714/2910
f 4779/3713/2910 4781/3715/2911 4780/3714/2910
f 4781/3715/2911 4783/3717/2912 4782/3716/2911
f 4784/3718/2912 4783/3717/2912 4786/3720/2913
f 4791/3725/2914 4787/3721/2914 4789/3723/2915
f 4796/3730/2916 4790/3724/2916 4791/3725/2914
f 4786/3720/2913 4785/3719/2913 4793/3727/2917
f 4789/3723/2915 4788/3722/2915 4795/3729/2918
f 4792/3726/2917 4790/3724/2916 4793/3727/2917
f 4795/3729/2918 4794/3728/2918 4797/3731/2901
f 4800/3734/2919 4771/3705/2904 4799/3733/2919
f 4802/3736/2920 4800/3734/2919 4801/3735/2920
f 4809/3743/2921 4802/3736/2920 4803/3737/2921
f 4811/3745/2922 4804/3738/2922 4806/3740/2923
f 4805/3739/2923 4807/3741/2924 4806/3740/2923
f 4813/3747/2925 4809/3743/2921 4810/3744/2925
f 4814/3748/2926 4804/3738/2922 4812/3746/2926
f 4808/3742/2924 4807/3741/2924 4810/3744/2925
f 4816/3750/2927 4814/3748/2926 4815/3749/2927
f 4818/3752/2928 4816/3750/2927 4817/3751/2928
f 4773/3707/2905 4772/3706/2905 4817/3751/2928
f 4839/3773/2949 4819/3753/2929 4821/3755/2931
f 4843/3777/2953 4822/3756/2932 4824/3758/2934
f 4835/3769/2945 4825/3759/2935 4827/3761/2937
f 4821/3755/2931 4820/3754/2930 4829/3763/2939
f 7711/6601/2950 4830/3764/2940 4831/3765/2941
f 4864/3798/2974 4832/3766/2942 4834/3768/2944
f 4842/3776/2952 4835/3769/2945 4836/3770/2946
f 4829/3763/2939 4828/3762/2938 4838/3772/2948
f 4819/3753/2929 4839/3773/2949 4841/3775/2951
f 4774/3708/2906 4842/3776/2952 4775/3709/2907
f 4838/3772/2948 4837/3771/2947 4843/3777/2953
f 4868/3802/2978 4844/3778/2954 4846/3780/2956
f 4878/3812/2988 4819/3753/2929 4847/3781/2957
f 4885/3819/2994 4848/3782/2958 4850/3784/2960
f 4846/3780/2956 4845/3779/2955 4852/3786/2962
f 4907/3841/3014 4853/3787/2963 4855/3789/2965
f 4848/3782/2958 4856/3790/2966 4849/3783/2959
f 4857/3791/2967 4856/3790/2966 4859/3793/2969
f 4865/3799/2975 4860/3794/2970 4862/3796/2972
f 4897/3831/2961 4863/3797/2973 4864/3798/2974
f 4859/3793/2969 4858/3792/2968 4865/3799/2975
f 4863/3797/2973 4866/3800/2976 4832/3766/2942
f 4862/3796/2972 4861/3795/2971 4868/3802/2978
f 4866/3800/2976 4869/3803/2979 4867/3801/2977
f 4889/3823/2998 4871/3805/2981 4873/3807/2983
f 4775/3709/2907 4836/3770/2946 4875/3809/2985
f 4880/3814/2990 4822/3756/2932 4871/3805/2981
f 4826/3760/2936 4823/3757/2933 4877/3811/2987
f 4882/3816/2992 4820/3754/2930 4878/3812/2988
f 4776/3710/2908 4775/3709/2907 4879/3813/2989
f 4876/3810/2986 4823/3757/2933 4880/3814/2990
f 4827/3761/2937 4826/3760/2936 4881/3815/2991
f 4872/3806/2982 4828/3762/2938 4882/3816/2992
f 4831/3765/2941 4776/3710/2908 4883/3817/2957
f 4836/3770/2946 4827/3761/2937 4874/3808/2984
f 4871/3805/2981 4837/3771/2947 4872/3806/2982
f 4887/3821/2996 4884/3818/2993 4869/3803/2979
f 4892/3826/3001 4878/3812/2988 4886/3820/2995
f 4875/3809/2985 4874/3808/2984 4888/3822/2997
f 4894/3828/3003 4880/3814/2990 4889/3823/2998
f 4877/3811/2987 4876/3810/2986 4891/3825/3000
f 4895/3829/3004 4882/3816/2992 4892/3826/3001
f 4879/3813/2989 4875/3809/2985 4893/3827/3002
f 4890/3824/2999 4876/3810/2986 4894/3828/3003
f 4881/3815/2991 4877/3811/2987 4884/3818/2993
f 4873/3807/2983 4872/3806/2982 4895/3829/3004
f 4883/3817/2957 4879/3813/2989 4896/3830/3005
f 4874/3808/2984 4881/3815/2991 4887/3821/2996
f 4869/3803/2979 4885/3819/2994 4870/3804/2980
f 4860/3794/2970 4889/3823/2998 4861/3795/2971
f 4845/3779/2955 4892/3826/3001 4851/3785/2961
f 4888/3822/2997 4887/3821/2996 4866/3800/2976
f 4858/3792/2968 4894/3828/3003 4860/3794/2970
f 4891/3825/3000 4890/3824/2999 4848/3782/2958
f 4844/3778/2954 4895/3829/3004 4845/3779/2955
f 4893/3827/3002 4888/3822/2997 4863/3797/2973
f 4856/3790/2966 4890/3824/2999 4858/3792/2968
f 4884/3818/2993 4891/3825/3000 4885/3819/2994
f 4861/3795/2971 4873/3807/2983 4844/3778/2954
f 4896/3830/3005 4893/3827/3002 4897/3831/2961
f 4825/3759/2935 4824/3758/2934 4826/3760/2936
f 4906/3840/3013 4868/3802/2978 4898/3832/3006
f 4898/3832/3006 4846/3780/2956 4899/3833/2944
f 4853/3787/2963 4859/3793/2969 4854/3788/2964
f 4850/3784/2960 4849/3783/2959 4901/3835/3008
f 4854/3788/2964 4865/3799/2975 4902/3836/3009
f 4832/3766/2942 4867/3801/2977 4833/3767/2943
f 4849/3783/2959 4857/3791/2967 4900/3834/3007
f 4870/3804/2980 4850/3784/2960 4905/3839/3012
f 4902/3836/3009 4862/3796/2972 4906/3840/3013
f 4867/3801/2977 4870/3804/2980 4903/3837/3010
f 4904/3838/3011 4857/3791/2967 4853/3787/2963
f 4931/3865/3038 4907/3841/3014 4908/3842/3015
f 4901/3835/3008 4900/3834/3007 4910/3844/3017
f 4855/3789/2965 4854/3788/2964 4911/3845/3018
f 4833/3767/2943 4903/3837/3010 4913/3847/3020
f 4900/3834/3007 4904/3838/3011 4909/3843/3016
f 4905/3839/3012 4901/3835/3008 4915/3849/3022
f 4911/3845/3018 4902/3836/3009 4916/3850/3023
f 4903/3837/3010 4905/3839/3012 4912/3846/3019
f 4914/3848/3021 4904/3838/3011 4907/3841/3014
f 4834/3768/2944 4833/3767/2943 4917/3851/3024
f 4916/3850/3023 4906/3840/3013 4918/3852/3025
f 4918/3852/3025 4898/3832/3006 4919/3853/3026
f 4933/3867/3039 4920/3854/3027 4922/3856/3029
f 4910/3844/3017 4909/3843/3016 4924/3858/3031
f 4908/3842/3015 4855/3789/2965 4925/3859/3032
f 4913/3847/3020 4912/3846/3019 4927/3861/3034
f 4909/3843/3016 4914/3848/3021 4923/3857/3030
f 4915/3849/3022 4910/3844/3017 4929/3863/3036
f 4925/3859/3032 4911/3845/3018 4930/3864/3037
f 4912/3846/3019 4915/3849/3022 4926/3860/3033
f 4928/3862/3035 4914/3848/3021 4931/3865/3038
f 4917/3851/3024 4913/3847/3020 4932/3866/3027
f 4930/3864/3037 4916/3850/3023 4933/3867/3039
f 4933/3867/3039 4918/3852/3025 4920/3854/3027
f 4956/3890/3062 4934/3868/3040 4935/3869/3041
f 4931/3865/3038 4908/3842/3015 4937/3871/3043
f 4942/3876/3048 4924/3858/3031 4938/3872/3044
f 4908/3842/3015 4925/3859/3032 4936/3870/3042
f 4944/3878/3050 4927/3861/3034 4940/3874/3046
f 4938/3872/3044 4923/3857/3030 4941/3875/3047
f 4943/3877/3049 4929/3863/3036 4942/3876/3048
f 4925/3859/3032 4930/3864/3037 4939/3873/3045
f 4940/3874/3046 4926/3860/3033 4943/3877/3049
f 4928/3862/3035 4931/3865/3038 4941/3875/3047
f 7712/6602/3028 4932/3866/3027 4944/3878/3050
f 4930/3864/3037 4933/3867/3039 4934/3868/3040
f 4958/3892/3054 4945/3879/3051 4947/3881/3053
f 4935/3869/3041 4922/3856/3029 4948/3882/3054
f 4957/3891/3063 4937/3871/3043 4949/3883/3055
f 4942/3876/3048 4938/3872/3044 4951/3885/3057
f 4949/3883/3055 4936/3870/3042 4952/3886/3058
f 4944/3878/3050 4940/3874/3046 4945/3879/3051
f 4938/3872/3044 4941/3875/3047 4950/3884/3056
f 4943/3877/3049 4942/3876/3048 4955/3889/3061
f 4952/3886/3058 4939/3873/3045 4956/3890/3062
f 4940/3874/3046 4943/3877/3049 4953/3887/3059
f 4954/3888/3060 4941/3875/3047 4957/3891/3063
f 7712/6602/3028 4944/3878/3050 4958/3892/3054
f 4968/3902/3072 4956/3890/3062 4959/3893/3064
f 4959/3893/3064 4935/3869/3041 4960/3894/3053
f 4969/3903/3073 4957/3891/3063 4961/3895/3065
f 4951/3885/3057 4950/3884/3056 4963/3897/3067
f 4961/3895/3065 4949/3883/3055 4964/3898/3068
f 4945/3879/3051 4953/3887/3059 4946/3880/3052
f 4950/3884/3056 4954/3888/3060 4962/3896/3066
f 4955/3889/3061 4951/3885/3057 4967/3901/3071
f 4964/3898/3068 4952/3886/3058 4968/3902/3072
f 4953/3887/3059 4955/3889/3061 4965/3899/3069
f 4966/3900/3070 4954/3888/3060 4969/3903/3073
f 7713/6603/17 4970/3904/3074 4972/3906/551
f 4972/3906/551 4971/3905/551 4974/3908/18
f 4974/3908/18 4973/3907/18 4976/3910/547
f 4976/3910/547 4975/3909/547 4978/3912/87
f 4978/3912/87 4977/3911/87 4980/3914/442
f 4980/3914/442 4979/3913/442 4982/3916/131
f 4982/3916/131 4981/3915/131 4984/3918/445
f 4984/3918/445 4983/3917/445 4986/3920/130
f 4986/3920/130 4985/3919/130 4988/3922/389
f 4988/3922/389 4987/3921/389 4990/3924/129
f 4990/3924/129 4989/3923/129 4992/3926/385
f 4992/3926/385 4991/3925/385 4994/3928/16
f 4994/3928/16 4993/3927/16 4996/3930/492
f 4996/3930/492 4995/3929/492 4998/3932/15
f 5027/3961/3076 4999/3933/3075 5001/3935/3076
f 5005/3939/495 5002/3936/495 5004/3938/17
f 4998/3932/15 4997/3931/15 5005/3939/495
f 5045/3979/3102 5006/3940/3077 5008/3942/3079
f 5029/3963/3080 5009/3943/3080 5011/3945/3081
f 5031/3965/3094 5012/3946/3082 5014/3948/3083
f 5032/3966/3085 5015/3949/3084 5017/3951/3085
f 5033/3967/3086 5018/3952/3086 5020/3954/3087
f 5035/3969/3089 5021/3955/3088 5023/3957/3089
f 5034/3968/3091 5024/3958/3090 5026/3960/3091
f 5036/3970/3092 5027/3961/3076 5028/3962/3092
f 5037/3971/3093 5009/3943/3080 5030/3964/3093
f 5021/3955/3088 5031/3965/3094 5022/3956/3088
f 4999/3933/3075 5032/3966/3085 5000/3934/3075
f 5010/3944/3081 5018/3952/3086 5011/3945/3081
f 5012/3946/3082 5034/3968/3091 5013/3947/3082
f 5015/3949/3084 5035/3969/3089 5016/3950/3084
f 5019/3953/3087 5036/3970/3092 5020/3954/3087
f 5025/3959/3090 5024/3958/3090 5030/3964/3093
f 7714/6604/3140 5038/3972/3095 5040/3974/3097
f 5046/3980/3103 5041/3975/3098 5043/3977/3100
f 5049/3983/3106 5044/3978/3101 5045/3979/3102
f 5050/3984/3107 5046/3980/3103 5047/3981/3104
f 5053/3987/3110 5048/3982/3105 5049/3983/3106
f 5054/3988/3111 5050/3984/3107 5051/3985/3108
f 5057/3991/3114 5052/3986/3109 5053/3987/3110
f 5058/3992/3115 5054/3988/3111 5055/3989/3112
f 5039/3973/3096 5056/3990/3113 5057/3991/3114
f 5065/3999/3121 5058/3992/3115 5059/3993/3116
f 5066/4000/3122 5060/3994/3117 5062/3996/3118
f 5038/3972/3095 5063/3997/3119 5039/3973/3096
f 5068/4002/3124 5064/3998/3120 5059/3993/3116
f 5069/4003/3125 5066/4000/3122 5067/4001/3123
f 5008/3942/3079 5007/3941/3078 5068/4002/3124
f 5041/3975/3098 5069/4003/3125 5042/3976/3099
f 5073/4007/3129 5068/4002/3124 5070/4004/3126
f 5067/4001/3123 5062/3996/3118 5072/4006/3128
f 5075/4009/3131 5008/3942/3079 5073/4007/3129
f 5042/3976/3099 5067/4001/3123 5074/4008/3130
f 5077/4011/3133 5045/3979/3102 5075/4009/3131
f 5043/3977/3100 5042/3976/3099 5076/4010/3132
f 5079/4013/3135 5049/3983/3106 5077/4011/3133
f 5047/3981/3104 5043/3977/3100 5078/4012/3134
f 5081/4015/3137 5053/3987/3110 5079/4013/3135
f 5051/3985/3108 5047/3981/3104 5080/4014/3136
f 5083/4017/3139 5057/3991/3114 5081/4015/3137
f 5055/3989/3112 5051/3985/3108 5082/4016/3138
f 5040/3974/3097 5039/3973/3096 5083/4017/3139
f 5059/3993/3116 5055/3989/3112 5070/4004/3126
f 5062/3996/3118 5061/3995/3095 5071/4005/3127
f 5114/4048/3157 5085/4019/1595 5087/4021/3142
f 5116/4050/3143 5088/4022/3143 5090/4024/17
f 5094/4028/3146 5091/4025/2858 5093/4027/3145
f 7715/6605/130 5094/4028/3146 5095/4029/130
f 7716/6606/130 5096/4030/130 5086/4020/3141
f 5112/4046/3156 5097/4031/1595 5099/4033/3147
f 5098/4032/1595 5097/4031/1595 5101/4035/3149
f 5101/4035/3149 5100/4034/3148 5103/4037/87
f 5105/4039/3152 5103/4037/87 5104/4038/3151
f 7717/6607/2858 5105/4039/3152 5106/4040/2858
f 7718/6608/2858 5107/4041/2858 5109/4043/3154
f 5109/4043/3154 5108/4042/3153 5111/4045/16
f 5099/4033/3147 5111/4045/16 5112/4046/3156
f 5126/4060/3141 5113/4047/1595 5115/4049/3142
f 5092/4026/3144 5119/4053/2858 5121/4055/3145
f 5121/4055/3145 5120/4054/3146 5123/4057/130
f 5115/4049/3142 5124/4058/130 5126/4060/3141
f 5090/4024/17 5089/4023/17 5117/4051/3158
f 7719/6609/87 5127/4061/3159 5129/4063/87
f 5136/4070/3161 5130/4064/3160 5132/4066/3161
f 5157/4091/3162 5133/4067/3162 5135/4069/3163
f 7720/6610/4537 5136/4070/3161 5137/4071/3164
f 5135/4069/3163 5134/4068/3163 5139/4073/3165
f 7721/6611/3167 5140/4074/3166 5142/4076/3167
f 7720/6610/4537 5137/4071/3164 5140/4074/3166
f 5139/4073/3165 5138/4072/3165 5144/4078/3168
f 7721/6611/3167 5142/4076/3167 5146/4080/3169
f 7722/6612/3170 5144/4078/3168 5147/4081/3170
f 5146/4080/3169 5145/4079/3169 5149/4083/3171
f 7722/6612/3170 5147/4081/3170 5151/4085/3172
f 5154/4088/3173 5149/4083/3171 5152/4086/3173
f 5156/4090/3174 5151/4085/3172 5153/4087/3174
f 7723/6613/3175 5154/4088/3173 5155/4089/3175
f 5130/4064/3160 5156/4090/3174 5131/4065/3160
f 7723/6613/3175 5155/4089/3175 5157/4091/3162
f 5193/4127/3201 5158/4092/3176 5160/4094/3178
f 5186/4120/3179 5161/4095/3179 5163/4097/16
f 7719/6609/87 5129/4063/87 5165/4099/3180
f 5163/4097/16 5162/4096/16 5167/4101/3181
f 5165/4099/3180 5164/4098/3180 5169/4103/3182
f 5167/4101/3181 5166/4100/3181 5171/4105/3184
f 5175/4109/3185 5169/4103/3182 5172/4106/3185
f 5171/4105/3184 5170/4104/3183 5174/4108/3186
f 7724/6614/3187 5175/4109/3185 5176/4110/3187
f 7725/6615/3190 5177/4111/3188 5179/4113/3189
f 7726/6616/3190 5174/4108/3186 5180/4114/3190
f 7724/6614/3187 5176/4110/3187 5182/4116/3191
f 5179/4113/3189 5178/4112/3189 5184/4118/3193
f 7727/6617/3194 5182/4116/3191 5185/4119/3194
f 5184/4118/3193 5183/4117/3192 5127/4061/3159
f 7727/6617/3194 5185/4119/3194 5186/4120/3179
f 5209/4143/3217 5187/4121/3195 5189/4123/3197
f 5196/4130/3204 5190/4124/3198 5192/4126/3200
f 5198/4132/3206 5193/4127/3201 5194/4128/3202
f 5200/4134/3208 5195/4129/3203 5192/4126/3200
f 5202/4136/3210 5197/4131/3205 5194/4128/3202
f 5203/4137/3211 5199/4133/3207 5200/4134/3208
f 5205/4139/3213 5201/4135/3209 5202/4136/3210
f 5206/4140/3214 5199/4133/3207 5204/4138/3212
f 5208/4142/3216 5201/4135/3209 5187/4121/3195
f 5211/4145/3219 5206/4140/3214 5207/4141/3215
f 5213/4147/3221 5208/4142/3216 5209/4143/3217
f 5214/4148/3222 5210/4144/3218 5207/4141/3215
f 5217/4151/3225 5212/4146/3220 5209/4143/3217
f 5158/4092/3176 5210/4144/3218 5159/4093/3177
f 5191/4125/3199 5190/4124/3198 5216/4150/3224
f 7728/6618/3223 5212/4146/3220 5218/4152/3224
f 5214/4148/3222 5207/4141/3215 5220/4154/3227
f 5217/4151/3225 5209/4143/3217 5221/4155/3228
f 5159/4093/3177 5214/4148/3222 5222/4156/3229
f 5225/4159/3231 5191/4125/3199 5223/4157/3230
f 5218/4152/3224 5217/4151/3225 5224/4158/3230
f 5227/4161/3233 5160/4094/3178 5222/4156/3229
f 5192/4126/3200 5191/4125/3199 5226/4160/3232
f 5229/4163/3235 5194/4128/3202 5227/4161/3233
f 5200/4134/3208 5192/4126/3200 5228/4162/3234
f 5231/4165/3237 5202/4136/3210 5229/4163/3235
f 5203/4137/3211 5200/4134/3208 5230/4164/3236
f 5232/4166/3238 5205/4139/3213 5231/4165/3237
f 5233/4167/3239 5204/4138/3212 5230/4164/3236
f 5187/4121/3195 5205/4139/3213 5188/4122/3196
f 5219/4153/3226 5207/4141/3215 5233/4167/3239
s 0
f 5264/4198/3240 5234/4168/3240 5236/4170/3240
f 5265/4199/3241 5237/4171/3241 5239/4173/3241
f 5235/4169/3241 5234/4168/3241 5241/4175/3241
f 5239/4173/3240 5238/4172/3240 5243/4177/3240
f 5240/4174/3240 5244/4178/3240 5241/4175/3240
f 5243/4177/3240 5242/4176/3240 5247/4181/3240
f 5245/4179/3241 5244/4178/3241 5249/4183/3241
f 5253/4187/3241 5250/4184/3241 5252/4186/3241
f 5246/4180/3240 5250/4184/3240 5247/4181/3240
f 5248/4182/3240 5254/4188/3240 5249/4183/3240
f 5251/4185/3241 5256/4190/3241 5252/4186/3241
f 5255/4189/3241 5254/4188/3241 5259/4193/3241
f 5256/4190/3240 5260/4194/3240 5257/4191/3240
f 5258/4192/3241 5262/4196/3241 5259/4193/3241
f 5260/4194/3240 5264/4198/3240 5261/4195/3240
f 5263/4197/3240 5262/4196/3240 5265/4199/3240
s 1
f 5439/4373/3365 5266/4200/3242 5268/4202/3244
f 6307/5241/4035 5269/4203/3245 5271/4205/3247
f 7729/6619/4538 5272/4206/3248 5274/4208/3250
f 5287/4221/3252 5275/4209/3251 5277/4211/3252
f 6338/5272/3254 5278/4212/3253 5280/4214/3254
f 5275/4209/3251 5281/4215/3255 5276/4210/3251
f 5278/4212/3253 5283/4217/3256 5279/4213/3253
f 5286/4220/3257 5285/4219/3257 5283/4217/3256
f 5285/4219/3257 5286/4220/3257 5277/4211/3252
f 5587/4521/3497 5288/4222/3258 5290/4224/3260
f 5295/4229/3261 5291/4225/3261 5293/4227/3263
f 5536/4470/3452 5294/4228/3264 5295/4229/3261
f 5520/4454/3436 5296/4230/3265 5298/4232/3267
f 5525/4459/3441 5302/4236/3271 5304/4238/3273
f 5308/4242/3277 5305/4239/3274 5307/4241/3276
f 5311/4245/1595 5305/4239/3274 5309/4243/3278
f 5416/4350/3342 5310/4244/3279 5309/4243/3278
s 0
f 7730/6620/2858 5312/4246/2858 5314/4248/2858
f 7730/6620/2858 5315/4249/2858 5312/4246/2858
f 7731/6621/2858 5317/4251/2858 5315/4249/2858
f 7731/6621/2858 5318/4252/2858 5317/4251/2858
f 5318/4252/2858 5320/4254/2858 5319/4253/2858
f 5320/4254/2858 5322/4256/2858 5321/4255/2858
s 1
f 5328/4262/3280 5324/4258/3280 5326/4260/3281
f 7732/6622/3282 5327/4261/3282 5328/4262/3280
f 7732/6622/3282 5329/4263/3283 5327/4261/3282
f 7733/6623/3284 5331/4265/3284 5329/4263/3283
f 7733/6623/3284 5332/4266/3285 5331/4265/3284
f 5890/4824/3286 5334/4268/3286 5336/4270/3287
f 5340/4274/3289 5337/4271/3288 5339/4273/3289
f 7734/6624/3290 5340/4274/3289 5341/4275/3290
f 7734/6624/3290 5341/4275/3290 5343/4277/3291
f 5343/4277/3291 5342/4276/3291 5345/4279/3292
f 5345/4279/3292 5344/4278/3292 5347/4281/3293
f 5347/4281/3293 5346/4280/3293 5349/4283/3294
s 0
f 5362/4296/2858 5350/4284/2858 5352/4286/2858
f 6265/5199/2858 5353/4287/2858 5355/4289/2858
f 5354/4288/2858 5353/4287/2858 5357/4291/2858
f 5356/4290/2858 5358/4292/2858 5357/4291/2858
f 5358/4292/2858 5360/4294/2858 5359/4293/2858
f 5360/4294/2858 5362/4296/2858 5361/4295/2858
s 1
f 5375/4309/3296 5363/4297/3295 5365/4299/3296
f 5363/4297/3295 5366/4300/3297 5364/4298/3295
f 5366/4300/3297 5368/4302/3298 5367/4301/3297
f 6238/5172/3299 5370/4304/3299 5372/4306/3300
f 5372/4306/3300 5371/4305/3300 5374/4308/3301
f 5373/4307/3301 5375/4309/3296 5374/4308/3301
f 5568/4502/3481 5376/4310/3302 5378/4312/3304
f 7735/6625/3305 5379/4313/3305 5381/4315/3307
f 7736/6626/4539 7737/6627/4540 5382/4316/3308
f 5382/4316/3308 5384/4318/3310 7736/6626/4539
f 5533/4467/3449 5385/4319/3311 5386/4320/3312
f 5739/4673/3612 5387/4321/3313 5389/4323/3315
f 5392/4326/3318 7738/6628/4541 5390/4324/3316
f 5391/4325/3317 6228/5162/3982 5392/4326/3318
f 5395/4329/3321 6215/5149/3969 5393/4327/3319
f 6215/5149/3969 5395/4329/3321 7739/6629/4542
f 7740/6630/4543 5396/4330/3322 5398/4332/3324
f 5524/4458/3440 5399/4333/3325 5401/4335/3327
f 5396/4330/3322 5402/4336/3328 5397/4331/3323
f 5528/4462/3444 5404/4338/3330 5406/4340/3332
f 5515/4449/3431 5407/4341/3333 5409/4343/3335
f 5411/4345/3337 5410/4344/3336 6331/5265/4047
f 5410/4344/3336 5412/4346/3338 7741/6631/4544
f 5294/4228/3264 5413/4347/3339 5415/4349/3341
f 7742/6632/4545 5310/4244/3279 5417/4351/3343
f 6202/5136/3959 5418/4352/3344 5420/4354/3346
f 5519/4453/3435 5421/4355/3347 5423/4357/3349
f 5445/4379/3371 5424/4358/3350 5426/4360/3352
f 5443/4377/3369 5427/4361/3353 5429/4363/3355
f 6175/5109/3936 5430/4364/3356 5432/4366/3358
f 7743/6633/4546 5433/4367/3359 5435/4369/3361
f 5440/4374/3366 5436/4370/3362 5438/4372/3364
f 5437/4371/3363 5436/4370/3362 5439/4373/3365
f 7744/6634/4547 5440/4374/3366 5441/4375/3367
f 7745/6635/4548 5442/4376/3368 5429/4363/3355
f 7746/6636/4549 5444/4378/3370 5426/4360/3352
f 5532/4466/3448 5446/4380/3372 5448/4382/3374
f 5529/4463/3445 5449/4383/3375 5451/4385/3377
f 5300/4234/3269 5452/4386/3378 5301/4235/3270
s 0
f 5452/4386/3380 5454/4388/3380 5453/4387/3380
f 5455/4389/3381 5454/4388/3381 5457/4391/3381
s 1
f 5457/4391/3984 5456/4390/3382 5459/4393/3384
f 5464/4398/3389 5460/4394/3385 5462/4396/3387
f 5465/4399/3390 5463/4397/3388 5462/4396/3387
f 5470/4404/3395 5463/4397/3388 5466/4400/3391
f 5472/4406/3397 5467/4401/3392 5469/4403/3394
f 6319/5253/4040 5470/4404/3395 5471/4405/3396
f 5461/4395/3386 5460/4394/3385 5472/4406/3397
f 6376/5310/3398 5473/4407/3398 5475/4409/3399
f 5867/4801/3401 5476/4410/3400 5478/4412/3401
f 6287/5221/3402 5479/4413/3402 5481/4415/3403
s 0
f 5314/4248/2858 5313/4247/2858 5486/4420/2858
s 1
f 6307/5241/4035 5271/4205/3247 5487/4421/3407
f 5301/4235/3270 5274/4208/3250 5299/4233/3268
f 7747/6637/3408 5488/4422/3408 5490/4424/3409
f 5531/4465/3447 5491/4425/3410 5493/4427/3412
f 6290/5224/4021 5497/4431/3416 5499/4433/3418
s 0
f 6160/5094/2858 5500/4434/2858 5502/4436/2858
s 1
f 6012/4946/1595 5503/4437/3419 5505/4439/3421
f 6284/5218/4017 5506/4440/3422 5508/4442/3424
f 6329/5263/4045 5509/4443/3425 5510/4444/3426
f 6317/5251/3429 5511/4445/3427 5513/4447/3429
f 5530/4464/3446 5514/4448/3430 5515/4449/3431
f 5521/4455/3437 5419/4353/3345 5517/4451/3433
f 5518/4452/3434 5519/4453/3435 5520/4454/3436
f 5297/4231/3266 5521/4455/3437 5298/4232/3267
f 7735/6625/3305 5303/4237/3272 5379/4313/3305
f 5381/4315/3307 5523/4457/3439 5524/4458/3440
f 6162/5096/3928 5525/4459/3441 5526/4460/3442
f 7748/6638/4550 5293/4227/3263 5385/4319/3311
f 6156/5090/3923 5527/4461/3443 5414/4348/3340
f 5406/4340/3332 5403/4337/3329 5528/4462/3444
f 7740/6630/4543 5398/4332/3324 5529/4463/3445
f 5514/4448/3430 5530/4464/3446 5531/4465/3447
f 5448/4382/3374 5409/4343/3335 5532/4466/3448
f 6333/5267/4049 5533/4467/3449 5534/4468/3450
f 5381/4315/3307 5380/4314/3306 5523/4457/3439
f 7749/6639/4551 5413/4347/3339 5536/4470/3452
f 5303/4237/3272 5302/4236/3271 5522/4456/3438
f 6350/5284/4061 5538/4472/3454 5540/4474/3456
f 5588/4522/3498 5541/4475/3457 5543/4477/3459
f 5621/4555/3527 5544/4478/3460 5546/4480/3462
f 5564/4498/3477 5547/4481/3463 5549/4483/3465
f 5728/4662/3605 5550/4484/3466 5552/4486/3468
f 7750/6640/4552 5553/4487/3469 5555/4489/3471
s 0
f 5721/4655/2858 5556/4490/2858 5558/4492/2858
s 1
f 6360/5294/4068 5559/4493/3472 5561/4495/3474
f 5503/4437/3419 5562/4496/3475 5504/4438/3420
f 5636/4570/3540 5564/4498/3477 5566/4500/3479
f 7751/6641/4553 5567/4501/3480 5378/4312/3304
f 5990/4924/3798 5569/4503/3482 5571/4505/3484
f 7752/6642/4554 5572/4506/3485 5574/4508/3486
f 7753/6643/3487 5575/4509/3487 5577/4511/3488
f 6312/5246/3491 5578/4512/3489 5580/4514/3491
f 5628/4562/3492 5581/4515/3492 5583/4517/3493
f 7754/6644/4555 5584/4518/3494 5586/4520/3496
f 5543/4477/3459 5587/4521/3497 5588/4522/3498
s 0
f 5556/4490/2858 5589/4523/2858 5557/4491/2858
s 1
f 7755/6645/4556 5591/4525/3499 5593/4527/3500
f 7755/6645/4556 5594/4528/3501 5596/4530/3503
f 7756/6646/4557 5597/4531/3504 5599/4533/3506
f 5779/4713/3508 5600/4534/3507 5602/4536/3508
f 6355/5289/4064 5603/4537/3509 5605/4539/3511
f 6349/5283/4060 5606/4540/3512 5608/4542/3514
f 5610/4544/3516 5579/4513/3490 5578/4512/3489
f 5579/4513/3490 5610/4544/3516 7757/6647/4558
f 5634/4568/3538 5611/4545/3517 5613/4547/3519
f 5742/4676/3615 5614/4548/3520 5616/4550/3522
f 5623/4557/3529 5617/4551/3523 5619/4553/3525
f 6335/5269/4051 5622/4556/3528 5623/4557/3529
f 5766/4700/3632 5624/4558/3530 5626/4560/3532
f 5701/4635/3533 5627/4561/3533 5628/4562/3492
f 5853/4787/3535 5629/4563/3534 5631/4565/3535
f 5389/4323/3315 5388/4322/3314 5633/4567/3537
f 5795/4729/3655 5634/4568/3538 5635/4569/3539
f 5585/4519/3495 5584/4518/3494 5598/4532/3505
f 5638/4572/3542 5637/4571/3541 6083/5017/3879
f 5637/4571/3541 5639/4573/3543 7758/6648/4559
f 7759/6649/4560 5640/4574/3544 5642/4576/3546
f 7760/6650/4561 5643/4577/3547 5611/4545/3517
f 5665/4599/3563 5644/4578/3548 5591/4525/3499
f 5722/4656/3550 5645/4579/3549 5647/4581/3550
f 7761/6651/4562 7762/6652/4563 5648/4582/3551
f 5648/4582/3551 5650/4584/3553 7761/6651/4562
f 5749/4683/3555 5651/4585/3554 5653/4587/3555
s 0
f 5754/4688/2858 5654/4588/2858 5656/4590/2858
s 1
f 5865/4799/3557 5657/4591/3556 5659/4593/3557
f 7755/6645/4556 5593/4527/3500 5594/4528/3501
f 5702/4636/3589 5664/4598/3562 5666/4600/3564
f 5665/4599/3563 5664/4598/3562 5644/4578/3548
f 5750/4684/3620 5668/4602/3566 5670/4604/3568
f 5709/4643/3570 5671/4605/3569 5673/4607/3570
f 6339/5273/3573 5674/4608/3571 5676/4610/3573
s 0
f 5724/4658/2858 5677/4611/2858 5679/4613/2858
s 1
f 5651/4585/3554 5680/4614/3574 5652/4586/3554
f 5689/4623/3575 5682/4616/3575 5684/4618/3576
f 6003/4937/3810 5685/4619/3577 5687/4621/3579
f 7763/6653/3580 5688/4622/3580 5689/4623/3575
f 5642/4576/3546 5641/4575/3545 5691/4625/3582
s 0
f 6393/5327/2858 5692/4626/2858 5694/4628/2858
s 1
f 5783/4717/3585 5695/4629/3583 5697/4631/3585
f 5490/4424/3409 5489/4423/3409 5335/4269/3287
f 6365/5299/4072 5698/4632/3586 5700/4634/3588
f 5684/4618/3576 5683/4617/3576 5701/4635/3533
f 6373/5307/4075 5702/4636/3589 5703/4637/3590
f 5545/4479/3461 5704/4638/3591 5546/4480/3462
s 0
f 7764/6654/2858 5706/4640/2858 5708/4642/2858
s 1
f 7763/6653/3580 5709/4643/3570 5688/4622/3580
f 5511/4445/3427 5710/4644/3592 5512/4446/3428
f 7759/6649/4560 5714/4648/3596 5640/4574/3544
f 5620/4554/3526 5716/4650/3598 5621/4555/3527
f 5828/4762/3601 5718/4652/3600 5720/4654/3601
s 0
f 5692/4626/2858 5721/4655/2858 5693/4627/2858
s 1
f 5725/4659/3602 5722/4656/3550 5723/4657/3602
s 0
f 5589/4523/2858 5724/4658/2858 5590/4524/2858
s 1
f 6343/5277/3603 5725/4659/3602 5726/4660/3603
f 7765/6655/4564 5727/4661/3604 5552/4486/3468
s 0
f 7766/6656/2858 5729/4663/2858 5731/4665/2858
s 1
f 7767/6657/4565 5732/4666/3606 5544/4478/3460
f 7768/6658/4566 5733/4667/3607 5735/4669/3609
f 5764/4698/3630 5736/4670/3610 5712/4646/3594
f 5608/4542/3514 5607/4541/3513 5603/4537/3509
f 5643/4577/3547 5737/4671/3611 5612/4546/3518
f 5751/4685/3621 5387/4321/3313 5740/4674/3613
f 5752/4686/3622 5662/4596/3560 5741/4675/3614
f 5586/4520/3496 5585/4519/3495 5737/4671/3611
f 6358/5292/4066 5742/4676/3615 5743/4677/3616
f 6342/5276/4055 5744/4678/3617 5746/4680/3618
f 5653/4587/3555 5747/4681/3619 5749/4683/3555
f 5569/4503/3482 5750/4684/3620 5570/4504/3483
f 5669/4603/3567 5668/4602/3566 5740/4674/3613
s 0
f 5729/4663/2858 5754/4688/2858 5730/4664/2858
f 5760/4694/3953 5755/4689/3953 5757/4691/3953
f 5706/4640/2858 5758/4692/2858 5707/4641/2858
f 5716/4650/3599 5755/4689/3599 5717/4651/3599
s 1
f 5714/4648/3596 5542/4476/3458 5715/4649/3597
f 5757/4691/3626 5756/4690/3626 5713/4647/3595
f 5764/4698/3630 5761/4695/3627 5736/4670/3610
f 5883/4817/3716 5763/4697/3629 5764/4698/3630
f 6318/5252/3631 5765/4699/3631 5626/4560/3532
f 5918/4852/1595 5767/4701/3633 5769/4703/3598
f 7769/6659/4567 5770/4704/3635 5772/4706/3637
s 0
f 6394/5328/2858 5773/4707/2858 5775/4709/2858
s 1
f 5658/4592/3556 5657/4591/3556 5602/4536/3508
f 5940/4874/3763 5780/4714/3641 5782/4716/3643
f 7770/6660/4568 5783/4717/3585 5784/4718/3644
f 5504/4438/3420 5785/4719/3645 5505/4439/3421
f 5496/4430/3415 5495/4429/3414 5788/4722/3648
f 6295/5229/4024 5789/4723/3649 5791/4725/3651
f 5987/4921/3796 5792/4726/3652 5794/4728/3654
f 6017/4951/3656 5795/4729/3655 5796/4730/3656
f 6372/5306/3659 5797/4731/3657 5799/4733/3659
f 5807/4741/3661 5800/4734/3660 5802/4736/3661
f 7771/6661/4569 5803/4737/3662 5805/4739/3664
f 7772/6662/3665 5806/4740/3665 5802/4736/3661
f 6370/5304/3667 5808/4742/3666 5810/4744/3667
f 6369/5303/3668 5811/4745/3668 5813/4747/3669
f 6235/5169/3988 5687/4621/3579 5814/4748/3670
f 5888/4822/3672 5815/4749/3671 5817/4751/3672
f 5815/4749/3671 5818/4752/3673 5816/4750/3671
s 0
f 5895/4829/2858 5820/4754/2858 5822/4756/2858
f 5831/4765/2858 5823/4757/2858 5825/4759/2858
s 1
f 5720/4654/3601 5826/4760/3674 5828/4762/3601
f 5629/4563/3534 5829/4763/3675 5630/4564/3534
s 0
f 5774/4708/2858 5831/4765/2858 5775/4709/2858
s 1
f 5834/4768/3678 7773/6663/4570 5832/4766/3676
f 5833/4767/3677 5919/4853/3746 5834/4768/3678
f 6034/4968/3679 5835/4769/3679 5837/4771/3680
f 5830/4764/3675 5829/4763/3675 5839/4773/3681
f 6008/4942/3815 5840/4774/3682 5842/4776/3684
f 5936/4870/3759 5843/4777/3685 5845/4779/3687
f 6001/4935/3808 5846/4780/3688 5848/4782/3689
f 5905/4839/3733 5849/4783/3690 5851/4785/3692
f 6114/5048/3693 5852/4786/3693 5631/4565/3535
f 5818/4752/3673 5854/4788/3694 5819/4753/3673
f 5887/4821/3696 5856/4790/3695 5858/4792/3696
f 7752/6642/4554 7774/6664/4571 5859/4793/3697
f 5859/4793/3697 5572/4506/3485 7752/6642/4554
s 0
f 6042/4976/2858 5861/4795/2858 5863/4797/2858
s 1
f 6144/5078/3699 5864/4798/3699 5659/4593/3557
f 6113/5047/3700 5866/4800/3700 5478/4412/3401
f 5695/4629/3583 5869/4803/3702 5696/4630/3584
f 6122/5056/3706 5871/4805/3704 5873/4807/3706
f 7775/6665/4572 5874/4808/3707 5876/4810/3709
f 7776/6666/4573 5877/4811/3710 5879/4813/3712
f 5881/4815/3714 5880/4814/3713 6047/4981/3844
f 5880/4814/3713 5882/4816/3715 7777/6667/4574
f 5770/4704/3635 5763/4697/3629 5771/4705/3636
f 5798/4732/3658 5884/4818/3717 5886/4820/3719
f 5854/4788/3694 5887/4821/3696 5855/4789/3694
f 6291/5225/3720 5888/4822/3672 5889/4823/3720
f 5839/4773/3681 5838/4772/3681 5890/4824/3286
f 5892/4826/3722 5872/4806/3705 5871/4805/3704
f 5872/4806/3705 5892/4826/3722 7778/6668/4575
f 5848/4782/3689 5847/4781/3689 5894/4828/3724
f 5869/4803/3702 5876/4810/3709 5870/4804/3703
s 0
f 6046/4980/2858 5895/4829/2858 5896/4830/2858
s 1
f 6043/4977/3841 5778/4712/3640 5897/4831/3725
f 5845/4779/3687 5844/4778/3686 5902/4836/3730
f 7779/6669/4576 5903/4837/3731 5885/4819/3718
f 6371/5305/3732 5904/4838/3732 5851/4785/3692
f 5894/4828/3724 5906/4840/3734 5908/4842/3736
f 7780/6670/4577 5915/4849/3743 5917/4851/3745
f 5804/4738/3663 5803/4737/3662 5769/4703/3598
f 5834/4768/3678 5919/4853/3746 5921/4855/3747
f 6328/5262/4044 5922/4856/3748 5924/4858/3750
f 5908/4842/3736 5907/4841/3735 5926/4860/3752
f 5932/4866/3758 5927/4861/3753 5929/4863/3755
f 5929/4863/3755 5930/4864/3756 5932/4866/3758
s 0
f 5976/4910/3380 5933/4867/3380 5935/4869/3380
s 1
f 5915/4849/3743 5843/4777/3685 5916/4850/3744
f 6011/4945/3818 5937/4871/3760 5939/4873/3762
f 5909/4843/3737 5911/4845/3739 5940/4874/3763
f 5894/4828/3724 5893/4827/3723 5906/4840/3734
f 6390/5324/4082 5942/4876/3765 5930/4864/3756
s 0
f 7781/6671/2858 5943/4877/2858 5945/4879/2858
f 7782/6672/2858 5946/4880/2858 5948/4882/2858
s 1
f 7783/6673/4578 5949/4883/3766 5951/4885/3768
f 7776/6666/4573 5952/4886/3769 5877/4811/3710
f 6389/5323/4081 5954/4888/3771 5956/4890/3773
f 5674/4608/3571 5957/4891/3774 5675/4609/3572
f 7784/6674/4579 5959/4893/3775 5961/4895/3777
f 7772/6662/3665 5813/4747/3669 5806/4740/3665
f 5922/4856/3748 5962/4896/3778 5923/4857/3749
f 5768/4702/3634 5767/4701/3633 5965/4899/3781
f 5899/4833/3727 5966/4900/3782 5900/4834/3728
s 0
f 5820/4754/2858 5968/4902/2858 5821/4755/2858
s 1
f 5808/4742/3666 5970/4904/3783 5809/4743/3666
f 5989/4923/3784 5972/4906/3784 5974/4908/3785
f 6366/5300/4073 5975/4909/3786 5288/4222/3258
s 0
f 5966/4900/3381 5933/4867/3381 5967/4901/3381
s 1
f 6388/5322/4080 5977/4911/3787 5979/4913/3789
f 6382/5316/3791 5981/4915/3791 5983/4917/3793
f 5746/4680/3618 5745/4679/3618 5985/4919/3795
f 5771/4705/3636 5883/4817/3716 5898/4832/3726
f 5963/4897/3779 5962/4896/3778 5794/4728/3654
f 7785/6675/3797 5988/4922/3797 5989/4923/3784
f 5841/4775/3683 5990/4924/3798 5842/4776/3684
f 6171/5105/1595 5991/4925/3799 5993/4927/3801
f 6347/5281/3802 5994/4928/3802 5996/4930/3804
f 6249/5183/3992 5997/4931/3805 5999/4933/3806
f 6021/4955/3826 6000/4934/3807 6002/4936/3809
f 5952/4886/3769 5938/4872/3761 5953/4887/3770
f 5879/4813/3712 5878/4812/3711 6003/4937/3810
f 5494/4428/3413 6004/4938/3811 5495/4429/3414
f 6164/5098/3929 6005/4939/3812 6007/4941/3814
f 5793/4727/3653 5792/4726/3652 6008/4942/3815
f 5939/4873/3762 6009/4943/3816 6011/4945/3818
f 6061/4995/3858 5503/4437/3419 6013/4947/3819
f 6090/5024/3822 6014/4948/3820 6016/4950/3822
f 7779/6669/4576 6017/4951/3656 5903/4837/3731
f 6163/5097/3825 6018/4952/3823 6020/4954/3825
f 5984/4918/3794 6021/4955/3826 5985/4919/3795
f 6001/4935/3808 6000/4934/3807 5846/4780/3688
f 5911/4845/3739 5910/4844/3738 6024/4958/3829
f 5732/4666/3606 6025/4959/3830 5545/4479/3461
f 7786/6676/4580 5884/4818/3717 5797/4731/3657
s 0
f 7781/6671/2858 5945/4879/2858 6027/4961/2858
s 1
f 6038/4972/3837 6028/4962/3831 6030/4964/3833
f 6264/5198/4004 6031/4965/3834 6033/4967/3835
f 5974/4908/3785 5973/4907/3785 6034/4968/3679
f 6391/5325/4083 5868/4802/3701 5978/4912/3788
s 0
f 7782/6672/2858 5948/4882/2858 6036/4970/2858
s 1
f 7787/6677/4581 6037/4971/3836 6030/4964/3833
f 7788/6678/4582 6039/4973/3838 6041/4975/3840
s 0
f 5943/4877/2858 6042/4976/2858 5944/4878/2858
f 5946/4880/2858 6027/4961/2858 5947/4881/2858
s 1
f 5781/4715/3642 6043/4977/3841 5782/4716/3643
f 5900/4834/3728 5772/4706/3637 5898/4832/3726
f 5484/4418/3406 5483/4417/3405 6045/4979/3843
s 0
f 5823/4757/2858 6046/4980/2858 5824/4758/2858
s 1
f 6262/5196/3845 6047/4981/3844 6048/4982/3845
s 0
f 6036/4970/2858 6035/4969/2858 5654/4588/2858
s 1
f 6259/5193/4000 6049/4983/3846 6051/4985/3848
f 7789/6679/4583 6052/4986/3849 6054/4988/3851
f 7790/6680/4584 6055/4989/3852 6057/4991/3854
f 6059/4993/3856 6058/4992/3855 6396/5330/4086
f 6058/4992/3855 6060/4994/3857 7791/6681/4585
f 6274/5208/4010 5562/4496/3475 6061/4995/3858
f 6272/5206/4009 6062/4996/3859 6064/4998/3861
f 6283/5217/4016 6066/5000/3863 5506/4440/3422
f 6392/5326/4084 6068/5002/3865 6070/5004/3867
f 7792/6682/4586 6074/5008/3870 6076/5010/3872
f 6304/5238/4032 6077/5011/3873 6079/5013/3875
f 6236/5170/3989 6080/5014/3876 6082/5016/3878
f 5920/4854/3747 6083/5017/3879 5921/4855/3747
f 7770/6660/4568 5784/4718/3644 6063/4997/3860
f 6387/5321/4079 6084/5018/3880 6086/5020/3882
f 6117/5051/3904 6087/5021/3883 6089/5023/3885
f 6023/4957/3828 6090/5024/3822 6024/4958/3829
f 5856/4790/3695 6091/5025/3886 5857/4791/3695
f 6219/5153/3973 6096/5030/3890 6098/5032/3892
f 5992/4926/3800 6099/5033/3893 6101/5035/3895
f 6375/5309/3896 6102/5036/3896 6104/5038/3897
f 6134/5068/3899 6105/5039/3898 6107/5041/3899
s 0
f 6384/5318/2858 6108/5042/2858 6110/5044/2858
s 1
f 6009/4943/3816 6111/5045/3900 6010/4944/3817
f 5866/4800/3700 6113/5047/3700 6114/5048/3693
f 6068/5002/3865 6054/4988/3851 6069/5003/3866
f 6383/5317/3902 6115/5049/3902 6117/5051/3904
f 6120/5054/3907 6121/5055/3908 6118/5052/3905
f 6121/5055/3908 6120/5054/3907 7793/6683/4587
f 5573/4507/3486 6118/5052/3905 5574/4508/3486
f 7761/6651/4562 5650/4584/3553 5873/4807/3706
f 5991/4925/3799 6123/5057/3909 5992/4926/3800
f 6173/5107/3910 6124/5058/3910 6126/5060/3911
f 7753/6643/3487 6127/5061/3912 5575/4509/3487
s 0
f 6147/5081/2858 6129/5063/2858 6131/5065/2858
f 6108/5042/2858 6132/5066/2858 6109/5043/2858
s 1
f 6139/5073/3913 6134/5068/3899 6135/5069/3913
f 6105/5039/3898 6136/5070/3914 6106/5040/3898
f 6143/5077/3915 6138/5072/3915 6135/5069/3913
f 7794/6684/4588 7795/6685/4589 6140/5074/3916
f 6140/5074/3916 6142/5076/3918 7794/6684/4588
f 6103/5037/3897 6138/5072/3915 6104/5038/3897
f 6364/5298/4071 5753/4687/3623 5698/4632/3586
f 5864/4798/3699 6144/5078/3699 5332/4266/3285
f 5719/4653/3600 5718/4652/3600 6146/5080/3919
s 0
f 6324/5258/2858 6147/5081/2858 6148/5082/2858
f 6213/5147/2858 6149/5083/2858 6151/5085/2858
s 1
f 6145/5079/3919 6128/5062/3912 6146/5080/3919
f 5577/4511/3488 5576/4510/3488 6153/5087/3920
f 7796/6686/3921 6154/5088/3921 5826/4760/3674
f 7747/6637/3408 5601/4535/3507 5488/4422/3408
f 7797/6687/3922 6155/5089/3922 6156/5090/3923
f 6159/5093/3926 7798/6688/4590 6157/5091/3924
f 6158/5092/3925 6261/5195/4002 6159/5093/3926
s 0
f 6132/5066/2858 6160/5094/2858 6133/5067/2858
s 1
f 6374/5308/3927 5401/4335/3327 6161/5095/3927
f 6020/4954/3825 6162/5096/3928 6163/5097/3825
f 5468/4402/3393 6164/5098/3929 5469/4403/3394
f 7799/6689/3930 6165/5099/3930 6167/5101/3931
f 6188/5122/3932 6168/5102/3932 6170/5104/3933
f 5273/4207/3249 5991/4925/3799 5299/4233/3268
f 6280/5214/3934 6172/5106/3934 6173/5107/3910
f 5912/4846/3740 6065/4999/3862 5913/4847/3741
f 6273/5207/3935 6174/5108/3935 6052/4986/3849
f 6032/4966/3834 6031/4965/3834 5432/4366/3358
f 6260/5194/4001 6176/5110/3937 6178/5112/3939
f 7800/6690/4591 6180/5114/3941 6182/5116/3943
f 7794/6684/4588 6142/5076/3918 6184/5118/3944
f 6278/5212/4014 6185/5119/3945 6187/5121/3947
f 6167/5101/3931 6166/5100/3931 6188/5122/3932
f 6192/5126/3951 6189/5123/3948 6191/5125/3950
f 6205/5139/3962 6189/5123/3948 6193/5127/3952
s 0
f 6303/5237/3953 6194/5128/3953 6196/5130/3953
s 1
f 7801/6691/4592 6197/5131/3954 6199/5133/3956
f 6057/4991/3854 6056/4990/3853 6201/5135/3958
f 5997/4931/3805 6202/5136/3959 5998/4932/3805
f 5493/4427/3412 5492/4426/3411 5789/4723/3649
f 5446/4380/3372 6203/5137/3960 5447/4381/3373
f 6005/4939/3812 6205/5139/3962 6006/4940/3813
f 6180/5114/3941 6206/5140/3963 6181/5115/3942
f 6311/5245/3965 6208/5142/3965 6210/5144/3966
f 7799/6689/3930 5481/4415/3403 6165/5099/3930
s 0
f 6239/5173/2858 6213/5147/2858 6214/5148/2858
s 1
f 6051/4985/3848 6050/4984/3847 6080/5014/3876
f 6183/5117/3944 5393/4327/3319 6184/5118/3944
f 6231/5165/4593 6216/5150/3970 6212/5146/3968
f 6093/5027/3887 6095/5029/3889 6218/5152/3972
f 6279/5213/4015 6219/5153/3973 6220/5154/3974
f 6296/5230/4025 6221/5155/3975 6223/5157/3977
f 6075/5009/3871 6224/5158/3978 6076/5010/3872
f 7790/6680/4584 6226/5160/3980 6055/4989/3852
f 5392/4326/3318 6228/5162/3982 6230/5164/3983
f 6201/5135/3958 6200/5134/3957 6203/5137/3960
s 0
f 6195/5129/3624 6194/5128/3624 6231/5165/3624
s 1
f 6198/5132/3955 6232/5166/3985 6199/5133/3956
f 6117/5051/3904 6116/5050/3903 6087/5021/3883
f 6082/5016/3878 6235/5169/3988 6236/5170/3989
f 6325/5259/3990 6237/5171/3990 6238/5172/3299
s 0
f 7802/6692/2858 6239/5173/2858 6240/5174/2858
f 7802/6692/2858 6240/5174/2858 6242/5176/2858
f 7803/6693/2858 6243/5177/2858 6245/5179/2858
f 6243/5177/2858 6242/5176/2858 6244/5178/2858
s 1
f 6270/5204/4007 6246/5180/3991 6248/5182/3782
f 6095/5029/3889 6094/5028/3888 5999/4933/3806
f 6014/4948/3820 6179/5113/3940 6015/4949/3821
f 6247/5181/1595 6250/5184/3993 6248/5182/3782
f 6266/5200/3995 6252/5186/3995 6254/5188/3996
f 7804/6694/3997 6255/5189/3997 5474/4408/3399
f 6267/5201/3999 6256/5190/3998 6258/5192/3999
f 6049/4983/3846 6259/5193/4000 6260/5194/4001
f 6159/5093/3926 6261/5195/4002 6048/4982/3845
f 7805/6695/4594 6263/5197/4003 6033/4967/3835
s 0
f 5501/4435/2858 5500/4434/2858 5355/4289/2858
s 1
f 6258/5192/3999 6252/5186/3995 6267/5201/3999
f 5691/4625/3582 5690/4624/3581 6269/5203/4006
f 7806/6696/4595 6246/5180/3991 6271/5205/4008
f 6294/5228/4023 6272/5206/4009 6273/5207/3935
f 7804/6694/3997 6254/5188/3996 6255/5189/3997
f 7807/6697/4596 6274/5208/4010 6275/5209/4011
f 6084/5018/3880 6276/5210/4012 6085/5019/3881
f 6190/5124/3949 6185/5119/3945 6191/5125/3950
f 6218/5152/3972 6217/5151/3971 6220/5154/3974
f 6073/5007/3869 5914/4848/3742 6067/5001/3864
f 6170/5104/3933 6169/5103/3933 6280/5214/3934
s 0
f 7803/6693/2858 6245/5179/2858 6282/5216/2858
s 1
f 7756/6646/4557 6285/5219/4018 5597/4531/3504
f 5349/4283/3294 5348/4282/3294 6287/5221/3402
f 6305/5239/4033 6288/5222/4019 6289/5223/4020
f 5992/4926/3800 6101/5035/3895 5993/4927/3801
f 6187/5121/3947 6186/5120/3946 5499/4433/3418
f 5958/4892/3774 5957/4891/3774 5889/4823/3720
f 6256/5190/3998 6292/5226/4022 6257/5191/3998
f 7808/6698/4597 6062/4996/3859 6294/5228/4023
f 6223/5157/3977 6295/5229/4024 6296/5230/4025
f 6277/5211/4013 6276/5210/4012 6298/5232/4027
f 5995/4929/3803 6299/5233/4028 5996/4930/3804
f 6251/5185/3994 6250/5184/3993 6302/5236/4031
f 6071/5005/3593 6303/5237/3278 6072/5006/3868
f 6207/5141/3964 6206/5140/3963 6304/5238/4032
f 6072/5006/3868 6275/5209/4011 6013/4947/3819
f 6153/5087/3920 6152/5086/3920 5476/4410/3400
f 5704/4638/3591 6025/4959/3830 6307/5241/4035
s 0
f 6395/5329/2858 6308/5242/2858 5322/4256/2858
s 1
f 5583/4517/3493 5582/4516/3493 5337/4271/3288
s 0
f 5351/4285/2858 5350/4284/2858 6310/5244/2858
s 1
f 5368/4302/3298 6208/5142/3965 5369/4303/3298
f 7736/6626/4539 5384/4318/3310 5580/4514/3491
f 5451/4385/3377 5450/4384/3376 6314/5248/4037
f 5404/4338/3330 6315/5249/4038 5405/4339/3331
f 5422/4356/3348 6317/5251/3429 5423/4357/3349
f 5434/4368/3360 5765/4699/3631 5435/4369/3361
f 5705/4639/1595 5704/4638/3591 5487/4421/3407
f 6367/5301/4074 6319/5253/4040 6320/5254/4041
s 0
f 7766/6656/2858 5731/4665/2858 5758/4692/2858
s 1
f 5482/4416/3404 6306/5240/4034 5483/4417/3405
f 5926/4860/3752 5925/4859/3751 6322/5256/4042
s 0
f 6377/5311/2858 6323/5257/2858 6148/5082/2858
s 1
f 6136/5070/3914 6237/5171/3990 6137/5071/3914
f 6126/5060/3911 6125/5059/3911 6327/5261/4043
f 5497/4431/3416 6328/5262/4044 5498/4432/3417
f 5660/4594/3558 6330/5264/4046 5661/4595/3559
f 6381/5315/4048 6331/5265/4047 6332/5266/4048
f 6285/5219/4018 6333/5267/4049 6286/5220/4018
f 6337/5271/4050 6334/5268/4050 6292/5226/4022
f 6340/5274/4053 5622/4556/3528 6336/5270/4052
f 6334/5268/4050 6337/5271/4050 5280/4214/3254
f 5645/4579/3549 6339/5273/3573 5646/4580/3549
f 7809/6699/4598 6340/5274/4053 6341/5275/4054
f 5596/4530/3503 5595/4529/3502 6342/5276/4055
f 6209/5143/3966 6343/5277/3603 6210/5144/3966
f 6346/5280/4058 7810/6700/4599 6344/5278/4056
f 6345/5279/4057 6380/5314/4077 6346/5280/4058
f 5960/4894/3776 5994/4928/3802 5961/4895/3777
f 6368/5302/4059 6348/5282/4059 5281/4215/3255
f 5606/4540/3512 6349/5283/4060 6350/5284/4061
f 5554/4488/3470 5553/4487/3469 6352/5286/3378
f 5605/4539/3511 6353/5287/4062 6355/5289/4064
f 5748/4682/3619 5747/4681/3619 6357/5291/4065
f 5566/4500/3479 5565/4499/3478 5743/4677/3616
f 6385/5319/4067 6359/5293/4067 5671/4605/3569
f 6351/5285/1595 5559/4493/3472 6352/5286/3378
s 0
f 5486/4420/2858 5485/4419/2858 6149/5083/2858
s 1
f 7811/6701/4069 6361/5295/4069 6363/5297/4070
f 7811/6701/4069 6357/5291/4065 6361/5295/4069
f 5272/4206/3248 6123/5057/3909 5273/4207/3249
f 5956/4890/3773 5955/4889/3772 6366/5300/4073
f 6353/5287/4062 6314/5248/4037 6354/5288/4063
f 5632/4566/3536 6367/5301/4074 5633/4567/3537
f 6348/5282/4059 6368/5302/4059 6362/5296/4070
f 5811/4745/3668 6369/5303/3668 5810/4744/3667
f 5734/4668/3608 5904/4838/3732 5735/4669/3609
f 5982/4916/3792 5776/4710/3638 5983/4917/3793
f 5540/4474/3456 5539/4473/3455 6315/5249/4038
f 5874/4808/3707 6372/5306/3659 5875/4809/3708
f 6161/5095/3927 6373/5307/4075 6374/5308/3927
f 6092/5026/3886 6091/5025/3886 6375/5309/3896
f 5473/4407/3398 6376/5310/3398 5970/4904/3783
s 0
f 5968/4902/2858 6323/5257/2858 5969/4903/2858
s 1
f 7785/6675/3797 6378/5312/4076 5988/4922/3797
f 5986/4920/1595 5883/4817/3716 5712/4646/3594
f 6346/5280/4058 6380/5314/4077 6332/5266/4048
f 5548/4482/3464 5981/4915/3791 5549/4483/3465
f 6277/5211/4013 6298/5232/4027 6383/5317/3902
f 5927/4861/3753 6269/5203/4006 5928/4862/3754
s 0
f 6129/5063/2858 6384/5318/2858 6130/5064/2858
s 1
f 5837/4771/3680 5836/4770/3680 6385/5319/4067
f 6226/5160/3980 6222/5156/3976 6227/5161/3981
f 5504/4438/3420 5563/4497/3476 5785/4719/3645
f 6321/5255/4042 6387/5321/4079 6322/5256/4042
f 5954/4888/3771 6389/5323/4081 6390/5324/4082
f 7797/6687/3922 6392/5326/4084 6155/5089/3922
f 5935/4869/3984 5934/4868/4085 5786/4720/3646
s 0
f 6282/5216/2858 6281/5215/2858 5861/4795/2858
f 6310/5244/2858 6309/5243/2858 5694/4628/2858
s 1
f 5680/4614/3574 5801/4735/3660 5681/4615/3574
f 6089/5023/3885 6088/5022/3884 6018/4952/3823
f 6178/5112/3939 6177/5111/3938 6111/5045/3900
s 0
f 5677/4611/2858 5773/4707/2858 5678/4612/2858
f 7764/6654/2858 5708/4642/2858 6395/5329/2858
s 1
f 6378/5312/4076 6327/5261/4043 6379/5313/4076
f 6229/5163/3983 6396/5330/4086 6230/5164/3983
f 6415/5349/4088 6397/5331/4087 6399/5333/4088
f 6421/5355/4089 6400/5334/4089 6402/5336/4090
f 6406/5340/4092 6403/5337/4091 6405/5339/4092
f 6427/5361/4093 6406/5340/4092 6407/5341/4093
f 6423/5357/4095 6408/5342/4094 6410/5344/4095
f 6403/5337/4091 6411/5345/4096 6404/5338/4091
f 6411/5345/4096 6413/5347/4097 6412/5346/4096
f 6413/5347/4097 6415/5349/4088 6414/5348/4097
f 6420/5354/4099 6416/5350/4098 6418/5352/4099
f 6428/5362/4100 6419/5353/4100 6418/5352/4099
f 6424/5358/4101 6400/5334/4089 6422/5356/4101
f 6416/5350/4098 6423/5357/4095 6417/5351/4098
f 6408/5342/4094 6424/5358/4101 6409/5343/4094
f 6397/5331/4087 6425/5359/4102 6398/5332/4087
f 6401/5335/4090 6427/5361/4093 6402/5336/4090
f 6426/5360/4102 6425/5359/4102 6428/5362/4100
f 7796/6686/3921 5326/4260/3281 6154/5088/3921
s 0
f 6529/5463/4103 6479/5413/4103 6481/5415/4103
f 6498/5432/4104 6482/5416/4104 6484/5418/4104
f 6532/5466/4105 6485/5419/4105 6487/5421/4105
f 6537/5471/4126 6488/5422/4126 6490/5424/4126
f 6530/5464/4107 6491/5425/4107 6493/5427/4107
f 6524/5458/4108 6494/5428/4108 6496/5430/4108
f 6533/5467/4124 6497/5431/4124 6484/5418/4124
f 6536/5470/4109 6499/5433/4109 6501/5435/4109
f 6508/5442/4110 6502/5436/4110 6504/5438/4110
f 6491/5425/4107 6505/5439/4107 6492/5426/4107
f 6521/5455/4111 6507/5441/4111 6504/5438/4111
f 6486/5420/4112 6509/5443/4112 6487/5421/4112
f 6489/5423/4106 6511/5445/4106 6490/5424/4106
f 6483/5417/4113 6482/5416/4113 6514/5448/4113
f 6541/5475/4114 6515/5449/4114 6517/5451/4114
f 6538/5472/4115 6518/5452/4115 6520/5454/4115
f 6481/5415/4116 6480/5414/4116 6521/5455/4116
f 6505/5439/4117 6522/5456/4117 6506/5440/4117
s 1
f 6501/5435/4118 6500/5434/4118 6496/5430/4118
s 0
f 6516/5450/4119 6525/5459/4119 6517/5451/4119
f 6526/5460/4120 6525/5459/4120 6528/5462/4120
f 6514/5448/4121 6513/5447/4121 6529/5463/4121
f 6539/5473/4122 6530/5464/4122 6531/5465/4122
f 6494/5428/4123 6485/5419/4123 6495/5429/4123
f 6527/5461/4120 6497/5431/4120 6528/5462/4120
f 6522/5456/4600 6534/5468/4600 6523/5457/4600
f 6503/5437/4110 6502/5436/4110 6536/5470/4110
f 6509/5443/4112 6488/5422/4112 6510/5444/4112
f 6511/5445/4127 6538/5472/4127 6512/5446/4127
f 6542/5476/4128 6539/5473/4128 6540/5474/4128
f 6534/5468/4129 6515/5449/4129 6535/5469/4129
f 6518/5452/4130 6542/5476/4130 6519/5453/4130
s 1
f 6598/5532/4131 6543/5477/4131 6545/5479/4132
f 6568/5502/4135 6546/5480/4133 6548/5482/4135
f 6584/5518/4137 6549/5483/4136 6551/5485/4137
f 6607/5541/4165 6552/5486/4138 6554/5488/4139
f 6603/5537/4140 6555/5489/4140 6557/5491/4141
f 7812/6702/4142 6558/5492/4142 6560/5494/4144
f 6596/5530/4146 6561/5495/4145 6563/5497/4146
f 6597/5531/4147 6564/5498/4147 6566/5500/4148
f 6571/5505/4149 6567/5501/4149 6548/5482/4135
f 6556/5490/4141 6569/5503/4150 6557/5491/4141
f 6601/5535/4151 6567/5501/4149 6572/5506/4151
f 6544/5478/4132 6573/5507/4152 6545/5479/4132
f 6586/5520/4154 6575/5509/4153 6577/5511/4154
f 6549/5483/4136 6578/5512/4155 6550/5484/4136
f 6562/5496/4145 6561/5495/4145 6581/5515/4156
f 6546/5480/4133 6582/5516/4157 6547/5481/4134
f 6604/5538/4158 6584/5518/4137 6585/5519/4158
f 6553/5487/4138 6552/5486/4138 6577/5511/4154
f 6560/5494/4144 6559/5493/4143 6588/5522/4159
f 6595/5529/4160 6589/5523/4142 6591/5525/4160
f 6582/5516/4157 6592/5526/4161 6583/5517/4157
f 6602/5536/4162 6594/5528/4162 6591/5525/4160
f 6579/5513/4155 6578/5512/4155 6563/5497/4146
f 6580/5514/4156 6564/5498/4147 6581/5515/4156
f 6576/5510/4153 6575/5509/4153 6598/5532/4131
f 6569/5503/4150 6599/5533/4163 6570/5504/4150
f 6566/5500/4148 6565/5499/4148 6572/5506/4151
f 6574/5508/4152 6573/5507/4152 6602/5536/4162
f 6592/5526/4161 6555/5489/4140 6593/5527/4161
f 6588/5522/4159 6587/5521/4159 6585/5519/4158
f 6599/5533/4163 6605/5539/4164 6600/5534/4163
f 6605/5539/4164 6607/5541/4165 6606/5540/4164
f 6644/5578/494 6608/5542/15 6610/5544/494
f 6656/5590/87 6611/5545/4166 6613/5547/87
f 6659/5593/496 6614/5548/495 6616/5550/496
f 6623/5557/552 6617/5551/17 6619/5553/552
f 6672/5606/130 6620/5554/446 6622/5556/130
f 6640/5574/551 6623/5557/552 6624/5558/551
f 6670/5604/492 6625/5559/4167 6627/5561/492
f 6671/5605/4168 6628/5562/385 6630/5564/4168
f 6669/5603/547 6631/5565/549 6633/5567/547
f 6666/5600/131 6634/5568/443 6636/5570/131
f 6663/5597/387 6637/5571/129 6639/5573/387
f 6668/5602/550 6640/5574/551 6641/5575/550
f 6620/5554/446 6642/5576/445 6621/5555/446
f 6614/5548/495 6644/5578/494 6615/5549/495
f 6634/5568/443 6645/5579/442 6635/5569/443
f 6645/5579/442 6647/5581/4169 6646/5580/442
f 6631/5565/549 6649/5583/18 6632/5566/549
f 6664/5598/389 6651/5585/390 6653/5587/389
f 6608/5542/15 6654/5588/493 6609/5543/15
f 6647/5581/4169 6656/5590/87 6648/5582/4169
f 6642/5576/445 6657/5591/444 6643/5577/445
f 7813/6703/17 6659/5593/496 6660/5594/17
f 6625/5559/4167 6661/5595/16 6626/5560/4167
f 6628/5562/385 6663/5597/387 6629/5563/385
f 6667/5601/388 6664/5598/389 6665/5599/388
f 6657/5591/444 6666/5600/131 6658/5592/444
f 6637/5571/129 6667/5601/388 6638/5572/129
f 6649/5583/18 6668/5602/550 6650/5584/18
f 6611/5545/4166 6669/5603/547 6612/5546/4166
f 6654/5588/493 6670/5604/492 6655/5589/493
f 6661/5595/16 6671/5605/4168 6662/5596/16
f 6651/5585/390 6672/5606/130 6652/5586/390
f 6721/5655/4171 6673/5607/4170 6675/5609/4171
f 6717/5651/4172 6676/5610/4172 6678/5612/4173
f 6714/5648/4175 6679/5613/4174 6681/5615/4175
f 6719/5653/4177 6682/5616/4176 6684/5618/4177
f 6734/5668/4178 6685/5619/4178 6687/5621/4179
f 6730/5664/4181 6688/5622/4180 6690/5624/4181
f 6678/5612/4173 6677/5611/4173 6692/5626/4182
f 6691/5625/4182 6693/5627/4183 6692/5626/4182
f 6673/5607/4170 6695/5629/4184 6674/5608/4170
f 6716/5650/4186 6697/5631/4185 6699/5633/4186
f 6728/5662/4187 6700/5634/4187 6702/5636/4188
f 6693/5627/4183 6703/5637/4189 6694/5628/4183
f 6686/5620/4179 6705/5639/4190 6687/5621/4179
f 7814/6704/4192 6707/5641/4191 6709/5643/4192
f 6736/5670/4194 6710/5644/4193 6712/5646/4194
f 6737/5671/4195 6713/5647/4195 6681/5615/4175
f 6718/5652/4196 6715/5649/4196 6699/5633/4186
f 6706/5640/4190 6705/5639/4190 6717/5651/4172
f 6680/5614/4174 6679/5613/4174 6718/5652/4196
f 6696/5630/4184 6695/5629/4184 6684/5618/4177
f 6729/5663/4197 6720/5654/4197 6675/5609/4171
f 6702/5636/4188 6701/5635/4188 6723/5657/4198
f 6710/5644/4193 6724/5658/4199 6711/5645/4193
f 6698/5632/4185 6697/5631/4185 6727/5661/4200
f 6688/5622/4180 6700/5634/4187 6689/5623/4180
f 6703/5637/4189 6720/5654/4197 6704/5638/4189
f 6708/5642/4191 6707/5641/4191 6690/5624/4181
f 6735/5669/4201 6731/5665/4201 6733/5667/4192
f 6726/5660/4200 6685/5619/4178 6727/5661/4200
f 6682/5616/4176 6731/5665/4201 6683/5617/4176
f 6722/5656/4198 6736/5670/4194 6723/5657/4198
f 6725/5659/4199 6724/5658/4199 6737/5671/4195
s 0
f 6786/5720/1595 6738/5672/1595 6740/5674/1595
f 6782/5716/1595 6741/5675/1595 6743/5677/1595
f 6779/5713/1595 6744/5678/1595 6746/5680/1595
f 6784/5718/1595 6747/5681/1595 6749/5683/1595
f 6798/5732/1595 6750/5684/1595 6752/5686/1595
f 6795/5729/1595 6753/5687/1595 6755/5689/1595
f 6742/5676/1595 6741/5675/1595 6757/5691/1595
f 6756/5690/1595 6758/5692/1595 6757/5691/1595
f 6738/5672/1595 6760/5694/1595 6739/5673/1595
f 6781/5715/1595 6762/5696/1595 6764/5698/1595
f 6793/5727/1595 6765/5699/1595 6767/5701/1595
f 6759/5693/1595 6758/5692/1595 6769/5703/1595
f 6751/5685/1595 6770/5704/1595 6752/5686/1595
f 6797/5731/1595 6772/5706/1595 6774/5708/1595
f 6800/5734/1595 6775/5709/1595 6777/5711/1595
f 6801/5735/1595 6778/5712/1595 6746/5680/1595
f 6783/5717/1595 6780/5714/1595 6764/5698/1595
f 6771/5705/1595 6770/5704/1595 6743/5677/1595
f 6745/5679/1595 6744/5678/1595 6783/5717/1595
f 6760/5694/1595 6784/5718/1595 6761/5695/1595
f 6794/5728/1595 6785/5719/1595 6740/5674/1595
f 6766/5700/1595 6765/5699/1595 6788/5722/1595
f 6776/5710/1595 6789/5723/1595 6777/5711/1595
f 6763/5697/1595 6762/5696/1595 6792/5726/1595
f 6754/5688/1595 6753/5687/1595 6767/5701/1595
f 6768/5702/1595 6785/5719/1595 6769/5703/1595
f 6772/5706/1595 6795/5729/1595 6773/5707/1595
f 6799/5733/1595 6796/5730/1595 6774/5708/1595
f 6791/5725/1595 6750/5684/1595 6792/5726/1595
f 6747/5681/1595 6796/5730/1595 6748/5682/1595
f 6787/5721/1595 6775/5709/1595 6788/5722/1595
f 6790/5724/1595 6789/5723/1595 6801/5735/1595
s 1
f 6826/5760/4203 6802/5736/4202 6804/5738/4203
s 0
f 6952/5886/1595 6805/5739/1595 6807/5741/1595
s 1
f 6844/5778/4205 6808/5742/4204 6810/5744/4205
f 6868/5802/4206 6811/5745/4206 6813/5747/4207
f 6864/5798/4209 6814/5748/4208 6816/5750/4209
f 6850/5784/4211 6817/5751/4210 6819/5753/4211
f 6856/5790/4212 6820/5754/4212 6822/5756/4213
f 6857/5791/4215 6823/5757/4214 6825/5759/4215
f 6830/5764/4216 6826/5760/4203 6827/5761/4216
f 6814/5748/4208 6828/5762/4217 6815/5749/4208
f 6862/5796/4218 6830/5764/4216 6831/5765/4218
f 6869/5803/4220 6832/5766/4219 6834/5768/4220
f 6846/5780/4221 6835/5769/4221 6837/5771/4222
f 6808/5742/4204 6838/5772/4223 6809/5743/4204
f 6821/5755/4213 6840/5774/4224 6822/5756/4213
f 6803/5737/4202 6802/5736/4202 6843/5777/4225
f 6865/5799/4226 6844/5778/4205 6845/5779/4226
f 6812/5746/4207 6835/5769/4221 6813/5747/4207
f 7815/6705/4210 6847/5781/4227 6849/5783/4210
f 6854/5788/4228 6850/5784/4211 6851/5785/4228
f 6842/5776/4225 6852/5786/4229 6843/5777/4225
f 6863/5797/4230 6854/5788/4228 6855/5789/4230
f 6838/5772/4223 6820/5754/4212 6839/5773/4223
f 6841/5775/4224 6840/5774/4224 6825/5759/4215
f 6836/5770/4222 6858/5792/4231 6837/5771/4222
f 6828/5762/4217 6860/5794/4232 6829/5763/4217
f 6823/5757/4214 6862/5796/4218 6824/5758/4214
f 6832/5766/4219 6863/5797/4230 6833/5767/4219
f 6853/5787/4229 6852/5786/4229 6816/5750/4209
f 6847/5781/4227 6865/5799/4226 6848/5782/4227
f 6860/5794/4232 6866/5800/4233 6861/5795/4232
f 6866/5800/4233 6811/5745/4206 6867/5801/4233
f 6858/5792/4231 6869/5803/4220 6859/5793/4231
f 6966/5900/4235 6870/5804/4234 6872/5806/4235
s 0
f 6978/5912/1595 6873/5807/1595 6875/5809/1595
f 6887/5821/1595 6876/5810/1595 6878/5812/1595
f 6920/5854/1595 6879/5813/1595 6881/5815/1595
f 6939/5873/1595 6882/5816/1595 6884/5818/1595
f 6897/5831/1595 6885/5819/1595 6881/5815/1595
f 6884/5818/1595 6883/5817/1595 6878/5812/1595
f 6958/5892/1595 6888/5822/1595 6890/5824/1595
f 6902/5836/1595 6891/5825/1595 6893/5827/1595
f 6928/5862/1595 6894/5828/1595 6896/5830/1595
f 6940/5874/1595 6898/5832/1595 6900/5834/1595
f 6933/5867/1595 6901/5835/1595 6893/5827/1595
f 6906/5840/1595 6903/5837/1595 6905/5839/1595
f 6926/5860/1595 6906/5840/1595 6907/5841/1595
f 6917/5851/1595 6908/5842/1595 6910/5844/1595
f 6970/5904/1595 6911/5845/1595 6913/5847/1595
f 6918/5852/1595 6914/5848/1595 6916/5850/1595
f 6914/5848/1595 6917/5851/1595 6915/5849/1595
f 6903/5837/1595 6918/5852/1595 6904/5838/1595
f 6973/5907/1595 6921/5855/1595 6922/5856/1595
s 1
f 6954/5888/4236 6923/5857/4236 6925/5859/4237
s 0
f 6876/5810/1595 6926/5860/1595 6877/5811/1595
f 6962/5896/1595 6927/5861/1595 6929/5863/1595
s 1
f 6938/5872/4239 6930/5864/4238 6932/5866/4239
s 0
f 6909/5843/1595 6908/5842/1595 6933/5867/1595
f 6886/5820/1595 6934/5868/1595 6936/5870/1595
s 1
f 6925/5859/4237 6924/5858/4237 6932/5866/4239
s 0
f 6806/5740/1595 6882/5816/1595 6807/5741/1595
s 1
f 7816/6706/4241 6941/5875/4240 6943/5877/4241
f 6955/5889/4242 6944/5878/4241 6946/5880/4242
f 6871/5805/4234 6870/5804/4234 6949/5883/4243
f 6949/5883/4243 6948/5882/4243 6951/5885/4244
s 0
f 6892/5826/1595 6891/5825/1595 6952/5886/1595
f 6965/5899/1595 6953/5887/1595 6875/5809/1595
s 1
f 6950/5884/4244 6923/5857/4236 6951/5885/4244
f 6974/5908/4245 6955/5889/4242 6956/5890/4245
s 0
f 6972/5906/1595 6957/5891/1595 6913/5847/1595
s 1
f 6971/5905/4247 6959/5893/4246 6961/5895/4247
s 0
f 6896/5830/1595 6963/5897/1595 6922/5856/1595
s 1
f 6941/5875/4240 6966/5900/4235 6942/5876/4240
f 6959/5893/4246 6967/5901/4248 6960/5894/4246
s 0
f 6947/5881/1595 6919/5853/1595 6899/5833/1595
f 6937/5871/1595 6969/5903/1595 6936/5870/1595
s 1
f 6930/5864/4238 6971/5905/4247 6931/5865/4238
f 6979/5913/4249 6974/5908/4245 6975/5909/4249
s 0
f 6890/5824/1595 6976/5910/1595 6978/5912/1595
s 1
f 6967/5901/4248 6979/5913/4249 6968/5902/4248
f 6995/5929/496 6980/5914/496 6982/5916/17
f 7817/6707/16 6983/5917/16 6985/5919/4251
f 7818/6708/493 6986/5920/4252 6988/5922/4254
f 7818/6708/493 6988/5922/4254 6990/5924/15
f 6990/5924/15 6989/5923/15 6992/5926/494
f 6992/5926/494 6991/5925/494 6994/5928/495
f 6994/5928/495 6993/5927/495 6995/5929/496
f 6999/5933/4256 6996/5930/4255 6998/5932/4256
f 7002/5936/4257 6999/5933/4256 7000/5934/4257
f 7003/5937/4258 7001/5935/4258 7000/5934/4257
f 7006/5940/4259 7001/5935/4258 7004/5938/4259
f 7123/6057/4260 7005/5939/4260 7004/5938/4259
f 7011/5945/4262 7007/5941/4261 7009/5943/4262
f 7012/5946/4263 7010/5944/4263 7009/5943/4262
f 6997/5931/4255 6996/5930/4255 7012/5946/4263
s 0
f 7129/6063/1595 7013/5947/1595 7015/5949/1595
f 7014/5948/1595 7016/5950/1595 7015/5949/1595
f 7016/5950/1595 7018/5952/1595 7017/5951/1595
f 7018/5952/1595 7020/5954/1595 7019/5953/1595
f 7020/5954/1595 7022/5956/1595 7021/5955/1595
f 7023/5957/1595 7022/5956/1595 7025/5959/1595
f 7025/5959/1595 7024/5958/1595 7027/5961/1595
f 7026/5960/1595 7028/5962/1595 7027/5961/1595
s 1
f 7034/5968/496 7030/5964/496 7032/5966/17
f 7036/5970/495 7033/5967/495 7034/5968/496
f 7038/5972/494 7035/5969/494 7036/5970/495
f 7040/5974/15 7037/5971/15 7038/5972/494
f 7042/5976/4265 7039/5973/493 7040/5974/15
f 7046/5980/4267 7041/5975/4264 7042/5976/4265
f 7819/6709/16 7043/5977/16 7045/5979/4250
f 7045/5979/4250 7044/5978/4266 7046/5980/4267
f 6986/5920/4252 6985/5919/4251 6987/5921/4253
f 7051/5985/4268 7047/5981/4268 7049/5983/4269
f 7059/5993/4270 7050/5984/4270 7051/5985/4268
f 7820/6710/4271 7052/5986/4271 7054/5988/4272
f 7072/6006/4274 7055/5989/4273 7057/5991/4274
f 7046/5980/4267 7042/5976/4265 6987/5921/4253
f 7073/6007/4275 7058/5992/4275 7059/5993/4270
f 7063/5997/496 7060/5994/17 7062/5996/496
f 7065/5999/495 7063/5997/496 7064/5998/495
f 7067/6001/494 7065/5999/495 7066/6000/494
f 7069/6003/4276 7067/6001/494 7068/6002/4276
f 7821/6711/4277 7069/6003/4276 7070/6004/4277
f 7080/6014/4278 7071/6005/4278 7057/5991/4274
f 7082/6016/4284 7058/5992/4275 7074/6008/4279
s 0
f 7822/6712/4280 7075/6009/4280 7077/6011/4280
s 1
f 7055/5989/4273 7078/6012/4281 7056/5990/4273
f 7823/6713/4283 7071/6005/4278 7081/6015/4283
f 7824/6714/4601 7082/6016/4284 7083/6017/4285
f 7079/6013/4282 7078/6012/4281 7085/6019/4287
f 7054/5988/4272 7053/5987/4272 7087/6021/16
s 0
f 7825/6715/4288 7088/6022/4288 7090/6024/4288
s 1
f 7826/6716/4602 7091/6025/4289 7093/6027/4291
f 7100/6034/4297 7094/6028/4292 7096/6030/4294
f 7092/6026/4290 7097/6031/4295 7093/6027/4291
f 7312/6246/4296 7099/6033/4296 7096/6030/4294
f 7114/6048/552 6982/5916/17 7101/6035/552
f 7827/6717/87 7102/6036/4298 7104/6038/87
f 7159/6093/4314 7105/6039/4300 7107/6041/4301
f 7106/6040/549 7108/6042/18 7107/6041/4301
f 7108/6042/18 7110/6044/550 7109/6043/18
f 7110/6044/550 7112/6046/551 7111/6045/550
f 7112/6046/551 7114/6048/552 7113/6047/551
f 7119/6053/4302 7115/6049/4302 7117/6051/4303
f 7828/6718/4304 7118/6052/4304 7119/6053/4302
f 7828/6718/4304 7120/6054/4305 7118/6052/4304
f 7829/6719/4306 7122/6056/4306 7120/6054/4305
f 7829/6719/4306 7005/5939/4260 7122/6056/4306
f 7830/6720/4307 7124/6058/4307 7126/6060/4308
f 7830/6720/4307 7127/6061/4309 7124/6058/4307
f 7127/6061/4309 7117/6051/4303 7128/6062/4309
s 0
f 7831/6721/1595 7013/5947/1595 7130/6064/1595
f 7831/6721/1595 7130/6064/1595 7132/6066/1595
f 7132/6066/1595 7131/6065/1595 7134/6068/1595
f 7134/6068/1595 7133/6067/1595 7136/6070/1595
f 7136/6070/1595 7135/6069/1595 7138/6072/1595
f 7140/6074/1595 7138/6072/1595 7139/6073/1595
f 7832/6722/1595 7140/6074/1595 7141/6075/1595
f 7832/6722/1595 7141/6075/1595 7143/6077/1595
s 1
f 7145/6079/552 7032/5966/17 7144/6078/552
f 7147/6081/551 7145/6079/552 7146/6080/551
f 7149/6083/550 7147/6081/551 7148/6082/550
f 7151/6085/18 7149/6083/550 7150/6084/18
f 7153/6087/4310 7151/6085/18 7152/6086/549
f 7158/6092/4313 7153/6087/4310 7154/6088/4311
f 7833/6723/87 7155/6089/4299 7157/6091/87
f 7155/6089/4299 7158/6092/4313 7156/6090/4312
f 7103/6037/4299 7102/6036/4298 7159/6093/4314
f 7162/6096/4315 7160/6094/4315 7048/5982/4269
f 7834/6724/4316 7161/6095/4316 7162/6096/4315
f 7835/6725/4318 7163/6097/4317 7165/6099/4318
f 7181/6115/4319 7166/6100/4319 7168/6102/4320
f 7158/6092/4313 7159/6093/4314 7153/6087/4310
f 7834/6724/4316 7169/6103/4321 7161/6095/4316
f 7173/6107/552 7171/6105/552 7060/5994/17
f 7175/6109/551 7172/6106/551 7173/6107/552
f 7177/6111/550 7174/6108/550 7175/6109/551
f 7179/6113/4322 7176/6110/4322 7177/6111/550
f 7836/6726/4323 7178/6112/4323 7179/6113/4322
f 7189/6123/4324 7180/6114/4324 7181/6115/4319
f 7169/6103/4321 7182/6116/4325 7170/6104/4321
s 0
f 7837/6727/4327 7184/6118/4327 7186/6120/4327
s 1
f 7168/6102/4320 7167/6101/4320 7188/6122/4329
f 7823/6713/4283 7081/6015/4283 7189/6123/4324
f 7838/6728/4603 7190/6124/4330 7182/6116/4325
f 7839/6729/4604 7188/6122/4329 7191/6125/4331
f 7163/6097/4317 7192/6126/87 7164/6098/4317
s 0
f 7840/6730/4332 7194/6128/4332 7196/6130/4332
s 1
f 7841/6731/4605 7197/6131/4333 7199/6133/4335
f 7842/6732/4606 7200/6134/4336 7202/6136/4338
f 7841/6731/4605 7199/6133/4335 7204/6138/4339
f 7842/6732/4606 7205/6139/4340 7200/6134/4336
f 7221/6155/390 7207/6141/130 7209/6143/390
f 7817/6707/16 7210/6144/4341 6983/5917/16
f 7265/6199/4357 7212/6146/4343 7214/6148/4344
f 7213/6147/387 7215/6149/129 7214/6148/4344
f 7215/6149/129 7217/6151/388 7216/6150/129
f 7217/6151/388 7219/6153/389 7218/6152/388
f 7219/6153/389 7221/6155/390 7220/6154/389
f 7226/6160/4345 7222/6156/4345 7224/6158/4346
f 7843/6733/4347 7225/6159/4347 7226/6160/4345
f 7843/6733/4347 7227/6161/4348 7225/6159/4347
f 7844/6734/4349 7229/6163/4349 7227/6161/4348
f 7844/6734/4349 7230/6164/4350 7229/6163/4349
f 7845/6735/4351 7232/6166/4351 7007/5941/4261
f 7845/6735/4351 7233/6167/4352 7232/6166/4351
f 7233/6167/4352 7224/6158/4346 7234/6168/4352
s 0
f 7846/6736/1595 7235/6169/1595 7237/6171/1595
f 7846/6736/1595 7237/6171/1595 7239/6173/1595
f 7239/6173/1595 7238/6172/1595 7241/6175/1595
f 7241/6175/1595 7240/6174/1595 7243/6177/1595
f 7243/6177/1595 7242/6176/1595 7245/6179/1595
f 7247/6181/1595 7245/6179/1595 7246/6180/1595
f 7847/6737/1595 7247/6181/1595 7248/6182/1595
f 7847/6737/1595 7248/6182/1595 7028/5962/1595
s 1
f 7252/6186/390 7249/6183/130 7251/6185/390
f 7254/6188/389 7252/6186/390 7253/6187/389
f 7256/6190/388 7254/6188/389 7255/6189/388
f 7258/6192/129 7256/6190/388 7257/6191/129
f 7260/6194/4353 7258/6192/129 7259/6193/387
f 7264/6198/4356 7260/6194/4353 7261/6195/4354
f 7819/6709/16 7262/6196/4342 7043/5977/16
f 7262/6196/4342 7264/6198/4356 7263/6197/4355
f 7211/6145/4342 7210/6144/4341 7265/6199/4357
f 7270/6204/4358 7266/6200/4358 7268/6202/4359
f 7848/6738/4360 7269/6203/4360 7270/6204/4358
f 7849/6739/4362 7271/6205/4361 7273/6207/4362
f 7291/6225/4363 7274/6208/4363 7276/6210/4364
f 7264/6198/4356 7265/6199/4357 7260/6194/4353
f 7848/6738/4360 7277/6211/4365 7269/6203/4360
f 7283/6217/390 7279/6213/390 7281/6215/130
f 7285/6219/389 7282/6216/389 7283/6217/390
f 7287/6221/388 7284/6218/388 7285/6219/389
f 7289/6223/4366 7286/6220/4366 7287/6221/388
f 7850/6740/4367 7288/6222/4367 7289/6223/4366
f 7300/6234/4368 7290/6224/4368 7291/6225/4363
f 7277/6211/4365 7292/6226/4369 7278/6212/4365
s 0
f 7851/6741/4371 7294/6228/4371 7296/6230/4371
s 1
f 7276/6210/4364 7275/6209/4364 7298/6232/4373
f 7852/6742/4374 7299/6233/4374 7300/6234/4368
f 7853/6743/4607 7301/6235/4375 7292/6226/4369
f 7854/6744/4608 7298/6232/4373 7302/6236/4376
f 7271/6205/4361 7087/6021/16 7272/6206/4361
s 0
f 7855/6745/4377 7303/6237/4377 7305/6239/4377
s 1
f 7856/6746/4609 7306/6240/4378 7308/6242/4380
f 7857/6747/4610 7309/6243/4381 7311/6245/4383
f 7856/6746/4609 7308/6242/4380 7097/6031/4295
f 7857/6747/4610 7099/6033/4296 7309/6243/4381
f 7327/6261/446 7313/6247/446 7315/6249/130
f 7827/6717/87 7104/6038/87 7317/6251/4385
f 7858/6748/443 7318/6252/4386 7320/6254/4388
f 7858/6748/443 7320/6254/4388 7322/6256/131
f 7322/6256/131 7321/6255/131 7324/6258/444
f 7324/6258/444 7323/6257/444 7326/6260/445
f 7326/6260/445 7325/6259/445 7327/6261/446
f 7331/6265/4390 7328/6262/4389 7330/6264/4390
f 7334/6268/4391 7331/6265/4390 7332/6266/4391
f 7335/6269/4392 7333/6267/4392 7332/6266/4391
f 7337/6271/4393 7333/6267/4392 7336/6270/4393
f 7231/6165/4350 7230/6164/4350 7336/6270/4393
f 7340/6274/4394 7126/6060/4308 7338/6272/4394
f 7341/6275/4395 7339/6273/4395 7338/6272/4394
f 7329/6263/4389 7328/6262/4389 7341/6275/4395
s 0
f 7236/6170/1595 7235/6169/1595 7343/6277/1595
f 7342/6276/1595 7344/6278/1595 7343/6277/1595
f 7344/6278/1595 7346/6280/1595 7345/6279/1595
f 7346/6280/1595 7348/6282/1595 7347/6281/1595
f 7348/6282/1595 7350/6284/1595 7349/6283/1595
f 7351/6285/1595 7350/6284/1595 7353/6287/1595
f 7353/6287/1595 7352/6286/1595 7355/6289/1595
f 7354/6288/1595 7143/6077/1595 7355/6289/1595
s 1
f 7360/6294/446 7356/6290/446 7358/6292/130
f 7362/6296/445 7359/6293/445 7360/6294/446
f 7364/6298/444 7361/6295/444 7362/6296/445
f 7366/6300/131 7363/6297/131 7364/6298/444
f 7368/6302/4397 7365/6299/443 7366/6300/131
f 7371/6305/4399 7367/6301/4396 7368/6302/4397
f 7833/6723/87 7157/6091/87 7370/6304/4384
f 7370/6304/4384 7369/6303/4398 7371/6305/4399
f 7318/6252/4386 7317/6251/4385 7319/6253/4387
f 7374/6308/4400 7372/6306/4400 7267/6201/4359
f 7382/6316/4401 7373/6307/4401 7374/6308/4400
f 7859/6749/4402 7375/6309/4402 7377/6311/4403
f 7393/6327/4405 7378/6312/4404 7380/6314/4405
f 7371/6305/4399 7368/6302/4397 7319/6253/4387
f 7394/6328/4406 7381/6315/4406 7382/6316/4401
f 7384/6318/446 7281/6215/130 7383/6317/446
f 7386/6320/445 7384/6318/446 7385/6319/445
f 7388/6322/444 7386/6320/445 7387/6321/444
f 7390/6324/4407 7388/6322/444 7389/6323/4407
f 7860/6750/4408 7390/6324/4407 7391/6325/4408
f 7401/6335/4409 7392/6326/4409 7380/6314/4405
f 7402/6336/4414 7381/6315/4406 7395/6329/4410
s 0
f 7861/6751/4411 7396/6330/4411 7398/6332/4411
s 1
f 7378/6312/4404 7399/6333/4412 7379/6313/4404
f 7852/6742/4374 7392/6326/4409 7299/6233/4374
f 7862/6752/4611 7402/6336/4414 7403/6337/4415
f 7400/6334/4413 7399/6333/4412 7405/6339/4417
f 7377/6311/4403 7376/6310/4403 7192/6126/87
s 0
f 7863/6753/4418 7406/6340/4418 7408/6342/4418
s 1
f 7864/6754/4612 7409/6343/4419 7411/6345/4421
f 7415/6349/4425 7412/6346/4422 7414/6348/4424
f 7410/6344/4420 7204/6138/4339 7411/6345/4421
f 7206/6140/4340 7205/6139/4340 7414/6348/4424
f 7429/6363/4439 7416/6350/4426 3886/2820/2254
f 3780/2714/2148 3783/2717/2151 7417/6351/4427
f 3780/2714/2148 7417/6351/4427 3782/2716/2150
f 3782/2716/2150 7418/6352/4428 7420/6354/4430
f 7420/6354/4430 7419/6353/4429 3694/2628/2062
f 3694/2628/2062 7421/6355/4431 3703/2637/2071
f 3693/2627/2061 3692/2626/2060 7422/6356/4432
f 3883/2817/2251 3870/2804/2238 3885/2819/2253
f 7428/6362/4438 3982/2916/2340 7424/6358/4434
f 3982/2916/2340 3987/2921/2345 7423/6357/4433
f 4062/2996/2415 4065/2999/2418 7427/6361/4437
f 4065/2999/2418 7428/6362/4438 7426/6360/4436
f 7422/6356/4432 7429/6363/4439 3693/2627/2061
f 3987/2921/2345 3697/2631/2065 7425/6359/4435
f 4155/3089/2492 3976/2910/2334 7430/6364/4440
f 7433/6367/4443 4157/3091/2494 7431/6365/4441
f 4159/3093/2496 4066/3000/2419 7427/6361/4437
f 4067/3001/2420 7432/6366/4442 3975/2909/2333
f 7434/6368/4444 4158/3092/2495 7433/6367/4443
f 3873/2807/2241 4152/3086/2489 7434/6368/4444
o Object_3
v 0.879741 2.973229 -0.000000
v 0.879741 5.331964 -0.000001
v 0.862837 5.331964 0.171629
v 0.862837 2.973229 0.171629
v 0.812775 5.331964 0.336662
v 0.812775 2.973229 0.336663
v 0.731478 5.331964 0.488758
v 0.731478 2.973229 0.488758
v 0.622070 5.331964 0.622071
v 0.622070 2.973229 0.622071
v 0.488757 5.331964 0.731478
v 0.488757 2.973229 0.731478
v 0.336662 5.331964 0.812775
v 0.336662 2.973229 0.812775
v 0.171628 5.331964 0.862837
v 0.171628 2.973229 0.862837
v -0.000001 5.331964 0.879741
v -0.000001 2.973229 0.879741
v -0.171630 5.331964 0.862836
v -0.171630 2.973229 0.862837
v -0.336663 5.331964 0.812774
v -0.336663 2.973229 0.812774
v -0.488759 5.331964 0.731477
v -0.488759 2.973229 0.731477
v -0.622072 5.331964 0.622069
v -0.622072 2.973229 0.622070
v -0.731479 5.331964 0.488756
v -0.731479 2.973229 0.488757
v -0.812775 5.331964 0.336660
v -0.812775 2.973229 0.336661
v -0.862837 2.973229 0.171627
v -0.862837 5.331964 0.171627
v -0.879741 5.331964 -0.000001
v -0.879741 2.973229 -0.000000
v 0.879741 2.973229 -0.000000
v 0.862837 2.973229 -0.171630
v 0.862837 5.331964 -0.171630
v 0.879741 5.331964 -0.000001
v 0.812775 2.973229 -0.336663
v 0.812775 5.331964 -0.336664
v 0.731478 2.973229 -0.488759
v 0.731478 5.331964 -0.488759
v 0.622070 2.973229 -0.622072
v 0.622070 5.331964 -0.622072
v 0.488757 2.973229 -0.731479
v 0.488757 5.331964 -0.731479
v 0.336662 2.973229 -0.812776
v 0.336662 5.331964 -0.812776
v 0.171628 2.973229 -0.862838
v 0.171628 5.331964 -0.862838
v -0.000001 2.973229 -0.879742
v -0.000001 5.331964 -0.879742
v -0.171630 2.973229 -0.862838
v -0.171630 5.331964 -0.862838
v -0.336663 2.973229 -0.812775
v -0.336663 5.331964 -0.812775
v -0.488759 2.973229 -0.731478
v -0.488759 5.331964 -0.731478
v -0.622072 2.973229 -0.622071
v -0.622072 5.331964 -0.622071
v -0.731479 2.973229 -0.488757
v -0.731479 5.331964 -0.488758
v -0.812775 2.973229 -0.336662
v -0.812775 5.331964 -0.336662
v -0.862837 2.973229 -0.171628
v -0.879741 2.973229 -0.000000
v -0.879741 5.331964 -0.000001
v -0.862837 5.331964 -0.171628
vn 1.0000 -0.0000 -0.0000
vn 0.9808 -0.0000 0.1951
vn 0.9239 -0.0000 0.3827
vn 0.8315 -0.0000 0.5556
vn 0.7071 -0.0000 0.7071
vn 0.5556 -0.0000 0.8315
vn 0.3827 -0.0000 0.9239
vn 0.1951 -0.0000 0.9808
vn -0.0000 -0.0000 1.0000
vn -0.1951 -0.0000 0.9808
vn -0.3827 -0.0000 0.9239
vn -0.5556 -0.0000 0.8315
vn -0.7071 -0.0000 0.7071
vn -0.8315 -0.0000 0.5556
vn -0.9239 -0.0000 0.3827
vn -0.9808 -0.0000 0.1951
vn -1.0000 -0.0000 -0.0000
vn 0.9808 -0.0000 -0.1951
vn 0.9239 -0.0000 -0.3827
vn 0.8315 -0.0000 -0.5556
vn 0.7071 -0.0000 -0.7071
vn 0.5556 -0.0000 -0.8315
vn 0.3827 -0.0000 -0.9239
vn 0.1951 -0.0000 -0.9808
vn -0.0000 -0.0000 -1.0000
vn -0.1951 -0.0000 -0.9808
vn -0.3827 -0.0000 -0.9239
vn -0.5556 -0.0000 -0.8315
vn -0.7071 -0.0000 -0.7071
vn -0.8315 -0.0000 -0.5556
vn -0.9239 -0.0000 -0.3827
vn -0.9808 -0.0000 -0.1951
vt 0.583436 0.996960
vt 0.849434 0.996964
vt 0.849435 0.977515
vt 0.583436 0.977512
vt 0.849435 0.958067
vt 0.583436 0.958063
vt 0.849435 0.938618
vt 0.583436 0.938615
vt 0.849435 0.919169
vt 0.583437 0.919167
vt 0.849436 0.899721
vt 0.583437 0.899718
vt 0.849436 0.880272
vt 0.583437 0.880270
vt 0.849436 0.860824
vt 0.583437 0.860822
vt 0.849436 0.841375
vt 0.583438 0.841374
vt 0.849436 0.821927
vt 0.583438 0.821925
vt 0.849436 0.802478
vt 0.583438 0.802477
vt 0.849436 0.783030
vt 0.583438 0.783029
vt 0.849436 0.763581
vt 0.583438 0.763580
vt 0.849436 0.744133
vt 0.583438 0.744132
vt 0.849437 0.724684
vt 0.583438 0.724683
vt 0.583438 0.705235
vt 0.849437 0.705236
vt 0.849437 0.685787
vt 0.583438 0.685787
vt 1.583436 0.996960
vt 1.583436 0.977512
vt 1.849435 0.977515
vt 1.849434 0.996964
vt 1.583436 0.958063
vt 1.849435 0.958067
vt 1.583436 0.938615
vt 1.849435 0.938618
vt 1.583437 0.919167
vt 1.849435 0.919169
vt 1.583437 0.899718
vt 1.849436 0.899721
vt 1.583437 0.880270
vt 1.849436 0.880272
vt 1.583437 0.860822
vt 1.849436 0.860824
vt 1.583437 0.841374
vt 1.849436 0.841375
vt 1.583438 0.821925
vt 1.849436 0.821927
vt 1.583438 0.802477
vt 1.849436 0.802478
vt 1.583438 0.783029
vt 1.849436 0.783030
vt 1.583438 0.763580
vt 1.849437 0.763581
vt 1.583438 0.744132
vt 1.849437 0.744133
vt 1.583438 0.724683
vt 1.849437 0.724684
vt 1.583438 0.705235
vt 1.583438 0.685787
vt 1.849437 0.685787
vt 1.849437 0.705236
s 1
usemtl glass
f 7865/6755/4613 7866/6756/4613 7867/6757/4614
f 7865/6755/4613 7867/6757/4614 7868/6758/4614
f 7868/6758/4614 7867/6757/4614 7869/6759/4615
f 7868/6758/4614 7869/6759/4615 7870/6760/4615
f 7870/6760/4615 7869/6759/4615 7871/6761/4616
f 7870/6760/4615 7871/6761/4616 7872/6762/4616
f 7872/6762/4616 7871/6761/4616 7873/6763/4617
f 7872/6762/4616 7873/6763/4617 7874/6764/4617
f 7874/6764/4617 7873/6763/4617 7875/6765/4618
f 7874/6764/4617 7875/6765/4618 7876/6766/4618
f 7876/6766/4618 7875/6765/4618 7877/6767/4619
f 7876/6766/4618 7877/6767/4619 7878/6768/4619
f 7878/6768/4619 7877/6767/4619 7879/6769/4620
f 7878/6768/4619 7879/6769/4620 7880/6770/4620
f 7880/6770/4620 7879/6769/4620 7881/6771/4621
f 7880/6770/4620 7881/6771/4621 7882/6772/4621
f 7882/6772/4621 7881/6771/4621 7883/6773/4622
f 7882/6772/4621 7883/6773/4622 7884/6774/4622
f 7884/6774/4622 7883/6773/4622 7885/6775/4623
f 7884/6774/4622 7885/6775/4623 7886/6776/4623
f 7886/6776/4623 7885/6775/4623 7887/6777/4624
f 7886/6776/4623 7887/6777/4624 7888/6778/4624
f 7888/6778/4624 7887/6777/4624 7889/6779/4625
f 7888/6778/4624 7889/6779/4625 7890/6780/4625
f 7890/6780/4625 7889/6779/4625 7891/6781/4626
f 7890/6780/4625 7891/6781/4626 7892/6782/4626
f 7892/6782/4626 7891/6781/4626 7893/6783/4627
f 7892/6782/4626 7893/6783/4627 7894/6784/4627
f 7895/6785/4628 7896/6786/4628 7897/6787/4629
f 7895/6785/4628 7897/6787/4629 7898/6788/4629
f 7894/6784/4627 7893/6783/4627 7896/6786/4628
f 7894/6784/4627 7896/6786/4628 7895/6785/4628
f 7899/6789/4613 7900/6790/4630 7901/6791/4630
f 7899/6789/4613 7901/6791/4630 7902/6792/4613
f 7900/6790/4630 7903/6793/4631 7904/6794/4631
f 7900/6790/4630 7904/6794/4631 7901/6791/4630
f 7903/6793/4631 7905/6795/4632 7906/6796/4632
f 7903/6793/4631 7906/6796/4632 7904/6794/4631
f 7905/6795/4632 7907/6797/4633 7908/6798/4633
f 7905/6795/4632 7908/6798/4633 7906/6796/4632
f 7907/6797/4633 7909/6799/4634 7910/6800/4634
f 7907/6797/4633 7910/6800/4634 7908/6798/4633
f 7909/6799/4634 7911/6801/4635 7912/6802/4635
f 7909/6799/4634 7912/6802/4635 7910/6800/4634
f 7911/6801/4635 7913/6803/4636 7914/6804/4636
f 7911/6801/4635 7914/6804/4636 7912/6802/4635
f 7913/6803/4636 7915/6805/4637 7916/6806/4637
f 7913/6803/4636 7916/6806/4637 7914/6804/4636
f 7915/6805/4637 7917/6807/4638 7918/6808/4638
f 7915/6805/4637 7918/6808/4638 7916/6806/4637
f 7917/6807/4638 7919/6809/4639 7920/6810/4639
f 7917/6807/4638 7920/6810/4639 7918/6808/4638
f 7919/6809/4639 7921/6811/4640 7922/6812/4640
f 7919/6809/4639 7922/6812/4640 7920/6810/4639
f 7921/6811/4640 7923/6813/4641 7924/6814/4641
f 7921/6811/4640 7924/6814/4641 7922/6812/4640
f 7923/6813/4641 7925/6815/4642 7926/6816/4642
f 7923/6813/4641 7926/6816/4642 7924/6814/4641
f 7925/6815/4642 7927/6817/4643 7928/6818/4643
f 7925/6815/4642 7928/6818/4643 7926/6816/4642
f 7929/6819/4644 7930/6820/4629 7931/6821/4629
f 7929/6819/4644 7931/6821/4629 7932/6822/4644
f 7927/6817/4643 7929/6819/4644 7932/6822/4644
f 7927/6817/4643 7932/6822/4644 7928/6818/4643
